collection_slot_utc,fetched_at_utc,fetched_at_local,source_time,station_code,station_name,latitude,longitude,elevation_m,data_available,observation_count,Air Temperature (1.2m) [C],Air Temperature (5cm) [C],Extreme Day Max. Temp. [C],Extreme Day Min. Temp. [C],Wind Speed (10m) [Knots],Wind Speed (2m) [Knots],Direct Solar Radiation [W/m2],Global Radiation [W/m2],Wind Direction (10m) [Deg.],Rec. Light Work Load [%],Rec. Medium Work Load [%],Rec. Heavy Work Load [%],Relative Humidity (1.2m) [%],Accumulated Rainfall (10 min.) [mm],Atmospheric Pressure (Station Level) [hPa],24HR Rain Total [mm],Wind Speed (10m) [m/s],Wind Speed (2m) [m/s],other_observations_json
2026-07-27T13:10:00+00:00,2026-07-27T13:16:57.492635+00:00,2026-07-27T13:16:57.492635+00:00,2026-07-27 16:10 (Local Time),TEPAK,,,,,1,9,35.2,,35.6,21.3,4.8,1.6,,,232.0,,,,26.0,0.0,,,2.469331,,"{""Accumulated Rainfall (24 hours)"": {""unit"": ""mm"", ""value"": 0.0}}"
2026-07-27T14:00:00+00:00,2026-07-27T14:01:03.208902+00:00,2026-07-27T14:01:03.208902+00:00,2026-07-27 16:50 (Local Time),TEPAK,,,,,1,9,35.1,,35.9,21.3,4.6,1.4,,,250.0,,,,25.0,0.0,,,2.366442,,"{""Accumulated Rainfall (24 hours)"": {""unit"": ""mm"", ""value"": 0.0}}"
2026-07-27T15:20:00+00:00,2026-07-27T15:20:45.659008+00:00,2026-07-27T15:20:45.659008+00:00,2026-07-27 18:10 (Local Time),TEPAK,,,,,1,9,32.0,,35.9,21.3,5.1,1.5,,,238.0,,,,34.0,0.0,,,2.623664,,"{""Accumulated Rainfall (24 hours)"": {""unit"": ""mm"", ""value"": 0.0}}"
2026-07-27T17:10:00+00:00,2026-07-27T17:10:45.025144+00:00,2026-07-27T17:10:45.025144+00:00,2026-07-27 20:00 (Local Time),TEPAK,,,,,1,9,28.6,,35.9,21.3,3.6,1.3,,,87.0,,,,53.0,0.0,,,1.851998,,"{""Accumulated Rainfall (24 hours)"": {""unit"": ""mm"", ""value"": 0.0}}"
2026-07-27T18:40:00+00:00,2026-07-27T18:46:34.634532+00:00,2026-07-27T18:46:34.634532+00:00,2026-07-27 21:40 (Local Time),TEPAK,,,,,1,9,25.4,,26.0,25.4,2.3,0.8,,,81.0,,,,69.0,0.0,,,1.183221,,"{""Accumulated Rainfall (24 hours)"": {""unit"": ""mm"", ""value"": 0.0}}"
2026-07-27T20:00:00+00:00,2026-07-27T20:09:49.407489+00:00,2026-07-27T20:09:49.407489+00:00,2026-07-27 23:00 (Local Time),TEPAK,,,,,1,9,24.7,,26.0,24.7,0.0,0.1,,,88.0,,,,72.0,0.0,,,0.0,,"{""Accumulated Rainfall (24 hours)"": {""unit"": ""mm"", ""value"": 0.0}}"
2026-07-27T21:20:00+00:00,2026-07-27T21:29:23.171522+00:00,2026-07-27T21:29:23.171522+00:00,2026-07-28 00:20 (Local Time),TEPAK,,,,,1,9,24.1,,26.0,24.0,1.3,0.1,,,177.0,,,,76.0,0.0,,,0.668777,,"{""Accumulated Rainfall (24 hours)"": {""unit"": ""mm"", ""value"": 0.0}}"
2026-07-27T22:30:00+00:00,2026-07-27T22:35:55.398417+00:00,2026-07-27T22:35:55.398417+00:00,2026-07-28 01:30 (Local Time),TEPAK,,,,,1,9,23.3,,26.0,23.2,0.0,0.0,,,231.0,,,,79.0,0.0,,,0.0,,"{""Accumulated Rainfall (24 hours)"": {""unit"": ""mm"", ""value"": 0.0}}"
2026-07-27T23:40:00+00:00,2026-07-27T23:40:27.310979+00:00,2026-07-27T23:40:27.310979+00:00,2026-07-28 02:30 (Local Time),TEPAK,,,,,1,9,22.6,,26.0,22.6,0.0,0.0,,,300.0,,,,80.0,0.0,,,0.0,,"{""Accumulated Rainfall (24 hours)"": {""unit"": ""mm"", ""value"": 0.0}}"
2026-07-28T01:00:00+00:00,2026-07-28T01:02:59.564867+00:00,2026-07-28T01:02:59.564867+00:00,2026-07-28 03:50 (Local Time),TEPAK,,,,,1,9,21.8,,26.0,21.6,1.5,0.0,,,342.0,,,,58.0,0.0,,,0.771666,,"{""Accumulated Rainfall (24 hours)"": {""unit"": ""mm"", ""value"": 0.0}}"
2026-07-28T04:10:00+00:00,2026-07-28T04:17:58.270666+00:00,2026-07-28T04:17:58.270666+00:00,2026-07-28 07:10 (Local Time),TEPAK,,,,,1,9,25.3,,26.0,21.2,0.0,0.1,,,343.0,,,,40.0,0.0,,,0.0,,"{""Accumulated Rainfall (24 hours)"": {""unit"": ""mm"", ""value"": 0.0}}"
2026-07-28T06:40:00+00:00,2026-07-28T06:46:06.865370+00:00,2026-07-28T06:46:06.865370+00:00,2026-07-28 09:40 (Local Time),TEPAK,,,,,1,9,29.6,,30.9,21.2,1.9,1.1,,,146.0,,,,41.0,0.0,,,0.977444,,"{""Accumulated Rainfall (24 hours)"": {""unit"": ""mm"", ""value"": 0.0}}"
2026-07-28T09:20:00+00:00,2026-07-28T09:28:05.971534+00:00,2026-07-28T09:28:05.971534+00:00,2026-07-28 12:20 (Local Time),TEPAK,,,,,1,9,32.6,,32.7,21.2,2.7,1.3,,,162.0,,,,43.0,0.0,,,1.388999,,"{""Accumulated Rainfall (24 hours)"": {""unit"": ""mm"", ""value"": 0.0}}"
2026-07-28T11:30:00+00:00,2026-07-28T11:37:11.939937+00:00,2026-07-28T11:37:11.939937+00:00,2026-07-28 14:30 (Local Time),TEPAK,,,,,1,9,36.2,,36.7,21.2,2.5,1.2,,,216.0,,,,36.0,0.0,,,1.28611,,"{""Accumulated Rainfall (24 hours)"": {""unit"": ""mm"", ""value"": 0.0}}"
2026-07-28T13:10:00+00:00,2026-07-28T13:16:37.034686+00:00,2026-07-28T13:16:37.034686+00:00,2026-07-28 16:10 (Local Time),TEPAK,,,,,1,9,35.0,,36.7,21.2,3.1,1.4,,,236.0,,,,37.0,0.0,,,1.594776,,"{""Accumulated Rainfall (24 hours)"": {""unit"": ""mm"", ""value"": 0.0}}"
2026-07-28T15:30:00+00:00,2026-07-28T15:36:34.051595+00:00,2026-07-28T15:36:34.051595+00:00,2026-07-28 18:30 (Local Time),TEPAK,,,,,1,9,29.9,,36.7,21.2,2.2,0.8,,,264.0,,,,55.0,0.0,,,1.131777,,"{""Accumulated Rainfall (24 hours)"": {""unit"": ""mm"", ""value"": 0.0}}"
2026-07-28T17:00:00+00:00,2026-07-28T17:05:23.730029+00:00,2026-07-28T17:05:23.730029+00:00,2026-07-28 20:00 (Local Time),TEPAK,,,,,1,9,27.7,,36.7,21.2,1.6,0.7,,,237.0,,,,67.0,0.0,,,0.82311,,"{""Accumulated Rainfall (24 hours)"": {""unit"": ""mm"", ""value"": 0.0}}"
2026-07-28T18:20:00+00:00,2026-07-28T18:23:53.251988+00:00,2026-07-28T18:23:53.251988+00:00,2026-07-28 21:10 (Local Time),TEPAK,,,,,1,9,26.6,,26.7,26.6,1.4,0.1,,,230.0,,,,75.0,0.0,,,0.720222,,"{""Accumulated Rainfall (24 hours)"": {""unit"": ""mm"", ""value"": 0.0}}"
2026-07-28T19:50:00+00:00,2026-07-28T19:57:56.815356+00:00,2026-07-28T19:57:56.815356+00:00,2026-07-28 22:50 (Local Time),TEPAK,,,,,1,9,25.6,,26.7,25.5,2.0,0.6,,,90.0,,,,81.0,0.0,,,1.028888,,"{""Accumulated Rainfall (24 hours)"": {""unit"": ""mm"", ""value"": 0.0}}"
2026-07-28T21:10:00+00:00,2026-07-28T21:16:40.627872+00:00,2026-07-28T21:16:40.627872+00:00,2026-07-29 00:10 (Local Time),TEPAK,,,,,1,9,24.9,,26.7,24.9,1.0,0.2,,,121.0,,,,81.0,0.0,,,0.514444,,"{""Accumulated Rainfall (24 hours)"": {""unit"": ""mm"", ""value"": 0.0}}"
2026-07-28T22:10:00+00:00,2026-07-28T22:18:29.140535+00:00,2026-07-28T22:18:29.140535+00:00,2026-07-29 01:10 (Local Time),TEPAK,,,,,1,9,24.2,,26.7,24.1,0.7,0.0,,,167.0,,,,83.0,0.0,,,0.360111,,"{""Accumulated Rainfall (24 hours)"": {""unit"": ""mm"", ""value"": 0.0}}"
2026-07-28T23:20:00+00:00,2026-07-28T23:27:24.364687+00:00,2026-07-28T23:27:24.364687+00:00,2026-07-29 02:20 (Local Time),TEPAK,,,,,1,9,24.1,,26.7,24.0,0.6,0.0,,,210.0,,,,83.0,0.0,,,0.308666,,"{""Accumulated Rainfall (24 hours)"": {""unit"": ""mm"", ""value"": 0.0}}"
2026-07-29T01:00:00+00:00,2026-07-29T01:01:40.082861+00:00,2026-07-29T01:01:40.082861+00:00,2026-07-29 03:50 (Local Time),TEPAK,,,,,1,9,23.3,,26.7,23.1,0.0,0.1,,,330.0,,,,57.0,0.0,,,0.0,,"{""Accumulated Rainfall (24 hours)"": {""unit"": ""mm"", ""value"": 0.0}}"
2026-07-29T04:10:00+00:00,2026-07-29T04:19:36.420855+00:00,2026-07-29T04:19:36.420855+00:00,2026-07-29 07:10 (Local Time),TEPAK,,,,,1,9,27.0,,27.4,23.1,1.2,0.7,,,93.0,,,,48.0,0.0,,,0.617333,,"{""Accumulated Rainfall (24 hours)"": {""unit"": ""mm"", ""value"": 0.0}}"
2026-07-29T07:00:00+00:00,2026-07-29T07:09:26.255488+00:00,2026-07-29T07:09:26.255488+00:00,2026-07-29 10:00 (Local Time),TEPAK,,,,,1,9,29.7,,31.3,23.1,2.6,1.2,,,140.0,,,,66.0,0.0,,,1.337554,,"{""Accumulated Rainfall (24 hours)"": {""unit"": ""mm"", ""value"": 0.0}}"
2026-07-29T09:40:00+00:00,2026-07-29T09:48:45.625540+00:00,2026-07-29T09:48:45.625540+00:00,2026-07-29 12:40 (Local Time),TEPAK,,,,,1,9,32.4,,33.1,23.1,3.2,1.5,,,196.0,,,,52.0,0.0,,,1.646221,,"{""Accumulated Rainfall (24 hours)"": {""unit"": ""mm"", ""value"": 0.0}}"
2026-07-29T11:50:00+00:00,2026-07-29T11:51:26.079221+00:00,2026-07-29T11:51:26.079221+00:00,2026-07-29 14:40 (Local Time),TEPAK,,,,,1,9,33.2,,34.8,23.1,3.5,2.0,,,137.0,,,,49.0,0.0,,,1.800554,,"{""Accumulated Rainfall (24 hours)"": {""unit"": ""mm"", ""value"": 0.0}}"
2026-07-29T13:20:00+00:00,2026-07-29T13:28:00.467181+00:00,2026-07-29T13:28:00.467181+00:00,2026-07-29 16:20 (Local Time),TEPAK,,,,,1,9,33.0,,34.8,23.1,4.6,1.5,,,164.0,,,,46.0,0.0,,,2.366442,,"{""Accumulated Rainfall (24 hours)"": {""unit"": ""mm"", ""value"": 0.0}}"
2026-07-29T15:30:00+00:00,2026-07-29T15:32:20.605422+00:00,2026-07-29T15:32:20.605422+00:00,2026-07-29 18:20 (Local Time),TEPAK,,,,,1,9,31.5,,34.8,23.1,3.6,0.9,,,213.0,,,,47.0,0.0,,,1.851998,,"{""Accumulated Rainfall (24 hours)"": {""unit"": ""mm"", ""value"": 0.0}}"
2026-07-29T16:50:00+00:00,2026-07-29T16:52:17.939238+00:00,2026-07-29T16:52:17.939238+00:00,2026-07-29 19:40 (Local Time),TEPAK,,,,,1,9,30.3,,34.8,23.1,2.5,0.8,,,271.0,,,,45.0,0.0,,,1.28611,,"{""Accumulated Rainfall (24 hours)"": {""unit"": ""mm"", ""value"": 0.0}}"
2026-07-29T18:00:00+00:00,2026-07-29T18:00:00.589899+00:00,2026-07-29T18:00:00.589899+00:00,2026-07-29 20:50 (Local Time),TEPAK,,,,,1,9,29.1,,34.8,23.1,0.8,0.1,,,266.0,,,,48.0,0.0,,,0.411555,,"{""Accumulated Rainfall (24 hours)"": {""unit"": ""mm"", ""value"": 0.0}}"
2026-07-29T19:30:00+00:00,2026-07-29T19:36:48.934214+00:00,2026-07-29T19:36:48.934214+00:00,2026-07-29 22:30 (Local Time),TEPAK,,,,,1,9,28.1,,28.6,27.3,2.2,0.3,,,307.0,,,,47.0,0.0,,,1.131777,,"{""Accumulated Rainfall (24 hours)"": {""unit"": ""mm"", ""value"": 0.0}}"
2026-07-29T20:30:00+00:00,2026-07-29T20:33:05.590096+00:00,2026-07-29T20:33:05.590096+00:00,2026-07-29 23:20 (Local Time),TEPAK,,,,,1,9,27.7,,28.6,27.3,2.4,0.1,,,312.0,,,,45.0,0.0,,,1.234666,,"{""Accumulated Rainfall (24 hours)"": {""unit"": ""mm"", ""value"": 0.0}}"
2026-07-29T21:20:00+00:00,2026-07-29T21:29:43.619457+00:00,2026-07-29T21:29:43.619457+00:00,2026-07-30 00:20 (Local Time),TEPAK,,,,,1,9,26.6,,28.6,26.5,1.8,0.0,,,301.0,,,,44.0,0.0,,,0.925999,,"{""Accumulated Rainfall (24 hours)"": {""unit"": ""mm"", ""value"": 0.0}}"
2026-07-29T22:30:00+00:00,2026-07-29T22:31:24.572096+00:00,2026-07-29T22:31:24.572096+00:00,2026-07-30 01:20 (Local Time),TEPAK,,,,,1,9,25.7,,28.6,25.6,1.0,0.0,,,146.0,,,,44.0,0.0,,,0.514444,,"{""Accumulated Rainfall (24 hours)"": {""unit"": ""mm"", ""value"": 0.0}}"
2026-07-29T23:30:00+00:00,2026-07-29T23:34:10.764317+00:00,2026-07-29T23:34:10.764317+00:00,2026-07-30 02:20 (Local Time),TEPAK,,,,,1,9,24.9,,28.6,24.8,1.4,0.5,,,157.0,,,,54.0,0.0,,,0.720222,,"{""Accumulated Rainfall (24 hours)"": {""unit"": ""mm"", ""value"": 0.0}}"
2026-07-30T00:50:00+00:00,2026-07-30T00:57:07.643729+00:00,2026-07-30T00:57:07.643729+00:00,2026-07-30 03:50 (Local Time),TEPAK,,,,,1,9,24.1,,28.6,24.0,0.0,0.0,,,152.0,,,,54.0,0.0,,,0.0,,"{""Accumulated Rainfall (24 hours)"": {""unit"": ""mm"", ""value"": 0.0}}"
2026-07-30T04:10:00+00:00,2026-07-30T04:12:55.684883+00:00,2026-07-30T04:12:55.684883+00:00,2026-07-30 07:00 (Local Time),TEPAK,,,,,1,9,26.0,,28.6,23.0,0.9,0.0,,,336.0,,,,46.0,0.0,,,0.463,,"{""Accumulated Rainfall (24 hours)"": {""unit"": ""mm"", ""value"": 0.0}}"
2026-07-30T06:40:00+00:00,2026-07-30T06:41:11.521270+00:00,2026-07-30T06:41:11.521270+00:00,2026-07-30 09:30 (Local Time),TEPAK,,,,,1,9,31.7,,33.8,23.0,2.4,0.9,,,134.0,,,,40.0,0.0,,,1.234666,,"{""Accumulated Rainfall (24 hours)"": {""unit"": ""mm"", ""value"": 0.0}}"
2026-07-30T09:10:00+00:00,2026-07-30T09:18:21.656088+00:00,2026-07-30T09:18:21.656088+00:00,2026-07-30 12:10 (Local Time),TEPAK,,,,,1,9,34.8,,35.0,23.0,3.6,1.2,,,213.0,,,,37.0,0.0,,,1.851998,,"{""Accumulated Rainfall (24 hours)"": {""unit"": ""mm"", ""value"": 0.0}}"
2026-07-30T11:20:00+00:00,2026-07-30T11:25:09.563136+00:00,2026-07-30T11:25:09.563136+00:00,2026-07-30 14:20 (Local Time),TEPAK,,,,,1,9,35.4,,35.7,23.0,4.2,1.3,,,192.0,,,,44.0,0.0,,,2.160665,,"{""Accumulated Rainfall (24 hours)"": {""unit"": ""mm"", ""value"": 0.0}}"
2026-07-30T13:00:00+00:00,2026-07-30T13:01:42.645771+00:00,2026-07-30T13:01:42.645771+00:00,2026-07-30 15:50 (Local Time),TEPAK,,,,,1,9,34.3,,35.7,23.0,3.8,1.5,,,195.0,,,,43.0,0.0,,,1.954887,,"{""Accumulated Rainfall (24 hours)"": {""unit"": ""mm"", ""value"": 0.0}}"
2026-07-30T15:10:00+00:00,2026-07-30T15:18:46.354902+00:00,2026-07-30T15:18:46.354902+00:00,2026-07-30 18:10 (Local Time),TEPAK,,,,,1,9,31.6,,35.7,23.0,2.3,0.8,,,269.0,,,,47.0,0.0,,,1.183221,,"{""Accumulated Rainfall (24 hours)"": {""unit"": ""mm"", ""value"": 0.0}}"
2026-07-30T16:50:00+00:00,2026-07-30T16:54:42.369136+00:00,2026-07-30T16:54:42.369136+00:00,2026-07-30 19:40 (Local Time),TEPAK,,,,,1,9,29.8,,35.7,23.0,2.3,0.7,,,256.0,,,,45.0,0.0,,,1.183221,,"{""Accumulated Rainfall (24 hours)"": {""unit"": ""mm"", ""value"": 0.0}}"
2026-07-30T18:00:00+00:00,2026-07-30T18:09:14.258295+00:00,2026-07-30T18:09:14.258295+00:00,2026-07-30 21:00 (Local Time),TEPAK,,,,,1,9,28.7,,28.7,28.7,2.5,0.4,,,285.0,,,,50.0,0.0,,,1.28611,,"{""Accumulated Rainfall (24 hours)"": {""unit"": ""mm"", ""value"": 0.0}}"
2026-07-30T19:50:00+00:00,2026-07-30T19:51:11.915778+00:00,2026-07-30T19:51:11.915778+00:00,2026-07-30 22:40 (Local Time),TEPAK,,,,,1,9,28.0,,28.7,27.8,2.8,0.6,,,308.0,,,,45.0,0.0,,,1.440443,,"{""Accumulated Rainfall (24 hours)"": {""unit"": ""mm"", ""value"": 0.0}}"
2026-07-30T20:50:00+00:00,2026-07-30T20:51:21.965953+00:00,2026-07-30T20:51:21.965953+00:00,2026-07-30 23:40 (Local Time),TEPAK,,,,,1,9,27.3,,28.7,27.3,3.4,0.7,,,314.0,,,,45.0,0.0,,,1.74911,,"{""Accumulated Rainfall (24 hours)"": {""unit"": ""mm"", ""value"": 0.0}}"
2026-07-30T21:50:00+00:00,2026-07-30T21:53:32.821783+00:00,2026-07-30T21:53:32.821783+00:00,2026-07-31 00:40 (Local Time),TEPAK,,,,,1,9,26.7,,28.7,26.7,2.8,0.6,,,304.0,,,,45.0,0.0,,,1.440443,,"{""Accumulated Rainfall (24 hours)"": {""unit"": ""mm"", ""value"": 0.0}}"
2026-07-30T22:50:00+00:00,2026-07-30T22:53:49.956878+00:00,2026-07-30T22:53:49.956878+00:00,2026-07-31 01:40 (Local Time),TEPAK,,,,,1,9,25.3,,28.7,25.2,1.2,0.0,,,295.0,,,,48.0,0.0,,,0.617333,,"{""Accumulated Rainfall (24 hours)"": {""unit"": ""mm"", ""value"": 0.0}}"
2026-07-30T23:50:00+00:00,2026-07-30T23:50:39.423436+00:00,2026-07-30T23:50:39.423436+00:00,2026-07-31 02:40 (Local Time),TEPAK,,,,,1,9,24.7,,28.7,24.6,1.7,0.1,,,303.0,,,,45.0,0.0,,,0.874555,,"{""Accumulated Rainfall (24 hours)"": {""unit"": ""mm"", ""value"": 0.0}}"
2026-07-31T01:10:00+00:00,2026-07-31T01:19:09.983274+00:00,2026-07-31T01:19:09.983274+00:00,2026-07-31 04:10 (Local Time),TEPAK,,,,,1,9,23.3,,28.7,23.2,0.0,0.0,,,163.0,,,,53.0,0.0,,,0.0,,"{""Accumulated Rainfall (24 hours)"": {""unit"": ""mm"", ""value"": 0.0}}"
2026-07-31T04:40:00+00:00,2026-07-31T04:48:53.405070+00:00,2026-07-31T04:48:53.405070+00:00,2026-07-31 07:40 (Local Time),TEPAK,,,,,1,9,31.9,,32.2,22.4,0.0,0.0,,,68.0,,,,37.0,0.0,,,0.0,,"{""Accumulated Rainfall (24 hours)"": {""unit"": ""mm"", ""value"": 0.0}}"
2026-07-31T07:40:00+00:00,2026-07-31T07:40:47.008930+00:00,2026-07-31T07:40:47.008930+00:00,2026-07-31 10:30 (Local Time),TEPAK,,,,,1,9,31.7,,32.5,22.4,2.5,1.3,,,140.0,,,,54.0,0.0,,,1.28611,,"{""Accumulated Rainfall (24 hours)"": {""unit"": ""mm"", ""value"": 0.0}}"
2026-07-31T10:10:00+00:00,2026-07-31T10:16:00.726194+00:00,2026-07-31T10:16:00.726194+00:00,2026-07-31 13:10 (Local Time),TEPAK,,,,,1,9,33.9,,34.3,22.4,4.2,1.9,,,170.0,,,,41.0,0.0,,,2.160665,,"{""Accumulated Rainfall (24 hours)"": {""unit"": ""mm"", ""value"": 0.0}}"
2026-07-31T12:10:00+00:00,2026-07-31T12:19:15.521617+00:00,2026-07-31T12:19:15.521617+00:00,2026-07-31 15:10 (Local Time),TEPAK,,,,,1,9,34.2,,36.2,22.4,5.6,2.0,,,193.0,,,,40.0,0.0,,,2.880886,,"{""Accumulated Rainfall (24 hours)"": {""unit"": ""mm"", ""value"": 0.0}}"
2026-07-31T14:40:00+00:00,2026-07-31T14:42:27.626484+00:00,2026-07-31T14:42:27.626484+00:00,2026-07-31 17:30 (Local Time),TEPAK,,,,,1,9,31.8,,36.2,22.4,3.6,1.6,,,230.0,,,,39.0,0.0,,,1.851998,,"{""Accumulated Rainfall (24 hours)"": {""unit"": ""mm"", ""value"": 0.0}}"
2026-07-31T16:20:00+00:00,2026-07-31T16:23:44.457827+00:00,2026-07-31T16:23:44.457827+00:00,2026-07-31 19:10 (Local Time),TEPAK,,,,,1,9,29.4,,36.2,22.4,3.3,0.6,,,271.0,,,,50.0,0.0,,,1.697665,,"{""Accumulated Rainfall (24 hours)"": {""unit"": ""mm"", ""value"": 0.0}}"
2026-07-31T17:50:00+00:00,2026-07-31T17:59:06.996337+00:00,2026-07-31T17:59:06.996337+00:00,2026-07-31 20:50 (Local Time),TEPAK,,,,,1,9,27.2,,36.2,22.4,1.9,0.6,,,262.0,,,,70.0,0.0,,,0.977444,,"{""Accumulated Rainfall (24 hours)"": {""unit"": ""mm"", ""value"": 0.0}}"
2026-07-31T19:40:00+00:00,2026-07-31T19:45:46.185736+00:00,2026-07-31T19:45:46.185736+00:00,2026-07-31 22:40 (Local Time),TEPAK,,,,,1,9,26.2,,27.0,26.2,1.3,0.1,,,269.0,,,,72.0,0.0,,,0.668777,,"{""Accumulated Rainfall (24 hours)"": {""unit"": ""mm"", ""value"": 0.0}}"
2026-07-31T20:40:00+00:00,2026-07-31T20:46:45.203139+00:00,2026-07-31T20:46:45.203139+00:00,2026-07-31 23:40 (Local Time),TEPAK,,,,,1,9,25.2,,27.0,25.1,1.1,0.0,,,290.0,,,,63.0,0.0,,,0.565888,,"{""Accumulated Rainfall (24 hours)"": {""unit"": ""mm"", ""value"": 0.0}}"
2026-07-31T21:40:00+00:00,2026-07-31T21:48:20.195148+00:00,2026-07-31T21:48:20.195148+00:00,2026-08-01 00:40 (Local Time),TEPAK,,,,,1,9,24.7,,27.0,24.5,2.1,0.3,,,309.0,,,,57.0,0.0,,,1.080332,,"{""Accumulated Rainfall (24 hours)"": {""unit"": ""mm"", ""value"": 0.0}}"
2026-07-31T22:40:00+00:00,2026-07-31T22:45:29.282839+00:00,2026-07-31T22:45:29.282839+00:00,2026-08-01 01:40 (Local Time),TEPAK,,,,,1,9,25.0,,27.0,24.5,0.8,0.0,,,215.0,,,,58.0,0.0,,,0.411555,,"{""Accumulated Rainfall (24 hours)"": {""unit"": ""mm"", ""value"": 0.0}}"
2026-07-31T23:40:00+00:00,2026-07-31T23:44:22.946092+00:00,2026-07-31T23:44:22.946092+00:00,2026-08-01 02:30 (Local Time),TEPAK,,,,,1,9,23.9,,27.0,23.9,1.6,0.0,,,306.0,,,,53.0,0.0,,,0.82311,,"{""Accumulated Rainfall (24 hours)"": {""unit"": ""mm"", ""value"": 0.0}}"
2026-08-01T01:10:00+00:00,2026-08-01T01:16:32.625157+00:00,2026-08-01T01:16:32.625157+00:00,2026-08-01 04:10 (Local Time),TEPAK,,,,,1,9,23.2,,27.0,23.1,0.0,0.0,,,12.0,,,,58.0,0.0,,,0.0,,"{""Accumulated Rainfall (24 hours)"": {""unit"": ""mm"", ""value"": 0.0}}"
2026-08-01T04:30:00+00:00,2026-08-01T04:37:18.040723+00:00,2026-08-01T04:37:18.040723+00:00,2026-08-01 07:30 (Local Time),TEPAK,,,,,1,9,29.0,,29.3,22.3,1.1,0.5,,,62.0,,,,46.0,0.0,,,0.565888,,"{""Accumulated Rainfall (24 hours)"": {""unit"": ""mm"", ""value"": 0.0}}"
2026-08-01T07:10:00+00:00,2026-08-01T07:14:43.701489+00:00,2026-08-01T07:14:43.701489+00:00,2026-08-01 10:00 (Local Time),TEPAK,,,,,1,9,29.1,,30.8,22.3,2.1,0.9,,,128.0,,,,63.0,0.0,,,1.080332,,"{""Accumulated Rainfall (24 hours)"": {""unit"": ""mm"", ""value"": 0.0}}"
2026-08-01T09:20:00+00:00,2026-08-01T09:21:50.747825+00:00,2026-08-01T09:21:50.747825+00:00,2026-08-01 12:10 (Local Time),TEPAK,,,,,1,9,32.2,,32.8,22.3,3.3,1.3,,,168.0,,,,52.0,0.0,,,1.697665,,"{""Accumulated Rainfall (24 hours)"": {""unit"": ""mm"", ""value"": 0.0}}"
2026-08-01T10:50:00+00:00,2026-08-01T10:53:06.306952+00:00,2026-08-01T10:53:06.306952+00:00,2026-08-01 13:40 (Local Time),TEPAK,,,,,1,9,35.2,,35.6,22.3,2.6,1.5,,,214.0,,,,37.0,0.0,,,1.337554,,"{""Accumulated Rainfall (24 hours)"": {""unit"": ""mm"", ""value"": 0.0}}"
2026-08-01T11:50:00+00:00,2026-08-01T11:52:26.035369+00:00,2026-08-01T11:52:26.035369+00:00,2026-08-01 14:40 (Local Time),TEPAK,,,,,1,9,35.2,,35.8,22.3,5.0,1.7,,,213.0,,,,36.0,0.0,,,2.57222,,"{""Accumulated Rainfall (24 hours)"": {""unit"": ""mm"", ""value"": 0.0}}"
2026-08-01T12:40:00+00:00,2026-08-01T12:44:10.802769+00:00,2026-08-01T12:44:10.802769+00:00,2026-08-01 15:30 (Local Time),TEPAK,,,,,1,9,35.8,,36.1,22.3,3.4,1.5,,,234.0,,,,32.0,0.0,,,1.74911,,"{""Accumulated Rainfall (24 hours)"": {""unit"": ""mm"", ""value"": 0.0}}"
2026-08-01T14:10:00+00:00,2026-08-01T14:14:22.833875+00:00,2026-08-01T14:14:22.833875+00:00,2026-08-01 17:00 (Local Time),TEPAK,,,,,1,9,34.0,,36.1,22.3,3.2,1.0,,,252.0,,,,38.0,0.0,,,1.646221,,"{""Accumulated Rainfall (24 hours)"": {""unit"": ""mm"", ""value"": 0.0}}"
2026-08-01T15:20:00+00:00,2026-08-01T15:20:19.189933+00:00,2026-08-01T15:20:19.189933+00:00,2026-08-01 18:10 (Local Time),TEPAK,,,,,1,9,30.1,,36.1,22.3,5.0,1.7,,,246.0,,,,49.0,0.0,,,2.57222,,"{""Accumulated Rainfall (24 hours)"": {""unit"": ""mm"", ""value"": 0.0}}"
2026-08-01T16:20:00+00:00,2026-08-01T16:26:34.756773+00:00,2026-08-01T16:26:34.756773+00:00,2026-08-01 19:20 (Local Time),TEPAK,,,,,1,9,29.5,,36.1,22.3,2.3,1.0,,,259.0,,,,44.0,0.0,,,1.183221,,"{""Accumulated Rainfall (24 hours)"": {""unit"": ""mm"", ""value"": 0.0}}"
2026-08-01T17:20:00+00:00,2026-08-01T17:29:29.533427+00:00,2026-08-01T17:29:29.533427+00:00,2026-08-01 20:20 (Local Time),TEPAK,,,,,1,9,28.0,,36.1,22.3,1.4,0.5,,,271.0,,,,55.0,0.0,,,0.720222,,"{""Accumulated Rainfall (24 hours)"": {""unit"": ""mm"", ""value"": 0.0}}"
2026-08-01T18:30:00+00:00,2026-08-01T18:32:15.062034+00:00,2026-08-01T18:32:15.062034+00:00,2026-08-01 21:20 (Local Time),TEPAK,,,,,1,9,26.8,,27.2,26.8,1.7,0.4,,,252.0,,,,64.0,0.0,,,0.874555,,"{""Accumulated Rainfall (24 hours)"": {""unit"": ""mm"", ""value"": 0.0}}"
2026-08-01T19:40:00+00:00,2026-08-01T19:45:51.552370+00:00,2026-08-01T19:45:51.552370+00:00,2026-08-01 22:40 (Local Time),TEPAK,,,,,1,9,25.8,,27.2,25.7,1.3,0.3,,,277.0,,,,69.0,0.0,,,0.668777,,"{""Accumulated Rainfall (24 hours)"": {""unit"": ""mm"", ""value"": 0.0}}"
2026-08-01T20:30:00+00:00,2026-08-01T20:34:27.132948+00:00,2026-08-01T20:34:27.132948+00:00,2026-08-01 23:20 (Local Time),TEPAK,,,,,1,9,24.8,,27.2,24.7,1.2,0.0,,,273.0,,,,54.0,0.0,,,0.617333,,"{""Accumulated Rainfall (24 hours)"": {""unit"": ""mm"", ""value"": 0.0}}"
2026-08-01T21:30:00+00:00,2026-08-01T21:32:20.303199+00:00,2026-08-01T21:32:20.303199+00:00,2026-08-02 00:20 (Local Time),TEPAK,,,,,1,9,25.4,,27.2,24.6,0.8,0.0,,,303.0,,,,40.0,0.0,,,0.411555,,"{""Accumulated Rainfall (24 hours)"": {""unit"": ""mm"", ""value"": 0.0}}"
2026-08-01T22:30:00+00:00,2026-08-01T22:33:01.150141+00:00,2026-08-01T22:33:01.150141+00:00,2026-08-02 01:20 (Local Time),TEPAK,,,,,1,9,23.9,,27.2,23.8,1.7,0.0,,,325.0,,,,42.0,0.0,,,0.874555,,"{""Accumulated Rainfall (24 hours)"": {""unit"": ""mm"", ""value"": 0.0}}"
2026-08-01T23:30:00+00:00,2026-08-01T23:31:17.428706+00:00,2026-08-01T23:31:17.428706+00:00,2026-08-02 02:20 (Local Time),TEPAK,,,,,1,9,24.1,,27.2,23.8,0.8,0.0,,,208.0,,,,43.0,0.0,,,0.411555,,"{""Accumulated Rainfall (24 hours)"": {""unit"": ""mm"", ""value"": 0.0}}"
2026-08-02T01:00:00+00:00,2026-08-02T01:08:51.031453+00:00,2026-08-02T01:08:51.031453+00:00,2026-08-02 04:00 (Local Time),TEPAK,,,,,1,9,22.7,,27.2,22.6,0.8,0.0,,,2.0,,,,42.0,0.0,,,0.411555,,"{""Accumulated Rainfall (24 hours)"": {""unit"": ""mm"", ""value"": 0.0}}"
2026-08-02T04:30:00+00:00,2026-08-02T04:37:00.440083+00:00,2026-08-02T04:37:00.440083+00:00,2026-08-02 07:30 (Local Time),TEPAK,,,,,1,9,29.3,,29.9,22.0,1.0,0.0,,,322.0,,,,32.0,0.0,,,0.514444,,"{""Accumulated Rainfall (24 hours)"": {""unit"": ""mm"", ""value"": 0.0}}"
2026-08-02T07:10:00+00:00,2026-08-02T07:14:08.141200+00:00,2026-08-02T07:14:08.141200+00:00,2026-08-02 10:00 (Local Time),TEPAK,,,,,1,9,29.8,,33.5,22.0,3.2,1.2,,,177.0,,,,54.0,0.0,,,1.646221,,"{""Accumulated Rainfall (24 hours)"": {""unit"": ""mm"", ""value"": 0.0}}"
2026-08-02T09:20:00+00:00,2026-08-02T09:22:09.280885+00:00,2026-08-02T09:22:09.280885+00:00,2026-08-02 12:10 (Local Time),TEPAK,,,,,1,9,33.2,,33.5,22.0,3.9,1.7,,,218.0,,,,36.0,0.0,,,2.006332,,"{""Accumulated Rainfall (24 hours)"": {""unit"": ""mm"", ""value"": 0.0}}"
2026-08-02T10:50:00+00:00,2026-08-02T10:54:18.622568+00:00,2026-08-02T10:54:18.622568+00:00,2026-08-02 13:40 (Local Time),TEPAK,,,,,1,9,34.6,,34.9,22.0,5.5,1.8,,,230.0,,,,38.0,0.0,,,2.829442,,"{""Accumulated Rainfall (24 hours)"": {""unit"": ""mm"", ""value"": 0.0}}"
2026-08-02T11:50:00+00:00,2026-08-02T11:52:32.895203+00:00,2026-08-02T11:52:32.895203+00:00,2026-08-02 14:40 (Local Time),TEPAK,,,,,1,9,34.4,,34.9,22.0,4.8,1.4,,,260.0,,,,34.0,0.0,,,2.469331,,"{""Accumulated Rainfall (24 hours)"": {""unit"": ""mm"", ""value"": 0.0}}"
2026-08-02T12:40:00+00:00,2026-08-02T12:46:04.429395+00:00,2026-08-02T12:46:04.429395+00:00,2026-08-02 15:40 (Local Time),TEPAK,,,,,1,9,34.4,,34.9,22.0,5.3,1.6,,,234.0,,,,33.0,0.0,,,2.726553,,"{""Accumulated Rainfall (24 hours)"": {""unit"": ""mm"", ""value"": 0.0}}"
2026-08-02T14:10:00+00:00,2026-08-02T14:16:10.990858+00:00,2026-08-02T14:16:10.990858+00:00,2026-08-02 17:10 (Local Time),TEPAK,,,,,1,9,31.3,,34.9,22.0,4.1,1.4,,,260.0,,,,45.0,0.0,,,2.10922,,"{""Accumulated Rainfall (24 hours)"": {""unit"": ""mm"", ""value"": 0.0}}"
2026-08-02T15:20:00+00:00,2026-08-02T15:29:09.234161+00:00,2026-08-02T15:29:09.234161+00:00,2026-08-02 18:20 (Local Time),TEPAK,,,,,1,9,29.3,,34.9,22.0,5.1,1.3,,,245.0,,,,52.0,0.0,,,2.623664,,"{""Accumulated Rainfall (24 hours)"": {""unit"": ""mm"", ""value"": 0.0}}"
2026-08-02T16:30:00+00:00,2026-08-02T16:30:11.469882+00:00,2026-08-02T16:30:11.469882+00:00,2026-08-02 19:20 (Local Time),TEPAK,,,,,1,9,28.2,,34.9,22.0,2.9,1.0,,,245.0,,,,55.0,0.0,,,1.491888,,"{""Accumulated Rainfall (24 hours)"": {""unit"": ""mm"", ""value"": 0.0}}"
2026-08-02T17:30:00+00:00,2026-08-02T17:36:11.284049+00:00,2026-08-02T17:36:11.284049+00:00,2026-08-02 20:30 (Local Time),TEPAK,,,,,1,9,27.0,,34.9,22.0,2.7,0.7,,,267.0,,,,59.0,0.0,,,1.388999,,"{""Accumulated Rainfall (24 hours)"": {""unit"": ""mm"", ""value"": 0.0}}"
2026-08-02T18:30:00+00:00,2026-08-02T18:36:17.426863+00:00,2026-08-02T18:36:17.426863+00:00,2026-08-02 21:30 (Local Time),TEPAK,,,,,1,9,26.0,,26.6,26.0,2.4,0.6,,,266.0,,,,64.0,0.0,,,1.234666,,"{""Accumulated Rainfall (24 hours)"": {""unit"": ""mm"", ""value"": 0.0}}"
2026-08-02T19:40:00+00:00,2026-08-02T19:48:35.385902+00:00,2026-08-02T19:48:35.385902+00:00,2026-08-02 22:40 (Local Time),TEPAK,,,,,1,9,25.2,,26.6,25.1,1.1,0.4,,,272.0,,,,46.0,0.0,,,0.565888,,"{""Accumulated Rainfall (24 hours)"": {""unit"": ""mm"", ""value"": 0.0}}"
2026-08-02T20:30:00+00:00,2026-08-02T20:38:47.602112+00:00,2026-08-02T20:38:47.602112+00:00,2026-08-02 23:30 (Local Time),TEPAK,,,,,1,9,24.2,,26.6,24.2,1.3,0.0,,,272.0,,,,42.0,0.0,,,0.668777,,"{""Accumulated Rainfall (24 hours)"": {""unit"": ""mm"", ""value"": 0.0}}"
2026-08-02T21:30:00+00:00,2026-08-02T21:36:48.374714+00:00,2026-08-02T21:36:48.374714+00:00,2026-08-03 00:30 (Local Time),TEPAK,,,,,1,9,23.6,,26.6,23.5,1.7,0.0,,,306.0,,,,43.0,0.0,,,0.874555,,"{""Accumulated Rainfall (24 hours)"": {""unit"": ""mm"", ""value"": 0.0}}"
2026-08-02T22:30:00+00:00,2026-08-02T22:33:26.325246+00:00,2026-08-02T22:33:26.325246+00:00,2026-08-03 01:20 (Local Time),TEPAK,,,,,1,9,23.9,,26.6,23.5,0.0,0.0,,,330.0,,,,41.0,0.0,,,0.0,,"{""Accumulated Rainfall (24 hours)"": {""unit"": ""mm"", ""value"": 0.0}}"
2026-08-02T23:30:00+00:00,2026-08-02T23:32:31.667754+00:00,2026-08-02T23:32:31.667754+00:00,2026-08-03 02:20 (Local Time),TEPAK,,,,,1,9,22.5,,26.6,22.4,1.0,0.0,,,313.0,,,,45.0,0.0,,,0.514444,,"{""Accumulated Rainfall (24 hours)"": {""unit"": ""mm"", ""value"": 0.0}}"
2026-08-03T01:00:00+00:00,2026-08-03T01:09:34.000187+00:00,2026-08-03T01:09:34.000187+00:00,2026-08-03 04:00 (Local Time),TEPAK,,,,,1,9,21.6,,26.6,21.5,0.0,0.0,,,323.0,,,,51.0,0.0,,,0.0,,"{""Accumulated Rainfall (24 hours)"": {""unit"": ""mm"", ""value"": 0.0}}"
2026-08-03T04:40:00+00:00,2026-08-03T04:46:28.270886+00:00,2026-08-03T04:46:28.270886+00:00,2026-08-03 07:40 (Local Time),TEPAK,,,,,1,9,30.9,,31.2,21.0,0.9,0.1,,,314.0,,,,34.0,0.0,,,0.463,,"{""Accumulated Rainfall (24 hours)"": {""unit"": ""mm"", ""value"": 0.0}}"
2026-08-03T08:10:00+00:00,2026-08-03T08:14:09.421275+00:00,2026-08-03T08:14:09.421275+00:00,2026-08-03 11:00 (Local Time),TEPAK,,,,,1,9,30.9,,33.0,21.0,2.6,1.2,,,88.0,,,,51.0,0.0,,,1.337554,,"{""Accumulated Rainfall (24 hours)"": {""unit"": ""mm"", ""value"": 0.0}}"
2026-08-03T11:40:00+00:00,2026-08-03T11:43:58.417255+00:00,2026-08-03T11:43:58.417255+00:00,2026-08-03 14:30 (Local Time),TEPAK,,,,,1,9,34.1,,34.3,21.0,4.8,1.6,,,200.0,,,,35.0,0.0,,,2.469331,,"{""Accumulated Rainfall (24 hours)"": {""unit"": ""mm"", ""value"": 0.0}}"
2026-08-03T14:00:00+00:00,2026-08-03T14:01:58.179146+00:00,2026-08-03T14:01:58.179146+00:00,2026-08-03 16:50 (Local Time),TEPAK,,,,,1,9,31.7,,34.4,21.0,4.3,1.8,,,236.0,,,,51.0,0.0,,,2.212109,,"{""Accumulated Rainfall (24 hours)"": {""unit"": ""mm"", ""value"": 0.0}}"
2026-08-03T16:30:00+00:00,2026-08-03T16:32:21.749059+00:00,2026-08-03T16:32:21.749059+00:00,2026-08-03 19:20 (Local Time),TEPAK,,,,,1,9,28.2,,34.4,21.0,2.1,0.7,,,267.0,,,,69.0,0.0,,,1.080332,,"{""Accumulated Rainfall (24 hours)"": {""unit"": ""mm"", ""value"": 0.0}}"
2026-08-03T18:10:00+00:00,2026-08-03T18:19:28.034708+00:00,2026-08-03T18:19:28.034708+00:00,2026-08-03 21:10 (Local Time),TEPAK,,,,,1,9,26.6,,26.7,26.5,2.2,0.5,,,267.0,,,,76.0,0.0,,,1.131777,,"{""Accumulated Rainfall (24 hours)"": {""unit"": ""mm"", ""value"": 0.0}}"
2026-08-03T20:00:00+00:00,2026-08-03T20:04:00.321435+00:00,2026-08-03T20:04:00.321435+00:00,2026-08-03 22:50 (Local Time),TEPAK,,,,,1,9,25.6,,26.7,25.5,1.2,0.3,,,86.0,,,,79.0,0.0,,,0.617333,,"{""Accumulated Rainfall (24 hours)"": {""unit"": ""mm"", ""value"": 0.0}}"
2026-08-03T21:10:00+00:00,2026-08-03T21:15:15.315854+00:00,2026-08-03T21:15:15.315854+00:00,2026-08-04 00:10 (Local Time),TEPAK,,,,,1,9,24.9,,26.7,24.9,0.0,0.1,,,122.0,,,,69.0,0.0,,,0.0,,"{""Accumulated Rainfall (24 hours)"": {""unit"": ""mm"", ""value"": 0.0}}"
2026-08-03T22:10:00+00:00,2026-08-03T22:18:33.394619+00:00,2026-08-03T22:18:33.394619+00:00,2026-08-04 01:10 (Local Time),TEPAK,,,,,1,9,24.2,,26.7,24.2,1.5,0.0,,,297.0,,,,73.0,0.0,,,0.771666,,"{""Accumulated Rainfall (24 hours)"": {""unit"": ""mm"", ""value"": 0.0}}"
2026-08-03T23:30:00+00:00,2026-08-03T23:31:53.074788+00:00,2026-08-03T23:31:53.074788+00:00,2026-08-04 02:20 (Local Time),TEPAK,,,,,1,9,23.5,,26.7,23.3,2.1,0.2,,,304.0,,,,67.0,0.0,,,1.080332,,"{""Accumulated Rainfall (24 hours)"": {""unit"": ""mm"", ""value"": 0.0}}"
2026-08-04T01:00:00+00:00,2026-08-04T01:02:32.800168+00:00,2026-08-04T01:02:32.800168+00:00,2026-08-04 03:50 (Local Time),TEPAK,,,,,1,9,22.8,,26.7,22.8,0.9,0.0,,,353.0,,,,61.0,0.0,,,0.463,,"{""Accumulated Rainfall (24 hours)"": {""unit"": ""mm"", ""value"": 0.0}}"
2026-08-04T04:10:00+00:00,2026-08-04T04:19:54.269988+00:00,2026-08-04T04:19:54.269988+00:00,2026-08-04 07:10 (Local Time),TEPAK,,,,,1,9,25.8,,26.7,22.2,1.4,0.1,,,302.0,,,,51.0,0.0,,,0.720222,,"{""Accumulated Rainfall (24 hours)"": {""unit"": ""mm"", ""value"": 0.0}}"
2026-08-04T06:40:00+00:00,2026-08-04T06:46:12.224158+00:00,2026-08-04T06:46:12.224158+00:00,2026-08-04 09:40 (Local Time),TEPAK,,,,,1,9,29.0,,31.4,22.2,2.4,1.2,,,146.0,,,,57.0,0.0,,,1.234666,,"{""Accumulated Rainfall (24 hours)"": {""unit"": ""mm"", ""value"": 0.0}}"
2026-08-04T09:30:00+00:00,2026-08-04T09:30:36.401117+00:00,2026-08-04T09:30:36.401117+00:00,2026-08-04 12:20 (Local Time),TEPAK,,,,,1,9,32.4,,32.9,22.2,5.4,1.9,,,172.0,,,,47.0,0.0,,,2.777998,,"{""Accumulated Rainfall (24 hours)"": {""unit"": ""mm"", ""value"": 0.0}}"
2026-08-04T11:40:00+00:00,2026-08-04T11:41:14.182350+00:00,2026-08-04T11:41:14.182350+00:00,2026-08-04 14:30 (Local Time),TEPAK,,,,,1,9,33.7,,35.2,22.2,3.9,1.4,,,237.0,,,,47.0,0.0,,,2.006332,,"{""Accumulated Rainfall (24 hours)"": {""unit"": ""mm"", ""value"": 0.0}}"
2026-08-04T13:20:00+00:00,2026-08-04T13:24:13.958682+00:00,2026-08-04T13:24:13.958682+00:00,2026-08-04 16:10 (Local Time),TEPAK,,,,,1,9,33.3,,35.2,22.2,4.0,1.4,,,241.0,,,,47.0,0.0,,,2.057776,,"{""Accumulated Rainfall (24 hours)"": {""unit"": ""mm"", ""value"": 0.0}}"
2026-08-04T15:40:00+00:00,2026-08-04T15:41:58.614268+00:00,2026-08-04T15:41:58.614268+00:00,2026-08-04 18:30 (Local Time),TEPAK,,,,,1,9,30.1,,35.2,22.2,3.5,0.9,,,276.0,,,,55.0,0.0,,,1.800554,,"{""Accumulated Rainfall (24 hours)"": {""unit"": ""mm"", ""value"": 0.0}}"
2026-08-04T17:20:00+00:00,2026-08-04T17:20:12.472853+00:00,2026-08-04T17:20:12.472853+00:00,2026-08-04 20:10 (Local Time),TEPAK,,,,,1,9,27.0,,35.2,22.2,2.3,0.7,,,281.0,,,,74.0,0.0,,,1.183221,,"{""Accumulated Rainfall (24 hours)"": {""unit"": ""mm"", ""value"": 0.0}}"
2026-08-04T19:00:00+00:00,2026-08-04T19:00:00.605255+00:00,2026-08-04T19:00:00.605255+00:00,2026-08-04 21:50 (Local Time),TEPAK,,,,,1,9,26.0,,26.5,26.0,1.8,0.6,,,284.0,,,,81.0,0.0,,,0.925999,,"{""Accumulated Rainfall (24 hours)"": {""unit"": ""mm"", ""value"": 0.0}}"
2026-08-04T20:30:00+00:00,2026-08-04T20:38:26.829270+00:00,2026-08-04T20:38:26.829270+00:00,2026-08-04 23:30 (Local Time),TEPAK,,,,,1,9,25.4,,26.5,25.4,0.9,0.3,,,269.0,,,,85.0,0.0,,,0.463,,"{""Accumulated Rainfall (24 hours)"": {""unit"": ""mm"", ""value"": 0.0}}"
2026-08-04T21:50:00+00:00,2026-08-04T21:55:20.893810+00:00,2026-08-04T21:55:20.893810+00:00,2026-08-05 00:50 (Local Time),TEPAK,,,,,1,9,25.0,,26.5,25.0,1.3,0.3,,,218.0,,,,87.0,0.0,,,0.668777,,"{""Accumulated Rainfall (24 hours)"": {""unit"": ""mm"", ""value"": 0.0}}"
2026-08-04T22:50:00+00:00,2026-08-04T22:54:07.100270+00:00,2026-08-04T22:54:07.100270+00:00,2026-08-05 01:40 (Local Time),TEPAK,,,,,1,9,24.9,,26.5,24.9,0.7,0.1,,,286.0,,,,87.0,0.0,,,0.360111,,"{""Accumulated Rainfall (24 hours)"": {""unit"": ""mm"", ""value"": 0.0}}"
2026-08-04T23:50:00+00:00,2026-08-04T23:52:59.142953+00:00,2026-08-04T23:52:59.142953+00:00,2026-08-05 02:40 (Local Time),TEPAK,,,,,1,9,24.4,,26.5,24.4,1.1,0.0,,,332.0,,,,88.0,0.0,,,0.565888,,"{""Accumulated Rainfall (24 hours)"": {""unit"": ""mm"", ""value"": 0.0}}"
2026-08-05T01:10:00+00:00,2026-08-05T01:11:04.843995+00:00,2026-08-05T01:11:04.843995+00:00,2026-08-05 04:00 (Local Time),TEPAK,,,,,1,9,23.4,,26.5,23.4,0.0,0.0,,,315.0,,,,70.0,0.0,,,0.0,,"{""Accumulated Rainfall (24 hours)"": {""unit"": ""mm"", ""value"": 0.0}}"
2026-08-05T04:20:00+00:00,2026-08-05T04:28:32.082773+00:00,2026-08-05T04:28:32.082773+00:00,2026-08-05 07:20 (Local Time),TEPAK,,,,,1,9,27.4,,27.6,22.1,0.8,0.6,,,63.0,,,,64.0,0.0,,,0.411555,,"{""Accumulated Rainfall (24 hours)"": {""unit"": ""mm"", ""value"": 0.0}}"
2026-08-05T07:10:00+00:00,2026-08-05T07:18:10.655727+00:00,2026-08-05T07:18:10.655727+00:00,2026-08-05 10:10 (Local Time),TEPAK,,,,,1,9,29.7,,29.8,22.1,4.6,2.1,,,178.0,,,,63.0,0.0,,,2.366442,,"{""Accumulated Rainfall (24 hours)"": {""unit"": ""mm"", ""value"": 0.0}}"
2026-08-05T10:00:00+00:00,2026-08-05T10:02:06.847551+00:00,2026-08-05T10:02:06.847551+00:00,2026-08-05 12:50 (Local Time),TEPAK,,,,,1,9,32.8,,33.0,22.1,3.8,2.1,,,190.0,,,,46.0,0.0,,,1.954887,,"{""Accumulated Rainfall (24 hours)"": {""unit"": ""mm"", ""value"": 0.0}}"
2026-08-05T12:00:00+00:00,2026-08-05T12:06:04.510365+00:00,2026-08-05T12:06:04.510365+00:00,2026-08-05 15:00 (Local Time),TEPAK,,,,,1,9,33.1,,34.2,22.1,3.3,1.2,,,251.0,,,,46.0,0.0,,,1.697665,,"{""Accumulated Rainfall (24 hours)"": {""unit"": ""mm"", ""value"": 0.0}}"
2026-08-05T14:20:00+00:00,2026-08-05T14:28:26.236544+00:00,2026-08-05T14:28:26.236544+00:00,2026-08-05 17:20 (Local Time),TEPAK,,,,,1,9,30.3,,34.2,22.1,3.9,1.3,,,243.0,,,,53.0,0.0,,,2.006332,,"{""Accumulated Rainfall (24 hours)"": {""unit"": ""mm"", ""value"": 0.0}}"
2026-08-05T16:10:00+00:00,2026-08-05T16:17:02.274128+00:00,2026-08-05T16:17:02.274128+00:00,2026-08-05 19:10 (Local Time),TEPAK,,,,,1,9,28.4,,34.2,22.1,3.6,1.2,,,261.0,,,,56.0,0.0,,,1.851998,,"{""Accumulated Rainfall (24 hours)"": {""unit"": ""mm"", ""value"": 0.0}}"
2026-08-05T17:50:00+00:00,2026-08-05T17:55:41.373554+00:00,2026-08-05T17:55:41.373554+00:00,2026-08-05 20:50 (Local Time),TEPAK,,,,,1,9,26.4,,34.2,22.1,2.8,0.8,,,288.0,,,,72.0,0.0,,,1.440443,,"{""Accumulated Rainfall (24 hours)"": {""unit"": ""mm"", ""value"": 0.0}}"
2026-08-05T19:10:00+00:00,2026-08-05T19:18:01.269275+00:00,2026-08-05T19:18:01.269275+00:00,2026-08-05 22:10 (Local Time),TEPAK,,,,,1,9,25.8,,26.3,25.8,2.4,0.6,,,274.0,,,,73.0,0.0,,,1.234666,,"{""Accumulated Rainfall (24 hours)"": {""unit"": ""mm"", ""value"": 0.0}}"
2026-08-05T20:40:00+00:00,2026-08-05T20:41:42.204305+00:00,2026-08-05T20:41:42.204305+00:00,2026-08-05 23:30 (Local Time),TEPAK,,,,,1,9,25.5,,26.3,25.5,0.6,0.3,,,269.0,,,,71.0,0.0,,,0.308666,,"{""Accumulated Rainfall (24 hours)"": {""unit"": ""mm"", ""value"": 0.0}}"
2026-08-05T21:50:00+00:00,2026-08-05T21:55:17.403125+00:00,2026-08-05T21:55:17.403125+00:00,2026-08-06 00:50 (Local Time),TEPAK,,,,,1,9,24.7,,26.3,24.5,0.8,0.0,,,223.0,,,,68.0,0.0,,,0.411555,,"{""Accumulated Rainfall (24 hours)"": {""unit"": ""mm"", ""value"": 0.0}}"
2026-08-05T22:50:00+00:00,2026-08-05T22:50:00.303672+00:00,2026-08-05T22:50:00.303672+00:00,2026-08-06 01:40 (Local Time),TEPAK,,,,,1,9,24.2,,26.3,24.1,1.1,0.0,,,222.0,,,,65.0,0.0,,,0.565888,,"{""Accumulated Rainfall (24 hours)"": {""unit"": ""mm"", ""value"": 0.0}}"
2026-08-05T23:40:00+00:00,2026-08-05T23:42:48.253638+00:00,2026-08-05T23:42:48.253638+00:00,2026-08-06 02:30 (Local Time),TEPAK,,,,,1,9,23.9,,26.3,23.9,1.0,0.0,,,269.0,,,,63.0,0.0,,,0.514444,,"{""Accumulated Rainfall (24 hours)"": {""unit"": ""mm"", ""value"": 0.0}}"
2026-08-06T01:00:00+00:00,2026-08-06T01:05:52.525056+00:00,2026-08-06T01:05:52.525056+00:00,2026-08-06 04:00 (Local Time),TEPAK,,,,,1,9,23.4,,26.3,23.4,0.0,0.0,,,351.0,,,,61.0,0.0,,,0.0,,"{""Accumulated Rainfall (24 hours)"": {""unit"": ""mm"", ""value"": 0.0}}"
2026-08-06T04:20:00+00:00,2026-08-06T04:24:22.464616+00:00,2026-08-06T04:24:22.464616+00:00,2026-08-06 07:10 (Local Time),TEPAK,,,,,1,9,25.7,,26.3,23.1,0.9,0.0,,,319.0,,,,58.0,0.0,,,0.463,,"{""Accumulated Rainfall (24 hours)"": {""unit"": ""mm"", ""value"": 0.0}}"
2026-08-06T07:10:00+00:00,2026-08-06T07:10:47.598122+00:00,2026-08-06T07:10:47.598122+00:00,2026-08-06 10:00 (Local Time),TEPAK,,,,,1,9,29.7,,30.1,23.1,2.6,1.1,,,218.0,,,,59.0,0.0,,,1.337554,,"{""Accumulated Rainfall (24 hours)"": {""unit"": ""mm"", ""value"": 0.0}}"
2026-08-06T09:50:00+00:00,2026-08-06T09:50:37.301630+00:00,2026-08-06T09:50:37.301630+00:00,2026-08-06 12:40 (Local Time),TEPAK,,,,,1,9,33.4,,33.7,23.1,4.0,1.0,,,213.0,,,,51.0,0.0,,,2.057776,,"{""Accumulated Rainfall (24 hours)"": {""unit"": ""mm"", ""value"": 0.0}}"
2026-08-06T11:50:00+00:00,2026-08-06T11:53:13.434481+00:00,2026-08-06T11:53:13.434481+00:00,2026-08-06 14:40 (Local Time),TEPAK,,,,,1,9,33.1,,34.4,23.1,4.2,1.6,,,243.0,,,,51.0,0.0,,,2.160665,,"{""Accumulated Rainfall (24 hours)"": {""unit"": ""mm"", ""value"": 0.0}}"
2026-08-06T13:20:00+00:00,2026-08-06T13:25:02.809239+00:00,2026-08-06T13:25:02.809239+00:00,2026-08-06 16:10 (Local Time),TEPAK,,,,,1,9,32.5,,34.4,23.1,3.8,1.7,,,237.0,,,,51.0,0.0,,,1.954887,,"{""Accumulated Rainfall (24 hours)"": {""unit"": ""mm"", ""value"": 0.0}}"
2026-08-06T15:30:00+00:00,2026-08-06T15:37:52.085570+00:00,2026-08-06T15:37:52.085570+00:00,2026-08-06 18:30 (Local Time),TEPAK,,,,,1,9,28.9,,34.4,23.1,3.5,1.1,,,260.0,,,,66.0,0.0,,,1.800554,,"{""Accumulated Rainfall (24 hours)"": {""unit"": ""mm"", ""value"": 0.0}}"
2026-08-07T00:30:00+00:00,2026-08-07T00:31:52.291963+00:00,2026-08-07T00:31:52.291963+00:00,2026-08-07 03:20 (Local Time),TEPAK,,,,,1,9,24.6,,26.9,24.3,1.1,0.0,,,253.0,,,,70.0,0.0,,,0.565888,,"{""Accumulated Rainfall (24 hours)"": {""unit"": ""mm"", ""value"": 0.0}}"
2026-08-07T03:30:00+00:00,2026-08-07T03:32:58.813874+00:00,2026-08-07T03:32:58.813874+00:00,2026-08-07 06:20 (Local Time),TEPAK,,,,,1,9,23.4,,26.9,23.4,0.6,0.0,,,97.0,,,,68.0,0.0,,,0.308666,,"{""Accumulated Rainfall (24 hours)"": {""unit"": ""mm"", ""value"": 0.0}}"
2026-08-07T05:10:00+00:00,2026-08-07T05:17:34.409631+00:00,2026-08-07T05:17:34.409631+00:00,2026-08-07 08:10 (Local Time),TEPAK,,,,,1,9,28.7,,28.9,23.4,2.8,1.0,,,74.0,,,,66.0,0.0,,,1.440443,,"{""Accumulated Rainfall (24 hours)"": {""unit"": ""mm"", ""value"": 0.0}}"
2026-08-07T06:30:00+00:00,2026-08-07T06:38:13.492916+00:00,2026-08-07T06:38:13.492916+00:00,2026-08-07 09:30 (Local Time),TEPAK,,,,,1,9,29.1,,29.8,23.4,4.2,1.7,,,87.0,,,,67.0,0.0,,,2.160665,,"{""Accumulated Rainfall (24 hours)"": {""unit"": ""mm"", ""value"": 0.0}}"
2026-08-07T07:50:00+00:00,2026-08-07T07:59:18.335167+00:00,2026-08-07T07:59:18.335167+00:00,2026-08-07 10:50 (Local Time),TEPAK,,,,,1,9,30.3,,30.5,23.4,2.3,1.3,,,94.0,,,,64.0,0.0,,,1.183221,,"{""Accumulated Rainfall (24 hours)"": {""unit"": ""mm"", ""value"": 0.0}}"
2026-08-07T09:10:00+00:00,2026-08-07T09:12:55.186565+00:00,2026-08-07T09:12:55.186565+00:00,2026-08-07 12:00 (Local Time),TEPAK,,,,,1,9,31.9,,32.3,23.4,2.5,1.1,,,134.0,,,,57.0,0.0,,,1.28611,,"{""Accumulated Rainfall (24 hours)"": {""unit"": ""mm"", ""value"": 0.0}}"
2026-08-07T10:00:00+00:00,2026-08-07T10:09:47.066613+00:00,2026-08-07T10:09:47.066613+00:00,2026-08-07 13:00 (Local Time),TEPAK,,,,,1,9,32.9,,33.1,23.4,4.6,1.5,,,177.0,,,,57.0,0.0,,,2.366442,,"{""Accumulated Rainfall (24 hours)"": {""unit"": ""mm"", ""value"": 0.0}}"
2026-08-07T11:00:00+00:00,2026-08-07T11:06:25.511079+00:00,2026-08-07T11:06:25.511079+00:00,2026-08-07 14:00 (Local Time),TEPAK,,,,,1,9,33.1,,33.4,23.4,5.0,1.5,,,211.0,,,,55.0,0.0,,,2.57222,,"{""Accumulated Rainfall (24 hours)"": {""unit"": ""mm"", ""value"": 0.0}}"
2026-08-07T11:50:00+00:00,2026-08-07T11:53:24.051606+00:00,2026-08-07T11:53:24.051606+00:00,2026-08-07 14:40 (Local Time),TEPAK,,,,,1,9,33.4,,33.7,23.4,5.0,1.6,,,212.0,,,,54.0,0.0,,,2.57222,,"{""Accumulated Rainfall (24 hours)"": {""unit"": ""mm"", ""value"": 0.0}}"
2026-08-07T12:30:00+00:00,2026-08-07T12:32:45.279946+00:00,2026-08-07T12:32:45.279946+00:00,2026-08-07 15:20 (Local Time),TEPAK,,,,,1,9,33.4,,33.8,23.4,4.9,1.8,,,236.0,,,,52.0,0.0,,,2.520776,,"{""Accumulated Rainfall (24 hours)"": {""unit"": ""mm"", ""value"": 0.0}}"
2026-08-07T13:50:00+00:00,2026-08-07T13:52:51.217621+00:00,2026-08-07T13:52:51.217621+00:00,2026-08-07 16:40 (Local Time),TEPAK,,,,,1,9,32.6,,34.5,23.4,4.3,1.4,,,267.0,,,,55.0,0.0,,,2.212109,,"{""Accumulated Rainfall (24 hours)"": {""unit"": ""mm"", ""value"": 0.0}}"
2026-08-07T14:40:00+00:00,2026-08-07T14:42:46.012094+00:00,2026-08-07T14:42:46.012094+00:00,2026-08-07 17:30 (Local Time),TEPAK,,,,,1,9,30.3,,34.5,23.4,3.9,1.5,,,249.0,,,,62.0,0.0,,,2.006332,,"{""Accumulated Rainfall (24 hours)"": {""unit"": ""mm"", ""value"": 0.0}}"
2026-08-07T15:30:00+00:00,2026-08-07T15:35:39.848000+00:00,2026-08-07T15:35:39.848000+00:00,2026-08-07 18:30 (Local Time),TEPAK,,,,,1,9,29.0,,34.5,23.4,3.3,1.0,,,253.0,,,,69.0,0.0,,,1.697665,,"{""Accumulated Rainfall (24 hours)"": {""unit"": ""mm"", ""value"": 0.0}}"
2026-08-07T16:20:00+00:00,2026-08-07T16:28:29.485861+00:00,2026-08-07T16:28:29.485861+00:00,2026-08-07 19:20 (Local Time),TEPAK,,,,,1,9,28.6,,34.5,23.4,2.5,0.7,,,237.0,,,,65.0,0.0,,,1.28611,,"{""Accumulated Rainfall (24 hours)"": {""unit"": ""mm"", ""value"": 0.0}}"
2026-08-07T17:20:00+00:00,2026-08-07T17:26:36.006870+00:00,2026-08-07T17:26:36.006870+00:00,2026-08-07 20:20 (Local Time),TEPAK,,,,,1,9,27.6,,34.5,23.4,2.2,1.0,,,235.0,,,,68.0,0.0,,,1.131777,,"{""Accumulated Rainfall (24 hours)"": {""unit"": ""mm"", ""value"": 0.0}}"
2026-08-07T18:00:00+00:00,2026-08-07T18:09:37.103515+00:00,2026-08-07T18:09:37.103515+00:00,2026-08-07 21:00 (Local Time),TEPAK,,,,,1,9,27.3,,27.3,27.3,1.4,0.5,,,267.0,,,,68.0,0.0,,,0.720222,,"{""Accumulated Rainfall (24 hours)"": {""unit"": ""mm"", ""value"": 0.0}}"
2026-08-07T19:10:00+00:00,2026-08-07T19:14:08.263015+00:00,2026-08-07T19:14:08.263015+00:00,2026-08-07 22:00 (Local Time),TEPAK,,,,,1,9,27.0,,27.3,27.0,2.7,0.7,,,285.0,,,,65.0,0.0,,,1.388999,,"{""Accumulated Rainfall (24 hours)"": {""unit"": ""mm"", ""value"": 0.0}}"
2026-08-07T19:50:00+00:00,2026-08-07T19:59:49.662273+00:00,2026-08-07T19:59:49.662273+00:00,2026-08-07 22:50 (Local Time),TEPAK,,,,,1,9,26.7,,27.3,26.7,2.7,0.5,,,265.0,,,,65.0,0.0,,,1.388999,,"{""Accumulated Rainfall (24 hours)"": {""unit"": ""mm"", ""value"": 0.0}}"
2026-08-07T20:50:00+00:00,2026-08-07T20:51:31.480691+00:00,2026-08-07T20:51:31.480691+00:00,2026-08-07 23:40 (Local Time),TEPAK,,,,,1,9,26.3,,27.3,26.2,1.9,0.6,,,262.0,,,,64.0,0.0,,,0.977444,,"{""Accumulated Rainfall (24 hours)"": {""unit"": ""mm"", ""value"": 0.0}}"
2026-08-07T21:20:00+00:00,2026-08-07T21:24:13.647417+00:00,2026-08-07T21:24:13.647417+00:00,2026-08-08 00:10 (Local Time),TEPAK,,,,,1,9,25.8,,27.3,25.7,1.5,0.1,,,20.0,,,,61.0,0.0,,,0.771666,,"{""Accumulated Rainfall (24 hours)"": {""unit"": ""mm"", ""value"": 0.0}}"
2026-08-07T22:00:00+00:00,2026-08-07T22:02:24.216149+00:00,2026-08-07T22:02:24.216149+00:00,2026-08-08 00:50 (Local Time),TEPAK,,,,,1,9,25.9,,27.3,25.4,1.0,0.3,,,80.0,,,,71.0,0.0,,,0.514444,,"{""Accumulated Rainfall (24 hours)"": {""unit"": ""mm"", ""value"": 0.0}}"
2026-08-07T22:40:00+00:00,2026-08-07T22:48:07.880375+00:00,2026-08-07T22:48:07.880375+00:00,2026-08-08 01:40 (Local Time),TEPAK,,,,,1,9,25.9,,27.3,25.4,1.8,0.8,,,61.0,,,,78.0,0.0,,,0.925999,,"{""Accumulated Rainfall (24 hours)"": {""unit"": ""mm"", ""value"": 0.0}}"
2026-08-07T23:20:00+00:00,2026-08-07T23:20:53.771420+00:00,2026-08-07T23:20:53.771420+00:00,2026-08-08 02:10 (Local Time),TEPAK,,,,,1,9,26.0,,27.3,25.4,1.7,0.7,,,65.0,,,,77.0,0.0,,,0.874555,,"{""Accumulated Rainfall (24 hours)"": {""unit"": ""mm"", ""value"": 0.0}}"
2026-08-07T23:50:00+00:00,2026-08-07T23:52:55.225887+00:00,2026-08-07T23:52:55.225887+00:00,2026-08-08 02:40 (Local Time),TEPAK,,,,,1,9,26.0,,27.3,25.4,1.9,0.9,,,46.0,,,,78.0,0.0,,,0.977444,,"{""Accumulated Rainfall (24 hours)"": {""unit"": ""mm"", ""value"": 0.0}}"
2026-08-08T00:30:00+00:00,2026-08-08T00:35:46.145233+00:00,2026-08-08T00:35:46.145233+00:00,2026-08-08 03:30 (Local Time),TEPAK,,,,,1,9,25.8,,27.3,25.4,2.5,0.9,,,50.0,,,,78.0,0.0,,,1.28611,,"{""Accumulated Rainfall (24 hours)"": {""unit"": ""mm"", ""value"": 0.0}}"
2026-08-08T02:30:00+00:00,2026-08-08T02:31:49.578150+00:00,2026-08-08T02:31:49.578150+00:00,2026-08-08 05:20 (Local Time),TEPAK,,,,,1,9,25.1,,27.3,25.1,0.9,0.0,,,332.0,,,,83.0,0.0,,,0.463,,"{""Accumulated Rainfall (24 hours)"": {""unit"": ""mm"", ""value"": 0.0}}"
2026-08-08T03:50:00+00:00,2026-08-08T03:52:13.415238+00:00,2026-08-08T03:52:13.415238+00:00,2026-08-08 06:40 (Local Time),TEPAK,,,,,1,9,24.6,,27.3,24.5,1.7,0.2,,,302.0,,,,73.0,0.0,,,0.874555,,"{""Accumulated Rainfall (24 hours)"": {""unit"": ""mm"", ""value"": 0.0}}"
2026-08-08T04:40:00+00:00,2026-08-08T04:42:47.780630+00:00,2026-08-08T04:42:47.780630+00:00,2026-08-08 07:30 (Local Time),TEPAK,,,,,1,9,27.2,,27.3,24.5,2.1,0.5,,,314.0,,,,60.0,0.0,,,1.080332,,"{""Accumulated Rainfall (24 hours)"": {""unit"": ""mm"", ""value"": 0.0}}"
2026-08-08T05:20:00+00:00,2026-08-08T05:25:28.947645+00:00,2026-08-08T05:25:28.947645+00:00,2026-08-08 08:20 (Local Time),TEPAK,,,,,1,9,30.3,,30.8,24.5,0.0,0.4,,,57.0,,,,61.0,0.0,,,0.0,,"{""Accumulated Rainfall (24 hours)"": {""unit"": ""mm"", ""value"": 0.0}}"
2026-08-08T06:00:00+00:00,2026-08-08T06:03:32.040129+00:00,2026-08-08T06:03:32.040129+00:00,2026-08-08 08:50 (Local Time),TEPAK,,,,,1,9,30.5,,31.2,24.5,2.0,0.9,,,127.0,,,,61.0,0.0,,,1.028888,,"{""Accumulated Rainfall (24 hours)"": {""unit"": ""mm"", ""value"": 0.0}}"
2026-08-08T07:00:00+00:00,2026-08-08T07:07:20.410039+00:00,2026-08-08T07:07:20.410039+00:00,2026-08-08 10:00 (Local Time),TEPAK,,,,,1,9,29.2,,31.2,24.5,2.6,1.2,,,134.0,,,,70.0,0.0,,,1.337554,,"{""Accumulated Rainfall (24 hours)"": {""unit"": ""mm"", ""value"": 0.0}}"
2026-08-08T07:50:00+00:00,2026-08-08T07:58:51.631123+00:00,2026-08-08T07:58:51.631123+00:00,2026-08-08 10:50 (Local Time),TEPAK,,,,,1,9,30.4,,31.2,24.5,2.5,1.4,,,161.0,,,,67.0,0.0,,,1.28611,,"{""Accumulated Rainfall (24 hours)"": {""unit"": ""mm"", ""value"": 0.0}}"
2026-08-08T08:50:00+00:00,2026-08-08T08:52:28.349995+00:00,2026-08-08T08:52:28.349995+00:00,2026-08-08 11:40 (Local Time),TEPAK,,,,,1,9,30.6,,31.5,24.5,3.4,1.8,,,174.0,,,,66.0,0.0,,,1.74911,,"{""Accumulated Rainfall (24 hours)"": {""unit"": ""mm"", ""value"": 0.0}}"
2026-08-08T09:20:00+00:00,2026-08-08T09:23:10.578827+00:00,2026-08-08T09:23:10.578827+00:00,2026-08-08 12:10 (Local Time),TEPAK,,,,,1,9,31.1,,31.5,24.5,3.4,1.4,,,156.0,,,,65.0,0.0,,,1.74911,,"{""Accumulated Rainfall (24 hours)"": {""unit"": ""mm"", ""value"": 0.0}}"
2026-08-08T09:50:00+00:00,2026-08-08T09:59:44.805692+00:00,2026-08-08T09:59:44.805692+00:00,2026-08-08 12:50 (Local Time),TEPAK,,,,,1,9,30.9,,31.5,24.5,4.6,1.8,,,161.0,,,,64.0,0.0,,,2.366442,,"{""Accumulated Rainfall (24 hours)"": {""unit"": ""mm"", ""value"": 0.0}}"
2026-08-08T10:40:00+00:00,2026-08-08T10:42:34.764373+00:00,2026-08-08T10:42:34.764373+00:00,2026-08-08 13:30 (Local Time),TEPAK,,,,,1,9,32.1,,32.5,24.5,4.1,1.4,,,178.0,,,,57.0,0.0,,,2.10922,,"{""Accumulated Rainfall (24 hours)"": {""unit"": ""mm"", ""value"": 0.0}}"
2026-08-08T11:00:00+00:00,2026-08-08T11:05:38.126394+00:00,2026-08-08T11:05:38.126394+00:00,2026-08-08 14:00 (Local Time),TEPAK,,,,,1,9,31.5,,32.5,24.5,5.3,1.9,,,162.0,,,,61.0,0.0,,,2.726553,,"{""Accumulated Rainfall (24 hours)"": {""unit"": ""mm"", ""value"": 0.0}}"
2026-08-08T11:30:00+00:00,2026-08-08T11:37:57.420178+00:00,2026-08-08T11:37:57.420178+00:00,2026-08-08 14:30 (Local Time),TEPAK,,,,,1,9,34.0,,34.2,24.5,2.1,1.2,,,234.0,,,,54.0,0.0,,,1.080332,,"{""Accumulated Rainfall (24 hours)"": {""unit"": ""mm"", ""value"": 0.0}}"
2026-08-08T12:00:00+00:00,2026-08-08T12:01:40.519287+00:00,2026-08-08T12:01:40.519287+00:00,2026-08-08 14:50 (Local Time),TEPAK,,,,,1,9,34.5,,34.7,24.5,3.4,1.0,,,221.0,,,,51.0,0.0,,,1.74911,,"{""Accumulated Rainfall (24 hours)"": {""unit"": ""mm"", ""value"": 0.0}}"
2026-08-08T13:00:00+00:00,2026-08-08T13:05:07.527118+00:00,2026-08-08T13:05:07.527118+00:00,2026-08-08 16:00 (Local Time),TEPAK,,,,,1,9,33.4,,34.7,24.5,2.0,1.1,,,219.0,,,,55.0,0.0,,,1.028888,,"{""Accumulated Rainfall (24 hours)"": {""unit"": ""mm"", ""value"": 0.0}}"
2026-08-08T13:50:00+00:00,2026-08-08T13:52:44.933667+00:00,2026-08-08T13:52:44.933667+00:00,2026-08-08 16:40 (Local Time),TEPAK,,,,,1,9,32.9,,34.7,24.5,4.3,1.4,,,212.0,,,,61.0,0.0,,,2.212109,,"{""Accumulated Rainfall (24 hours)"": {""unit"": ""mm"", ""value"": 0.0}}"
2026-08-08T14:10:00+00:00,2026-08-08T14:19:59.948982+00:00,2026-08-08T14:19:59.948982+00:00,2026-08-08 17:10 (Local Time),TEPAK,,,,,1,9,32.1,,34.7,24.5,2.3,1.0,,,217.0,,,,63.0,0.0,,,1.183221,,"{""Accumulated Rainfall (24 hours)"": {""unit"": ""mm"", ""value"": 0.0}}"
2026-08-08T14:50:00+00:00,2026-08-08T14:54:01.012378+00:00,2026-08-08T14:54:01.012378+00:00,2026-08-08 17:40 (Local Time),TEPAK,,,,,1,9,31.8,,34.7,24.5,2.0,1.3,,,141.0,,,,63.0,0.0,,,1.028888,,"{""Accumulated Rainfall (24 hours)"": {""unit"": ""mm"", ""value"": 0.0}}"
2026-08-08T15:10:00+00:00,2026-08-08T15:17:42.050889+00:00,2026-08-08T15:17:42.050889+00:00,2026-08-08 18:10 (Local Time),TEPAK,,,,,1,9,31.2,,34.7,24.5,3.5,1.1,,,73.0,,,,65.0,0.0,,,1.800554,,"{""Accumulated Rainfall (24 hours)"": {""unit"": ""mm"", ""value"": 0.0}}"
2026-08-08T15:50:00+00:00,2026-08-08T15:51:21.295107+00:00,2026-08-08T15:51:21.295107+00:00,2026-08-08 18:40 (Local Time),TEPAK,,,,,1,9,30.8,,34.7,24.5,1.4,0.7,,,131.0,,,,66.0,0.0,,,0.720222,,"{""Accumulated Rainfall (24 hours)"": {""unit"": ""mm"", ""value"": 0.0}}"
2026-08-08T16:10:00+00:00,2026-08-08T16:15:10.636456+00:00,2026-08-08T16:15:10.636456+00:00,2026-08-08 19:10 (Local Time),TEPAK,,,,,1,9,29.9,,34.7,24.5,1.0,0.8,,,137.0,,,,70.0,0.0,,,0.514444,,"{""Accumulated Rainfall (24 hours)"": {""unit"": ""mm"", ""value"": 0.0}}"
2026-08-08T16:50:00+00:00,2026-08-08T16:53:09.905586+00:00,2026-08-08T16:53:09.905586+00:00,2026-08-08 19:40 (Local Time),TEPAK,,,,,1,9,29.3,,34.7,24.5,1.7,0.1,,,169.0,,,,69.0,0.0,,,0.874555,,"{""Accumulated Rainfall (24 hours)"": {""unit"": ""mm"", ""value"": 0.0}}"
2026-08-08T17:10:00+00:00,2026-08-08T17:17:49.747556+00:00,2026-08-08T17:17:49.747556+00:00,2026-08-08 20:10 (Local Time),TEPAK,,,,,1,9,29.3,,34.7,24.5,1.9,0.4,,,252.0,,,,53.0,0.0,,,0.977444,,"{""Accumulated Rainfall (24 hours)"": {""unit"": ""mm"", ""value"": 0.0}}"
2026-08-08T17:50:00+00:00,2026-08-08T17:52:24.789230+00:00,2026-08-08T17:52:24.789230+00:00,2026-08-08 20:40 (Local Time),TEPAK,,,,,1,9,29.2,,34.7,24.5,1.3,0.4,,,260.0,,,,51.0,0.0,,,0.668777,,"{""Accumulated Rainfall (24 hours)"": {""unit"": ""mm"", ""value"": 0.0}}"
2026-08-08T18:10:00+00:00,2026-08-08T18:16:38.114895+00:00,2026-08-08T18:16:38.114895+00:00,2026-08-08 21:10 (Local Time),TEPAK,,,,,1,9,28.3,,28.6,28.3,1.5,0.0,,,289.0,,,,50.0,0.0,,,0.771666,,"{""Accumulated Rainfall (24 hours)"": {""unit"": ""mm"", ""value"": 0.0}}"
2026-08-08T19:00:00+00:00,2026-08-08T19:01:12.685350+00:00,2026-08-08T19:01:12.685350+00:00,2026-08-08 21:50 (Local Time),TEPAK,,,,,1,9,28.2,,28.6,28.1,1.6,0.3,,,271.0,,,,51.0,0.0,,,0.82311,,"{""Accumulated Rainfall (24 hours)"": {""unit"": ""mm"", ""value"": 0.0}}"
2026-08-08T19:30:00+00:00,2026-08-08T19:37:04.247174+00:00,2026-08-08T19:37:04.247174+00:00,2026-08-08 22:30 (Local Time),TEPAK,,,,,1,9,28.0,,28.6,27.5,2.4,0.7,,,233.0,,,,41.0,0.0,,,1.234666,,"{""Accumulated Rainfall (24 hours)"": {""unit"": ""mm"", ""value"": 0.0}}"
2026-08-08T19:50:00+00:00,2026-08-08T19:58:15.736177+00:00,2026-08-08T19:58:15.736177+00:00,2026-08-08 22:50 (Local Time),TEPAK,,,,,1,9,27.5,,28.6,27.4,0.0,0.0,,,68.0,,,,42.0,0.0,,,0.0,,"{""Accumulated Rainfall (24 hours)"": {""unit"": ""mm"", ""value"": 0.0}}"
2026-08-08T20:30:00+00:00,2026-08-08T20:39:25.689476+00:00,2026-08-08T20:39:25.689476+00:00,2026-08-08 23:30 (Local Time),TEPAK,,,,,1,9,26.5,,28.6,26.4,1.1,0.5,,,187.0,,,,45.0,0.0,,,0.565888,,"{""Accumulated Rainfall (24 hours)"": {""unit"": ""mm"", ""value"": 0.0}}"
2026-08-08T21:00:00+00:00,2026-08-08T21:04:42.616870+00:00,2026-08-08T21:04:42.616870+00:00,2026-08-08 23:50 (Local Time),TEPAK,,,,,1,9,26.2,,28.6,26.1,0.7,0.0,,,163.0,,,,51.0,0.0,,,0.360111,,"{""Accumulated Rainfall (24 hours)"": {""unit"": ""mm"", ""value"": 0.0}}"
2026-08-08T21:30:00+00:00,2026-08-08T21:39:57.327136+00:00,2026-08-08T21:39:57.327136+00:00,2026-08-09 00:30 (Local Time),TEPAK,,,,,1,9,25.9,,28.6,25.9,0.6,0.1,,,220.0,,,,68.0,0.0,,,0.308666,,"{""Accumulated Rainfall (24 hours)"": {""unit"": ""mm"", ""value"": 0.0}}"
2026-08-08T22:00:00+00:00,2026-08-08T22:01:43.763539+00:00,2026-08-08T22:01:43.763539+00:00,2026-08-09 00:50 (Local Time),TEPAK,,,,,1,9,25.6,,28.6,25.6,0.0,0.0,,,---,,,,75.0,0.0,,,0.0,,"{""Accumulated Rainfall (24 hours)"": {""unit"": ""mm"", ""value"": 0.0}}"
2026-08-08T22:30:00+00:00,2026-08-08T22:38:32.486656+00:00,2026-08-08T22:38:32.486656+00:00,2026-08-09 01:30 (Local Time),TEPAK,,,,,1,9,25.5,,28.6,25.4,1.3,0.0,,,158.0,,,,80.0,0.0,,,0.668777,,"{""Accumulated Rainfall (24 hours)"": {""unit"": ""mm"", ""value"": 0.0}}"
2026-08-08T23:00:00+00:00,2026-08-08T23:03:54.714136+00:00,2026-08-08T23:03:54.714136+00:00,2026-08-09 01:50 (Local Time),TEPAK,,,,,1,9,25.8,,28.6,25.4,1.1,0.0,,,146.0,,,,84.0,0.0,,,0.565888,,"{""Accumulated Rainfall (24 hours)"": {""unit"": ""mm"", ""value"": 0.0}}"
2026-08-08T23:30:00+00:00,2026-08-08T23:37:47.941086+00:00,2026-08-08T23:37:47.941086+00:00,2026-08-09 02:30 (Local Time),TEPAK,,,,,1,9,25.2,,28.6,25.1,0.0,0.1,,,281.0,,,,86.0,0.0,,,0.0,,"{""Accumulated Rainfall (24 hours)"": {""unit"": ""mm"", ""value"": 0.0}}"
2026-08-09T00:00:00+00:00,2026-08-09T00:02:12.884845+00:00,2026-08-09T00:02:12.884845+00:00,2026-08-09 02:50 (Local Time),TEPAK,,,,,1,9,24.8,,28.6,24.7,0.6,0.1,,,298.0,,,,84.0,0.0,,,0.308666,,"{""Accumulated Rainfall (24 hours)"": {""unit"": ""mm"", ""value"": 0.0}}"
2026-08-09T02:20:00+00:00,2026-08-09T02:21:37.947672+00:00,2026-08-09T02:21:37.947672+00:00,2026-08-09 05:10 (Local Time),TEPAK,,,,,1,9,23.6,,28.6,23.2,1.4,0.0,,,315.0,,,,45.0,0.0,,,0.720222,,"{""Accumulated Rainfall (24 hours)"": {""unit"": ""mm"", ""value"": 0.0}}"
2026-08-09T03:50:00+00:00,2026-08-09T03:55:33.297306+00:00,2026-08-09T03:55:33.297306+00:00,2026-08-09 06:50 (Local Time),TEPAK,,,,,1,9,23.5,,28.6,23.1,2.2,0.1,,,298.0,,,,43.0,0.0,,,1.131777,,"{""Accumulated Rainfall (24 hours)"": {""unit"": ""mm"", ""value"": 0.0}}"
2026-08-09T04:50:00+00:00,2026-08-09T04:56:45.317751+00:00,2026-08-09T04:56:45.317751+00:00,2026-08-09 07:50 (Local Time),TEPAK,,,,,1,9,30.3,,30.6,23.1,1.7,0.3,,,298.0,,,,30.0,0.0,,,0.874555,,"{""Accumulated Rainfall (24 hours)"": {""unit"": ""mm"", ""value"": 0.0}}"
2026-08-09T05:40:00+00:00,2026-08-09T05:43:25.690264+00:00,2026-08-09T05:43:25.690264+00:00,2026-08-09 08:30 (Local Time),TEPAK,,,,,1,9,33.6,,33.8,23.1,1.3,0.7,,,262.0,,,,28.0,0.0,,,0.668777,,"{""Accumulated Rainfall (24 hours)"": {""unit"": ""mm"", ""value"": 0.0}}"
2026-08-09T06:20:00+00:00,2026-08-09T06:29:17.751415+00:00,2026-08-09T06:29:17.751415+00:00,2026-08-09 09:20 (Local Time),TEPAK,,,,,1,9,32.9,,34.2,23.1,2.3,0.8,,,212.0,,,,37.0,0.0,,,1.183221,,"{""Accumulated Rainfall (24 hours)"": {""unit"": ""mm"", ""value"": 0.0}}"
2026-08-09T07:30:00+00:00,2026-08-09T07:36:23.059223+00:00,2026-08-09T07:36:23.059223+00:00,2026-08-09 10:30 (Local Time),TEPAK,,,,,1,9,35.8,,36.0,23.1,2.5,1.1,,,242.0,,,,30.0,0.0,,,1.28611,,"{""Accumulated Rainfall (24 hours)"": {""unit"": ""mm"", ""value"": 0.0}}"
2026-08-09T08:20:00+00:00,2026-08-09T08:20:04.649733+00:00,2026-08-09T08:20:04.649733+00:00,2026-08-09 11:10 (Local Time),TEPAK,,,,,1,9,36.1,,36.4,23.1,4.6,1.4,,,225.0,,,,26.0,0.0,,,2.366442,,"{""Accumulated Rainfall (24 hours)"": {""unit"": ""mm"", ""value"": 0.0}}"
2026-08-09T09:00:00+00:00,2026-08-09T09:07:17.353512+00:00,2026-08-09T09:07:17.353512+00:00,2026-08-09 12:00 (Local Time),TEPAK,,,,,1,9,37.4,,37.9,23.1,6.1,1.9,,,225.0,,,,21.0,0.0,,,3.138108,,"{""Accumulated Rainfall (24 hours)"": {""unit"": ""mm"", ""value"": 0.0}}"
2026-08-09T09:50:00+00:00,2026-08-09T09:55:35.955395+00:00,2026-08-09T09:55:35.955395+00:00,2026-08-09 12:50 (Local Time),TEPAK,,,,,1,9,36.9,,37.9,23.1,5.4,1.7,,,240.0,,,,27.0,0.0,,,2.777998,,"{""Accumulated Rainfall (24 hours)"": {""unit"": ""mm"", ""value"": 0.0}}"
2026-08-09T10:20:00+00:00,2026-08-09T10:24:46.689466+00:00,2026-08-09T10:24:46.689466+00:00,2026-08-09 13:10 (Local Time),TEPAK,,,,,1,9,36.5,,37.9,23.1,4.9,2.1,,,246.0,,,,27.0,0.0,,,2.520776,,"{""Accumulated Rainfall (24 hours)"": {""unit"": ""mm"", ""value"": 0.0}}"
2026-08-09T10:50:00+00:00,2026-08-09T10:59:29.180687+00:00,2026-08-09T10:59:29.180687+00:00,2026-08-09 13:50 (Local Time),TEPAK,,,,,1,9,35.8,,37.9,23.1,5.5,1.5,,,248.0,,,,33.0,0.0,,,2.829442,,"{""Accumulated Rainfall (24 hours)"": {""unit"": ""mm"", ""value"": 0.0}}"
2026-08-09T11:30:00+00:00,2026-08-09T11:37:18.426729+00:00,2026-08-09T11:37:18.426729+00:00,2026-08-09 14:30 (Local Time),TEPAK,,,,,1,9,35.3,,37.9,23.1,3.8,1.9,,,261.0,,,,32.0,0.0,,,1.954887,,"{""Accumulated Rainfall (24 hours)"": {""unit"": ""mm"", ""value"": 0.0}}"
2026-08-09T12:00:00+00:00,2026-08-09T12:02:31.813611+00:00,2026-08-09T12:02:31.813611+00:00,2026-08-09 14:50 (Local Time),TEPAK,,,,,1,9,35.5,,37.9,23.1,5.0,2.2,,,253.0,,,,27.0,0.0,,,2.57222,,"{""Accumulated Rainfall (24 hours)"": {""unit"": ""mm"", ""value"": 0.0}}"
2026-08-09T13:00:00+00:00,2026-08-09T13:08:14.196356+00:00,2026-08-09T13:08:14.196356+00:00,2026-08-09 16:00 (Local Time),TEPAK,,,,,1,9,36.4,,37.9,23.1,2.8,1.1,,,255.0,,,,27.0,0.0,,,1.440443,,"{""Accumulated Rainfall (24 hours)"": {""unit"": ""mm"", ""value"": 0.0}}"
2026-08-09T13:50:00+00:00,2026-08-09T13:57:56.225911+00:00,2026-08-09T13:57:56.225911+00:00,2026-08-09 16:50 (Local Time),TEPAK,,,,,1,9,35.1,,37.9,23.1,4.0,1.3,,,247.0,,,,29.0,0.0,,,2.057776,,"{""Accumulated Rainfall (24 hours)"": {""unit"": ""mm"", ""value"": 0.0}}"
2026-08-09T14:40:00+00:00,2026-08-09T14:43:24.408366+00:00,2026-08-09T14:43:24.408366+00:00,2026-08-09 17:30 (Local Time),TEPAK,,,,,1,9,32.7,,37.9,23.1,3.5,1.3,,,234.0,,,,36.0,0.0,,,1.800554,,"{""Accumulated Rainfall (24 hours)"": {""unit"": ""mm"", ""value"": 0.0}}"
2026-08-09T15:10:00+00:00,2026-08-09T15:10:05.633348+00:00,2026-08-09T15:10:05.633348+00:00,2026-08-09 18:00 (Local Time),TEPAK,,,,,1,9,31.7,,37.9,23.1,3.9,1.6,,,245.0,,,,40.0,0.0,,,2.006332,,"{""Accumulated Rainfall (24 hours)"": {""unit"": ""mm"", ""value"": 0.0}}"
2026-08-09T15:40:00+00:00,2026-08-09T15:45:41.374600+00:00,2026-08-09T15:45:41.374600+00:00,2026-08-09 18:40 (Local Time),TEPAK,,,,,1,9,29.8,,37.9,23.1,3.9,1.1,,,245.0,,,,50.0,0.0,,,2.006332,,"{""Accumulated Rainfall (24 hours)"": {""unit"": ""mm"", ""value"": 0.0}}"
2026-08-09T16:10:00+00:00,2026-08-09T16:12:53.157654+00:00,2026-08-09T16:12:53.157654+00:00,2026-08-09 19:00 (Local Time),TEPAK,,,,,1,9,29.4,,37.9,23.1,4.5,1.2,,,270.0,,,,52.0,0.0,,,2.314998,,"{""Accumulated Rainfall (24 hours)"": {""unit"": ""mm"", ""value"": 0.0}}"
2026-08-09T16:50:00+00:00,2026-08-09T16:53:45.737514+00:00,2026-08-09T16:53:45.737514+00:00,2026-08-09 19:40 (Local Time),TEPAK,,,,,1,9,28.1,,37.9,23.1,3.3,1.0,,,256.0,,,,58.0,0.0,,,1.697665,,"{""Accumulated Rainfall (24 hours)"": {""unit"": ""mm"", ""value"": 0.0}}"
2026-08-09T17:10:00+00:00,2026-08-09T17:19:33.187788+00:00,2026-08-09T17:19:33.187788+00:00,2026-08-09 20:10 (Local Time),TEPAK,,,,,1,9,27.7,,37.9,23.1,3.3,0.8,,,269.0,,,,59.0,0.0,,,1.697665,,"{""Accumulated Rainfall (24 hours)"": {""unit"": ""mm"", ""value"": 0.0}}"
2026-08-09T17:50:00+00:00,2026-08-09T17:52:58.089573+00:00,2026-08-09T17:52:58.089573+00:00,2026-08-09 20:40 (Local Time),TEPAK,,,,,1,9,27.3,,37.9,23.1,3.2,1.0,,,268.0,,,,60.0,0.0,,,1.646221,,"{""Accumulated Rainfall (24 hours)"": {""unit"": ""mm"", ""value"": 0.0}}"
2026-08-09T18:10:00+00:00,2026-08-09T18:18:32.323863+00:00,2026-08-09T18:18:32.323863+00:00,2026-08-09 21:10 (Local Time),TEPAK,,,,,1,9,27.1,,27.1,27.1,2.0,0.5,,,272.0,,,,58.0,0.0,,,1.028888,,"{""Accumulated Rainfall (24 hours)"": {""unit"": ""mm"", ""value"": 0.0}}"
2026-08-09T19:00:00+00:00,2026-08-09T19:07:45.429243+00:00,2026-08-09T19:07:45.429243+00:00,2026-08-09 22:00 (Local Time),TEPAK,,,,,1,9,26.7,,27.1,26.7,2.9,0.5,,,269.0,,,,57.0,0.0,,,1.491888,,"{""Accumulated Rainfall (24 hours)"": {""unit"": ""mm"", ""value"": 0.0}}"
2026-08-09T19:40:00+00:00,2026-08-09T19:47:53.793641+00:00,2026-08-09T19:47:53.793641+00:00,2026-08-09 22:40 (Local Time),TEPAK,,,,,1,9,26.6,,27.1,26.6,2.5,0.5,,,281.0,,,,53.0,0.0,,,1.28611,,"{""Accumulated Rainfall (24 hours)"": {""unit"": ""mm"", ""value"": 0.0}}"
2026-08-09T20:10:00+00:00,2026-08-09T20:15:17.863468+00:00,2026-08-09T20:15:17.863468+00:00,2026-08-09 23:10 (Local Time),TEPAK,,,,,1,9,26.4,,27.1,26.3,2.4,0.4,,,274.0,,,,51.0,0.0,,,1.234666,,"{""Accumulated Rainfall (24 hours)"": {""unit"": ""mm"", ""value"": 0.0}}"
2026-08-09T20:50:00+00:00,2026-08-09T20:53:07.600379+00:00,2026-08-09T20:53:07.600379+00:00,2026-08-09 23:40 (Local Time),TEPAK,,,,,1,9,26.2,,27.1,26.2,3.7,0.7,,,284.0,,,,51.0,0.0,,,1.903443,,"{""Accumulated Rainfall (24 hours)"": {""unit"": ""mm"", ""value"": 0.0}}"
2026-08-09T21:10:00+00:00,2026-08-09T21:18:24.789409+00:00,2026-08-09T21:18:24.789409+00:00,2026-08-10 00:10 (Local Time),TEPAK,,,,,1,9,25.9,,27.1,25.8,2.4,0.7,,,303.0,,,,49.0,0.0,,,1.234666,,"{""Accumulated Rainfall (24 hours)"": {""unit"": ""mm"", ""value"": 0.0}}"
2026-08-09T21:50:00+00:00,2026-08-09T21:53:54.389767+00:00,2026-08-09T21:53:54.389767+00:00,2026-08-10 00:40 (Local Time),TEPAK,,,,,1,9,25.3,,27.1,25.2,0.0,0.0,,,---,,,,43.0,0.0,,,0.0,,"{""Accumulated Rainfall (24 hours)"": {""unit"": ""mm"", ""value"": 0.0}}"
2026-08-09T22:10:00+00:00,2026-08-09T22:17:12.557318+00:00,2026-08-09T22:17:12.557318+00:00,2026-08-10 01:10 (Local Time),TEPAK,,,,,1,9,24.9,,27.1,24.8,0.0,0.0,,,105.0,,,,46.0,0.0,,,0.0,,"{""Accumulated Rainfall (24 hours)"": {""unit"": ""mm"", ""value"": 0.0}}"
2026-08-09T22:50:00+00:00,2026-08-09T22:54:55.372124+00:00,2026-08-09T22:54:55.372124+00:00,2026-08-10 01:40 (Local Time),TEPAK,,,,,1,9,24.8,,27.1,24.7,1.5,0.0,,,49.0,,,,49.0,0.0,,,0.771666,,"{""Accumulated Rainfall (24 hours)"": {""unit"": ""mm"", ""value"": 0.0}}"
2026-08-09T23:20:00+00:00,2026-08-09T23:21:24.254632+00:00,2026-08-09T23:21:24.254632+00:00,2026-08-10 02:10 (Local Time),TEPAK,,,,,1,9,24.8,,27.1,24.7,0.0,0.0,,,---,,,,52.0,0.0,,,0.0,,"{""Accumulated Rainfall (24 hours)"": {""unit"": ""mm"", ""value"": 0.0}}"
2026-08-09T23:50:00+00:00,2026-08-09T23:52:50.059315+00:00,2026-08-09T23:52:50.059315+00:00,2026-08-10 02:40 (Local Time),TEPAK,,,,,1,9,24.5,,27.1,24.5,0.0,0.0,,,268.0,,,,54.0,0.0,,,0.0,,"{""Accumulated Rainfall (24 hours)"": {""unit"": ""mm"", ""value"": 0.0}}"
2026-08-10T00:30:00+00:00,2026-08-10T00:39:29.751362+00:00,2026-08-10T00:39:29.751362+00:00,2026-08-10 03:30 (Local Time),TEPAK,,,,,1,9,24.2,,27.1,24.1,1.4,0.0,,,309.0,,,,47.0,0.0,,,0.720222,,"{""Accumulated Rainfall (24 hours)"": {""unit"": ""mm"", ""value"": 0.0}}"
2026-08-10T02:50:00+00:00,2026-08-10T02:58:39.043101+00:00,2026-08-10T02:58:39.043101+00:00,2026-08-10 05:50 (Local Time),TEPAK,,,,,1,9,23.2,,27.1,23.2,1.2,0.0,,,69.0,,,,48.0,0.0,,,0.617333,,"{""Accumulated Rainfall (24 hours)"": {""unit"": ""mm"", ""value"": 0.0}}"
2026-08-10T04:40:00+00:00,2026-08-10T04:46:50.439955+00:00,2026-08-10T04:46:50.439955+00:00,2026-08-10 07:40 (Local Time),TEPAK,,,,,1,9,30.1,,30.4,23.2,0.6,0.4,,,99.0,,,,38.0,0.0,,,0.308666,,"{""Accumulated Rainfall (24 hours)"": {""unit"": ""mm"", ""value"": 0.0}}"
2026-08-10T06:00:00+00:00,2026-08-10T06:02:46.486812+00:00,2026-08-10T06:02:46.486812+00:00,2026-08-10 08:50 (Local Time),TEPAK,,,,,1,9,29.7,,30.4,23.2,2.2,0.9,,,170.0,,,,52.0,0.0,,,1.131777,,"{""Accumulated Rainfall (24 hours)"": {""unit"": ""mm"", ""value"": 0.0}}"
2026-08-10T07:50:00+00:00,2026-08-10T07:57:58.211688+00:00,2026-08-10T07:57:58.211688+00:00,2026-08-10 10:50 (Local Time),TEPAK,,,,,1,9,31.2,,31.5,23.2,2.1,1.1,,,107.0,,,,48.0,0.0,,,1.080332,,"{""Accumulated Rainfall (24 hours)"": {""unit"": ""mm"", ""value"": 0.0}}"
2026-08-10T09:40:00+00:00,2026-08-10T09:41:53.296924+00:00,2026-08-10T09:41:53.296924+00:00,2026-08-10 12:30 (Local Time),TEPAK,,,,,1,9,33.6,,34.2,23.2,3.1,1.6,,,154.0,,,,30.0,0.0,,,1.594776,,"{""Accumulated Rainfall (24 hours)"": {""unit"": ""mm"", ""value"": 0.0}}"
2026-08-10T10:40:00+00:00,2026-08-10T10:46:54.456294+00:00,2026-08-10T10:46:54.456294+00:00,2026-08-10 13:40 (Local Time),TEPAK,,,,,1,9,35.5,,35.9,23.2,4.0,1.2,,,249.0,,,,33.0,0.0,,,2.057776,,"{""Accumulated Rainfall (24 hours)"": {""unit"": ""mm"", ""value"": 0.0}}"
2026-08-10T11:30:00+00:00,2026-08-10T11:35:05.549664+00:00,2026-08-10T11:35:05.549664+00:00,2026-08-10 14:30 (Local Time),TEPAK,,,,,1,9,34.7,,36.4,23.2,4.0,1.6,,,256.0,,,,42.0,0.0,,,2.057776,,"{""Accumulated Rainfall (24 hours)"": {""unit"": ""mm"", ""value"": 0.0}}"
2026-08-10T12:20:00+00:00,2026-08-10T12:26:52.714657+00:00,2026-08-10T12:26:52.714657+00:00,2026-08-10 15:20 (Local Time),TEPAK,,,,,1,9,34.0,,36.4,23.2,3.5,1.1,,,272.0,,,,45.0,0.0,,,1.800554,,"{""Accumulated Rainfall (24 hours)"": {""unit"": ""mm"", ""value"": 0.0}}"
2026-08-10T13:50:00+00:00,2026-08-10T13:53:41.600514+00:00,2026-08-10T13:53:41.600514+00:00,2026-08-10 16:40 (Local Time),TEPAK,,,,,1,9,35.3,,36.4,23.2,5.4,1.7,,,235.0,,,,35.0,0.0,,,2.777998,,"{""Accumulated Rainfall (24 hours)"": {""unit"": ""mm"", ""value"": 0.0}}"
2026-08-10T14:40:00+00:00,2026-08-10T14:48:16.097932+00:00,2026-08-10T14:48:16.097932+00:00,2026-08-10 17:40 (Local Time),TEPAK,,,,,1,9,31.3,,36.4,23.2,4.7,1.6,,,244.0,,,,50.0,0.0,,,2.417887,,"{""Accumulated Rainfall (24 hours)"": {""unit"": ""mm"", ""value"": 0.0}}"
2026-08-10T15:40:00+00:00,2026-08-10T15:44:43.495590+00:00,2026-08-10T15:44:43.495590+00:00,2026-08-10 18:30 (Local Time),TEPAK,,,,,1,9,30.4,,36.4,23.2,4.8,1.3,,,250.0,,,,52.0,0.0,,,2.469331,,"{""Accumulated Rainfall (24 hours)"": {""unit"": ""mm"", ""value"": 0.0}}"
2026-08-10T16:30:00+00:00,2026-08-10T16:34:02.246138+00:00,2026-08-10T16:34:02.246138+00:00,2026-08-10 19:20 (Local Time),TEPAK,,,,,1,9,29.1,,36.4,23.2,4.3,1.1,,,264.0,,,,54.0,0.0,,,2.212109,,"{""Accumulated Rainfall (24 hours)"": {""unit"": ""mm"", ""value"": 0.0}}"
2026-08-10T17:30:00+00:00,2026-08-10T17:30:16.341259+00:00,2026-08-10T17:30:16.341259+00:00,2026-08-10 20:20 (Local Time),TEPAK,,,,,1,9,28.4,,36.4,23.2,2.4,0.6,,,250.0,,,,54.0,0.0,,,1.234666,,"{""Accumulated Rainfall (24 hours)"": {""unit"": ""mm"", ""value"": 0.0}}"
2026-08-10T18:20:00+00:00,2026-08-10T18:26:27.201388+00:00,2026-08-10T18:26:27.201388+00:00,2026-08-10 21:20 (Local Time),TEPAK,,,,,1,9,27.7,,27.9,27.7,2.3,0.6,,,289.0,,,,54.0,0.0,,,1.183221,,"{""Accumulated Rainfall (24 hours)"": {""unit"": ""mm"", ""value"": 0.0}}"
2026-08-10T19:20:00+00:00,2026-08-10T19:28:59.871035+00:00,2026-08-10T19:28:59.871035+00:00,2026-08-10 22:20 (Local Time),TEPAK,,,,,1,9,27.3,,27.9,27.3,1.2,0.2,,,251.0,,,,52.0,0.0,,,0.617333,,"{""Accumulated Rainfall (24 hours)"": {""unit"": ""mm"", ""value"": 0.0}}"
2026-08-10T20:10:00+00:00,2026-08-10T20:10:10.267888+00:00,2026-08-10T20:10:10.267888+00:00,2026-08-10 23:00 (Local Time),TEPAK,,,,,1,9,26.7,,27.9,26.7,0.7,0.0,,,217.0,,,,53.0,0.0,,,0.360111,,"{""Accumulated Rainfall (24 hours)"": {""unit"": ""mm"", ""value"": 0.0}}"
2026-08-10T21:00:00+00:00,2026-08-10T21:01:27.703633+00:00,2026-08-10T21:01:27.703633+00:00,2026-08-10 23:50 (Local Time),TEPAK,,,,,1,9,26.5,,27.9,26.3,0.8,0.0,,,188.0,,,,56.0,0.0,,,0.411555,,"{""Accumulated Rainfall (24 hours)"": {""unit"": ""mm"", ""value"": 0.0}}"
2026-08-10T21:50:00+00:00,2026-08-10T21:51:28.895014+00:00,2026-08-10T21:51:28.895014+00:00,2026-08-11 00:40 (Local Time),TEPAK,,,,,1,9,25.9,,27.9,25.9,0.0,0.0,,,309.0,,,,57.0,0.0,,,0.0,,"{""Accumulated Rainfall (24 hours)"": {""unit"": ""mm"", ""value"": 0.0}}"
2026-08-10T22:20:00+00:00,2026-08-10T22:22:14.231228+00:00,2026-08-10T22:22:14.231228+00:00,2026-08-11 01:10 (Local Time),TEPAK,,,,,1,9,25.8,,27.9,25.7,1.0,0.0,,,314.0,,,,55.0,0.0,,,0.514444,,"{""Accumulated Rainfall (24 hours)"": {""unit"": ""mm"", ""value"": 0.0}}"
2026-08-10T23:00:00+00:00,2026-08-10T23:01:19.865679+00:00,2026-08-10T23:01:19.865679+00:00,2026-08-11 01:50 (Local Time),TEPAK,,,,,1,9,26.0,,27.9,25.7,1.4,0.0,,,305.0,,,,51.0,0.0,,,0.720222,,"{""Accumulated Rainfall (24 hours)"": {""unit"": ""mm"", ""value"": 0.0}}"
2026-08-10T23:40:00+00:00,2026-08-10T23:43:03.265406+00:00,2026-08-10T23:43:03.265406+00:00,2026-08-11 02:30 (Local Time),TEPAK,,,,,1,9,25.8,,27.9,25.7,0.0,0.0,,,274.0,,,,52.0,0.0,,,0.0,,"{""Accumulated Rainfall (24 hours)"": {""unit"": ""mm"", ""value"": 0.0}}"
2026-08-11T00:30:00+00:00,2026-08-11T00:33:00.460386+00:00,2026-08-11T00:33:00.460386+00:00,2026-08-11 03:20 (Local Time),TEPAK,,,,,1,9,25.3,,27.9,25.3,0.9,0.0,,,191.0,,,,55.0,0.0,,,0.463,,"{""Accumulated Rainfall (24 hours)"": {""unit"": ""mm"", ""value"": 0.0}}"
2026-08-11T02:30:00+00:00,2026-08-11T02:36:50.323663+00:00,2026-08-11T02:36:50.323663+00:00,2026-08-11 05:30 (Local Time),TEPAK,,,,,1,9,24.0,,27.9,23.9,0.0,0.0,,,25.0,,,,61.0,0.0,,,0.0,,"{""Accumulated Rainfall (24 hours)"": {""unit"": ""mm"", ""value"": 0.0}}"
2026-08-11T04:00:00+00:00,2026-08-11T04:04:35.896730+00:00,2026-08-11T04:04:35.896730+00:00,2026-08-11 06:50 (Local Time),TEPAK,,,,,1,9,24.6,,27.9,23.8,0.7,0.1,,,193.0,,,,62.0,0.0,,,0.360111,,"{""Accumulated Rainfall (24 hours)"": {""unit"": ""mm"", ""value"": 0.0}}"
2026-08-11T05:10:00+00:00,2026-08-11T05:17:13.401393+00:00,2026-08-11T05:17:13.401393+00:00,2026-08-11 08:10 (Local Time),TEPAK,,,,,1,9,29.6,,29.8,23.8,2.8,1.2,,,68.0,,,,53.0,0.0,,,1.440443,,"{""Accumulated Rainfall (24 hours)"": {""unit"": ""mm"", ""value"": 0.0}}"
2026-08-11T06:10:00+00:00,2026-08-11T06:10:20.660196+00:00,2026-08-11T06:10:20.660196+00:00,2026-08-11 09:00 (Local Time),TEPAK,,,,,1,9,30.4,,30.8,23.8,3.4,1.3,,,96.0,,,,63.0,0.0,,,1.74911,,"{""Accumulated Rainfall (24 hours)"": {""unit"": ""mm"", ""value"": 0.0}}"
2026-08-11T07:30:00+00:00,2026-08-11T07:36:16.792639+00:00,2026-08-11T07:36:16.792639+00:00,2026-08-11 10:30 (Local Time),TEPAK,,,,,1,9,29.3,,30.8,23.8,3.4,2.0,,,146.0,,,,69.0,0.0,,,1.74911,,"{""Accumulated Rainfall (24 hours)"": {""unit"": ""mm"", ""value"": 0.0}}"
2026-08-11T08:30:00+00:00,2026-08-11T08:33:36.893700+00:00,2026-08-11T08:33:36.893700+00:00,2026-08-11 11:20 (Local Time),TEPAK,,,,,1,9,31.2,,31.8,23.8,3.5,1.5,,,142.0,,,,61.0,0.0,,,1.800554,,"{""Accumulated Rainfall (24 hours)"": {""unit"": ""mm"", ""value"": 0.0}}"
2026-08-11T09:30:00+00:00,2026-08-11T09:34:19.847222+00:00,2026-08-11T09:34:19.847222+00:00,2026-08-11 12:20 (Local Time),TEPAK,,,,,1,9,31.3,,31.8,23.8,2.8,1.5,,,122.0,,,,53.0,0.0,,,1.440443,,"{""Accumulated Rainfall (24 hours)"": {""unit"": ""mm"", ""value"": 0.0}}"
2026-08-11T10:20:00+00:00,2026-08-11T10:28:06.549834+00:00,2026-08-11T10:28:06.549834+00:00,2026-08-11 13:20 (Local Time),TEPAK,,,,,1,9,32.9,,33.2,23.8,3.0,1.6,,,152.0,,,,42.0,0.0,,,1.543332,,"{""Accumulated Rainfall (24 hours)"": {""unit"": ""mm"", ""value"": 0.0}}"
2026-08-11T11:20:00+00:00,2026-08-11T11:23:56.753994+00:00,2026-08-11T11:23:56.753994+00:00,2026-08-11 14:10 (Local Time),TEPAK,,,,,1,9,33.5,,33.9,23.8,2.8,1.7,,,149.0,,,,41.0,0.0,,,1.440443,,"{""Accumulated Rainfall (24 hours)"": {""unit"": ""mm"", ""value"": 0.0}}"
2026-08-11T12:00:00+00:00,2026-08-11T12:03:24.541695+00:00,2026-08-11T12:03:24.541695+00:00,2026-08-11 14:50 (Local Time),TEPAK,,,,,1,9,32.8,,33.9,23.8,1.2,0.8,,,172.0,,,,50.0,0.0,,,0.617333,,"{""Accumulated Rainfall (24 hours)"": {""unit"": ""mm"", ""value"": 0.0}}"
2026-08-11T13:20:00+00:00,2026-08-11T13:25:14.701370+00:00,2026-08-11T13:25:14.701370+00:00,2026-08-11 16:20 (Local Time),TEPAK,,,,,1,9,32.1,,35.0,23.8,4.3,1.3,,,267.0,,,,53.0,0.0,,,2.212109,,"{""Accumulated Rainfall (24 hours)"": {""unit"": ""mm"", ""value"": 0.0}}"
2026-08-11T14:30:00+00:00,2026-08-11T14:34:23.931866+00:00,2026-08-11T14:34:23.931866+00:00,2026-08-11 17:20 (Local Time),TEPAK,,,,,1,9,30.7,,35.0,23.8,4.4,1.7,,,254.0,,,,59.0,0.0,,,2.263554,,"{""Accumulated Rainfall (24 hours)"": {""unit"": ""mm"", ""value"": 0.0}}"
2026-08-11T15:30:00+00:00,2026-08-11T15:32:01.832456+00:00,2026-08-11T15:32:01.832456+00:00,2026-08-11 18:20 (Local Time),TEPAK,,,,,1,9,29.5,,35.0,23.8,4.4,1.1,,,258.0,,,,61.0,0.0,,,2.263554,,"{""Accumulated Rainfall (24 hours)"": {""unit"": ""mm"", ""value"": 0.0}}"
2026-08-11T16:20:00+00:00,2026-08-11T16:27:38.489469+00:00,2026-08-11T16:27:38.489469+00:00,2026-08-11 19:20 (Local Time),TEPAK,,,,,1,9,28.7,,35.0,23.8,3.3,0.8,,,284.0,,,,66.0,0.0,,,1.697665,,"{""Accumulated Rainfall (24 hours)"": {""unit"": ""mm"", ""value"": 0.0}}"
2026-08-11T17:30:00+00:00,2026-08-11T17:31:44.291255+00:00,2026-08-11T17:31:44.291255+00:00,2026-08-11 20:20 (Local Time),TEPAK,,,,,1,9,27.7,,35.0,23.8,1.8,0.5,,,289.0,,,,71.0,0.0,,,0.925999,,"{""Accumulated Rainfall (24 hours)"": {""unit"": ""mm"", ""value"": 0.0}}"
2026-08-11T18:20:00+00:00,2026-08-11T18:27:39.342591+00:00,2026-08-11T18:27:39.342591+00:00,2026-08-11 21:20 (Local Time),TEPAK,,,,,1,9,27.1,,27.3,27.1,3.0,0.7,,,260.0,,,,73.0,0.0,,,1.543332,,"{""Accumulated Rainfall (24 hours)"": {""unit"": ""mm"", ""value"": 0.0}}"
2026-08-11T19:30:00+00:00,2026-08-11T19:38:20.612140+00:00,2026-08-11T19:38:20.612140+00:00,2026-08-11 22:30 (Local Time),TEPAK,,,,,1,9,26.7,,27.3,26.6,1.8,0.6,,,268.0,,,,75.0,0.0,,,0.925999,,"{""Accumulated Rainfall (24 hours)"": {""unit"": ""mm"", ""value"": 0.0}}"
2026-08-11T20:20:00+00:00,2026-08-11T20:23:27.620710+00:00,2026-08-11T20:23:27.620710+00:00,2026-08-11 23:10 (Local Time),TEPAK,,,,,1,9,26.5,,27.3,26.4,1.1,0.5,,,248.0,,,,75.0,0.0,,,0.565888,,"{""Accumulated Rainfall (24 hours)"": {""unit"": ""mm"", ""value"": 0.0}}"
2026-08-11T21:00:00+00:00,2026-08-11T21:09:30.052326+00:00,2026-08-11T21:09:30.052326+00:00,2026-08-12 00:00 (Local Time),TEPAK,,,,,1,9,26.0,,27.3,25.9,1.9,0.5,,,295.0,,,,76.0,0.0,,,0.977444,,"{""Accumulated Rainfall (24 hours)"": {""unit"": ""mm"", ""value"": 0.0}}"
2026-08-11T22:00:00+00:00,2026-08-11T22:03:39.996474+00:00,2026-08-11T22:03:39.996474+00:00,2026-08-12 00:50 (Local Time),TEPAK,,,,,1,9,25.7,,27.3,25.6,1.1,0.1,,,261.0,,,,76.0,0.0,,,0.565888,,"{""Accumulated Rainfall (24 hours)"": {""unit"": ""mm"", ""value"": 0.0}}"
2026-08-11T22:50:00+00:00,2026-08-11T22:55:08.383408+00:00,2026-08-11T22:55:08.383408+00:00,2026-08-12 01:50 (Local Time),TEPAK,,,,,1,9,25.2,,27.3,25.2,1.1,0.3,,,248.0,,,,77.0,0.0,,,0.565888,,"{""Accumulated Rainfall (24 hours)"": {""unit"": ""mm"", ""value"": 0.0}}"
2026-08-11T23:30:00+00:00,2026-08-11T23:30:31.620681+00:00,2026-08-11T23:30:31.620681+00:00,2026-08-12 02:20 (Local Time),TEPAK,,,,,1,9,25.1,,27.3,25.1,1.7,0.2,,,283.0,,,,78.0,0.0,,,0.874555,,"{""Accumulated Rainfall (24 hours)"": {""unit"": ""mm"", ""value"": 0.0}}"
2026-08-12T00:00:00+00:00,2026-08-12T00:09:10.946103+00:00,2026-08-12T00:09:10.946103+00:00,2026-08-12 03:00 (Local Time),TEPAK,,,,,1,9,24.9,,27.3,24.9,1.3,0.2,,,223.0,,,,78.0,0.0,,,0.668777,,"{""Accumulated Rainfall (24 hours)"": {""unit"": ""mm"", ""value"": 0.0}}"
2026-08-12T02:40:00+00:00,2026-08-12T02:43:21.172824+00:00,2026-08-12T02:43:21.172824+00:00,2026-08-12 05:30 (Local Time),TEPAK,,,,,1,9,24.0,,27.3,24.0,1.4,0.0,,,182.0,,,,80.0,0.0,,,0.720222,,"{""Accumulated Rainfall (24 hours)"": {""unit"": ""mm"", ""value"": 0.0}}"
2026-08-12T04:20:00+00:00,2026-08-12T04:27:53.042813+00:00,2026-08-12T04:27:53.042813+00:00,2026-08-12 07:20 (Local Time),TEPAK,,,,,1,9,27.9,,28.1,23.8,1.7,0.7,,,152.0,,,,65.0,0.0,,,0.874555,,"{""Accumulated Rainfall (24 hours)"": {""unit"": ""mm"", ""value"": 0.0}}"
2026-08-12T06:00:00+00:00,2026-08-12T06:01:04.525392+00:00,2026-08-12T06:01:04.525392+00:00,2026-08-12 08:50 (Local Time),TEPAK,,,,,1,9,30.0,,30.7,23.8,2.8,1.2,,,121.0,,,,66.0,0.0,,,1.440443,,"{""Accumulated Rainfall (24 hours)"": {""unit"": ""mm"", ""value"": 0.0}}"
2026-08-12T07:40:00+00:00,2026-08-12T07:44:21.477515+00:00,2026-08-12T07:44:21.477515+00:00,2026-08-12 10:30 (Local Time),TEPAK,,,,,1,9,30.7,,31.0,23.8,1.8,1.0,,,176.0,,,,64.0,0.0,,,0.925999,,"{""Accumulated Rainfall (24 hours)"": {""unit"": ""mm"", ""value"": 0.0}}"
2026-08-12T08:50:00+00:00,2026-08-12T08:51:50.529353+00:00,2026-08-12T08:51:50.529353+00:00,2026-08-12 11:40 (Local Time),TEPAK,,,,,1,9,32.9,,33.1,23.8,3.4,1.5,,,159.0,,,,50.0,0.0,,,1.74911,,"{""Accumulated Rainfall (24 hours)"": {""unit"": ""mm"", ""value"": 0.0}}"
2026-08-12T09:50:00+00:00,2026-08-12T09:50:29.059325+00:00,2026-08-12T09:50:29.059325+00:00,2026-08-12 12:40 (Local Time),TEPAK,,,,,1,9,35.6,,35.9,23.8,3.9,1.5,,,224.0,,,,47.0,0.0,,,2.006332,,"{""Accumulated Rainfall (24 hours)"": {""unit"": ""mm"", ""value"": 0.0}}"
2026-08-12T10:40:00+00:00,2026-08-12T10:45:58.935709+00:00,2026-08-12T10:45:58.935709+00:00,2026-08-12 13:40 (Local Time),TEPAK,,,,,1,9,35.4,,35.9,23.8,4.0,1.2,,,238.0,,,,46.0,0.0,,,2.057776,,"{""Accumulated Rainfall (24 hours)"": {""unit"": ""mm"", ""value"": 0.0}}"
2026-08-12T11:30:00+00:00,2026-08-12T11:33:21.019094+00:00,2026-08-12T11:33:21.019094+00:00,2026-08-12 14:20 (Local Time),TEPAK,,,,,1,9,35.6,,36.1,23.8,4.5,1.5,,,218.0,,,,44.0,0.0,,,2.314998,,"{""Accumulated Rainfall (24 hours)"": {""unit"": ""mm"", ""value"": 0.0}}"
2026-08-12T12:20:00+00:00,2026-08-12T12:27:17.677177+00:00,2026-08-12T12:27:17.677177+00:00,2026-08-12 15:20 (Local Time),TEPAK,,,,,1,9,35.4,,36.4,23.8,5.2,1.5,,,251.0,,,,42.0,0.0,,,2.675109,,"{""Accumulated Rainfall (24 hours)"": {""unit"": ""mm"", ""value"": 0.0}}"
2026-08-12T13:50:00+00:00,2026-08-12T13:55:34.555976+00:00,2026-08-12T13:55:34.555976+00:00,2026-08-12 16:50 (Local Time),TEPAK,,,,,1,9,32.0,,36.4,23.8,4.9,1.9,,,250.0,,,,52.0,0.0,,,2.520776,,"{""Accumulated Rainfall (24 hours)"": {""unit"": ""mm"", ""value"": 0.0}}"
2026-08-12T14:50:00+00:00,2026-08-12T14:50:55.262533+00:00,2026-08-12T14:50:55.262533+00:00,2026-08-12 17:40 (Local Time),TEPAK,,,,,1,9,30.6,,36.4,23.8,2.5,1.3,,,255.0,,,,55.0,0.0,,,1.28611,,"{""Accumulated Rainfall (24 hours)"": {""unit"": ""mm"", ""value"": 0.0}}"
2026-08-12T15:40:00+00:00,2026-08-12T15:44:18.813519+00:00,2026-08-12T15:44:18.813519+00:00,2026-08-12 18:30 (Local Time),TEPAK,,,,,1,9,30.0,,36.4,23.8,3.4,1.1,,,271.0,,,,56.0,0.0,,,1.74911,,"{""Accumulated Rainfall (24 hours)"": {""unit"": ""mm"", ""value"": 0.0}}"
2026-08-12T16:30:00+00:00,2026-08-12T16:37:10.627113+00:00,2026-08-12T16:37:10.627113+00:00,2026-08-12 19:30 (Local Time),TEPAK,,,,,1,9,28.4,,36.4,23.8,1.8,0.8,,,266.0,,,,71.0,0.0,,,0.925999,,"{""Accumulated Rainfall (24 hours)"": {""unit"": ""mm"", ""value"": 0.0}}"
2026-08-12T17:30:00+00:00,2026-08-12T17:36:27.487291+00:00,2026-08-12T17:36:27.487291+00:00,2026-08-12 20:30 (Local Time),TEPAK,,,,,1,9,27.3,,36.4,23.8,3.1,0.8,,,267.0,,,,74.0,0.0,,,1.594776,,"{""Accumulated Rainfall (24 hours)"": {""unit"": ""mm"", ""value"": 0.0}}"
2026-08-12T18:30:00+00:00,2026-08-12T18:31:13.650367+00:00,2026-08-12T18:31:13.650367+00:00,2026-08-12 21:20 (Local Time),TEPAK,,,,,1,9,27.5,,27.6,27.4,2.0,0.2,,,279.0,,,,70.0,0.0,,,1.028888,,"{""Accumulated Rainfall (24 hours)"": {""unit"": ""mm"", ""value"": 0.0}}"
2026-08-12T19:40:00+00:00,2026-08-12T19:41:22.649184+00:00,2026-08-12T19:41:22.649184+00:00,2026-08-12 22:30 (Local Time),TEPAK,,,,,1,9,27.3,,27.6,27.3,0.7,0.1,,,221.0,,,,70.0,0.0,,,0.360111,,"{""Accumulated Rainfall (24 hours)"": {""unit"": ""mm"", ""value"": 0.0}}"
2026-08-12T20:20:00+00:00,2026-08-12T20:22:06.838430+00:00,2026-08-12T20:22:06.838430+00:00,2026-08-12 23:10 (Local Time),TEPAK,,,,,1,9,26.7,,27.6,26.7,0.5,0.0,,,196.0,,,,71.0,0.0,,,0.257222,,"{""Accumulated Rainfall (24 hours)"": {""unit"": ""mm"", ""value"": 0.0}}"
2026-08-12T21:00:00+00:00,2026-08-12T21:08:58.388264+00:00,2026-08-12T21:08:58.388264+00:00,2026-08-13 00:00 (Local Time),TEPAK,,,,,1,9,26.5,,27.6,26.4,1.2,0.2,,,306.0,,,,66.0,0.0,,,0.617333,,"{""Accumulated Rainfall (24 hours)"": {""unit"": ""mm"", ""value"": 0.0}}"
2026-08-12T22:00:00+00:00,2026-08-12T22:01:42.781880+00:00,2026-08-12T22:01:42.781880+00:00,2026-08-13 00:50 (Local Time),TEPAK,,,,,1,9,26.0,,27.6,25.9,0.0,0.2,,,26.0,,,,64.0,0.0,,,0.0,,"{""Accumulated Rainfall (24 hours)"": {""unit"": ""mm"", ""value"": 0.0}}"
2026-08-12T22:50:00+00:00,2026-08-12T22:52:01.883132+00:00,2026-08-12T22:52:01.883132+00:00,2026-08-13 01:40 (Local Time),TEPAK,,,,,1,9,25.8,,27.6,25.7,1.2,0.1,,,49.0,,,,59.0,0.0,,,0.617333,,"{""Accumulated Rainfall (24 hours)"": {""unit"": ""mm"", ""value"": 0.0}}"
2026-08-12T23:20:00+00:00,2026-08-12T23:25:54.011752+00:00,2026-08-12T23:25:54.011752+00:00,2026-08-13 02:20 (Local Time),TEPAK,,,,,1,9,25.9,,27.6,25.7,2.4,0.5,,,209.0,,,,67.0,0.0,,,1.234666,,"{""Accumulated Rainfall (24 hours)"": {""unit"": ""mm"", ""value"": 0.0}}"
2026-08-13T00:00:00+00:00,2026-08-13T00:05:18.586258+00:00,2026-08-13T00:05:18.586258+00:00,2026-08-13 03:00 (Local Time),TEPAK,,,,,1,9,25.0,,27.6,24.9,0.6,0.0,,,312.0,,,,64.0,0.0,,,0.308666,,"{""Accumulated Rainfall (24 hours)"": {""unit"": ""mm"", ""value"": 0.0}}"
2026-08-13T02:40:00+00:00,2026-08-13T02:40:09.952418+00:00,2026-08-13T02:40:09.952418+00:00,2026-08-13 05:30 (Local Time),TEPAK,,,,,1,9,24.0,,27.6,24.0,1.0,0.0,,,232.0,,,,56.0,0.0,,,0.514444,,"{""Accumulated Rainfall (24 hours)"": {""unit"": ""mm"", ""value"": 0.0}}"
2026-08-13T04:20:00+00:00,2026-08-13T04:29:25.179528+00:00,2026-08-13T04:29:25.179528+00:00,2026-08-13 07:20 (Local Time),TEPAK,,,,,1,9,27.8,,27.9,23.8,2.0,0.4,,,308.0,,,,39.0,0.0,,,1.028888,,"{""Accumulated Rainfall (24 hours)"": {""unit"": ""mm"", ""value"": 0.0}}"
2026-08-13T06:00:00+00:00,2026-08-13T06:01:11.123227+00:00,2026-08-13T06:01:11.123227+00:00,2026-08-13 08:50 (Local Time),TEPAK,,,,,1,9,33.4,,33.8,23.8,1.3,0.8,,,68.0,,,,45.0,0.0,,,0.668777,,"{""Accumulated Rainfall (24 hours)"": {""unit"": ""mm"", ""value"": 0.0}}"
2026-08-13T07:40:00+00:00,2026-08-13T07:46:13.880999+00:00,2026-08-13T07:46:13.880999+00:00,2026-08-13 10:40 (Local Time),TEPAK,,,,,1,9,33.1,,33.8,23.8,1.9,1.3,,,125.0,,,,45.0,0.0,,,0.977444,,"{""Accumulated Rainfall (24 hours)"": {""unit"": ""mm"", ""value"": 0.0}}"
2026-08-13T08:50:00+00:00,2026-08-13T08:55:42.010635+00:00,2026-08-13T08:55:42.010635+00:00,2026-08-13 11:50 (Local Time),TEPAK,,,,,1,9,33.1,,33.9,23.8,2.3,1.2,,,153.0,,,,51.0,0.0,,,1.183221,,"{""Accumulated Rainfall (24 hours)"": {""unit"": ""mm"", ""value"": 0.0}}"
2026-08-13T09:50:00+00:00,2026-08-13T09:55:55.119566+00:00,2026-08-13T09:55:55.119566+00:00,2026-08-13 12:50 (Local Time),TEPAK,,,,,1,9,35.4,,35.7,23.8,3.6,1.4,,,284.0,,,,47.0,0.0,,,1.851998,,"{""Accumulated Rainfall (24 hours)"": {""unit"": ""mm"", ""value"": 0.0}}"
2026-08-13T10:50:00+00:00,2026-08-13T10:56:04.203388+00:00,2026-08-13T10:56:04.203388+00:00,2026-08-13 13:50 (Local Time),TEPAK,,,,,1,9,35.5,,35.7,23.8,4.7,1.2,,,244.0,,,,41.0,0.0,,,2.417887,,"{""Accumulated Rainfall (24 hours)"": {""unit"": ""mm"", ""value"": 0.0}}"
2026-08-13T11:40:00+00:00,2026-08-13T11:41:40.799668+00:00,2026-08-13T11:41:40.799668+00:00,2026-08-13 14:30 (Local Time),TEPAK,,,,,1,9,35.9,,36.6,23.8,4.6,1.5,,,246.0,,,,39.0,0.0,,,2.366442,,"{""Accumulated Rainfall (24 hours)"": {""unit"": ""mm"", ""value"": 0.0}}"
2026-08-13T12:30:00+00:00,2026-08-13T12:31:54.694368+00:00,2026-08-13T12:31:54.694368+00:00,2026-08-13 15:20 (Local Time),TEPAK,,,,,1,9,34.9,,36.6,23.8,5.8,2.0,,,227.0,,,,43.0,0.0,,,2.983775,,"{""Accumulated Rainfall (24 hours)"": {""unit"": ""mm"", ""value"": 0.0}}"
2026-08-13T14:00:00+00:00,2026-08-13T14:01:39.147507+00:00,2026-08-13T14:01:39.147507+00:00,2026-08-13 16:50 (Local Time),TEPAK,,,,,1,9,32.2,,36.6,23.8,3.8,1.3,,,258.0,,,,55.0,0.0,,,1.954887,,"{""Accumulated Rainfall (24 hours)"": {""unit"": ""mm"", ""value"": 0.0}}"
2026-08-13T15:00:00+00:00,2026-08-13T15:05:43.883263+00:00,2026-08-13T15:05:43.883263+00:00,2026-08-13 18:00 (Local Time),TEPAK,,,,,1,9,29.7,,36.6,23.8,3.7,1.2,,,251.0,,,,68.0,0.0,,,1.903443,,"{""Accumulated Rainfall (24 hours)"": {""unit"": ""mm"", ""value"": 0.0}}"
2026-08-13T16:00:00+00:00,2026-08-13T16:06:14.680058+00:00,2026-08-13T16:06:14.680058+00:00,2026-08-13 19:00 (Local Time),TEPAK,,,,,1,9,28.5,,36.6,23.8,3.6,1.2,,,283.0,,,,76.0,0.0,,,1.851998,,"{""Accumulated Rainfall (24 hours)"": {""unit"": ""mm"", ""value"": 0.0}}"
2026-08-13T17:00:00+00:00,2026-08-13T17:08:11.028003+00:00,2026-08-13T17:08:11.028003+00:00,2026-08-13 20:00 (Local Time),TEPAK,,,,,1,9,27.2,,36.6,23.8,3.9,1.1,,,287.0,,,,79.0,0.0,,,2.006332,,"{""Accumulated Rainfall (24 hours)"": {""unit"": ""mm"", ""value"": 0.0}}"
2026-08-13T18:00:00+00:00,2026-08-13T18:06:31.195871+00:00,2026-08-13T18:06:31.195871+00:00,2026-08-13 21:00 (Local Time),TEPAK,,,,,1,9,27.4,,27.4,27.4,3.1,0.5,,,276.0,,,,74.0,0.0,,,1.594776,,"{""Accumulated Rainfall (24 hours)"": {""unit"": ""mm"", ""value"": 0.0}}"
2026-08-13T19:10:00+00:00,2026-08-13T19:16:09.986694+00:00,2026-08-13T19:16:09.986694+00:00,2026-08-13 22:10 (Local Time),TEPAK,,,,,1,9,27.5,,27.5,27.4,1.7,0.1,,,281.0,,,,70.0,0.0,,,0.874555,,"{""Accumulated Rainfall (24 hours)"": {""unit"": ""mm"", ""value"": 0.0}}"
2026-08-13T20:00:00+00:00,2026-08-13T20:00:40.642131+00:00,2026-08-13T20:00:40.642131+00:00,2026-08-13 22:50 (Local Time),TEPAK,,,,,1,9,27.5,,27.6,27.4,0.0,0.0,,,252.0,,,,69.0,0.0,,,0.0,,"{""Accumulated Rainfall (24 hours)"": {""unit"": ""mm"", ""value"": 0.0}}"
2026-08-13T20:50:00+00:00,2026-08-13T20:54:38.596603+00:00,2026-08-13T20:54:38.596603+00:00,2026-08-13 23:40 (Local Time),TEPAK,,,,,1,9,27.4,,27.6,27.3,1.0,0.1,,,192.0,,,,66.0,0.0,,,0.514444,,"{""Accumulated Rainfall (24 hours)"": {""unit"": ""mm"", ""value"": 0.0}}"
2026-08-13T21:30:00+00:00,2026-08-13T21:34:00.702086+00:00,2026-08-13T21:34:00.702086+00:00,2026-08-14 00:20 (Local Time),TEPAK,,,,,1,9,27.3,,27.6,27.2,0.0,0.0,,,130.0,,,,61.0,0.0,,,0.0,,"{""Accumulated Rainfall (24 hours)"": {""unit"": ""mm"", ""value"": 0.0}}"
2026-08-13T22:20:00+00:00,2026-08-13T22:21:27.788400+00:00,2026-08-13T22:21:27.788400+00:00,2026-08-14 01:10 (Local Time),TEPAK,,,,,1,9,27.0,,27.6,26.9,2.4,0.9,,,86.0,,,,76.0,0.0,,,1.234666,,"{""Accumulated Rainfall (24 hours)"": {""unit"": ""mm"", ""value"": 0.0}}"
2026-08-13T23:00:00+00:00,2026-08-13T23:08:00.072714+00:00,2026-08-13T23:08:00.072714+00:00,2026-08-14 02:00 (Local Time),TEPAK,,,,,1,9,27.0,,27.6,26.8,2.4,0.8,,,91.0,,,,79.0,0.0,,,1.234666,,"{""Accumulated Rainfall (24 hours)"": {""unit"": ""mm"", ""value"": 0.0}}"
2026-08-13T23:50:00+00:00,2026-08-13T23:57:33.689670+00:00,2026-08-13T23:57:33.689670+00:00,2026-08-14 02:50 (Local Time),TEPAK,,,,,1,9,27.0,,27.6,26.8,0.9,0.4,,,62.0,,,,79.0,0.0,,,0.463,,"{""Accumulated Rainfall (24 hours)"": {""unit"": ""mm"", ""value"": 0.0}}"
2026-08-14T02:30:00+00:00,2026-08-14T02:34:55.492883+00:00,2026-08-14T02:34:55.492883+00:00,2026-08-14 05:20 (Local Time),TEPAK,,,,,1,9,26.0,,27.6,25.9,2.2,0.4,,,319.0,,,,77.0,0.0,,,1.131777,,"{""Accumulated Rainfall (24 hours)"": {""unit"": ""mm"", ""value"": 0.0}}"
2026-08-14T04:20:00+00:00,2026-08-14T04:25:15.432463+00:00,2026-08-14T04:25:15.432463+00:00,2026-08-14 07:20 (Local Time),TEPAK,,,,,1,9,27.8,,27.9,25.9,2.3,0.6,,,304.0,,,,63.0,0.0,,,1.183221,,"{""Accumulated Rainfall (24 hours)"": {""unit"": ""mm"", ""value"": 0.0}}"
2026-08-14T05:50:00+00:00,2026-08-14T05:52:19.619395+00:00,2026-08-14T05:52:19.619395+00:00,2026-08-14 08:40 (Local Time),TEPAK,,,,,1,9,29.4,,29.6,25.9,2.4,0.6,,,308.0,,,,56.0,0.0,,,1.234666,,"{""Accumulated Rainfall (24 hours)"": {""unit"": ""mm"", ""value"": 0.0}}"
2026-08-14T07:00:00+00:00,2026-08-14T07:00:37.813994+00:00,2026-08-14T07:00:37.813994+00:00,2026-08-14 09:50 (Local Time),TEPAK,,,,,1,9,32.1,,32.5,25.9,2.7,0.9,,,184.0,,,,48.0,0.0,,,1.388999,,"{""Accumulated Rainfall (24 hours)"": {""unit"": ""mm"", ""value"": 0.0}}"
2026-08-14T08:20:00+00:00,2026-08-14T08:23:11.536565+00:00,2026-08-14T08:23:11.536565+00:00,2026-08-14 11:10 (Local Time),TEPAK,,,,,1,9,33.5,,33.6,25.9,4.6,1.9,,,173.0,,,,47.0,0.0,,,2.366442,,"{""Accumulated Rainfall (24 hours)"": {""unit"": ""mm"", ""value"": 0.0}}"
2026-08-14T09:30:00+00:00,2026-08-14T09:30:49.650407+00:00,2026-08-14T09:30:49.650407+00:00,2026-08-14 12:20 (Local Time),TEPAK,,,,,1,9,34.5,,35.3,25.9,4.2,1.4,,,221.0,,,,49.0,0.0,,,2.160665,,"{""Accumulated Rainfall (24 hours)"": {""unit"": ""mm"", ""value"": 0.0}}"
2026-08-14T10:30:00+00:00,2026-08-14T10:34:52.406851+00:00,2026-08-14T10:34:52.406851+00:00,2026-08-14 13:20 (Local Time),TEPAK,,,,,1,9,33.3,,35.3,25.9,3.1,1.0,,,247.0,,,,55.0,0.0,,,1.594776,,"{""Accumulated Rainfall (24 hours)"": {""unit"": ""mm"", ""value"": 0.0}}"
2026-08-14T11:20:00+00:00,2026-08-14T11:23:07.130746+00:00,2026-08-14T11:23:07.130746+00:00,2026-08-14 14:10 (Local Time),TEPAK,,,,,1,9,34.5,,35.3,25.9,4.3,1.6,,,238.0,,,,52.0,0.0,,,2.212109,,"{""Accumulated Rainfall (24 hours)"": {""unit"": ""mm"", ""value"": 0.0}}"
2026-08-14T12:00:00+00:00,2026-08-14T12:02:27.605860+00:00,2026-08-14T12:02:27.605860+00:00,2026-08-14 14:50 (Local Time),TEPAK,,,,,1,9,35.2,,35.6,25.9,3.1,1.0,,,246.0,,,,44.0,0.0,,,1.594776,,"{""Accumulated Rainfall (24 hours)"": {""unit"": ""mm"", ""value"": 0.0}}"
2026-08-14T13:20:00+00:00,2026-08-14T13:24:30.997207+00:00,2026-08-14T13:24:30.997207+00:00,2026-08-14 16:10 (Local Time),TEPAK,,,,,1,9,30.9,,35.6,25.9,2.9,1.2,,,280.0,,,,64.0,0.0,,,1.491888,,"{""Accumulated Rainfall (24 hours)"": {""unit"": ""mm"", ""value"": 0.0}}"
2026-08-14T14:20:00+00:00,2026-08-14T14:29:15.717624+00:00,2026-08-14T14:29:15.717624+00:00,2026-08-14 17:20 (Local Time),TEPAK,,,,,1,9,31.1,,35.6,25.9,4.0,1.1,,,266.0,,,,63.0,0.0,,,2.057776,,"{""Accumulated Rainfall (24 hours)"": {""unit"": ""mm"", ""value"": 0.0}}"
2026-08-14T15:20:00+00:00,2026-08-14T15:23:54.965103+00:00,2026-08-14T15:23:54.965103+00:00,2026-08-14 18:10 (Local Time),TEPAK,,,,,1,9,30.3,,35.6,25.9,3.6,1.2,,,286.0,,,,66.0,0.0,,,1.851998,,"{""Accumulated Rainfall (24 hours)"": {""unit"": ""mm"", ""value"": 0.0}}"
2026-08-14T16:10:00+00:00,2026-08-14T16:11:02.136358+00:00,2026-08-14T16:11:02.136358+00:00,2026-08-14 19:00 (Local Time),TEPAK,,,,,1,9,29.5,,35.6,25.9,4.7,1.1,,,282.0,,,,73.0,0.0,,,2.417887,,"{""Accumulated Rainfall (24 hours)"": {""unit"": ""mm"", ""value"": 0.0}}"
2026-08-14T17:10:00+00:00,2026-08-14T17:10:24.591356+00:00,2026-08-14T17:10:24.591356+00:00,2026-08-14 20:00 (Local Time),TEPAK,,,,,1,9,27.8,,35.6,25.9,3.8,0.9,,,285.0,,,,82.0,0.0,,,1.954887,,"{""Accumulated Rainfall (24 hours)"": {""unit"": ""mm"", ""value"": 0.0}}"
2026-08-14T18:00:00+00:00,2026-08-14T18:05:36.634075+00:00,2026-08-14T18:05:36.634075+00:00,2026-08-14 21:00 (Local Time),TEPAK,,,,,1,9,27.2,,27.2,27.2,2.3,0.6,,,278.0,,,,82.0,0.0,,,1.183221,,"{""Accumulated Rainfall (24 hours)"": {""unit"": ""mm"", ""value"": 0.0}}"
2026-08-14T19:00:00+00:00,2026-08-14T19:08:10.255289+00:00,2026-08-14T19:08:10.255289+00:00,2026-08-14 22:00 (Local Time),TEPAK,,,,,1,9,26.8,,27.2,26.8,2.3,0.5,,,299.0,,,,80.0,0.0,,,1.183221,,"{""Accumulated Rainfall (24 hours)"": {""unit"": ""mm"", ""value"": 0.0}}"
2026-08-14T19:50:00+00:00,2026-08-14T19:55:43.520055+00:00,2026-08-14T19:55:43.520055+00:00,2026-08-14 22:50 (Local Time),TEPAK,,,,,1,9,26.4,,27.2,26.4,1.8,0.4,,,274.0,,,,80.0,0.0,,,0.925999,,"{""Accumulated Rainfall (24 hours)"": {""unit"": ""mm"", ""value"": 0.0}}"
2026-08-14T20:20:00+00:00,2026-08-14T20:23:31.892138+00:00,2026-08-14T20:23:31.892138+00:00,2026-08-14 23:10 (Local Time),TEPAK,,,,,1,9,26.4,,27.2,26.3,2.4,0.3,,,278.0,,,,80.0,0.0,,,1.234666,,"{""Accumulated Rainfall (24 hours)"": {""unit"": ""mm"", ""value"": 0.0}}"
2026-08-14T20:50:00+00:00,2026-08-14T20:51:32.057093+00:00,2026-08-14T20:51:32.057093+00:00,2026-08-14 23:40 (Local Time),TEPAK,,,,,1,9,26.2,,27.2,26.2,1.1,0.1,,,279.0,,,,80.0,0.0,,,0.565888,,"{""Accumulated Rainfall (24 hours)"": {""unit"": ""mm"", ""value"": 0.0}}"
2026-08-14T21:10:00+00:00,2026-08-14T21:11:54.987502+00:00,2026-08-14T21:11:54.987502+00:00,2026-08-15 00:00 (Local Time),TEPAK,,,,,1,9,25.7,,27.2,25.6,0.0,0.0,,,280.0,,,,80.0,0.0,,,0.0,,"{""Accumulated Rainfall (24 hours)"": {""unit"": ""mm"", ""value"": 0.0}}"
2026-08-14T21:30:00+00:00,2026-08-14T21:39:20.884857+00:00,2026-08-14T21:39:20.884857+00:00,2026-08-15 00:30 (Local Time),TEPAK,,,,,1,9,25.7,,27.2,25.1,2.5,0.5,,,307.0,,,,55.0,0.0,,,1.28611,,"{""Accumulated Rainfall (24 hours)"": {""unit"": ""mm"", ""value"": 0.0}}"
2026-08-14T21:50:00+00:00,2026-08-14T21:58:34.740706+00:00,2026-08-14T21:58:34.740706+00:00,2026-08-15 00:50 (Local Time),TEPAK,,,,,1,9,25.8,,27.2,25.1,1.3,0.0,,,282.0,,,,48.0,0.0,,,0.668777,,"{""Accumulated Rainfall (24 hours)"": {""unit"": ""mm"", ""value"": 0.0}}"
2026-08-14T22:30:00+00:00,2026-08-14T22:32:25.283700+00:00,2026-08-14T22:32:25.283700+00:00,2026-08-15 01:20 (Local Time),TEPAK,,,,,1,9,25.1,,27.2,25.0,0.0,0.1,,,254.0,,,,49.0,0.0,,,0.0,,"{""Accumulated Rainfall (24 hours)"": {""unit"": ""mm"", ""value"": 0.0}}"
2026-08-14T22:50:00+00:00,2026-08-14T22:52:44.575999+00:00,2026-08-14T22:52:44.575999+00:00,2026-08-15 01:40 (Local Time),TEPAK,,,,,1,9,25.0,,27.2,24.7,1.3,0.4,,,275.0,,,,48.0,0.0,,,0.668777,,"{""Accumulated Rainfall (24 hours)"": {""unit"": ""mm"", ""value"": 0.0}}"
2026-08-14T23:00:00+00:00,2026-08-14T23:08:48.823630+00:00,2026-08-14T23:08:48.823630+00:00,2026-08-15 02:00 (Local Time),TEPAK,,,,,1,9,24.8,,27.2,24.7,1.4,0.1,,,326.0,,,,47.0,0.0,,,0.720222,,"{""Accumulated Rainfall (24 hours)"": {""unit"": ""mm"", ""value"": 0.0}}"
2026-08-14T23:30:00+00:00,2026-08-14T23:35:43.859964+00:00,2026-08-14T23:35:43.859964+00:00,2026-08-15 02:30 (Local Time),TEPAK,,,,,1,9,24.4,,27.2,24.3,0.5,0.3,,,220.0,,,,48.0,0.0,,,0.257222,,"{""Accumulated Rainfall (24 hours)"": {""unit"": ""mm"", ""value"": 0.0}}"
2026-08-14T23:50:00+00:00,2026-08-14T23:55:07.560437+00:00,2026-08-14T23:55:07.560437+00:00,2026-08-15 02:50 (Local Time),TEPAK,,,,,1,9,24.0,,27.2,23.9,0.8,0.0,,,42.0,,,,49.0,0.0,,,0.411555,,"{""Accumulated Rainfall (24 hours)"": {""unit"": ""mm"", ""value"": 0.0}}"
2026-08-15T00:40:00+00:00,2026-08-15T00:41:26.682140+00:00,2026-08-15T00:41:26.682140+00:00,2026-08-15 03:30 (Local Time),TEPAK,,,,,1,9,23.7,,27.2,23.6,0.0,0.1,,,281.0,,,,51.0,0.0,,,0.0,,"{""Accumulated Rainfall (24 hours)"": {""unit"": ""mm"", ""value"": 0.0}}"
2026-08-15T02:00:00+00:00,2026-08-15T02:03:36.259420+00:00,2026-08-15T02:03:36.259420+00:00,2026-08-15 04:50 (Local Time),TEPAK,,,,,1,9,24.2,,27.2,23.5,1.5,0.2,,,44.0,,,,59.0,0.0,,,0.771666,,"{""Accumulated Rainfall (24 hours)"": {""unit"": ""mm"", ""value"": 0.0}}"
2026-08-15T02:50:00+00:00,2026-08-15T02:59:18.403739+00:00,2026-08-15T02:59:18.403739+00:00,2026-08-15 05:50 (Local Time),TEPAK,,,,,1,9,23.8,,27.2,23.5,1.8,0.0,,,347.0,,,,59.0,0.0,,,0.925999,,"{""Accumulated Rainfall (24 hours)"": {""unit"": ""mm"", ""value"": 0.0}}"
2026-08-15T03:40:00+00:00,2026-08-15T03:47:27.578370+00:00,2026-08-15T03:47:27.578370+00:00,2026-08-15 06:40 (Local Time),TEPAK,,,,,1,9,24.1,,27.2,23.5,1.5,0.0,,,335.0,,,,62.0,0.0,,,0.771666,,"{""Accumulated Rainfall (24 hours)"": {""unit"": ""mm"", ""value"": 0.0}}"
2026-08-15T04:10:00+00:00,2026-08-15T04:16:33.349853+00:00,2026-08-15T04:16:33.349853+00:00,2026-08-15 07:10 (Local Time),TEPAK,,,,,1,9,26.7,,27.2,23.5,1.9,0.2,,,351.0,,,,58.0,0.0,,,0.977444,,"{""Accumulated Rainfall (24 hours)"": {""unit"": ""mm"", ""value"": 0.0}}"
2026-08-15T04:40:00+00:00,2026-08-15T04:49:24.389336+00:00,2026-08-15T04:49:24.389336+00:00,2026-08-15 07:40 (Local Time),TEPAK,,,,,1,9,29.3,,29.6,23.5,2.8,0.3,,,344.0,,,,61.0,0.0,,,1.440443,,"{""Accumulated Rainfall (24 hours)"": {""unit"": ""mm"", ""value"": 0.0}}"
2026-08-15T05:10:00+00:00,2026-08-15T05:12:33.741410+00:00,2026-08-15T05:12:33.741410+00:00,2026-08-15 08:00 (Local Time),TEPAK,,,,,1,9,29.8,,30.0,23.5,1.9,0.7,,,340.0,,,,63.0,0.0,,,0.977444,,"{""Accumulated Rainfall (24 hours)"": {""unit"": ""mm"", ""value"": 0.0}}"
2026-08-15T05:30:00+00:00,2026-08-15T05:39:58.352542+00:00,2026-08-15T05:39:58.352542+00:00,2026-08-15 08:30 (Local Time),TEPAK,,,,,1,9,31.7,,32.1,23.5,1.8,0.9,,,345.0,,,,54.0,0.0,,,0.925999,,"{""Accumulated Rainfall (24 hours)"": {""unit"": ""mm"", ""value"": 0.0}}"
2026-08-15T05:50:00+00:00,2026-08-15T05:59:46.423754+00:00,2026-08-15T05:59:46.423754+00:00,2026-08-15 08:50 (Local Time),TEPAK,,,,,1,9,33.1,,33.4,23.5,2.2,0.9,,,1.0,,,,49.0,0.0,,,1.131777,,"{""Accumulated Rainfall (24 hours)"": {""unit"": ""mm"", ""value"": 0.0}}"
2026-08-15T06:50:00+00:00,2026-08-15T06:52:18.436616+00:00,2026-08-15T06:52:18.436616+00:00,2026-08-15 09:40 (Local Time),TEPAK,,,,,1,9,33.4,,33.7,23.5,1.0,0.8,,,84.0,,,,42.0,0.0,,,0.514444,,"{""Accumulated Rainfall (24 hours)"": {""unit"": ""mm"", ""value"": 0.0}}"
2026-08-15T07:10:00+00:00,2026-08-15T07:18:29.828803+00:00,2026-08-15T07:18:29.828803+00:00,2026-08-15 10:10 (Local Time),TEPAK,,,,,1,9,31.8,,33.7,23.5,4.8,2.0,,,162.0,,,,54.0,0.0,,,2.469331,,"{""Accumulated Rainfall (24 hours)"": {""unit"": ""mm"", ""value"": 0.0}}"
2026-08-15T07:40:00+00:00,2026-08-15T07:48:11.944809+00:00,2026-08-15T07:48:11.944809+00:00,2026-08-15 10:40 (Local Time),TEPAK,,,,,1,9,31.2,,33.7,23.5,4.9,1.7,,,174.0,,,,63.0,0.0,,,2.520776,,"{""Accumulated Rainfall (24 hours)"": {""unit"": ""mm"", ""value"": 0.0}}"
2026-08-15T08:10:00+00:00,2026-08-15T08:11:05.789322+00:00,2026-08-15T08:11:05.789322+00:00,2026-08-15 11:00 (Local Time),TEPAK,,,,,1,9,32.1,,33.7,23.5,3.5,1.3,,,173.0,,,,56.0,0.0,,,1.800554,,"{""Accumulated Rainfall (24 hours)"": {""unit"": ""mm"", ""value"": 0.0}}"
2026-08-15T08:40:00+00:00,2026-08-15T08:44:28.293336+00:00,2026-08-15T08:44:28.293336+00:00,2026-08-15 11:30 (Local Time),TEPAK,,,,,1,9,33.6,,33.7,23.5,3.9,1.4,,,214.0,,,,53.0,0.0,,,2.006332,,"{""Accumulated Rainfall (24 hours)"": {""unit"": ""mm"", ""value"": 0.0}}"
2026-08-15T09:00:00+00:00,2026-08-15T09:02:46.289088+00:00,2026-08-15T09:02:46.289088+00:00,2026-08-15 11:50 (Local Time),TEPAK,,,,,1,9,33.6,,33.9,23.5,3.2,1.4,,,236.0,,,,54.0,0.0,,,1.646221,,"{""Accumulated Rainfall (24 hours)"": {""unit"": ""mm"", ""value"": 0.0}}"
2026-08-15T09:30:00+00:00,2026-08-15T09:33:49.535937+00:00,2026-08-15T09:33:49.535937+00:00,2026-08-15 12:20 (Local Time),TEPAK,,,,,1,9,33.5,,33.9,23.5,3.3,1.2,,,242.0,,,,55.0,0.0,,,1.697665,,"{""Accumulated Rainfall (24 hours)"": {""unit"": ""mm"", ""value"": 0.0}}"
2026-08-15T09:50:00+00:00,2026-08-15T09:52:23.137376+00:00,2026-08-15T09:52:23.137376+00:00,2026-08-15 12:40 (Local Time),TEPAK,,,,,1,9,33.6,,34.0,23.5,3.7,1.4,,,236.0,,,,54.0,0.0,,,1.903443,,"{""Accumulated Rainfall (24 hours)"": {""unit"": ""mm"", ""value"": 0.0}}"
2026-08-15T10:00:00+00:00,2026-08-15T10:08:32.524451+00:00,2026-08-15T10:08:32.524451+00:00,2026-08-15 13:00 (Local Time),TEPAK,,,,,1,9,33.5,,34.0,23.5,3.8,1.5,,,277.0,,,,54.0,0.0,,,1.954887,,"{""Accumulated Rainfall (24 hours)"": {""unit"": ""mm"", ""value"": 0.0}}"
2026-08-15T10:30:00+00:00,2026-08-15T10:37:38.275981+00:00,2026-08-15T10:37:38.275981+00:00,2026-08-15 13:30 (Local Time),TEPAK,,,,,1,9,33.8,,34.2,23.5,4.8,1.4,,,264.0,,,,49.0,0.0,,,2.469331,,"{""Accumulated Rainfall (24 hours)"": {""unit"": ""mm"", ""value"": 0.0}}"
2026-08-15T10:50:00+00:00,2026-08-15T10:58:12.854132+00:00,2026-08-15T10:58:12.854132+00:00,2026-08-15 13:50 (Local Time),TEPAK,,,,,1,9,33.9,,34.6,23.5,4.8,1.4,,,271.0,,,,52.0,0.0,,,2.469331,,"{""Accumulated Rainfall (24 hours)"": {""unit"": ""mm"", ""value"": 0.0}}"
2026-08-15T11:20:00+00:00,2026-08-15T11:28:06.595966+00:00,2026-08-15T11:28:06.595966+00:00,2026-08-15 14:20 (Local Time),TEPAK,,,,,1,9,32.7,,34.6,23.5,3.0,1.5,,,253.0,,,,54.0,0.0,,,1.543332,,"{""Accumulated Rainfall (24 hours)"": {""unit"": ""mm"", ""value"": 0.0}}"
2026-08-15T11:40:00+00:00,2026-08-15T11:48:48.622482+00:00,2026-08-15T11:48:48.622482+00:00,2026-08-15 14:40 (Local Time),TEPAK,,,,,1,9,32.9,,34.6,23.5,4.9,2.0,,,240.0,,,,50.0,0.0,,,2.520776,,"{""Accumulated Rainfall (24 hours)"": {""unit"": ""mm"", ""value"": 0.0}}"
2026-08-15T12:00:00+00:00,2026-08-15T12:01:55.143193+00:00,2026-08-15T12:01:55.143193+00:00,2026-08-15 14:50 (Local Time),TEPAK,,,,,1,9,33.3,,34.6,23.5,4.4,1.9,,,239.0,,,,50.0,0.0,,,2.263554,,"{""Accumulated Rainfall (24 hours)"": {""unit"": ""mm"", ""value"": 0.0}}"
2026-08-15T12:50:00+00:00,2026-08-15T12:53:19.842339+00:00,2026-08-15T12:53:19.842339+00:00,2026-08-15 15:40 (Local Time),TEPAK,,,,,1,9,33.4,,34.6,23.5,4.3,1.4,,,245.0,,,,46.0,0.0,,,2.212109,,"{""Accumulated Rainfall (24 hours)"": {""unit"": ""mm"", ""value"": 0.0}}"
2026-08-15T13:20:00+00:00,2026-08-15T13:20:23.898188+00:00,2026-08-15T13:20:23.898188+00:00,2026-08-15 16:10 (Local Time),TEPAK,,,,,1,9,33.5,,34.6,23.5,2.5,1.3,,,248.0,,,,51.0,0.0,,,1.28611,,"{""Accumulated Rainfall (24 hours)"": {""unit"": ""mm"", ""value"": 0.0}}"
2026-08-15T13:40:00+00:00,2026-08-15T13:47:36.901710+00:00,2026-08-15T13:47:36.901710+00:00,2026-08-15 16:40 (Local Time),TEPAK,,,,,1,9,32.0,,34.6,23.5,5.1,1.9,,,233.0,,,,57.0,0.0,,,2.623664,,"{""Accumulated Rainfall (24 hours)"": {""unit"": ""mm"", ""value"": 0.0}}"
2026-08-15T14:00:00+00:00,2026-08-15T14:08:31.920324+00:00,2026-08-15T14:08:31.920324+00:00,2026-08-15 17:00 (Local Time),TEPAK,,,,,1,9,31.3,,34.6,23.5,3.5,1.1,,,241.0,,,,60.0,0.0,,,1.800554,,"{""Accumulated Rainfall (24 hours)"": {""unit"": ""mm"", ""value"": 0.0}}"
2026-08-15T14:30:00+00:00,2026-08-15T14:38:26.338706+00:00,2026-08-15T14:38:26.338706+00:00,2026-08-15 17:30 (Local Time),TEPAK,,,,,1,9,29.7,,34.6,23.5,4.4,1.5,,,255.0,,,,65.0,0.0,,,2.263554,,"{""Accumulated Rainfall (24 hours)"": {""unit"": ""mm"", ""value"": 0.0}}"
2026-08-15T14:50:00+00:00,2026-08-15T14:58:37.783940+00:00,2026-08-15T14:58:37.783940+00:00,2026-08-15 17:50 (Local Time),TEPAK,,,,,1,9,29.3,,34.6,23.5,4.6,1.7,,,245.0,,,,67.0,0.0,,,2.366442,,"{""Accumulated Rainfall (24 hours)"": {""unit"": ""mm"", ""value"": 0.0}}"
2026-08-15T15:20:00+00:00,2026-08-15T15:29:25.210280+00:00,2026-08-15T15:29:25.210280+00:00,2026-08-15 18:20 (Local Time),TEPAK,,,,,1,9,28.6,,34.6,23.5,3.6,1.1,,,257.0,,,,70.0,0.0,,,1.851998,,"{""Accumulated Rainfall (24 hours)"": {""unit"": ""mm"", ""value"": 0.0}}"
2026-08-15T15:40:00+00:00,2026-08-15T15:49:16.873216+00:00,2026-08-15T15:49:16.873216+00:00,2026-08-15 18:40 (Local Time),TEPAK,,,,,1,9,28.2,,34.6,23.5,5.4,1.6,,,251.0,,,,72.0,0.0,,,2.777998,,"{""Accumulated Rainfall (24 hours)"": {""unit"": ""mm"", ""value"": 0.0}}"
2026-08-15T16:00:00+00:00,2026-08-15T16:03:29.069369+00:00,2026-08-15T16:03:29.069369+00:00,2026-08-15 18:50 (Local Time),TEPAK,,,,,1,9,28.0,,34.6,23.5,3.9,1.2,,,262.0,,,,72.0,0.0,,,2.006332,,"{""Accumulated Rainfall (24 hours)"": {""unit"": ""mm"", ""value"": 0.0}}"
2026-08-15T16:30:00+00:00,2026-08-15T16:35:13.550411+00:00,2026-08-15T16:35:13.550411+00:00,2026-08-15 19:30 (Local Time),TEPAK,,,,,1,9,27.3,,34.6,23.5,4.0,0.8,,,277.0,,,,75.0,0.0,,,2.057776,,"{""Accumulated Rainfall (24 hours)"": {""unit"": ""mm"", ""value"": 0.0}}"
2026-08-15T16:50:00+00:00,2026-08-15T16:54:42.631689+00:00,2026-08-15T16:54:42.631689+00:00,2026-08-15 19:40 (Local Time),TEPAK,,,,,1,9,27.1,,34.6,23.5,4.1,1.0,,,271.0,,,,75.0,0.0,,,2.10922,,"{""Accumulated Rainfall (24 hours)"": {""unit"": ""mm"", ""value"": 0.0}}"
2026-08-15T17:10:00+00:00,2026-08-15T17:11:56.405406+00:00,2026-08-15T17:11:56.405406+00:00,2026-08-15 20:00 (Local Time),TEPAK,,,,,1,9,26.8,,34.6,23.5,3.9,0.9,,,274.0,,,,77.0,0.0,,,2.006332,,"{""Accumulated Rainfall (24 hours)"": {""unit"": ""mm"", ""value"": 0.0}}"
2026-08-15T17:30:00+00:00,2026-08-15T17:34:12.905719+00:00,2026-08-15T17:34:12.905719+00:00,2026-08-15 20:20 (Local Time),TEPAK,,,,,1,9,26.6,,34.6,23.5,2.4,0.9,,,262.0,,,,77.0,0.0,,,1.234666,,"{""Accumulated Rainfall (24 hours)"": {""unit"": ""mm"", ""value"": 0.0}}"
2026-08-15T17:50:00+00:00,2026-08-15T17:51:42.565596+00:00,2026-08-15T17:51:42.565596+00:00,2026-08-15 20:40 (Local Time),TEPAK,,,,,1,9,26.5,,34.6,23.5,4.6,1.3,,,257.0,,,,78.0,0.0,,,2.366442,,"{""Accumulated Rainfall (24 hours)"": {""unit"": ""mm"", ""value"": 0.0}}"
2026-08-15T18:00:00+00:00,2026-08-15T18:01:00.025032+00:00,2026-08-15T18:01:00.025032+00:00,2026-08-15 20:50 (Local Time),TEPAK,,,,,1,9,26.4,,34.6,23.5,3.0,1.0,,,260.0,,,,78.0,0.0,,,1.543332,,"{""Accumulated Rainfall (24 hours)"": {""unit"": ""mm"", ""value"": 0.0}}"
2026-08-15T18:30:00+00:00,2026-08-15T18:39:43.211864+00:00,2026-08-15T18:39:43.211864+00:00,2026-08-15 21:30 (Local Time),TEPAK,,,,,1,9,26.1,,26.3,26.1,2.7,0.9,,,276.0,,,,79.0,0.0,,,1.388999,,"{""Accumulated Rainfall (24 hours)"": {""unit"": ""mm"", ""value"": 0.0}}"
2026-08-15T19:00:00+00:00,2026-08-15T19:02:28.945983+00:00,2026-08-15T19:02:28.945983+00:00,2026-08-15 21:50 (Local Time),TEPAK,,,,,1,9,26.0,,26.3,26.0,2.4,0.7,,,255.0,,,,79.0,0.0,,,1.234666,,"{""Accumulated Rainfall (24 hours)"": {""unit"": ""mm"", ""value"": 0.0}}"
2026-08-15T19:20:00+00:00,2026-08-15T19:28:08.353698+00:00,2026-08-15T19:28:08.353698+00:00,2026-08-15 22:20 (Local Time),TEPAK,,,,,1,9,25.9,,26.3,25.8,3.3,0.9,,,276.0,,,,80.0,0.0,,,1.697665,,"{""Accumulated Rainfall (24 hours)"": {""unit"": ""mm"", ""value"": 0.0}}"
2026-08-15T19:40:00+00:00,2026-08-15T19:48:16.237307+00:00,2026-08-15T19:48:16.237307+00:00,2026-08-15 22:40 (Local Time),TEPAK,,,,,1,9,25.7,,26.3,25.7,3.2,0.7,,,289.0,,,,80.0,0.0,,,1.646221,,"{""Accumulated Rainfall (24 hours)"": {""unit"": ""mm"", ""value"": 0.0}}"
2026-08-15T20:00:00+00:00,2026-08-15T20:01:13.589197+00:00,2026-08-15T20:01:13.589197+00:00,2026-08-15 22:50 (Local Time),TEPAK,,,,,1,9,25.7,,26.3,25.6,3.3,0.7,,,273.0,,,,79.0,0.0,,,1.697665,,"{""Accumulated Rainfall (24 hours)"": {""unit"": ""mm"", ""value"": 0.0}}"
2026-08-15T20:30:00+00:00,2026-08-15T20:32:08.719589+00:00,2026-08-15T20:32:08.719589+00:00,2026-08-15 23:20 (Local Time),TEPAK,,,,,1,9,25.5,,26.3,25.4,1.9,0.7,,,272.0,,,,78.0,0.0,,,0.977444,,"{""Accumulated Rainfall (24 hours)"": {""unit"": ""mm"", ""value"": 0.0}}"
2026-08-15T20:50:00+00:00,2026-08-15T20:51:49.352207+00:00,2026-08-15T20:51:49.352207+00:00,2026-08-15 23:40 (Local Time),TEPAK,,,,,1,9,25.3,,26.3,25.3,3.3,0.6,,,278.0,,,,77.0,0.0,,,1.697665,,"{""Accumulated Rainfall (24 hours)"": {""unit"": ""mm"", ""value"": 0.0}}"
2026-08-15T21:00:00+00:00,2026-08-15T21:07:30.227128+00:00,2026-08-15T21:07:30.227128+00:00,2026-08-16 00:00 (Local Time),TEPAK,,,,,1,9,25.3,,26.3,25.3,2.4,0.5,,,277.0,,,,75.0,0.0,,,1.234666,,"{""Accumulated Rainfall (24 hours)"": {""unit"": ""mm"", ""value"": 0.0}}"
2026-08-15T21:30:00+00:00,2026-08-15T21:34:09.084520+00:00,2026-08-15T21:34:09.084520+00:00,2026-08-16 00:20 (Local Time),TEPAK,,,,,1,9,25.3,,26.3,25.2,2.7,0.5,,,302.0,,,,67.0,0.0,,,1.388999,,"{""Accumulated Rainfall (24 hours)"": {""unit"": ""mm"", ""value"": 0.0}}"
2026-08-15T21:50:00+00:00,2026-08-15T21:50:39.285801+00:00,2026-08-15T21:50:39.285801+00:00,2026-08-16 00:40 (Local Time),TEPAK,,,,,1,9,24.9,,26.3,24.9,1.4,0.3,,,286.0,,,,52.0,0.0,,,0.720222,,"{""Accumulated Rainfall (24 hours)"": {""unit"": ""mm"", ""value"": 0.0}}"
2026-08-15T22:00:00+00:00,2026-08-15T22:01:07.047291+00:00,2026-08-15T22:01:07.047291+00:00,2026-08-16 00:50 (Local Time),TEPAK,,,,,1,9,24.8,,26.3,24.8,0.6,0.2,,,307.0,,,,51.0,0.0,,,0.308666,,"{""Accumulated Rainfall (24 hours)"": {""unit"": ""mm"", ""value"": 0.0}}"
2026-08-15T22:30:00+00:00,2026-08-15T22:31:04.678266+00:00,2026-08-15T22:31:04.678266+00:00,2026-08-16 01:20 (Local Time),TEPAK,,,,,1,9,25.0,,26.3,24.7,1.3,0.2,,,285.0,,,,67.0,0.0,,,0.668777,,"{""Accumulated Rainfall (24 hours)"": {""unit"": ""mm"", ""value"": 0.0}}"
2026-08-15T22:50:00+00:00,2026-08-15T22:50:59.010317+00:00,2026-08-15T22:50:59.010317+00:00,2026-08-16 01:40 (Local Time),TEPAK,,,,,1,9,25.2,,26.3,24.7,2.6,0.6,,,306.0,,,,71.0,0.0,,,1.337554,,"{""Accumulated Rainfall (24 hours)"": {""unit"": ""mm"", ""value"": 0.0}}"
2026-08-15T23:00:00+00:00,2026-08-15T23:06:26.090205+00:00,2026-08-15T23:06:26.090205+00:00,2026-08-16 02:00 (Local Time),TEPAK,,,,,1,9,25.0,,26.3,24.7,2.3,0.5,,,297.0,,,,61.0,0.0,,,1.183221,,"{""Accumulated Rainfall (24 hours)"": {""unit"": ""mm"", ""value"": 0.0}}"
2026-08-15T23:30:00+00:00,2026-08-15T23:30:15.447784+00:00,2026-08-15T23:30:15.447784+00:00,2026-08-16 02:20 (Local Time),TEPAK,,,,,1,9,24.7,,26.3,24.7,2.2,0.3,,,297.0,,,,56.0,0.0,,,1.131777,,"{""Accumulated Rainfall (24 hours)"": {""unit"": ""mm"", ""value"": 0.0}}"
2026-08-15T23:40:00+00:00,2026-08-15T23:48:41.732565+00:00,2026-08-15T23:48:41.732565+00:00,2026-08-16 02:40 (Local Time),TEPAK,,,,,1,9,24.5,,26.3,24.4,2.2,0.3,,,308.0,,,,53.0,0.0,,,1.131777,,"{""Accumulated Rainfall (24 hours)"": {""unit"": ""mm"", ""value"": 0.0}}"
2026-08-16T00:20:00+00:00,2026-08-16T00:24:59.662305+00:00,2026-08-16T00:24:59.662305+00:00,2026-08-16 03:10 (Local Time),TEPAK,,,,,1,9,23.8,,26.3,23.8,0.9,0.0,,,284.0,,,,56.0,0.0,,,0.463,,"{""Accumulated Rainfall (24 hours)"": {""unit"": ""mm"", ""value"": 0.0}}"
2026-08-16T02:00:00+00:00,2026-08-16T02:02:36.210254+00:00,2026-08-16T02:02:36.210254+00:00,,TEPAK,,,,,0,0,,,,,,,,,,,,,,,,,,,
2026-08-16T03:00:00+00:00,2026-08-16T03:08:16.136124+00:00,2026-08-16T03:08:16.136124+00:00,2026-08-16 06:00 (Local Time),TEPAK,,,,,1,9,22.0,,26.3,22.0,1.9,0.3,,,313.0,,,,53.0,0.0,,,0.977444,,"{""Accumulated Rainfall (24 hours)"": {""unit"": ""mm"", ""value"": 0.0}}"
2026-08-16T03:50:00+00:00,2026-08-16T03:58:29.342251+00:00,2026-08-16T03:58:29.342251+00:00,2026-08-16 06:50 (Local Time),TEPAK,,,,,1,9,22.8,,26.3,22.0,0.8,0.2,,,268.0,,,,52.0,0.0,,,0.411555,,"{""Accumulated Rainfall (24 hours)"": {""unit"": ""mm"", ""value"": 0.0}}"
2026-08-16T04:40:00+00:00,2026-08-16T04:43:49.436132+00:00,2026-08-16T04:43:49.436132+00:00,2026-08-16 07:30 (Local Time),TEPAK,,,,,1,9,26.5,,26.8,22.0,0.7,0.5,,,355.0,,,,44.0,0.0,,,0.360111,,"{""Accumulated Rainfall (24 hours)"": {""unit"": ""mm"", ""value"": 0.0}}"
2026-08-16T05:00:00+00:00,2026-08-16T05:07:23.932916+00:00,2026-08-16T05:07:23.932916+00:00,2026-08-16 08:00 (Local Time),TEPAK,,,,,1,9,28.3,,28.4,22.0,1.5,0.7,,,201.0,,,,44.0,0.0,,,0.771666,,"{""Accumulated Rainfall (24 hours)"": {""unit"": ""mm"", ""value"": 0.0}}"
2026-08-16T05:40:00+00:00,2026-08-16T05:42:12.899466+00:00,2026-08-16T05:42:12.899466+00:00,2026-08-16 08:30 (Local Time),TEPAK,,,,,1,9,30.7,,31.0,22.0,1.4,0.8,,,356.0,,,,42.0,0.0,,,0.720222,,"{""Accumulated Rainfall (24 hours)"": {""unit"": ""mm"", ""value"": 0.0}}"
2026-08-16T06:00:00+00:00,2026-08-16T06:01:24.359453+00:00,2026-08-16T06:01:24.359453+00:00,2026-08-16 08:50 (Local Time),TEPAK,,,,,1,9,32.1,,32.3,22.0,1.7,0.7,,,17.0,,,,47.0,0.0,,,0.874555,,"{""Accumulated Rainfall (24 hours)"": {""unit"": ""mm"", ""value"": 0.0}}"
2026-08-16T06:50:00+00:00,2026-08-16T06:53:23.137859+00:00,2026-08-16T06:53:23.137859+00:00,2026-08-16 09:40 (Local Time),TEPAK,,,,,1,9,28.5,,32.5,22.0,2.4,1.4,,,148.0,,,,62.0,0.0,,,1.234666,,"{""Accumulated Rainfall (24 hours)"": {""unit"": ""mm"", ""value"": 0.0}}"
2026-08-16T07:20:00+00:00,2026-08-16T07:20:40.948074+00:00,2026-08-16T07:20:40.948074+00:00,2026-08-16 10:10 (Local Time),TEPAK,,,,,1,9,29.3,,32.5,22.0,2.4,1.1,,,164.0,,,,55.0,0.0,,,1.234666,,"{""Accumulated Rainfall (24 hours)"": {""unit"": ""mm"", ""value"": 0.0}}"
2026-08-16T07:50:00+00:00,2026-08-16T07:50:14.813027+00:00,2026-08-16T07:50:14.813027+00:00,2026-08-16 10:40 (Local Time),TEPAK,,,,,1,9,32.2,,32.5,22.0,2.1,1.0,,,168.0,,,,50.0,0.0,,,1.080332,,"{""Accumulated Rainfall (24 hours)"": {""unit"": ""mm"", ""value"": 0.0}}"
2026-08-16T08:10:00+00:00,2026-08-16T08:12:13.204327+00:00,2026-08-16T08:12:13.204327+00:00,2026-08-16 11:00 (Local Time),TEPAK,,,,,1,9,32.3,,32.5,22.0,3.9,1.3,,,249.0,,,,50.0,0.0,,,2.006332,,"{""Accumulated Rainfall (24 hours)"": {""unit"": ""mm"", ""value"": 0.0}}"
2026-08-16T08:40:00+00:00,2026-08-16T08:46:11.882733+00:00,2026-08-16T08:46:11.882733+00:00,2026-08-16 11:40 (Local Time),TEPAK,,,,,1,9,31.9,,32.9,22.0,5.4,1.5,,,270.0,,,,52.0,0.0,,,2.777998,,"{""Accumulated Rainfall (24 hours)"": {""unit"": ""mm"", ""value"": 0.0}}"
2026-08-16T09:00:00+00:00,2026-08-16T09:06:15.084967+00:00,2026-08-16T09:06:15.084967+00:00,2026-08-16 12:00 (Local Time),TEPAK,,,,,1,9,32.5,,32.9,22.0,4.1,1.5,,,273.0,,,,48.0,0.0,,,2.10922,,"{""Accumulated Rainfall (24 hours)"": {""unit"": ""mm"", ""value"": 0.0}}"
2026-08-16T09:30:00+00:00,2026-08-16T09:37:09.464313+00:00,2026-08-16T09:37:09.464313+00:00,2026-08-16 12:30 (Local Time),TEPAK,,,,,1,9,33.3,,33.5,22.0,4.4,1.6,,,225.0,,,,50.0,0.0,,,2.263554,,"{""Accumulated Rainfall (24 hours)"": {""unit"": ""mm"", ""value"": 0.0}}"
2026-08-16T09:50:00+00:00,2026-08-16T09:55:18.790763+00:00,2026-08-16T09:55:18.790763+00:00,2026-08-16 12:50 (Local Time),TEPAK,,,,,1,9,32.9,,33.5,22.0,5.9,2.2,,,227.0,,,,50.0,0.0,,,3.03522,,"{""Accumulated Rainfall (24 hours)"": {""unit"": ""mm"", ""value"": 0.0}}"
2026-08-16T10:10:00+00:00,2026-08-16T10:14:17.518172+00:00,2026-08-16T10:14:17.518172+00:00,2026-08-16 13:00 (Local Time),TEPAK,,,,,1,9,32.8,,33.5,22.0,5.4,2.2,,,236.0,,,,50.0,0.0,,,2.777998,,"{""Accumulated Rainfall (24 hours)"": {""unit"": ""mm"", ""value"": 0.0}}"
2026-08-16T10:40:00+00:00,2026-08-16T10:40:49.501281+00:00,2026-08-16T10:40:49.501281+00:00,2026-08-16 13:30 (Local Time),TEPAK,,,,,1,9,32.3,,33.5,22.0,6.4,2.5,,,229.0,,,,49.0,0.0,,,3.292442,,"{""Accumulated Rainfall (24 hours)"": {""unit"": ""mm"", ""value"": 0.0}}"
2026-08-16T10:50:00+00:00,2026-08-16T10:58:49.618685+00:00,2026-08-16T10:58:49.618685+00:00,2026-08-16 13:50 (Local Time),TEPAK,,,,,1,9,32.6,,33.5,22.0,6.3,2.8,,,245.0,,,,47.0,0.0,,,3.240997,,"{""Accumulated Rainfall (24 hours)"": {""unit"": ""mm"", ""value"": 0.0}}"
2026-08-16T11:20:00+00:00,2026-08-16T11:28:24.366774+00:00,2026-08-16T11:28:24.366774+00:00,2026-08-16 14:20 (Local Time),TEPAK,,,,,1,9,32.8,,33.5,22.0,6.6,2.1,,,243.0,,,,45.0,0.0,,,3.39533,,"{""Accumulated Rainfall (24 hours)"": {""unit"": ""mm"", ""value"": 0.0}}"
2026-08-16T11:40:00+00:00,2026-08-16T11:49:48.299897+00:00,2026-08-16T11:49:48.299897+00:00,2026-08-16 14:40 (Local Time),TEPAK,,,,,1,9,32.1,,33.5,22.0,5.6,2.1,,,246.0,,,,49.0,0.0,,,2.880886,,"{""Accumulated Rainfall (24 hours)"": {""unit"": ""mm"", ""value"": 0.0}}"
2026-08-16T12:10:00+00:00,2026-08-16T12:10:35.913298+00:00,2026-08-16T12:10:35.913298+00:00,2026-08-16 15:00 (Local Time),TEPAK,,,,,1,9,32.8,,33.5,22.0,5.0,1.9,,,229.0,,,,46.0,0.0,,,2.57222,,"{""Accumulated Rainfall (24 hours)"": {""unit"": ""mm"", ""value"": 0.0}}"
2026-08-16T13:00:00+00:00,2026-08-16T13:00:07.717911+00:00,2026-08-16T13:00:07.717911+00:00,2026-08-16 15:50 (Local Time),TEPAK,,,,,1,9,32.0,,33.5,22.0,6.5,2.1,,,242.0,,,,45.0,0.0,,,3.343886,,"{""Accumulated Rainfall (24 hours)"": {""unit"": ""mm"", ""value"": 0.0}}"
2026-08-16T13:30:00+00:00,2026-08-16T13:38:01.102134+00:00,2026-08-16T13:38:01.102134+00:00,2026-08-16 16:30 (Local Time),TEPAK,,,,,1,9,31.9,,33.5,22.0,4.0,1.7,,,239.0,,,,45.0,0.0,,,2.057776,,"{""Accumulated Rainfall (24 hours)"": {""unit"": ""mm"", ""value"": 0.0}}"
2026-08-16T13:50:00+00:00,2026-08-16T13:58:54.700153+00:00,2026-08-16T13:58:54.700153+00:00,2026-08-16 16:50 (Local Time),TEPAK,,,,,1,9,31.1,,33.5,22.0,5.3,2.0,,,251.0,,,,50.0,0.0,,,2.726553,,"{""Accumulated Rainfall (24 hours)"": {""unit"": ""mm"", ""value"": 0.0}}"
2026-08-16T14:30:00+00:00,2026-08-16T14:31:35.429301+00:00,2026-08-16T14:31:35.429301+00:00,2026-08-16 17:20 (Local Time),TEPAK,,,,,1,9,29.6,,33.5,22.0,3.8,1.3,,,255.0,,,,54.0,0.0,,,1.954887,,"{""Accumulated Rainfall (24 hours)"": {""unit"": ""mm"", ""value"": 0.0}}"
2026-08-16T14:50:00+00:00,2026-08-16T14:52:14.004650+00:00,2026-08-16T14:52:14.004650+00:00,2026-08-16 17:40 (Local Time),TEPAK,,,,,1,9,29.0,,33.5,22.0,4.7,1.7,,,250.0,,,,55.0,0.0,,,2.417887,,"{""Accumulated Rainfall (24 hours)"": {""unit"": ""mm"", ""value"": 0.0}}"
2026-08-16T15:00:00+00:00,2026-08-16T15:07:48.319679+00:00,2026-08-16T15:07:48.319679+00:00,2026-08-16 18:00 (Local Time),TEPAK,,,,,1,9,28.7,,33.5,22.0,3.5,1.3,,,248.0,,,,57.0,0.0,,,1.800554,,"{""Accumulated Rainfall (24 hours)"": {""unit"": ""mm"", ""value"": 0.0}}"
2026-08-16T15:30:00+00:00,2026-08-16T15:35:07.423815+00:00,2026-08-16T15:35:07.423815+00:00,2026-08-16 18:30 (Local Time),TEPAK,,,,,1,9,28.1,,33.5,22.0,4.0,1.3,,,243.0,,,,59.0,0.0,,,2.057776,,"{""Accumulated Rainfall (24 hours)"": {""unit"": ""mm"", ""value"": 0.0}}"
2026-08-16T15:50:00+00:00,2026-08-16T15:52:33.746413+00:00,2026-08-16T15:52:33.746413+00:00,2026-08-16 18:40 (Local Time),TEPAK,,,,,1,9,27.9,,33.5,22.0,5.0,1.5,,,255.0,,,,61.0,0.0,,,2.57222,,"{""Accumulated Rainfall (24 hours)"": {""unit"": ""mm"", ""value"": 0.0}}"
2026-08-16T16:00:00+00:00,2026-08-16T16:08:00.606014+00:00,2026-08-16T16:08:00.606014+00:00,2026-08-16 19:00 (Local Time),TEPAK,,,,,1,9,27.4,,33.5,22.0,3.9,1.2,,,241.0,,,,62.0,0.0,,,2.006332,,"{""Accumulated Rainfall (24 hours)"": {""unit"": ""mm"", ""value"": 0.0}}"
2026-08-16T16:40:00+00:00,2026-08-16T16:41:22.347877+00:00,2026-08-16T16:41:22.347877+00:00,2026-08-16 19:30 (Local Time),TEPAK,,,,,1,9,26.8,,33.5,22.0,4.0,1.1,,,266.0,,,,66.0,0.0,,,2.057776,,"{""Accumulated Rainfall (24 hours)"": {""unit"": ""mm"", ""value"": 0.0}}"
2026-08-16T16:50:00+00:00,2026-08-16T16:59:48.441220+00:00,2026-08-16T16:59:48.441220+00:00,2026-08-16 19:50 (Local Time),TEPAK,,,,,1,9,26.3,,33.5,22.0,3.5,1.1,,,246.0,,,,67.0,0.0,,,1.800554,,"{""Accumulated Rainfall (24 hours)"": {""unit"": ""mm"", ""value"": 0.0}}"
2026-08-16T17:20:00+00:00,2026-08-16T17:27:21.576260+00:00,2026-08-16T17:27:21.576260+00:00,2026-08-16 20:20 (Local Time),TEPAK,,,,,1,9,25.9,,33.5,22.0,4.9,1.1,,,252.0,,,,69.0,0.0,,,2.520776,,"{""Accumulated Rainfall (24 hours)"": {""unit"": ""mm"", ""value"": 0.0}}"
2026-08-16T17:40:00+00:00,2026-08-16T17:43:42.295281+00:00,2026-08-16T17:43:42.295281+00:00,2026-08-16 20:30 (Local Time),TEPAK,,,,,1,9,25.8,,33.5,22.0,2.9,0.8,,,265.0,,,,69.0,0.0,,,1.491888,,"{""Accumulated Rainfall (24 hours)"": {""unit"": ""mm"", ""value"": 0.0}}"
2026-08-16T17:50:00+00:00,2026-08-16T17:56:13.942779+00:00,2026-08-16T17:56:13.942779+00:00,2026-08-16 20:50 (Local Time),TEPAK,,,,,1,9,25.6,,33.5,22.0,2.7,0.8,,,258.0,,,,70.0,0.0,,,1.388999,,"{""Accumulated Rainfall (24 hours)"": {""unit"": ""mm"", ""value"": 0.0}}"
2026-08-16T18:10:00+00:00,2026-08-16T18:19:13.540637+00:00,2026-08-16T18:19:13.540637+00:00,2026-08-16 21:10 (Local Time),TEPAK,,,,,1,9,25.5,,25.6,25.5,3.7,1.1,,,265.0,,,,70.0,0.0,,,1.903443,,"{""Accumulated Rainfall (24 hours)"": {""unit"": ""mm"", ""value"": 0.0}}"
2026-08-16T18:50:00+00:00,2026-08-16T18:51:18.848684+00:00,2026-08-16T18:51:18.848684+00:00,2026-08-16 21:40 (Local Time),TEPAK,,,,,1,9,25.2,,25.6,25.2,3.2,0.9,,,274.0,,,,71.0,0.0,,,1.646221,,"{""Accumulated Rainfall (24 hours)"": {""unit"": ""mm"", ""value"": 0.0}}"
2026-08-16T19:10:00+00:00,2026-08-16T19:10:34.597506+00:00,2026-08-16T19:10:34.597506+00:00,2026-08-16 22:00 (Local Time),TEPAK,,,,,1,9,25.1,,25.6,25.0,2.3,0.6,,,274.0,,,,71.0,0.0,,,1.183221,,"{""Accumulated Rainfall (24 hours)"": {""unit"": ""mm"", ""value"": 0.0}}"
2026-08-16T19:30:00+00:00,2026-08-16T19:32:21.258156+00:00,2026-08-16T19:32:21.258156+00:00,2026-08-16 22:20 (Local Time),TEPAK,,,,,1,9,24.9,,25.6,24.9,3.1,0.8,,,264.0,,,,71.0,0.0,,,1.594776,,"{""Accumulated Rainfall (24 hours)"": {""unit"": ""mm"", ""value"": 0.0}}"
2026-08-16T19:40:00+00:00,2026-08-16T19:47:55.109203+00:00,2026-08-16T19:47:55.109203+00:00,2026-08-16 22:40 (Local Time),TEPAK,,,,,1,9,24.7,,25.6,24.7,3.4,0.8,,,278.0,,,,71.0,0.0,,,1.74911,,"{""Accumulated Rainfall (24 hours)"": {""unit"": ""mm"", ""value"": 0.0}}"
2026-08-16T20:00:00+00:00,2026-08-16T20:01:23.684004+00:00,2026-08-16T20:01:23.684004+00:00,2026-08-16 22:50 (Local Time),TEPAK,,,,,1,9,24.6,,25.6,24.6,3.0,0.6,,,290.0,,,,72.0,0.0,,,1.543332,,"{""Accumulated Rainfall (24 hours)"": {""unit"": ""mm"", ""value"": 0.0}}"
2026-08-16T20:30:00+00:00,2026-08-16T20:32:00.970261+00:00,2026-08-16T20:32:00.970261+00:00,2026-08-16 23:20 (Local Time),TEPAK,,,,,1,9,24.2,,25.6,24.2,3.0,0.7,,,279.0,,,,72.0,0.0,,,1.543332,,"{""Accumulated Rainfall (24 hours)"": {""unit"": ""mm"", ""value"": 0.0}}"
2026-08-16T20:50:00+00:00,2026-08-16T20:50:36.200027+00:00,2026-08-16T20:50:36.200027+00:00,2026-08-16 23:40 (Local Time),TEPAK,,,,,1,9,24.1,,25.6,24.0,3.0,0.5,,,286.0,,,,72.0,0.0,,,1.543332,,"{""Accumulated Rainfall (24 hours)"": {""unit"": ""mm"", ""value"": 0.0}}"
2026-08-16T21:00:00+00:00,2026-08-16T21:05:23.772589+00:00,2026-08-16T21:05:23.772589+00:00,2026-08-17 00:00 (Local Time),TEPAK,,,,,1,9,23.9,,25.6,23.9,2.8,0.6,,,274.0,,,,73.0,0.0,,,1.440443,,"{""Accumulated Rainfall (24 hours)"": {""unit"": ""mm"", ""value"": 0.0}}"
2026-08-16T21:30:00+00:00,2026-08-16T21:30:03.013285+00:00,2026-08-16T21:30:03.013285+00:00,2026-08-17 00:20 (Local Time),TEPAK,,,,,1,9,23.8,,25.6,23.8,3.5,0.5,,,278.0,,,,72.0,0.0,,,1.800554,,"{""Accumulated Rainfall (24 hours)"": {""unit"": ""mm"", ""value"": 0.0}}"
2026-08-16T21:40:00+00:00,2026-08-16T21:48:44.365956+00:00,2026-08-16T21:48:44.365956+00:00,2026-08-17 00:40 (Local Time),TEPAK,,,,,1,9,23.7,,25.6,23.7,1.6,0.3,,,278.0,,,,72.0,0.0,,,0.82311,,"{""Accumulated Rainfall (24 hours)"": {""unit"": ""mm"", ""value"": 0.0}}"
2026-08-16T22:00:00+00:00,2026-08-16T22:00:55.290469+00:00,2026-08-16T22:00:55.290469+00:00,2026-08-17 00:50 (Local Time),TEPAK,,,,,1,9,23.7,,25.6,23.7,2.0,0.5,,,280.0,,,,72.0,0.0,,,1.028888,,"{""Accumulated Rainfall (24 hours)"": {""unit"": ""mm"", ""value"": 0.0}}"
2026-08-16T22:30:00+00:00,2026-08-16T22:30:26.377239+00:00,2026-08-16T22:30:26.377239+00:00,2026-08-17 01:20 (Local Time),TEPAK,,,,,1,9,23.4,,25.6,23.4,2.4,0.3,,,296.0,,,,64.0,0.0,,,1.234666,,"{""Accumulated Rainfall (24 hours)"": {""unit"": ""mm"", ""value"": 0.0}}"
2026-08-16T22:50:00+00:00,2026-08-16T22:50:02.879835+00:00,2026-08-16T22:50:02.879835+00:00,2026-08-17 01:40 (Local Time),TEPAK,,,,,1,9,23.0,,25.6,23.0,2.1,0.2,,,312.0,,,,54.0,0.0,,,1.080332,,"{""Accumulated Rainfall (24 hours)"": {""unit"": ""mm"", ""value"": 0.0}}"
2026-08-16T23:00:00+00:00,2026-08-16T23:02:02.296614+00:00,2026-08-16T23:02:02.296614+00:00,2026-08-17 01:50 (Local Time),TEPAK,,,,,1,9,22.9,,25.6,22.8,1.6,0.0,,,307.0,,,,53.0,0.0,,,0.82311,,"{""Accumulated Rainfall (24 hours)"": {""unit"": ""mm"", ""value"": 0.0}}"
2026-08-16T23:20:00+00:00,2026-08-16T23:28:36.898226+00:00,2026-08-16T23:28:36.898226+00:00,2026-08-17 02:20 (Local Time),TEPAK,,,,,1,9,22.5,,25.6,22.4,1.3,0.0,,,308.0,,,,52.0,0.0,,,0.668777,,"{""Accumulated Rainfall (24 hours)"": {""unit"": ""mm"", ""value"": 0.0}}"
2026-08-16T23:40:00+00:00,2026-08-16T23:48:55.844483+00:00,2026-08-16T23:48:55.844483+00:00,2026-08-17 02:40 (Local Time),TEPAK,,,,,1,9,22.1,,25.6,22.0,1.8,0.0,,,310.0,,,,54.0,0.0,,,0.925999,,"{""Accumulated Rainfall (24 hours)"": {""unit"": ""mm"", ""value"": 0.0}}"
2026-08-17T00:20:00+00:00,2026-08-17T00:24:27.010249+00:00,2026-08-17T00:24:27.010249+00:00,2026-08-17 03:10 (Local Time),TEPAK,,,,,1,9,22.2,,25.6,22.0,1.9,0.2,,,312.0,,,,50.0,0.0,,,0.977444,,"{""Accumulated Rainfall (24 hours)"": {""unit"": ""mm"", ""value"": 0.0}}"
2026-08-17T01:50:00+00:00,2026-08-17T01:59:15.441547+00:00,2026-08-17T01:59:15.441547+00:00,2026-08-17 04:50 (Local Time),TEPAK,,,,,1,9,21.6,,25.6,21.5,1.5,0.0,,,297.0,,,,51.0,0.0,,,0.771666,,"{""Accumulated Rainfall (24 hours)"": {""unit"": ""mm"", ""value"": 0.0}}"
2026-08-17T03:00:00+00:00,2026-08-17T03:07:51.451013+00:00,2026-08-17T03:07:51.451013+00:00,2026-08-17 06:00 (Local Time),TEPAK,,,,,1,9,22.0,,25.6,21.5,1.5,0.1,,,300.0,,,,56.0,0.0,,,0.771666,,"{""Accumulated Rainfall (24 hours)"": {""unit"": ""mm"", ""value"": 0.0}}"
2026-08-17T04:00:00+00:00,2026-08-17T04:01:26.349183+00:00,2026-08-17T04:01:26.349183+00:00,2026-08-17 06:50 (Local Time),TEPAK,,,,,1,9,22.2,,25.6,21.5,1.9,0.1,,,303.0,,,,59.0,0.0,,,0.977444,,"{""Accumulated Rainfall (24 hours)"": {""unit"": ""mm"", ""value"": 0.0}}"
2026-08-17T04:50:00+00:00,2026-08-17T04:52:27.146533+00:00,2026-08-17T04:52:27.146533+00:00,2026-08-17 07:40 (Local Time),TEPAK,,,,,1,9,26.1,,26.4,21.5,2.4,0.6,,,309.0,,,,52.0,0.0,,,1.234666,,"{""Accumulated Rainfall (24 hours)"": {""unit"": ""mm"", ""value"": 0.0}}"
2026-08-17T05:20:00+00:00,2026-08-17T05:22:58.857225+00:00,2026-08-17T05:22:58.857225+00:00,2026-08-17 08:10 (Local Time),TEPAK,,,,,1,9,27.4,,27.5,21.5,2.6,0.8,,,315.0,,,,51.0,0.0,,,1.337554,,"{""Accumulated Rainfall (24 hours)"": {""unit"": ""mm"", ""value"": 0.0}}"
2026-08-17T05:50:00+00:00,2026-08-17T05:55:33.764650+00:00,2026-08-17T05:55:33.764650+00:00,2026-08-17 08:50 (Local Time),TEPAK,,,,,1,9,28.9,,29.6,21.5,1.8,1.5,,,209.0,,,,53.0,0.0,,,0.925999,,"{""Accumulated Rainfall (24 hours)"": {""unit"": ""mm"", ""value"": 0.0}}"
2026-08-17T06:30:00+00:00,2026-08-17T06:36:26.800683+00:00,2026-08-17T06:36:26.800683+00:00,2026-08-17 09:30 (Local Time),TEPAK,,,,,1,9,28.1,,29.6,21.5,2.2,0.8,,,278.0,,,,57.0,0.0,,,1.131777,,"{""Accumulated Rainfall (24 hours)"": {""unit"": ""mm"", ""value"": 0.0}}"
2026-08-17T07:30:00+00:00,2026-08-17T07:36:26.284484+00:00,2026-08-17T07:36:26.284484+00:00,2026-08-17 10:30 (Local Time),TEPAK,,,,,1,9,30.6,,30.8,21.5,2.3,1.1,,,251.0,,,,50.0,0.0,,,1.183221,,"{""Accumulated Rainfall (24 hours)"": {""unit"": ""mm"", ""value"": 0.0}}"
2026-08-17T08:20:00+00:00,2026-08-17T08:20:50.318965+00:00,2026-08-17T08:20:50.318965+00:00,2026-08-17 11:10 (Local Time),TEPAK,,,,,1,9,30.7,,31.1,21.5,3.8,1.3,,,218.0,,,,51.0,0.0,,,1.954887,,"{""Accumulated Rainfall (24 hours)"": {""unit"": ""mm"", ""value"": 0.0}}"
2026-08-17T09:00:00+00:00,2026-08-17T09:04:30.621406+00:00,2026-08-17T09:04:30.621406+00:00,2026-08-17 11:50 (Local Time),TEPAK,,,,,1,9,31.5,,31.9,21.5,4.4,1.4,,,212.0,,,,49.0,0.0,,,2.263554,,"{""Accumulated Rainfall (24 hours)"": {""unit"": ""mm"", ""value"": 0.0}}"
2026-08-17T09:50:00+00:00,2026-08-17T09:53:02.093578+00:00,2026-08-17T09:53:02.093578+00:00,2026-08-17 12:40 (Local Time),TEPAK,,,,,1,9,31.5,,31.9,21.5,4.5,2.0,,,231.0,,,,48.0,0.0,,,2.314998,,"{""Accumulated Rainfall (24 hours)"": {""unit"": ""mm"", ""value"": 0.0}}"
2026-08-17T10:10:00+00:00,2026-08-17T10:17:47.008882+00:00,2026-08-17T10:17:47.008882+00:00,2026-08-17 13:10 (Local Time),TEPAK,,,,,1,9,31.9,,32.0,21.5,4.4,1.7,,,228.0,,,,50.0,0.0,,,2.263554,,"{""Accumulated Rainfall (24 hours)"": {""unit"": ""mm"", ""value"": 0.0}}"
2026-08-17T10:50:00+00:00,2026-08-17T10:52:23.224816+00:00,2026-08-17T10:52:23.224816+00:00,2026-08-17 13:40 (Local Time),TEPAK,,,,,1,9,31.8,,32.4,21.5,5.5,1.9,,,222.0,,,,52.0,0.0,,,2.829442,,"{""Accumulated Rainfall (24 hours)"": {""unit"": ""mm"", ""value"": 0.0}}"
2026-08-17T11:10:00+00:00,2026-08-17T11:12:17.186552+00:00,2026-08-17T11:12:17.186552+00:00,2026-08-17 14:00 (Local Time),TEPAK,,,,,1,9,31.5,,32.4,21.5,4.7,1.7,,,234.0,,,,51.0,0.0,,,2.417887,,"{""Accumulated Rainfall (24 hours)"": {""unit"": ""mm"", ""value"": 0.0}}"
2026-08-17T11:30:00+00:00,2026-08-17T11:39:10.495441+00:00,2026-08-17T11:39:10.495441+00:00,2026-08-17 14:30 (Local Time),TEPAK,,,,,1,9,30.0,,32.4,21.5,5.7,1.4,,,279.0,,,,55.0,0.0,,,2.932331,,"{""Accumulated Rainfall (24 hours)"": {""unit"": ""mm"", ""value"": 0.0}}"
2026-08-17T11:50:00+00:00,2026-08-17T11:58:58.017856+00:00,2026-08-17T11:58:58.017856+00:00,2026-08-17 14:50 (Local Time),TEPAK,,,,,1,9,30.7,,32.4,21.5,4.9,2.1,,,248.0,,,,52.0,0.0,,,2.520776,,"{""Accumulated Rainfall (24 hours)"": {""unit"": ""mm"", ""value"": 0.0}}"
2026-08-17T12:50:00+00:00,2026-08-17T12:59:31.568993+00:00,2026-08-17T12:59:31.568993+00:00,2026-08-17 15:50 (Local Time),TEPAK,,,,,1,9,30.7,,32.4,21.5,5.8,1.6,,,267.0,,,,54.0,0.0,,,2.983775,,"{""Accumulated Rainfall (24 hours)"": {""unit"": ""mm"", ""value"": 0.0}}"
2026-08-17T13:40:00+00:00,2026-08-17T13:46:00.616667+00:00,2026-08-17T13:46:00.616667+00:00,2026-08-17 16:40 (Local Time),TEPAK,,,,,1,9,30.8,,32.4,21.5,4.6,1.5,,,259.0,,,,53.0,0.0,,,2.366442,,"{""Accumulated Rainfall (24 hours)"": {""unit"": ""mm"", ""value"": 0.0}}"
2026-08-17T14:10:00+00:00,2026-08-17T14:11:28.690142+00:00,2026-08-17T14:11:28.690142+00:00,2026-08-17 17:00 (Local Time),TEPAK,,,,,1,9,29.9,,32.4,21.5,5.3,1.8,,,251.0,,,,54.0,0.0,,,2.726553,,"{""Accumulated Rainfall (24 hours)"": {""unit"": ""mm"", ""value"": 0.0}}"
2026-08-17T14:40:00+00:00,2026-08-17T14:43:27.596851+00:00,2026-08-17T14:43:27.596851+00:00,2026-08-17 17:30 (Local Time),TEPAK,,,,,1,9,28.6,,32.4,21.5,5.0,1.5,,,266.0,,,,60.0,0.0,,,2.57222,,"{""Accumulated Rainfall (24 hours)"": {""unit"": ""mm"", ""value"": 0.0}}"
2026-08-17T15:00:00+00:00,2026-08-17T15:01:28.360514+00:00,2026-08-17T15:01:28.360514+00:00,2026-08-17 17:50 (Local Time),TEPAK,,,,,1,9,28.3,,32.4,21.5,4.5,1.6,,,241.0,,,,61.0,0.0,,,2.314998,,"{""Accumulated Rainfall (24 hours)"": {""unit"": ""mm"", ""value"": 0.0}}"
2026-08-17T15:30:00+00:00,2026-08-17T15:33:42.448525+00:00,2026-08-17T15:33:42.448525+00:00,2026-08-17 18:20 (Local Time),TEPAK,,,,,1,9,27.7,,32.4,21.5,5.6,2.0,,,245.0,,,,66.0,0.0,,,2.880886,,"{""Accumulated Rainfall (24 hours)"": {""unit"": ""mm"", ""value"": 0.0}}"
2026-08-17T15:50:00+00:00,2026-08-17T15:52:59.261598+00:00,2026-08-17T15:52:59.261598+00:00,2026-08-17 18:40 (Local Time),TEPAK,,,,,1,9,27.3,,32.4,21.5,4.7,1.2,,,257.0,,,,69.0,0.0,,,2.417887,,"{""Accumulated Rainfall (24 hours)"": {""unit"": ""mm"", ""value"": 0.0}}"
2026-08-17T16:10:00+00:00,2026-08-17T16:10:58.690108+00:00,2026-08-17T16:10:58.690108+00:00,2026-08-17 19:00 (Local Time),TEPAK,,,,,1,9,27.0,,32.4,21.5,2.5,0.9,,,247.0,,,,71.0,0.0,,,1.28611,,"{""Accumulated Rainfall (24 hours)"": {""unit"": ""mm"", ""value"": 0.0}}"
2026-08-17T16:40:00+00:00,2026-08-17T16:45:00.488621+00:00,2026-08-17T16:45:00.488621+00:00,2026-08-17 19:30 (Local Time),TEPAK,,,,,1,9,26.6,,32.4,21.5,2.7,1.1,,,254.0,,,,73.0,0.0,,,1.388999,,"{""Accumulated Rainfall (24 hours)"": {""unit"": ""mm"", ""value"": 0.0}}"
2026-08-17T17:00:00+00:00,2026-08-17T17:05:35.105775+00:00,2026-08-17T17:05:35.105775+00:00,2026-08-17 20:00 (Local Time),TEPAK,,,,,1,9,26.2,,32.4,21.5,3.0,1.0,,,247.0,,,,76.0,0.0,,,1.543332,,"{""Accumulated Rainfall (24 hours)"": {""unit"": ""mm"", ""value"": 0.0}}"
2026-08-17T17:30:00+00:00,2026-08-17T17:37:58.860702+00:00,2026-08-17T17:37:58.860702+00:00,2026-08-17 20:30 (Local Time),TEPAK,,,,,1,9,26.0,,32.4,21.5,1.5,0.7,,,249.0,,,,73.0,0.0,,,0.771666,,"{""Accumulated Rainfall (24 hours)"": {""unit"": ""mm"", ""value"": 0.0}}"
2026-08-17T18:00:00+00:00,2026-08-17T18:02:54.913194+00:00,2026-08-17T18:02:54.913194+00:00,2026-08-17 20:50 (Local Time),TEPAK,,,,,1,9,25.9,,32.4,21.5,1.7,0.4,,,256.0,,,,71.0,0.0,,,0.874555,,"{""Accumulated Rainfall (24 hours)"": {""unit"": ""mm"", ""value"": 0.0}}"
2026-08-17T18:50:00+00:00,2026-08-17T18:51:50.489133+00:00,2026-08-17T18:51:50.489133+00:00,2026-08-17 21:40 (Local Time),TEPAK,,,,,1,9,25.6,,25.9,25.6,1.7,0.5,,,251.0,,,,66.0,0.0,,,0.874555,,"{""Accumulated Rainfall (24 hours)"": {""unit"": ""mm"", ""value"": 0.0}}"
2026-08-17T19:10:00+00:00,2026-08-17T19:17:27.822297+00:00,2026-08-17T19:17:27.822297+00:00,2026-08-17 22:10 (Local Time),TEPAK,,,,,1,9,25.3,,25.9,25.2,2.5,0.5,,,267.0,,,,70.0,0.0,,,1.28611,,"{""Accumulated Rainfall (24 hours)"": {""unit"": ""mm"", ""value"": 0.0}}"
2026-08-17T19:40:00+00:00,2026-08-17T19:47:04.175748+00:00,2026-08-17T19:47:04.175748+00:00,2026-08-17 22:40 (Local Time),TEPAK,,,,,1,9,24.9,,25.9,24.9,2.5,0.5,,,274.0,,,,70.0,0.0,,,1.28611,,"{""Accumulated Rainfall (24 hours)"": {""unit"": ""mm"", ""value"": 0.0}}"
2026-08-17T20:00:00+00:00,2026-08-17T20:02:35.444685+00:00,2026-08-17T20:02:35.444685+00:00,2026-08-17 22:50 (Local Time),TEPAK,,,,,1,9,24.8,,25.9,24.8,1.7,0.5,,,284.0,,,,70.0,0.0,,,0.874555,,"{""Accumulated Rainfall (24 hours)"": {""unit"": ""mm"", ""value"": 0.0}}"
2026-08-17T20:30:00+00:00,2026-08-17T20:36:09.500454+00:00,2026-08-17T20:36:09.500454+00:00,2026-08-17 23:30 (Local Time),TEPAK,,,,,1,9,24.4,,25.9,24.4,0.6,0.0,,,276.0,,,,69.0,0.0,,,0.308666,,"{""Accumulated Rainfall (24 hours)"": {""unit"": ""mm"", ""value"": 0.0}}"
2026-08-17T20:50:00+00:00,2026-08-17T20:58:29.368842+00:00,2026-08-17T20:58:29.368842+00:00,2026-08-17 23:50 (Local Time),TEPAK,,,,,1,9,24.3,,25.9,24.3,1.2,0.1,,,264.0,,,,69.0,0.0,,,0.617333,,"{""Accumulated Rainfall (24 hours)"": {""unit"": ""mm"", ""value"": 0.0}}"
2026-08-17T21:30:00+00:00,2026-08-17T21:33:43.230845+00:00,2026-08-17T21:33:43.230845+00:00,2026-08-18 00:20 (Local Time),TEPAK,,,,,1,9,24.4,,25.9,24.3,1.7,0.0,,,335.0,,,,70.0,0.0,,,0.874555,,"{""Accumulated Rainfall (24 hours)"": {""unit"": ""mm"", ""value"": 0.0}}"
2026-08-17T21:50:00+00:00,2026-08-17T21:53:18.134970+00:00,2026-08-17T21:53:18.134970+00:00,2026-08-18 00:40 (Local Time),TEPAK,,,,,1,9,24.5,,25.9,24.3,1.7,0.1,,,298.0,,,,71.0,0.0,,,0.874555,,"{""Accumulated Rainfall (24 hours)"": {""unit"": ""mm"", ""value"": 0.0}}"
2026-08-17T22:10:00+00:00,2026-08-17T22:10:00.656816+00:00,2026-08-17T22:10:00.656816+00:00,2026-08-18 01:00 (Local Time),TEPAK,,,,,1,9,24.6,,25.9,24.3,3.0,0.8,,,306.0,,,,67.0,0.0,,,1.543332,,"{""Accumulated Rainfall (24 hours)"": {""unit"": ""mm"", ""value"": 0.0}}"
2026-08-17T22:30:00+00:00,2026-08-17T22:39:55.916091+00:00,2026-08-17T22:39:55.916091+00:00,2026-08-18 01:30 (Local Time),TEPAK,,,,,1,9,24.3,,25.9,24.3,2.2,0.3,,,312.0,,,,65.0,0.0,,,1.131777,,"{""Accumulated Rainfall (24 hours)"": {""unit"": ""mm"", ""value"": 0.0}}"
2026-08-17T22:50:00+00:00,2026-08-17T22:59:30.529363+00:00,2026-08-17T22:59:30.529363+00:00,2026-08-18 01:50 (Local Time),TEPAK,,,,,1,9,24.1,,25.9,24.0,0.6,0.0,,,325.0,,,,66.0,0.0,,,0.308666,,"{""Accumulated Rainfall (24 hours)"": {""unit"": ""mm"", ""value"": 0.0}}"
2026-08-17T23:30:00+00:00,2026-08-17T23:30:38.412541+00:00,2026-08-17T23:30:38.412541+00:00,2026-08-18 02:20 (Local Time),TEPAK,,,,,1,9,23.5,,25.9,23.5,1.2,0.0,,,298.0,,,,67.0,0.0,,,0.617333,,"{""Accumulated Rainfall (24 hours)"": {""unit"": ""mm"", ""value"": 0.0}}"
2026-08-17T23:50:00+00:00,2026-08-17T23:50:15.126177+00:00,2026-08-17T23:50:15.126177+00:00,2026-08-18 02:40 (Local Time),TEPAK,,,,,1,9,23.2,,25.9,23.2,1.2,0.0,,,338.0,,,,67.0,0.0,,,0.617333,,"{""Accumulated Rainfall (24 hours)"": {""unit"": ""mm"", ""value"": 0.0}}"
2026-08-18T00:20:00+00:00,2026-08-18T00:24:14.389705+00:00,2026-08-18T00:24:14.389705+00:00,2026-08-18 03:10 (Local Time),TEPAK,,,,,1,9,22.9,,25.9,22.9,1.2,0.0,,,306.0,,,,69.0,0.0,,,0.617333,,"{""Accumulated Rainfall (24 hours)"": {""unit"": ""mm"", ""value"": 0.0}}"
2026-08-18T01:50:00+00:00,2026-08-18T01:55:52.149592+00:00,2026-08-18T01:55:52.149592+00:00,2026-08-18 04:50 (Local Time),TEPAK,,,,,1,9,22.8,,25.9,22.7,1.6,0.1,,,303.0,,,,67.0,0.0,,,0.82311,,"{""Accumulated Rainfall (24 hours)"": {""unit"": ""mm"", ""value"": 0.0}}"
2026-08-18T02:40:00+00:00,2026-08-18T02:49:43.243216+00:00,2026-08-18T02:49:43.243216+00:00,2026-08-18 05:40 (Local Time),TEPAK,,,,,1,9,22.2,,25.9,22.2,1.4,0.0,,,312.0,,,,69.0,0.0,,,0.720222,,"{""Accumulated Rainfall (24 hours)"": {""unit"": ""mm"", ""value"": 0.0}}"
2026-08-18T03:30:00+00:00,2026-08-18T03:32:32.762789+00:00,2026-08-18T03:32:32.762789+00:00,2026-08-18 06:20 (Local Time),TEPAK,,,,,1,9,22.2,,25.9,22.0,1.4,0.0,,,306.0,,,,69.0,0.0,,,0.720222,,"{""Accumulated Rainfall (24 hours)"": {""unit"": ""mm"", ""value"": 0.0}}"
2026-08-18T04:10:00+00:00,2026-08-18T04:10:18.363757+00:00,2026-08-18T04:10:18.363757+00:00,2026-08-18 07:00 (Local Time),TEPAK,,,,,1,9,23.5,,25.9,22.0,1.4,0.1,,,303.0,,,,65.0,0.0,,,0.720222,,"{""Accumulated Rainfall (24 hours)"": {""unit"": ""mm"", ""value"": 0.0}}"
2026-08-18T04:50:00+00:00,2026-08-18T04:51:03.597295+00:00,2026-08-18T04:51:03.597295+00:00,2026-08-18 07:40 (Local Time),TEPAK,,,,,1,9,27.0,,27.5,22.0,1.3,0.4,,,12.0,,,,58.0,0.0,,,0.668777,,"{""Accumulated Rainfall (24 hours)"": {""unit"": ""mm"", ""value"": 0.0}}"
2026-08-18T05:10:00+00:00,2026-08-18T05:17:06.918090+00:00,2026-08-18T05:17:06.918090+00:00,2026-08-18 08:10 (Local Time),TEPAK,,,,,1,9,29.2,,29.5,22.0,0.9,0.2,,,308.0,,,,53.0,0.0,,,0.463,,"{""Accumulated Rainfall (24 hours)"": {""unit"": ""mm"", ""value"": 0.0}}"
2026-08-18T05:40:00+00:00,2026-08-18T05:47:39.260555+00:00,2026-08-18T05:47:39.260555+00:00,2026-08-18 08:40 (Local Time),TEPAK,,,,,1,9,28.9,,30.1,22.0,1.5,1.1,,,155.0,,,,55.0,0.0,,,0.771666,,"{""Accumulated Rainfall (24 hours)"": {""unit"": ""mm"", ""value"": 0.0}}"
2026-08-18T06:10:00+00:00,2026-08-18T06:18:20.713441+00:00,2026-08-18T06:18:20.713441+00:00,2026-08-18 09:10 (Local Time),TEPAK,,,,,1,9,28.5,,30.1,22.0,3.1,1.5,,,158.0,,,,58.0,0.0,,,1.594776,,"{""Accumulated Rainfall (24 hours)"": {""unit"": ""mm"", ""value"": 0.0}}"
2026-08-18T07:10:00+00:00,2026-08-18T07:10:44.388345+00:00,2026-08-18T07:10:44.388345+00:00,2026-08-18 10:00 (Local Time),TEPAK,,,,,1,9,27.9,,30.1,22.0,3.6,1.2,,,168.0,,,,58.0,0.0,,,1.851998,,"{""Accumulated Rainfall (24 hours)"": {""unit"": ""mm"", ""value"": 0.0}}"
2026-08-18T07:50:00+00:00,2026-08-18T07:53:23.852815+00:00,2026-08-18T07:53:23.852815+00:00,2026-08-18 10:40 (Local Time),TEPAK,,,,,1,9,28.6,,30.1,22.0,2.8,1.4,,,149.0,,,,59.0,0.0,,,1.440443,,"{""Accumulated Rainfall (24 hours)"": {""unit"": ""mm"", ""value"": 0.0}}"
2026-08-18T08:10:00+00:00,2026-08-18T08:18:54.362982+00:00,2026-08-18T08:18:54.362982+00:00,2026-08-18 11:10 (Local Time),TEPAK,,,,,1,9,29.7,,30.1,22.0,6.5,2.7,,,176.0,,,,57.0,0.0,,,3.343886,,"{""Accumulated Rainfall (24 hours)"": {""unit"": ""mm"", ""value"": 0.0}}"
2026-08-18T08:50:00+00:00,2026-08-18T08:58:44.613256+00:00,2026-08-18T08:58:44.613256+00:00,2026-08-18 11:50 (Local Time),TEPAK,,,,,1,9,31.0,,31.2,22.0,4.2,1.4,,,206.0,,,,53.0,0.0,,,2.160665,,"{""Accumulated Rainfall (24 hours)"": {""unit"": ""mm"", ""value"": 0.0}}"
2026-08-18T09:40:00+00:00,2026-08-18T09:41:24.598380+00:00,2026-08-18T09:41:24.598380+00:00,2026-08-18 12:30 (Local Time),TEPAK,,,,,1,9,31.7,,31.9,22.0,4.0,1.5,,,248.0,,,,51.0,0.0,,,2.057776,,"{""Accumulated Rainfall (24 hours)"": {""unit"": ""mm"", ""value"": 0.0}}"
2026-08-18T10:00:00+00:00,2026-08-18T10:03:03.575658+00:00,2026-08-18T10:03:03.575658+00:00,2026-08-18 12:50 (Local Time),TEPAK,,,,,1,9,32.1,,32.5,22.0,3.1,1.3,,,233.0,,,,50.0,0.0,,,1.594776,,"{""Accumulated Rainfall (24 hours)"": {""unit"": ""mm"", ""value"": 0.0}}"
2026-08-18T10:30:00+00:00,2026-08-18T10:38:34.984728+00:00,2026-08-18T10:38:34.984728+00:00,2026-08-18 13:30 (Local Time),TEPAK,,,,,1,9,32.6,,32.7,22.0,3.8,1.7,,,218.0,,,,48.0,0.0,,,1.954887,,"{""Accumulated Rainfall (24 hours)"": {""unit"": ""mm"", ""value"": 0.0}}"
2026-08-18T11:00:00+00:00,2026-08-18T11:02:23.835258+00:00,2026-08-18T11:02:23.835258+00:00,2026-08-18 13:50 (Local Time),TEPAK,,,,,1,9,32.1,,32.7,22.0,4.2,1.4,,,218.0,,,,50.0,0.0,,,2.160665,,"{""Accumulated Rainfall (24 hours)"": {""unit"": ""mm"", ""value"": 0.0}}"
2026-08-18T11:30:00+00:00,2026-08-18T11:33:46.108464+00:00,2026-08-18T11:33:46.108464+00:00,2026-08-18 14:20 (Local Time),TEPAK,,,,,1,9,31.6,,32.7,22.0,3.9,1.4,,,250.0,,,,52.0,0.0,,,2.006332,,"{""Accumulated Rainfall (24 hours)"": {""unit"": ""mm"", ""value"": 0.0}}"
2026-08-18T11:50:00+00:00,2026-08-18T11:54:20.674214+00:00,2026-08-18T11:54:20.674214+00:00,2026-08-18 14:40 (Local Time),TEPAK,,,,,1,9,32.1,,32.7,22.0,5.8,1.7,,,240.0,,,,50.0,0.0,,,2.983775,,"{""Accumulated Rainfall (24 hours)"": {""unit"": ""mm"", ""value"": 0.0}}"
2026-08-18T12:20:00+00:00,2026-08-18T12:21:20.309958+00:00,2026-08-18T12:21:20.309958+00:00,2026-08-18 15:10 (Local Time),TEPAK,,,,,1,9,31.6,,32.7,22.0,4.5,1.8,,,241.0,,,,51.0,0.0,,,2.314998,,"{""Accumulated Rainfall (24 hours)"": {""unit"": ""mm"", ""value"": 0.0}}"
2026-08-18T13:10:00+00:00,2026-08-18T13:14:31.581114+00:00,2026-08-18T13:14:31.581114+00:00,2026-08-18 16:00 (Local Time),TEPAK,,,,,1,9,31.9,,32.7,22.0,3.4,1.4,,,253.0,,,,50.0,0.0,,,1.74911,,"{""Accumulated Rainfall (24 hours)"": {""unit"": ""mm"", ""value"": 0.0}}"
2026-08-18T13:50:00+00:00,2026-08-18T13:57:28.450580+00:00,2026-08-18T13:57:28.450580+00:00,2026-08-18 16:50 (Local Time),TEPAK,,,,,1,9,30.4,,32.7,22.0,3.1,1.6,,,240.0,,,,52.0,0.0,,,1.594776,,"{""Accumulated Rainfall (24 hours)"": {""unit"": ""mm"", ""value"": 0.0}}"
2026-08-18T14:20:00+00:00,2026-08-18T14:29:59.143929+00:00,2026-08-18T14:29:59.143929+00:00,2026-08-18 17:20 (Local Time),TEPAK,,,,,1,9,29.5,,32.7,22.0,4.5,2.1,,,242.0,,,,55.0,0.0,,,2.314998,,"{""Accumulated Rainfall (24 hours)"": {""unit"": ""mm"", ""value"": 0.0}}"
2026-08-18T15:00:00+00:00,2026-08-18T15:04:05.896029+00:00,2026-08-18T15:04:05.896029+00:00,2026-08-18 17:50 (Local Time),TEPAK,,,,,1,9,28.5,,32.7,22.0,4.4,1.5,,,232.0,,,,62.0,0.0,,,2.263554,,"{""Accumulated Rainfall (24 hours)"": {""unit"": ""mm"", ""value"": 0.0}}"
2026-08-18T15:40:00+00:00,2026-08-18T15:40:14.006878+00:00,2026-08-18T15:40:14.006878+00:00,2026-08-18 18:30 (Local Time),TEPAK,,,,,1,9,27.9,,32.7,22.0,5.0,1.8,,,247.0,,,,65.0,0.0,,,2.57222,,"{""Accumulated Rainfall (24 hours)"": {""unit"": ""mm"", ""value"": 0.0}}"
2026-08-18T16:00:00+00:00,2026-08-18T16:02:48.064538+00:00,2026-08-18T16:02:48.064538+00:00,2026-08-18 18:50 (Local Time),TEPAK,,,,,1,9,27.3,,32.7,22.0,4.6,1.6,,,250.0,,,,68.0,0.0,,,2.366442,,"{""Accumulated Rainfall (24 hours)"": {""unit"": ""mm"", ""value"": 0.0}}"
2026-08-18T16:40:00+00:00,2026-08-18T16:45:58.677393+00:00,2026-08-18T16:45:58.677393+00:00,2026-08-18 19:40 (Local Time),TEPAK,,,,,1,9,26.2,,32.7,22.0,2.9,0.9,,,250.0,,,,72.0,0.0,,,1.491888,,"{""Accumulated Rainfall (24 hours)"": {""unit"": ""mm"", ""value"": 0.0}}"
2026-08-18T17:00:00+00:00,2026-08-18T17:03:33.200374+00:00,2026-08-18T17:03:33.200374+00:00,2026-08-18 19:50 (Local Time),TEPAK,,,,,1,9,26.1,,32.7,22.0,3.5,1.1,,,251.0,,,,72.0,0.0,,,1.800554,,"{""Accumulated Rainfall (24 hours)"": {""unit"": ""mm"", ""value"": 0.0}}"
2026-08-18T17:30:00+00:00,2026-08-18T17:36:11.850025+00:00,2026-08-18T17:36:11.850025+00:00,2026-08-18 20:30 (Local Time),TEPAK,,,,,1,9,25.8,,32.7,22.0,3.4,0.8,,,261.0,,,,73.0,0.0,,,1.74911,,"{""Accumulated Rainfall (24 hours)"": {""unit"": ""mm"", ""value"": 0.0}}"
2026-08-18T17:50:00+00:00,2026-08-18T17:58:02.961468+00:00,2026-08-18T17:58:02.961468+00:00,2026-08-18 20:50 (Local Time),TEPAK,,,,,1,9,25.7,,32.7,22.0,3.8,0.9,,,262.0,,,,73.0,0.0,,,1.954887,,"{""Accumulated Rainfall (24 hours)"": {""unit"": ""mm"", ""value"": 0.0}}"
2026-08-18T18:50:00+00:00,2026-08-18T18:50:50.671533+00:00,2026-08-18T18:50:50.671533+00:00,2026-08-18 21:40 (Local Time),TEPAK,,,,,1,9,25.4,,25.6,25.4,2.7,0.9,,,280.0,,,,73.0,0.0,,,1.388999,,"{""Accumulated Rainfall (24 hours)"": {""unit"": ""mm"", ""value"": 0.0}}"
2026-08-18T19:10:00+00:00,2026-08-18T19:18:20.039986+00:00,2026-08-18T19:18:20.039986+00:00,2026-08-18 22:10 (Local Time),TEPAK,,,,,1,9,25.3,,25.6,25.3,3.2,0.7,,,268.0,,,,73.0,0.0,,,1.646221,,"{""Accumulated Rainfall (24 hours)"": {""unit"": ""mm"", ""value"": 0.0}}"
2026-08-18T19:40:00+00:00,2026-08-18T19:45:28.984553+00:00,2026-08-18T19:45:28.984553+00:00,2026-08-18 22:40 (Local Time),TEPAK,,,,,1,9,25.1,,25.6,25.1,3.1,0.5,,,280.0,,,,73.0,0.0,,,1.594776,,"{""Accumulated Rainfall (24 hours)"": {""unit"": ""mm"", ""value"": 0.0}}"
2026-08-18T19:50:00+00:00,2026-08-18T19:59:52.639926+00:00,2026-08-18T19:59:52.639926+00:00,2026-08-18 22:50 (Local Time),TEPAK,,,,,1,9,25.1,,25.6,25.1,2.8,0.7,,,271.0,,,,73.0,0.0,,,1.440443,,"{""Accumulated Rainfall (24 hours)"": {""unit"": ""mm"", ""value"": 0.0}}"
2026-08-18T20:30:00+00:00,2026-08-18T20:33:33.171191+00:00,2026-08-18T20:33:33.171191+00:00,2026-08-18 23:20 (Local Time),TEPAK,,,,,1,9,25.0,,25.6,25.0,1.8,0.1,,,288.0,,,,73.0,0.0,,,0.925999,,"{""Accumulated Rainfall (24 hours)"": {""unit"": ""mm"", ""value"": 0.0}}"
2026-08-18T20:50:00+00:00,2026-08-18T20:53:45.444725+00:00,2026-08-18T20:53:45.444725+00:00,2026-08-18 23:40 (Local Time),TEPAK,,,,,1,9,24.8,,25.6,24.8,0.8,0.2,,,258.0,,,,73.0,0.0,,,0.411555,,"{""Accumulated Rainfall (24 hours)"": {""unit"": ""mm"", ""value"": 0.0}}"
2026-08-18T21:10:00+00:00,2026-08-18T21:11:04.864270+00:00,2026-08-18T21:11:04.864270+00:00,2026-08-19 00:00 (Local Time),TEPAK,,,,,1,9,24.7,,25.6,24.7,0.8,0.0,,,289.0,,,,73.0,0.0,,,0.411555,,"{""Accumulated Rainfall (24 hours)"": {""unit"": ""mm"", ""value"": 0.0}}"
2026-08-18T21:30:00+00:00,2026-08-18T21:37:49.180065+00:00,2026-08-18T21:37:49.180065+00:00,2026-08-19 00:30 (Local Time),TEPAK,,,,,1,9,24.5,,25.6,24.5,0.0,0.0,,,277.0,,,,74.0,0.0,,,0.0,,"{""Accumulated Rainfall (24 hours)"": {""unit"": ""mm"", ""value"": 0.0}}"
2026-08-18T21:50:00+00:00,2026-08-18T21:54:29.451873+00:00,2026-08-18T21:54:29.451873+00:00,2026-08-19 00:40 (Local Time),TEPAK,,,,,1,9,24.5,,25.6,24.5,0.8,0.0,,,358.0,,,,74.0,0.0,,,0.411555,,"{""Accumulated Rainfall (24 hours)"": {""unit"": ""mm"", ""value"": 0.0}}"
2026-08-18T22:10:00+00:00,2026-08-18T22:10:40.269696+00:00,2026-08-18T22:10:40.269696+00:00,2026-08-19 01:00 (Local Time),TEPAK,,,,,1,9,24.8,,25.6,24.5,0.0,0.2,,,135.0,,,,74.0,0.0,,,0.0,,"{""Accumulated Rainfall (24 hours)"": {""unit"": ""mm"", ""value"": 0.0}}"
2026-08-18T22:40:00+00:00,2026-08-18T22:41:02.557644+00:00,2026-08-18T22:41:02.557644+00:00,2026-08-19 01:30 (Local Time),TEPAK,,,,,1,9,24.8,,25.6,24.5,1.2,0.3,,,79.0,,,,74.0,0.0,,,0.617333,,"{""Accumulated Rainfall (24 hours)"": {""unit"": ""mm"", ""value"": 0.0}}"
2026-08-18T22:50:00+00:00,2026-08-18T22:59:35.583742+00:00,2026-08-18T22:59:35.583742+00:00,2026-08-19 01:50 (Local Time),TEPAK,,,,,1,9,24.8,,25.6,24.5,1.0,0.4,,,99.0,,,,74.0,0.0,,,0.514444,,"{""Accumulated Rainfall (24 hours)"": {""unit"": ""mm"", ""value"": 0.0}}"
2026-08-18T23:20:00+00:00,2026-08-18T23:29:27.986203+00:00,2026-08-18T23:29:27.986203+00:00,2026-08-19 02:20 (Local Time),TEPAK,,,,,1,9,24.7,,25.6,24.5,0.9,0.1,,,113.0,,,,73.0,0.0,,,0.463,,"{""Accumulated Rainfall (24 hours)"": {""unit"": ""mm"", ""value"": 0.0}}"
2026-08-18T23:50:00+00:00,2026-08-18T23:50:43.404092+00:00,2026-08-18T23:50:43.404092+00:00,2026-08-19 02:40 (Local Time),TEPAK,,,,,1,9,24.6,,25.6,24.5,1.0,0.3,,,55.0,,,,74.0,0.0,,,0.514444,,"{""Accumulated Rainfall (24 hours)"": {""unit"": ""mm"", ""value"": 0.0}}"
2026-08-19T00:20:00+00:00,2026-08-19T00:23:59.722491+00:00,2026-08-19T00:23:59.722491+00:00,2026-08-19 03:10 (Local Time),TEPAK,,,,,1,9,24.4,,25.6,24.4,1.2,0.2,,,38.0,,,,75.0,0.0,,,0.617333,,"{""Accumulated Rainfall (24 hours)"": {""unit"": ""mm"", ""value"": 0.0}}"
2026-08-19T01:50:00+00:00,2026-08-19T01:57:25.691512+00:00,2026-08-19T01:57:25.691512+00:00,2026-08-19 04:50 (Local Time),TEPAK,,,,,1,9,24.1,,25.6,24.0,2.0,0.3,,,18.0,,,,75.0,0.0,,,1.028888,,"{""Accumulated Rainfall (24 hours)"": {""unit"": ""mm"", ""value"": 0.0}}"
2026-08-19T02:50:00+00:00,2026-08-19T02:53:39.118103+00:00,2026-08-19T02:53:39.118103+00:00,2026-08-19 05:40 (Local Time),TEPAK,,,,,1,9,24.4,,25.6,24.0,1.7,0.2,,,23.0,,,,73.0,0.0,,,0.874555,,"{""Accumulated Rainfall (24 hours)"": {""unit"": ""mm"", ""value"": 0.0}}"
2026-08-19T03:30:00+00:00,2026-08-19T03:34:45.199692+00:00,2026-08-19T03:34:45.199692+00:00,2026-08-19 06:20 (Local Time),TEPAK,,,,,1,9,24.2,,25.6,24.0,1.0,0.1,,,88.0,,,,73.0,0.0,,,0.514444,,"{""Accumulated Rainfall (24 hours)"": {""unit"": ""mm"", ""value"": 0.0}}"
2026-08-19T04:10:00+00:00,2026-08-19T04:18:19.383602+00:00,2026-08-19T04:18:19.383602+00:00,2026-08-19 07:10 (Local Time),TEPAK,,,,,1,9,25.8,,26.0,24.0,0.0,0.1,,,31.0,,,,70.0,0.0,,,0.0,,"{""Accumulated Rainfall (24 hours)"": {""unit"": ""mm"", ""value"": 0.0}}"
2026-08-19T04:50:00+00:00,2026-08-19T04:57:06.296841+00:00,2026-08-19T04:57:06.296841+00:00,2026-08-19 07:50 (Local Time),TEPAK,,,,,1,9,29.3,,29.5,24.0,1.7,0.6,,,51.0,,,,59.0,0.0,,,0.874555,,"{""Accumulated Rainfall (24 hours)"": {""unit"": ""mm"", ""value"": 0.0}}"
2026-08-19T05:20:00+00:00,2026-08-19T05:25:24.544588+00:00,2026-08-19T05:25:24.544588+00:00,2026-08-19 08:20 (Local Time),TEPAK,,,,,1,9,29.6,,29.9,24.0,2.7,1.2,,,81.0,,,,57.0,0.0,,,1.388999,,"{""Accumulated Rainfall (24 hours)"": {""unit"": ""mm"", ""value"": 0.0}}"
2026-08-19T05:50:00+00:00,2026-08-19T05:53:41.768577+00:00,2026-08-19T05:53:41.768577+00:00,2026-08-19 08:40 (Local Time),TEPAK,,,,,1,9,30.0,,30.2,24.0,2.0,1.0,,,75.0,,,,57.0,0.0,,,1.028888,,"{""Accumulated Rainfall (24 hours)"": {""unit"": ""mm"", ""value"": 0.0}}"
2026-08-19T06:20:00+00:00,2026-08-19T06:20:10.844040+00:00,2026-08-19T06:20:10.844040+00:00,2026-08-19 09:10 (Local Time),TEPAK,,,,,1,9,29.3,,30.2,24.0,1.8,0.9,,,136.0,,,,59.0,0.0,,,0.925999,,"{""Accumulated Rainfall (24 hours)"": {""unit"": ""mm"", ""value"": 0.0}}"
2026-08-19T07:10:00+00:00,2026-08-19T07:11:32.422748+00:00,2026-08-19T07:11:32.422748+00:00,2026-08-19 10:00 (Local Time),TEPAK,,,,,1,9,28.1,,30.2,24.0,3.5,1.7,,,155.0,,,,63.0,0.0,,,1.800554,,"{""Accumulated Rainfall (24 hours)"": {""unit"": ""mm"", ""value"": 0.0}}"
2026-08-19T07:50:00+00:00,2026-08-19T07:53:52.388325+00:00,2026-08-19T07:53:52.388325+00:00,2026-08-19 10:40 (Local Time),TEPAK,,,,,1,9,28.8,,30.2,24.0,3.4,1.4,,,152.0,,,,61.0,0.0,,,1.74911,,"{""Accumulated Rainfall (24 hours)"": {""unit"": ""mm"", ""value"": 0.0}}"
2026-08-19T08:20:00+00:00,2026-08-19T08:20:15.557867+00:00,2026-08-19T08:20:15.557867+00:00,2026-08-19 11:10 (Local Time),TEPAK,,,,,1,9,29.9,,30.2,24.0,2.9,1.3,,,167.0,,,,59.0,0.0,,,1.491888,,"{""Accumulated Rainfall (24 hours)"": {""unit"": ""mm"", ""value"": 0.0}}"
2026-08-19T08:50:00+00:00,2026-08-19T08:59:55.352292+00:00,2026-08-19T08:59:55.352292+00:00,2026-08-19 11:50 (Local Time),TEPAK,,,,,1,9,30.0,,30.6,24.0,3.6,1.5,,,150.0,,,,59.0,0.0,,,1.851998,,"{""Accumulated Rainfall (24 hours)"": {""unit"": ""mm"", ""value"": 0.0}}"
2026-08-19T09:40:00+00:00,2026-08-19T09:41:43.896275+00:00,2026-08-19T09:41:43.896275+00:00,2026-08-19 12:30 (Local Time),TEPAK,,,,,1,9,29.1,,30.7,24.0,3.8,1.8,,,144.0,,,,64.0,0.0,,,1.954887,,"{""Accumulated Rainfall (24 hours)"": {""unit"": ""mm"", ""value"": 0.0}}"
2026-08-19T10:00:00+00:00,2026-08-19T10:03:31.576457+00:00,2026-08-19T10:03:31.576457+00:00,2026-08-19 12:50 (Local Time),TEPAK,,,,,1,9,30.1,,30.7,24.0,4.3,1.7,,,157.0,,,,61.0,0.0,,,2.212109,,"{""Accumulated Rainfall (24 hours)"": {""unit"": ""mm"", ""value"": 0.0}}"
2026-08-19T10:30:00+00:00,2026-08-19T10:38:12.499941+00:00,2026-08-19T10:38:12.499941+00:00,2026-08-19 13:30 (Local Time),TEPAK,,,,,1,9,30.3,,30.8,24.0,5.1,2.2,,,154.0,,,,59.0,0.0,,,2.623664,,"{""Accumulated Rainfall (24 hours)"": {""unit"": ""mm"", ""value"": 0.0}}"
2026-08-19T11:00:00+00:00,2026-08-19T11:01:28.994910+00:00,2026-08-19T11:01:28.994910+00:00,2026-08-19 13:50 (Local Time),TEPAK,,,,,1,9,32.2,,32.4,24.0,5.1,1.9,,,215.0,,,,51.0,0.0,,,2.623664,,"{""Accumulated Rainfall (24 hours)"": {""unit"": ""mm"", ""value"": 0.0}}"
2026-08-19T11:30:00+00:00,2026-08-19T11:33:39.621095+00:00,2026-08-19T11:33:39.621095+00:00,2026-08-19 14:20 (Local Time),TEPAK,,,,,1,9,33.1,,33.2,24.0,4.1,1.9,,,199.0,,,,49.0,0.0,,,2.10922,,"{""Accumulated Rainfall (24 hours)"": {""unit"": ""mm"", ""value"": 0.0}}"
2026-08-19T11:50:00+00:00,2026-08-19T11:54:21.595172+00:00,2026-08-19T11:54:21.595172+00:00,2026-08-19 14:40 (Local Time),TEPAK,,,,,1,9,32.4,,33.2,24.0,4.0,1.9,,,193.0,,,,49.0,0.0,,,2.057776,,"{""Accumulated Rainfall (24 hours)"": {""unit"": ""mm"", ""value"": 0.0}}"
2026-08-19T12:20:00+00:00,2026-08-19T12:20:37.787551+00:00,2026-08-19T12:20:37.787551+00:00,2026-08-19 15:10 (Local Time),TEPAK,,,,,1,9,32.5,,33.2,24.0,4.0,1.1,,,229.0,,,,48.0,0.0,,,2.057776,,"{""Accumulated Rainfall (24 hours)"": {""unit"": ""mm"", ""value"": 0.0}}"
2026-08-19T13:10:00+00:00,2026-08-19T13:16:23.941545+00:00,2026-08-19T13:16:23.941545+00:00,2026-08-19 16:10 (Local Time),TEPAK,,,,,1,9,33.1,,33.4,24.0,5.2,1.4,,,213.0,,,,44.0,0.0,,,2.675109,,"{""Accumulated Rainfall (24 hours)"": {""unit"": ""mm"", ""value"": 0.0}}"
2026-08-19T13:50:00+00:00,2026-08-19T13:59:27.434365+00:00,2026-08-19T13:59:27.434365+00:00,2026-08-19 16:50 (Local Time),TEPAK,,,,,1,9,31.9,,33.4,24.0,2.8,1.0,,,265.0,,,,45.0,0.0,,,1.440443,,"{""Accumulated Rainfall (24 hours)"": {""unit"": ""mm"", ""value"": 0.0}}"
2026-08-19T14:40:00+00:00,2026-08-19T14:42:39.007412+00:00,2026-08-19T14:42:39.007412+00:00,2026-08-19 17:30 (Local Time),TEPAK,,,,,1,9,30.5,,33.4,24.0,2.2,0.9,,,263.0,,,,48.0,0.0,,,1.131777,,"{""Accumulated Rainfall (24 hours)"": {""unit"": ""mm"", ""value"": 0.0}}"
2026-08-19T15:00:00+00:00,2026-08-19T15:07:16.799788+00:00,2026-08-19T15:07:16.799788+00:00,2026-08-19 18:00 (Local Time),TEPAK,,,,,1,9,29.9,,33.4,24.0,2.2,0.9,,,255.0,,,,53.0,0.0,,,1.131777,,"{""Accumulated Rainfall (24 hours)"": {""unit"": ""mm"", ""value"": 0.0}}"
2026-08-19T15:40:00+00:00,2026-08-19T15:41:50.760258+00:00,2026-08-19T15:41:50.760258+00:00,2026-08-19 18:30 (Local Time),TEPAK,,,,,1,9,28.9,,33.4,24.0,2.3,0.8,,,236.0,,,,59.0,0.0,,,1.183221,,"{""Accumulated Rainfall (24 hours)"": {""unit"": ""mm"", ""value"": 0.0}}"
2026-08-19T16:00:00+00:00,2026-08-19T16:02:56.229784+00:00,2026-08-19T16:02:56.229784+00:00,2026-08-19 18:50 (Local Time),TEPAK,,,,,1,9,28.6,,33.4,24.0,2.9,0.8,,,271.0,,,,60.0,0.0,,,1.491888,,"{""Accumulated Rainfall (24 hours)"": {""unit"": ""mm"", ""value"": 0.0}}"
2026-08-19T16:40:00+00:00,2026-08-19T16:40:28.069776+00:00,2026-08-19T16:40:28.069776+00:00,2026-08-19 19:30 (Local Time),TEPAK,,,,,1,9,27.9,,33.4,24.0,1.8,0.7,,,243.0,,,,63.0,0.0,,,0.925999,,"{""Accumulated Rainfall (24 hours)"": {""unit"": ""mm"", ""value"": 0.0}}"
2026-08-19T17:00:00+00:00,2026-08-19T17:02:28.119224+00:00,2026-08-19T17:02:28.119224+00:00,2026-08-19 19:50 (Local Time),TEPAK,,,,,1,9,27.5,,33.4,24.0,1.7,0.9,,,237.0,,,,64.0,0.0,,,0.874555,,"{""Accumulated Rainfall (24 hours)"": {""unit"": ""mm"", ""value"": 0.0}}"
2026-08-19T17:30:00+00:00,2026-08-19T17:34:05.900061+00:00,2026-08-19T17:34:05.900061+00:00,2026-08-19 20:20 (Local Time),TEPAK,,,,,1,9,27.2,,33.4,24.0,2.1,0.3,,,294.0,,,,65.0,0.0,,,1.080332,,"{""Accumulated Rainfall (24 hours)"": {""unit"": ""mm"", ""value"": 0.0}}"
2026-08-19T17:50:00+00:00,2026-08-19T17:53:55.471146+00:00,2026-08-19T17:53:55.471146+00:00,2026-08-19 20:40 (Local Time),TEPAK,,,,,1,9,27.1,,33.4,24.0,1.3,0.2,,,283.0,,,,65.0,0.0,,,0.668777,,"{""Accumulated Rainfall (24 hours)"": {""unit"": ""mm"", ""value"": 0.0}}"
2026-08-19T18:10:00+00:00,2026-08-19T18:14:57.441911+00:00,2026-08-19T18:14:57.441911+00:00,2026-08-19 21:00 (Local Time),TEPAK,,,,,1,9,26.9,,26.9,26.9,1.9,0.1,,,276.0,,,,65.0,0.0,,,0.977444,,"{""Accumulated Rainfall (24 hours)"": {""unit"": ""mm"", ""value"": 0.0}}"
2026-08-19T18:50:00+00:00,2026-08-19T18:54:27.453842+00:00,2026-08-19T18:54:27.453842+00:00,2026-08-19 21:40 (Local Time),TEPAK,,,,,1,9,26.6,,26.9,26.6,1.0,0.1,,,223.0,,,,66.0,0.0,,,0.514444,,"{""Accumulated Rainfall (24 hours)"": {""unit"": ""mm"", ""value"": 0.0}}"
2026-08-19T19:10:00+00:00,2026-08-19T19:17:06.382693+00:00,2026-08-19T19:17:06.382693+00:00,2026-08-19 22:10 (Local Time),TEPAK,,,,,1,9,26.3,,26.9,26.3,1.3,0.0,,,295.0,,,,67.0,0.0,,,0.668777,,"{""Accumulated Rainfall (24 hours)"": {""unit"": ""mm"", ""value"": 0.0}}"
2026-08-19T19:40:00+00:00,2026-08-19T19:42:40.651097+00:00,2026-08-19T19:42:40.651097+00:00,2026-08-19 22:30 (Local Time),TEPAK,,,,,1,9,26.2,,26.9,26.2,0.9,0.1,,,139.0,,,,67.0,0.0,,,0.463,,"{""Accumulated Rainfall (24 hours)"": {""unit"": ""mm"", ""value"": 0.0}}"
2026-08-19T19:50:00+00:00,2026-08-19T19:58:54.012424+00:00,2026-08-19T19:58:54.012424+00:00,2026-08-19 22:50 (Local Time),TEPAK,,,,,1,9,26.5,,26.9,26.2,1.7,0.4,,,88.0,,,,68.0,0.0,,,0.874555,,"{""Accumulated Rainfall (24 hours)"": {""unit"": ""mm"", ""value"": 0.0}}"
2026-08-19T20:30:00+00:00,2026-08-19T20:37:59.904282+00:00,2026-08-19T20:37:59.904282+00:00,2026-08-19 23:30 (Local Time),TEPAK,,,,,1,9,26.1,,26.9,26.1,1.6,0.4,,,70.0,,,,71.0,0.0,,,0.82311,,"{""Accumulated Rainfall (24 hours)"": {""unit"": ""mm"", ""value"": 0.0}}"
2026-08-19T21:00:00+00:00,2026-08-19T21:02:40.756576+00:00,2026-08-19T21:02:40.756576+00:00,2026-08-19 23:50 (Local Time),TEPAK,,,,,1,9,25.9,,26.9,25.9,1.5,0.5,,,73.0,,,,69.0,0.0,,,0.771666,,"{""Accumulated Rainfall (24 hours)"": {""unit"": ""mm"", ""value"": 0.0}}"
2026-08-19T21:30:00+00:00,2026-08-19T21:33:44.320052+00:00,2026-08-19T21:33:44.320052+00:00,2026-08-20 00:20 (Local Time),TEPAK,,,,,1,9,25.8,,26.9,25.8,1.3,0.3,,,136.0,,,,70.0,0.0,,,0.668777,,"{""Accumulated Rainfall (24 hours)"": {""unit"": ""mm"", ""value"": 0.0}}"
2026-08-19T21:50:00+00:00,2026-08-19T21:54:24.077545+00:00,2026-08-19T21:54:24.077545+00:00,2026-08-20 00:40 (Local Time),TEPAK,,,,,1,9,25.6,,26.9,25.5,0.0,0.0,,,25.0,,,,70.0,0.0,,,0.0,,"{""Accumulated Rainfall (24 hours)"": {""unit"": ""mm"", ""value"": 0.0}}"
2026-08-19T22:10:00+00:00,2026-08-19T22:12:50.506869+00:00,2026-08-19T22:12:50.506869+00:00,2026-08-20 01:00 (Local Time),TEPAK,,,,,1,9,25.2,,26.9,25.1,1.3,0.0,,,331.0,,,,71.0,0.0,,,0.668777,,"{""Accumulated Rainfall (24 hours)"": {""unit"": ""mm"", ""value"": 0.0}}"
2026-08-19T22:40:00+00:00,2026-08-19T22:41:01.124367+00:00,2026-08-19T22:41:01.124367+00:00,2026-08-20 01:30 (Local Time),TEPAK,,,,,1,9,24.9,,26.9,24.9,0.0,0.0,,,294.0,,,,67.0,0.0,,,0.0,,"{""Accumulated Rainfall (24 hours)"": {""unit"": ""mm"", ""value"": 0.0}}"
2026-08-19T23:00:00+00:00,2026-08-19T23:00:39.151070+00:00,2026-08-19T23:00:39.151070+00:00,2026-08-20 01:50 (Local Time),TEPAK,,,,,1,9,24.7,,26.9,24.7,0.0,0.0,,,284.0,,,,67.0,0.0,,,0.0,,"{""Accumulated Rainfall (24 hours)"": {""unit"": ""mm"", ""value"": 0.0}}"
2026-08-19T23:30:00+00:00,2026-08-19T23:30:46.349700+00:00,2026-08-19T23:30:46.349700+00:00,2026-08-20 02:20 (Local Time),TEPAK,,,,,1,9,24.4,,26.9,24.4,0.0,0.0,,,---,,,,68.0,0.0,,,0.0,,"{""Accumulated Rainfall (24 hours)"": {""unit"": ""mm"", ""value"": 0.0}}"
2026-08-19T23:50:00+00:00,2026-08-19T23:50:58.918457+00:00,2026-08-19T23:50:58.918457+00:00,2026-08-20 02:40 (Local Time),TEPAK,,,,,1,9,24.2,,26.9,24.2,1.1,0.0,,,181.0,,,,69.0,0.0,,,0.565888,,"{""Accumulated Rainfall (24 hours)"": {""unit"": ""mm"", ""value"": 0.0}}"
2026-08-20T00:20:00+00:00,2026-08-20T00:24:22.842426+00:00,2026-08-20T00:24:22.842426+00:00,2026-08-20 03:10 (Local Time),TEPAK,,,,,1,9,24.2,,26.9,24.1,1.6,0.0,,,156.0,,,,74.0,0.0,,,0.82311,,"{""Accumulated Rainfall (24 hours)"": {""unit"": ""mm"", ""value"": 0.0}}"
2026-08-20T01:50:00+00:00,2026-08-20T01:56:47.374374+00:00,2026-08-20T01:56:47.374374+00:00,2026-08-20 04:50 (Local Time),TEPAK,,,,,1,9,23.3,,26.9,23.2,1.8,0.0,,,337.0,,,,75.0,0.0,,,0.925999,,"{""Accumulated Rainfall (24 hours)"": {""unit"": ""mm"", ""value"": 0.0}}"
2026-08-20T02:50:00+00:00,2026-08-20T02:52:05.733614+00:00,2026-08-20T02:52:05.733614+00:00,2026-08-20 05:40 (Local Time),TEPAK,,,,,1,9,23.4,,26.9,23.2,0.9,0.0,,,356.0,,,,71.0,0.0,,,0.463,,"{""Accumulated Rainfall (24 hours)"": {""unit"": ""mm"", ""value"": 0.0}}"
2026-08-20T03:30:00+00:00,2026-08-20T03:34:39.399331+00:00,2026-08-20T03:34:39.399331+00:00,2026-08-20 06:20 (Local Time),TEPAK,,,,,1,9,23.3,,26.9,23.2,1.8,0.0,,,341.0,,,,72.0,0.0,,,0.925999,,"{""Accumulated Rainfall (24 hours)"": {""unit"": ""mm"", ""value"": 0.0}}"
2026-08-20T04:10:00+00:00,2026-08-20T04:18:05.120997+00:00,2026-08-20T04:18:05.120997+00:00,2026-08-20 07:10 (Local Time),TEPAK,,,,,1,9,25.3,,26.9,23.2,0.7,0.0,,,350.0,,,,65.0,0.0,,,0.360111,,"{""Accumulated Rainfall (24 hours)"": {""unit"": ""mm"", ""value"": 0.0}}"
2026-08-20T04:50:00+00:00,2026-08-20T04:58:51.324723+00:00,2026-08-20T04:58:51.324723+00:00,2026-08-20 07:50 (Local Time),TEPAK,,,,,1,9,30.0,,30.2,23.2,1.8,0.8,,,80.0,,,,57.0,0.0,,,0.925999,,"{""Accumulated Rainfall (24 hours)"": {""unit"": ""mm"", ""value"": 0.0}}"
2026-08-20T05:30:00+00:00,2026-08-20T05:38:53.537901+00:00,2026-08-20T05:38:53.537901+00:00,2026-08-20 08:30 (Local Time),TEPAK,,,,,1,9,30.5,,30.6,23.2,1.2,0.8,,,53.0,,,,61.0,0.0,,,0.617333,,"{""Accumulated Rainfall (24 hours)"": {""unit"": ""mm"", ""value"": 0.0}}"
2026-08-20T06:00:00+00:00,2026-08-20T06:02:36.456628+00:00,2026-08-20T06:02:36.456628+00:00,2026-08-20 08:50 (Local Time),TEPAK,,,,,1,9,30.5,,31.3,23.2,2.0,1.1,,,149.0,,,,60.0,0.0,,,1.028888,,"{""Accumulated Rainfall (24 hours)"": {""unit"": ""mm"", ""value"": 0.0}}"
2026-08-20T06:50:00+00:00,2026-08-20T06:59:22.651131+00:00,2026-08-20T06:59:22.651131+00:00,2026-08-20 09:50 (Local Time),TEPAK,,,,,1,9,28.6,,31.3,23.2,2.3,1.2,,,151.0,,,,66.0,0.0,,,1.183221,,"{""Accumulated Rainfall (24 hours)"": {""unit"": ""mm"", ""value"": 0.0}}"
2026-08-20T07:40:00+00:00,2026-08-20T07:49:34.862162+00:00,2026-08-20T07:49:34.862162+00:00,2026-08-20 10:40 (Local Time),TEPAK,,,,,1,9,29.9,,31.3,23.2,4.7,1.6,,,178.0,,,,64.0,0.0,,,2.417887,,"{""Accumulated Rainfall (24 hours)"": {""unit"": ""mm"", ""value"": 0.0}}"
2026-08-20T08:20:00+00:00,2026-08-20T08:20:19.552206+00:00,2026-08-20T08:20:19.552206+00:00,2026-08-20 11:10 (Local Time),TEPAK,,,,,1,9,30.3,,31.3,23.2,4.1,1.6,,,161.0,,,,62.0,0.0,,,2.10922,,"{""Accumulated Rainfall (24 hours)"": {""unit"": ""mm"", ""value"": 0.0}}"
2026-08-20T09:00:00+00:00,2026-08-20T09:01:17.519133+00:00,2026-08-20T09:01:17.519133+00:00,2026-08-20 11:50 (Local Time),TEPAK,,,,,1,9,30.4,,31.3,23.2,4.9,1.9,,,162.0,,,,64.0,0.0,,,2.520776,,"{""Accumulated Rainfall (24 hours)"": {""unit"": ""mm"", ""value"": 0.0}}"
2026-08-20T09:40:00+00:00,2026-08-20T09:43:33.579324+00:00,2026-08-20T09:43:33.579324+00:00,2026-08-20 12:30 (Local Time),TEPAK,,,,,1,9,30.3,,31.3,23.2,6.0,2.1,,,168.0,,,,64.0,0.0,,,3.086664,,"{""Accumulated Rainfall (24 hours)"": {""unit"": ""mm"", ""value"": 0.0}}"
2026-08-20T10:00:00+00:00,2026-08-20T10:06:04.071841+00:00,2026-08-20T10:06:04.071841+00:00,2026-08-20 13:00 (Local Time),TEPAK,,,,,1,9,31.7,,31.9,23.2,4.2,1.5,,,171.0,,,,60.0,0.0,,,2.160665,,"{""Accumulated Rainfall (24 hours)"": {""unit"": ""mm"", ""value"": 0.0}}"
2026-08-20T10:40:00+00:00,2026-08-20T10:41:50.232075+00:00,2026-08-20T10:41:50.232075+00:00,2026-08-20 13:30 (Local Time),TEPAK,,,,,1,9,31.0,,32.0,23.2,4.7,1.7,,,164.0,,,,62.0,0.0,,,2.417887,,"{""Accumulated Rainfall (24 hours)"": {""unit"": ""mm"", ""value"": 0.0}}"
2026-08-20T11:00:00+00:00,2026-08-20T11:03:25.565865+00:00,2026-08-20T11:03:25.565865+00:00,2026-08-20 13:50 (Local Time),TEPAK,,,,,1,9,30.4,,32.0,23.2,5.8,2.1,,,161.0,,,,61.0,0.0,,,2.983775,,"{""Accumulated Rainfall (24 hours)"": {""unit"": ""mm"", ""value"": 0.0}}"
2026-08-20T11:30:00+00:00,2026-08-20T11:35:37.091481+00:00,2026-08-20T11:35:37.091481+00:00,2026-08-20 14:30 (Local Time),TEPAK,,,,,1,9,33.9,,34.2,23.2,4.0,1.3,,,241.0,,,,45.0,0.0,,,2.057776,,"{""Accumulated Rainfall (24 hours)"": {""unit"": ""mm"", ""value"": 0.0}}"
2026-08-20T11:50:00+00:00,2026-08-20T11:57:43.347373+00:00,2026-08-20T11:57:43.347373+00:00,2026-08-20 14:50 (Local Time),TEPAK,,,,,1,9,33.8,,34.2,23.2,3.8,1.0,,,267.0,,,,43.0,0.0,,,1.954887,,"{""Accumulated Rainfall (24 hours)"": {""unit"": ""mm"", ""value"": 0.0}}"
2026-08-20T13:00:00+00:00,2026-08-20T13:04:28.064393+00:00,2026-08-20T13:04:28.064393+00:00,2026-08-20 15:50 (Local Time),TEPAK,,,,,1,9,34.0,,34.5,23.2,3.7,1.6,,,239.0,,,,46.0,0.0,,,1.903443,,"{""Accumulated Rainfall (24 hours)"": {""unit"": ""mm"", ""value"": 0.0}}"
2026-08-20T13:50:00+00:00,2026-08-20T13:53:50.387068+00:00,2026-08-20T13:53:50.387068+00:00,2026-08-20 16:40 (Local Time),TEPAK,,,,,1,9,33.7,,34.5,23.2,3.2,1.2,,,223.0,,,,38.0,0.0,,,1.646221,,"{""Accumulated Rainfall (24 hours)"": {""unit"": ""mm"", ""value"": 0.0}}"
2026-08-20T14:20:00+00:00,2026-08-20T14:22:56.179013+00:00,2026-08-20T14:22:56.179013+00:00,2026-08-20 17:10 (Local Time),TEPAK,,,,,1,9,32.2,,34.5,23.2,3.8,1.5,,,230.0,,,,51.0,0.0,,,1.954887,,"{""Accumulated Rainfall (24 hours)"": {""unit"": ""mm"", ""value"": 0.0}}"
2026-08-20T14:50:00+00:00,2026-08-20T14:59:53.693389+00:00,2026-08-20T14:59:53.693389+00:00,2026-08-20 17:50 (Local Time),TEPAK,,,,,1,9,30.9,,34.5,23.2,2.8,0.9,,,217.0,,,,61.0,0.0,,,1.440443,,"{""Accumulated Rainfall (24 hours)"": {""unit"": ""mm"", ""value"": 0.0}}"
2026-08-20T15:40:00+00:00,2026-08-20T15:41:38.178712+00:00,2026-08-20T15:41:38.178712+00:00,2026-08-20 18:30 (Local Time),TEPAK,,,,,1,9,30.6,,34.5,23.2,1.6,0.9,,,257.0,,,,61.0,0.0,,,0.82311,,"{""Accumulated Rainfall (24 hours)"": {""unit"": ""mm"", ""value"": 0.0}}"
2026-08-20T16:00:00+00:00,2026-08-20T16:04:23.594640+00:00,2026-08-20T16:04:23.594640+00:00,2026-08-20 18:50 (Local Time),TEPAK,,,,,1,9,30.3,,34.5,23.2,1.2,0.7,,,270.0,,,,62.0,0.0,,,0.617333,,"{""Accumulated Rainfall (24 hours)"": {""unit"": ""mm"", ""value"": 0.0}}"
2026-08-20T16:40:00+00:00,2026-08-20T16:46:38.617237+00:00,2026-08-20T16:46:38.617237+00:00,2026-08-20 19:40 (Local Time),TEPAK,,,,,1,9,29.6,,34.5,23.2,1.3,0.3,,,245.0,,,,65.0,0.0,,,0.668777,,"{""Accumulated Rainfall (24 hours)"": {""unit"": ""mm"", ""value"": 0.0}}"
2026-08-20T17:10:00+00:00,2026-08-20T17:13:24.942307+00:00,2026-08-20T17:13:24.942307+00:00,2026-08-20 20:00 (Local Time),TEPAK,,,,,1,9,29.3,,34.5,23.2,0.8,0.0,,,197.0,,,,66.0,0.0,,,0.411555,,"{""Accumulated Rainfall (24 hours)"": {""unit"": ""mm"", ""value"": 0.0}}"
2026-08-20T17:40:00+00:00,2026-08-20T17:45:31.150981+00:00,2026-08-20T17:45:31.150981+00:00,2026-08-20 20:40 (Local Time),TEPAK,,,,,1,9,28.5,,34.5,23.2,1.4,0.2,,,180.0,,,,70.0,0.0,,,0.720222,,"{""Accumulated Rainfall (24 hours)"": {""unit"": ""mm"", ""value"": 0.0}}"
2026-08-20T18:00:00+00:00,2026-08-20T18:04:28.682915+00:00,2026-08-20T18:04:28.682915+00:00,2026-08-20 20:50 (Local Time),TEPAK,,,,,1,9,28.2,,34.5,23.2,1.7,0.7,,,175.0,,,,71.0,0.0,,,0.874555,,"{""Accumulated Rainfall (24 hours)"": {""unit"": ""mm"", ""value"": 0.0}}"
2026-08-20T18:50:00+00:00,2026-08-20T18:54:21.885518+00:00,2026-08-20T18:54:21.885518+00:00,2026-08-20 21:40 (Local Time),TEPAK,,,,,1,9,27.5,,27.9,27.5,0.0,0.0,,,---,,,,74.0,0.0,,,0.0,,"{""Accumulated Rainfall (24 hours)"": {""unit"": ""mm"", ""value"": 0.0}}"
2026-08-20T19:20:00+00:00,2026-08-20T19:22:22.840179+00:00,2026-08-20T19:22:22.840179+00:00,2026-08-20 22:10 (Local Time),TEPAK,,,,,1,9,27.2,,27.9,27.2,0.0,0.0,,,---,,,,75.0,0.0,,,0.0,,"{""Accumulated Rainfall (24 hours)"": {""unit"": ""mm"", ""value"": 0.0}}"
2026-08-20T19:50:00+00:00,2026-08-20T19:50:45.785490+00:00,2026-08-20T19:50:45.785490+00:00,2026-08-20 22:40 (Local Time),TEPAK,,,,,1,9,27.3,,27.9,27.2,1.1,0.0,,,92.0,,,,74.0,0.0,,,0.565888,,"{""Accumulated Rainfall (24 hours)"": {""unit"": ""mm"", ""value"": 0.0}}"
2026-08-20T20:10:00+00:00,2026-08-20T20:13:46.206669+00:00,2026-08-20T20:13:46.206669+00:00,2026-08-20 23:00 (Local Time),TEPAK,,,,,1,9,27.6,,27.9,27.2,1.6,0.3,,,86.0,,,,73.0,0.0,,,0.82311,,"{""Accumulated Rainfall (24 hours)"": {""unit"": ""mm"", ""value"": 0.0}}"
2026-08-20T20:40:00+00:00,2026-08-20T20:46:56.136471+00:00,2026-08-20T20:46:56.136471+00:00,2026-08-20 23:40 (Local Time),TEPAK,,,,,1,9,27.1,,27.9,27.1,0.8,0.0,,,341.0,,,,70.0,0.0,,,0.411555,,"{""Accumulated Rainfall (24 hours)"": {""unit"": ""mm"", ""value"": 0.0}}"
2026-08-20T21:10:00+00:00,2026-08-20T21:11:52.962744+00:00,2026-08-20T21:11:52.962744+00:00,2026-08-21 00:00 (Local Time),TEPAK,,,,,1,9,26.8,,27.9,26.8,0.9,0.0,,,161.0,,,,69.0,0.0,,,0.463,,"{""Accumulated Rainfall (24 hours)"": {""unit"": ""mm"", ""value"": 0.0}}"
2026-08-20T21:40:00+00:00,2026-08-20T21:43:08.549764+00:00,2026-08-20T21:43:08.549764+00:00,2026-08-21 00:30 (Local Time),TEPAK,,,,,1,9,26.4,,27.9,26.3,1.7,0.0,,,300.0,,,,72.0,0.0,,,0.874555,,"{""Accumulated Rainfall (24 hours)"": {""unit"": ""mm"", ""value"": 0.0}}"
2026-08-20T22:00:00+00:00,2026-08-20T22:01:36.406567+00:00,2026-08-20T22:01:36.406567+00:00,2026-08-21 00:50 (Local Time),TEPAK,,,,,1,9,26.6,,27.9,26.1,2.4,0.4,,,303.0,,,,59.0,0.0,,,1.234666,,"{""Accumulated Rainfall (24 hours)"": {""unit"": ""mm"", ""value"": 0.0}}"
2026-08-20T22:30:00+00:00,2026-08-20T22:36:29.120331+00:00,2026-08-20T22:36:29.120331+00:00,2026-08-21 01:30 (Local Time),TEPAK,,,,,1,9,25.8,,27.9,25.7,2.0,0.0,,,306.0,,,,55.0,0.0,,,1.028888,,"{""Accumulated Rainfall (24 hours)"": {""unit"": ""mm"", ""value"": 0.0}}"
2026-08-20T22:50:00+00:00,2026-08-20T22:59:30.879388+00:00,2026-08-20T22:59:30.879388+00:00,2026-08-21 01:50 (Local Time),TEPAK,,,,,1,9,25.5,,27.9,25.4,1.8,0.0,,,352.0,,,,51.0,0.0,,,0.925999,,"{""Accumulated Rainfall (24 hours)"": {""unit"": ""mm"", ""value"": 0.0}}"
2026-08-20T23:30:00+00:00,2026-08-20T23:33:36.523051+00:00,2026-08-20T23:33:36.523051+00:00,2026-08-21 02:20 (Local Time),TEPAK,,,,,1,9,25.1,,27.9,25.0,0.7,0.0,,,158.0,,,,53.0,0.0,,,0.360111,,"{""Accumulated Rainfall (24 hours)"": {""unit"": ""mm"", ""value"": 0.0}}"
2026-08-20T23:50:00+00:00,2026-08-20T23:53:43.838753+00:00,2026-08-20T23:53:43.838753+00:00,2026-08-21 02:40 (Local Time),TEPAK,,,,,1,9,24.7,,27.9,24.7,1.4,0.1,,,329.0,,,,56.0,0.0,,,0.720222,,"{""Accumulated Rainfall (24 hours)"": {""unit"": ""mm"", ""value"": 0.0}}"
2026-08-21T00:20:00+00:00,2026-08-21T00:29:00.102344+00:00,2026-08-21T00:29:00.102344+00:00,2026-08-21 03:20 (Local Time),TEPAK,,,,,1,9,24.9,,27.9,24.6,2.3,0.4,,,153.0,,,,65.0,0.0,,,1.183221,,"{""Accumulated Rainfall (24 hours)"": {""unit"": ""mm"", ""value"": 0.0}}"
2026-08-21T02:10:00+00:00,2026-08-21T02:10:07.130994+00:00,2026-08-21T02:10:07.130994+00:00,2026-08-21 05:00 (Local Time),TEPAK,,,,,1,9,23.8,,27.9,23.6,0.9,0.0,,,15.0,,,,68.0,0.0,,,0.463,,"{""Accumulated Rainfall (24 hours)"": {""unit"": ""mm"", ""value"": 0.0}}"
2026-08-21T03:10:00+00:00,2026-08-21T03:15:41.034191+00:00,2026-08-21T03:15:41.034191+00:00,2026-08-21 06:10 (Local Time),TEPAK,,,,,1,9,25.1,,27.9,23.6,2.0,0.3,,,26.0,,,,80.0,0.0,,,1.028888,,"{""Accumulated Rainfall (24 hours)"": {""unit"": ""mm"", ""value"": 0.0}}"
2026-08-21T04:00:00+00:00,2026-08-21T04:03:16.605758+00:00,2026-08-21T04:03:16.605758+00:00,2026-08-21 06:50 (Local Time),TEPAK,,,,,1,9,25.5,,27.9,23.6,1.3,0.3,,,29.0,,,,81.0,0.0,,,0.668777,,"{""Accumulated Rainfall (24 hours)"": {""unit"": ""mm"", ""value"": 0.0}}"
2026-08-21T04:40:00+00:00,2026-08-21T04:49:15.684839+00:00,2026-08-21T04:49:15.684839+00:00,2026-08-21 07:40 (Local Time),TEPAK,,,,,1,9,29.6,,29.8,23.6,2.2,0.7,,,44.0,,,,65.0,0.0,,,1.131777,,"{""Accumulated Rainfall (24 hours)"": {""unit"": ""mm"", ""value"": 0.0}}"
2026-08-21T05:20:00+00:00,2026-08-21T05:20:11.716949+00:00,2026-08-21T05:20:11.716949+00:00,2026-08-21 08:10 (Local Time),TEPAK,,,,,1,9,31.4,,31.6,23.6,1.2,0.7,,,43.0,,,,58.0,0.0,,,0.617333,,"{""Accumulated Rainfall (24 hours)"": {""unit"": ""mm"", ""value"": 0.0}}"
2026-08-21T05:50:00+00:00,2026-08-21T05:53:01.453750+00:00,2026-08-21T05:53:01.453750+00:00,2026-08-21 08:40 (Local Time),TEPAK,,,,,1,9,32.1,,32.6,23.6,1.3,0.8,,,165.0,,,,53.0,0.0,,,0.668777,,"{""Accumulated Rainfall (24 hours)"": {""unit"": ""mm"", ""value"": 0.0}}"
2026-08-21T06:20:00+00:00,2026-08-21T06:21:07.925836+00:00,2026-08-21T06:21:07.925836+00:00,2026-08-21 09:10 (Local Time),TEPAK,,,,,1,9,31.5,,33.3,23.6,2.4,1.3,,,161.0,,,,55.0,0.0,,,1.234666,,"{""Accumulated Rainfall (24 hours)"": {""unit"": ""mm"", ""value"": 0.0}}"
2026-08-21T07:10:00+00:00,2026-08-21T07:13:54.140874+00:00,2026-08-21T07:13:54.140874+00:00,2026-08-21 10:00 (Local Time),TEPAK,,,,,1,9,31.2,,33.3,23.6,2.6,1.5,,,175.0,,,,52.0,0.0,,,1.337554,,"{""Accumulated Rainfall (24 hours)"": {""unit"": ""mm"", ""value"": 0.0}}"
2026-08-21T07:50:00+00:00,2026-08-21T07:57:40.323485+00:00,2026-08-21T07:57:40.323485+00:00,2026-08-21 10:50 (Local Time),TEPAK,,,,,1,9,32.6,,33.3,23.6,2.0,1.2,,,152.0,,,,48.0,0.0,,,1.028888,,"{""Accumulated Rainfall (24 hours)"": {""unit"": ""mm"", ""value"": 0.0}}"
2026-08-21T08:50:00+00:00,2026-08-21T08:51:31.012693+00:00,2026-08-21T08:51:31.012693+00:00,2026-08-21 11:40 (Local Time),TEPAK,,,,,1,9,32.7,,33.5,23.6,3.0,1.3,,,142.0,,,,50.0,0.0,,,1.543332,,"{""Accumulated Rainfall (24 hours)"": {""unit"": ""mm"", ""value"": 0.0}}"
2026-08-21T09:20:00+00:00,2026-08-21T09:22:22.276206+00:00,2026-08-21T09:22:22.276206+00:00,2026-08-21 12:10 (Local Time),TEPAK,,,,,1,9,32.8,,33.5,23.6,3.5,1.7,,,147.0,,,,51.0,0.0,,,1.800554,,"{""Accumulated Rainfall (24 hours)"": {""unit"": ""mm"", ""value"": 0.0}}"
2026-08-21T09:50:00+00:00,2026-08-21T09:56:11.495988+00:00,2026-08-21T09:56:11.495988+00:00,2026-08-21 12:50 (Local Time),TEPAK,,,,,1,9,32.7,,33.5,23.6,4.3,1.7,,,162.0,,,,53.0,0.0,,,2.212109,,"{""Accumulated Rainfall (24 hours)"": {""unit"": ""mm"", ""value"": 0.0}}"
2026-08-21T10:20:00+00:00,2026-08-21T10:22:18.862090+00:00,2026-08-21T10:22:18.862090+00:00,2026-08-21 13:10 (Local Time),TEPAK,,,,,1,9,32.5,,33.5,23.6,3.8,1.2,,,178.0,,,,56.0,0.0,,,1.954887,,"{""Accumulated Rainfall (24 hours)"": {""unit"": ""mm"", ""value"": 0.0}}"
2026-08-21T10:50:00+00:00,2026-08-21T10:53:38.534860+00:00,2026-08-21T10:53:38.534860+00:00,2026-08-21 13:40 (Local Time),TEPAK,,,,,1,9,32.1,,33.5,23.6,5.7,2.0,,,164.0,,,,60.0,0.0,,,2.932331,,"{""Accumulated Rainfall (24 hours)"": {""unit"": ""mm"", ""value"": 0.0}}"
2026-08-21T11:10:00+00:00,2026-08-21T11:13:45.006397+00:00,2026-08-21T11:13:45.006397+00:00,2026-08-21 14:00 (Local Time),TEPAK,,,,,1,9,31.7,,33.5,23.6,5.9,2.2,,,160.0,,,,61.0,0.0,,,3.03522,,"{""Accumulated Rainfall (24 hours)"": {""unit"": ""mm"", ""value"": 0.0}}"
2026-08-21T11:40:00+00:00,2026-08-21T11:42:29.074935+00:00,2026-08-21T11:42:29.074935+00:00,2026-08-21 14:30 (Local Time),TEPAK,,,,,1,9,34.3,,34.5,23.6,4.7,1.6,,,185.0,,,,49.0,0.0,,,2.417887,,"{""Accumulated Rainfall (24 hours)"": {""unit"": ""mm"", ""value"": 0.0}}"
2026-08-21T12:00:00+00:00,2026-08-21T12:01:35.277214+00:00,2026-08-21T12:01:35.277214+00:00,2026-08-21 14:50 (Local Time),TEPAK,,,,,1,9,35.3,,35.8,23.6,2.9,1.2,,,215.0,,,,46.0,0.0,,,1.491888,,"{""Accumulated Rainfall (24 hours)"": {""unit"": ""mm"", ""value"": 0.0}}"
2026-08-21T13:00:00+00:00,2026-08-21T13:03:32.010207+00:00,2026-08-21T13:03:32.010207+00:00,2026-08-21 15:50 (Local Time),TEPAK,,,,,1,9,35.7,,35.9,23.6,3.3,1.1,,,269.0,,,,46.0,0.0,,,1.697665,,"{""Accumulated Rainfall (24 hours)"": {""unit"": ""mm"", ""value"": 0.0}}"
2026-08-21T13:50:00+00:00,2026-08-21T13:52:15.907821+00:00,2026-08-21T13:52:15.907821+00:00,2026-08-21 16:40 (Local Time),TEPAK,,,,,1,9,33.6,,35.9,23.6,2.8,1.3,,,272.0,,,,51.0,0.0,,,1.440443,,"{""Accumulated Rainfall (24 hours)"": {""unit"": ""mm"", ""value"": 0.0}}"
2026-08-21T14:20:00+00:00,2026-08-21T14:21:02.841803+00:00,2026-08-21T14:21:02.841803+00:00,2026-08-21 17:10 (Local Time),TEPAK,,,,,1,9,32.5,,35.9,23.6,3.0,1.3,,,254.0,,,,50.0,0.0,,,1.543332,,"{""Accumulated Rainfall (24 hours)"": {""unit"": ""mm"", ""value"": 0.0}}"
2026-08-21T14:50:00+00:00,2026-08-21T14:58:38.100889+00:00,2026-08-21T14:58:38.100889+00:00,2026-08-21 17:50 (Local Time),TEPAK,,,,,1,9,31.4,,35.9,23.6,2.9,1.0,,,236.0,,,,54.0,0.0,,,1.491888,,"{""Accumulated Rainfall (24 hours)"": {""unit"": ""mm"", ""value"": 0.0}}"
2026-08-21T15:40:00+00:00,2026-08-21T15:41:47.607444+00:00,2026-08-21T15:41:47.607444+00:00,2026-08-21 18:30 (Local Time),TEPAK,,,,,1,9,30.4,,35.9,23.6,1.8,0.9,,,245.0,,,,64.0,0.0,,,0.925999,,"{""Accumulated Rainfall (24 hours)"": {""unit"": ""mm"", ""value"": 0.0}}"
2026-08-21T16:00:00+00:00,2026-08-21T16:04:21.708661+00:00,2026-08-21T16:04:21.708661+00:00,2026-08-21 18:50 (Local Time),TEPAK,,,,,1,9,29.7,,35.9,23.6,2.4,0.7,,,264.0,,,,68.0,0.0,,,1.234666,,"{""Accumulated Rainfall (24 hours)"": {""unit"": ""mm"", ""value"": 0.0}}"
2026-08-21T16:40:00+00:00,2026-08-21T16:45:40.411959+00:00,2026-08-21T16:45:40.411959+00:00,2026-08-21 19:40 (Local Time),TEPAK,,,,,1,9,28.4,,35.9,23.6,1.8,0.7,,,269.0,,,,75.0,0.0,,,0.925999,,"{""Accumulated Rainfall (24 hours)"": {""unit"": ""mm"", ""value"": 0.0}}"
2026-08-21T17:10:00+00:00,2026-08-21T17:13:12.361752+00:00,2026-08-21T17:13:12.361752+00:00,2026-08-21 20:00 (Local Time),TEPAK,,,,,1,9,28.0,,35.9,23.6,2.4,0.4,,,283.0,,,,76.0,0.0,,,1.234666,,"{""Accumulated Rainfall (24 hours)"": {""unit"": ""mm"", ""value"": 0.0}}"
2026-08-21T17:40:00+00:00,2026-08-21T17:45:09.362694+00:00,2026-08-21T17:45:09.362694+00:00,2026-08-21 20:40 (Local Time),TEPAK,,,,,1,9,27.5,,35.9,23.6,0.7,0.2,,,226.0,,,,78.0,0.0,,,0.360111,,"{""Accumulated Rainfall (24 hours)"": {""unit"": ""mm"", ""value"": 0.0}}"
2026-08-21T18:00:00+00:00,2026-08-21T18:04:12.487443+00:00,2026-08-21T18:04:12.487443+00:00,2026-08-21 20:50 (Local Time),TEPAK,,,,,1,9,27.5,,35.9,23.6,1.2,0.1,,,275.0,,,,79.0,0.0,,,0.617333,,"{""Accumulated Rainfall (24 hours)"": {""unit"": ""mm"", ""value"": 0.0}}"
2026-08-21T18:50:00+00:00,2026-08-21T18:51:03.754673+00:00,2026-08-21T18:51:03.754673+00:00,2026-08-21 21:40 (Local Time),TEPAK,,,,,1,9,27.3,,27.4,27.3,1.0,0.1,,,263.0,,,,79.0,0.0,,,0.514444,,"{""Accumulated Rainfall (24 hours)"": {""unit"": ""mm"", ""value"": 0.0}}"
2026-08-21T19:10:00+00:00,2026-08-21T19:16:48.465636+00:00,2026-08-21T19:16:48.465636+00:00,2026-08-21 22:10 (Local Time),TEPAK,,,,,1,9,27.1,,27.4,27.1,1.6,0.5,,,218.0,,,,79.0,0.0,,,0.82311,,"{""Accumulated Rainfall (24 hours)"": {""unit"": ""mm"", ""value"": 0.0}}"
2026-08-21T19:40:00+00:00,2026-08-21T19:40:08.714868+00:00,2026-08-21T19:40:08.714868+00:00,2026-08-21 22:30 (Local Time),TEPAK,,,,,1,9,27.0,,27.4,26.9,0.0,0.0,,,315.0,,,,79.0,0.0,,,0.0,,"{""Accumulated Rainfall (24 hours)"": {""unit"": ""mm"", ""value"": 0.0}}"
2026-08-21T19:50:00+00:00,2026-08-21T19:56:37.159299+00:00,2026-08-21T19:56:37.159299+00:00,2026-08-21 22:50 (Local Time),TEPAK,,,,,1,9,26.7,,27.4,26.7,0.0,0.0,,,323.0,,,,80.0,0.0,,,0.0,,"{""Accumulated Rainfall (24 hours)"": {""unit"": ""mm"", ""value"": 0.0}}"
2026-08-21T20:10:00+00:00,2026-08-21T20:18:52.229487+00:00,2026-08-21T20:18:52.229487+00:00,2026-08-21 23:10 (Local Time),TEPAK,,,,,1,9,26.6,,27.4,26.5,0.0,0.0,,,220.0,,,,80.0,0.0,,,0.0,,"{""Accumulated Rainfall (24 hours)"": {""unit"": ""mm"", ""value"": 0.0}}"
2026-08-21T20:40:00+00:00,2026-08-21T20:45:14.167636+00:00,2026-08-21T20:45:14.167636+00:00,2026-08-21 23:40 (Local Time),TEPAK,,,,,1,9,26.3,,27.4,26.3,0.0,0.0,,,270.0,,,,78.0,0.0,,,0.0,,"{""Accumulated Rainfall (24 hours)"": {""unit"": ""mm"", ""value"": 0.0}}"
2026-08-21T21:00:00+00:00,2026-08-21T21:02:14.661845+00:00,2026-08-21T21:02:14.661845+00:00,2026-08-21 23:50 (Local Time),TEPAK,,,,,1,9,26.2,,27.4,26.1,0.0,0.1,,,0.0,,,,76.0,0.0,,,0.0,,"{""Accumulated Rainfall (24 hours)"": {""unit"": ""mm"", ""value"": 0.0}}"
2026-08-21T21:30:00+00:00,2026-08-21T21:32:39.109783+00:00,2026-08-21T21:32:39.109783+00:00,2026-08-22 00:20 (Local Time),TEPAK,,,,,1,9,25.8,,27.4,25.8,0.0,0.0,,,317.0,,,,71.0,0.0,,,0.0,,"{""Accumulated Rainfall (24 hours)"": {""unit"": ""mm"", ""value"": 0.0}}"
2026-08-21T21:50:00+00:00,2026-08-21T21:53:01.065712+00:00,2026-08-21T21:53:01.065712+00:00,2026-08-22 00:40 (Local Time),TEPAK,,,,,1,9,25.8,,27.4,25.7,1.4,0.0,,,328.0,,,,68.0,0.0,,,0.720222,,"{""Accumulated Rainfall (24 hours)"": {""unit"": ""mm"", ""value"": 0.0}}"
2026-08-21T22:00:00+00:00,2026-08-21T22:09:16.054389+00:00,2026-08-21T22:09:16.054389+00:00,2026-08-22 01:00 (Local Time),TEPAK,,,,,1,9,25.5,,27.4,25.5,1.3,0.0,,,354.0,,,,57.0,0.0,,,0.668777,,"{""Accumulated Rainfall (24 hours)"": {""unit"": ""mm"", ""value"": 0.0}}"
2026-08-21T22:40:00+00:00,2026-08-21T22:40:48.879302+00:00,2026-08-21T22:40:48.879302+00:00,2026-08-22 01:30 (Local Time),TEPAK,,,,,1,9,25.4,,27.4,25.4,0.0,0.0,,,277.0,,,,51.0,0.0,,,0.0,,"{""Accumulated Rainfall (24 hours)"": {""unit"": ""mm"", ""value"": 0.0}}"
2026-08-21T23:00:00+00:00,2026-08-21T23:00:17.940675+00:00,2026-08-21T23:00:17.940675+00:00,2026-08-22 01:50 (Local Time),TEPAK,,,,,1,9,25.2,,27.4,25.1,0.0,0.0,,,---,,,,49.0,0.0,,,0.0,,"{""Accumulated Rainfall (24 hours)"": {""unit"": ""mm"", ""value"": 0.0}}"
2026-08-21T23:30:00+00:00,2026-08-21T23:31:41.118245+00:00,2026-08-21T23:31:41.118245+00:00,2026-08-22 02:20 (Local Time),TEPAK,,,,,1,9,25.1,,27.4,25.0,1.2,0.0,,,30.0,,,,45.0,0.0,,,0.617333,,"{""Accumulated Rainfall (24 hours)"": {""unit"": ""mm"", ""value"": 0.0}}"
2026-08-21T23:50:00+00:00,2026-08-21T23:51:56.182817+00:00,2026-08-21T23:51:56.182817+00:00,2026-08-22 02:40 (Local Time),TEPAK,,,,,1,9,25.2,,27.4,25.0,1.0,0.0,,,354.0,,,,43.0,0.0,,,0.514444,,"{""Accumulated Rainfall (24 hours)"": {""unit"": ""mm"", ""value"": 0.0}}"
2026-08-22T00:20:00+00:00,2026-08-22T00:24:28.806539+00:00,2026-08-22T00:24:28.806539+00:00,2026-08-22 03:10 (Local Time),TEPAK,,,,,1,9,24.7,,27.4,24.7,0.0,0.0,,,290.0,,,,45.0,0.0,,,0.0,,"{""Accumulated Rainfall (24 hours)"": {""unit"": ""mm"", ""value"": 0.0}}"
2026-08-22T01:50:00+00:00,2026-08-22T01:55:27.953733+00:00,2026-08-22T01:55:27.953733+00:00,2026-08-22 04:50 (Local Time),TEPAK,,,,,1,9,24.7,,27.4,23.9,2.3,0.3,,,50.0,,,,53.0,0.0,,,1.183221,,"{""Accumulated Rainfall (24 hours)"": {""unit"": ""mm"", ""value"": 0.0}}"
2026-08-22T02:40:00+00:00,2026-08-22T02:47:12.542015+00:00,2026-08-22T02:47:12.542015+00:00,2026-08-22 05:40 (Local Time),TEPAK,,,,,1,9,25.3,,27.4,23.9,1.4,0.1,,,37.0,,,,58.0,0.0,,,0.720222,,"{""Accumulated Rainfall (24 hours)"": {""unit"": ""mm"", ""value"": 0.0}}"
2026-08-22T03:20:00+00:00,2026-08-22T03:27:44.519890+00:00,2026-08-22T03:27:44.519890+00:00,2026-08-22 06:20 (Local Time),TEPAK,,,,,1,9,25.5,,27.4,23.9,1.5,0.1,,,29.0,,,,68.0,0.0,,,0.771666,,"{""Accumulated Rainfall (24 hours)"": {""unit"": ""mm"", ""value"": 0.0}}"
2026-08-22T04:00:00+00:00,2026-08-22T04:08:47.022095+00:00,2026-08-22T04:08:47.022095+00:00,2026-08-22 07:00 (Local Time),TEPAK,,,,,1,9,25.7,,27.4,23.9,1.8,0.0,,,350.0,,,,63.0,0.0,,,0.925999,,"{""Accumulated Rainfall (24 hours)"": {""unit"": ""mm"", ""value"": 0.0}}"
2026-08-22T04:40:00+00:00,2026-08-22T04:48:27.227438+00:00,2026-08-22T04:48:27.227438+00:00,2026-08-22 07:40 (Local Time),TEPAK,,,,,1,9,30.5,,30.9,23.9,1.5,0.3,,,25.0,,,,47.0,0.0,,,0.771666,,"{""Accumulated Rainfall (24 hours)"": {""unit"": ""mm"", ""value"": 0.0}}"
2026-08-22T05:10:00+00:00,2026-08-22T05:14:40.767673+00:00,2026-08-22T05:14:40.767673+00:00,2026-08-22 08:00 (Local Time),TEPAK,,,,,1,9,31.1,,31.5,23.9,2.7,1.0,,,65.0,,,,56.0,0.0,,,1.388999,,"{""Accumulated Rainfall (24 hours)"": {""unit"": ""mm"", ""value"": 0.0}}"
2026-08-22T05:40:00+00:00,2026-08-22T05:43:31.212265+00:00,2026-08-22T05:43:31.212265+00:00,2026-08-22 08:30 (Local Time),TEPAK,,,,,1,9,31.4,,31.7,23.9,2.7,1.2,,,78.0,,,,60.0,0.0,,,1.388999,,"{""Accumulated Rainfall (24 hours)"": {""unit"": ""mm"", ""value"": 0.0}}"
2026-08-22T06:00:00+00:00,2026-08-22T06:01:09.226433+00:00,2026-08-22T06:01:09.226433+00:00,2026-08-22 08:50 (Local Time),TEPAK,,,,,1,9,31.2,,31.7,23.9,2.3,1.2,,,78.0,,,,62.0,0.0,,,1.183221,,"{""Accumulated Rainfall (24 hours)"": {""unit"": ""mm"", ""value"": 0.0}}"
2026-08-22T06:50:00+00:00,2026-08-22T06:53:45.481814+00:00,2026-08-22T06:53:45.481814+00:00,2026-08-22 09:40 (Local Time),TEPAK,,,,,1,9,29.9,,31.7,23.9,3.2,1.3,,,99.0,,,,66.0,0.0,,,1.646221,,"{""Accumulated Rainfall (24 hours)"": {""unit"": ""mm"", ""value"": 0.0}}"
2026-08-22T07:20:00+00:00,2026-08-22T07:21:13.194626+00:00,2026-08-22T07:21:13.194626+00:00,2026-08-22 10:10 (Local Time),TEPAK,,,,,1,9,30.8,,31.7,23.9,2.4,1.2,,,104.0,,,,62.0,0.0,,,1.234666,,"{""Accumulated Rainfall (24 hours)"": {""unit"": ""mm"", ""value"": 0.0}}"
2026-08-22T07:50:00+00:00,2026-08-22T07:50:47.307442+00:00,2026-08-22T07:50:47.307442+00:00,2026-08-22 10:40 (Local Time),TEPAK,,,,,1,9,32.0,,32.1,23.9,3.3,1.7,,,91.0,,,,56.0,0.0,,,1.697665,,"{""Accumulated Rainfall (24 hours)"": {""unit"": ""mm"", ""value"": 0.0}}"
2026-08-22T08:10:00+00:00,2026-08-22T08:13:07.611701+00:00,2026-08-22T08:13:07.611701+00:00,2026-08-22 11:00 (Local Time),TEPAK,,,,,1,9,32.6,,32.8,23.9,2.7,1.5,,,112.0,,,,50.0,0.0,,,1.388999,,"{""Accumulated Rainfall (24 hours)"": {""unit"": ""mm"", ""value"": 0.0}}"
2026-08-22T08:40:00+00:00,2026-08-22T08:47:48.695394+00:00,2026-08-22T08:47:48.695394+00:00,2026-08-22 11:40 (Local Time),TEPAK,,,,,1,9,33.4,,33.7,23.9,3.2,1.4,,,131.0,,,,43.0,0.0,,,1.646221,,"{""Accumulated Rainfall (24 hours)"": {""unit"": ""mm"", ""value"": 0.0}}"
2026-08-22T09:10:00+00:00,2026-08-22T09:14:22.019660+00:00,2026-08-22T09:14:22.019660+00:00,2026-08-22 12:00 (Local Time),TEPAK,,,,,1,9,34.1,,34.2,23.9,3.8,1.5,,,167.0,,,,43.0,0.0,,,1.954887,,"{""Accumulated Rainfall (24 hours)"": {""unit"": ""mm"", ""value"": 0.0}}"
2026-08-22T09:40:00+00:00,2026-08-22T09:43:26.636216+00:00,2026-08-22T09:43:26.636216+00:00,2026-08-22 12:30 (Local Time),TEPAK,,,,,1,9,32.9,,34.2,23.9,3.3,1.2,,,177.0,,,,47.0,0.0,,,1.697665,,"{""Accumulated Rainfall (24 hours)"": {""unit"": ""mm"", ""value"": 0.0}}"
2026-08-22T10:00:00+00:00,2026-08-22T10:00:05.304095+00:00,2026-08-22T10:00:05.304095+00:00,2026-08-22 12:50 (Local Time),TEPAK,,,,,1,9,33.6,,34.2,23.9,2.7,1.2,,,163.0,,,,44.0,0.0,,,1.388999,,"{""Accumulated Rainfall (24 hours)"": {""unit"": ""mm"", ""value"": 0.0}}"
2026-08-22T10:30:00+00:00,2026-08-22T10:32:33.351084+00:00,2026-08-22T10:32:33.351084+00:00,2026-08-22 13:20 (Local Time),TEPAK,,,,,1,9,34.8,,35.1,23.9,2.6,1.2,,,125.0,,,,41.0,0.0,,,1.337554,,"{""Accumulated Rainfall (24 hours)"": {""unit"": ""mm"", ""value"": 0.0}}"
2026-08-22T10:50:00+00:00,2026-08-22T10:52:37.611727+00:00,2026-08-22T10:52:37.611727+00:00,2026-08-22 13:40 (Local Time),TEPAK,,,,,1,9,34.9,,35.4,23.9,2.5,1.6,,,139.0,,,,41.0,0.0,,,1.28611,,"{""Accumulated Rainfall (24 hours)"": {""unit"": ""mm"", ""value"": 0.0}}"
2026-08-22T11:00:00+00:00,2026-08-22T11:08:36.647183+00:00,2026-08-22T11:08:36.647183+00:00,2026-08-22 14:00 (Local Time),TEPAK,,,,,1,9,33.2,,35.4,23.9,3.5,1.7,,,144.0,,,,53.0,0.0,,,1.800554,,"{""Accumulated Rainfall (24 hours)"": {""unit"": ""mm"", ""value"": 0.0}}"
2026-08-22T11:30:00+00:00,2026-08-22T11:34:24.424016+00:00,2026-08-22T11:34:24.424016+00:00,2026-08-22 14:20 (Local Time),TEPAK,,,,,1,9,34.5,,35.4,23.9,3.3,1.2,,,205.0,,,,49.0,0.0,,,1.697665,,"{""Accumulated Rainfall (24 hours)"": {""unit"": ""mm"", ""value"": 0.0}}"
2026-08-22T11:50:00+00:00,2026-08-22T11:51:44.903067+00:00,2026-08-22T11:51:44.903067+00:00,2026-08-22 14:40 (Local Time),TEPAK,,,,,1,9,35.2,,35.4,23.9,3.0,1.2,,,246.0,,,,44.0,0.0,,,1.543332,,"{""Accumulated Rainfall (24 hours)"": {""unit"": ""mm"", ""value"": 0.0}}"
2026-08-22T12:10:00+00:00,2026-08-22T12:10:53.720881+00:00,2026-08-22T12:10:53.720881+00:00,2026-08-22 15:00 (Local Time),TEPAK,,,,,1,9,35.6,,36.1,23.9,3.9,1.7,,,222.0,,,,42.0,0.0,,,2.006332,,"{""Accumulated Rainfall (24 hours)"": {""unit"": ""mm"", ""value"": 0.0}}"
2026-08-22T13:00:00+00:00,2026-08-22T13:00:00.622986+00:00,2026-08-22T13:00:00.622986+00:00,2026-08-22 15:50 (Local Time),TEPAK,,,,,1,9,34.1,,36.1,23.9,3.8,1.2,,,245.0,,,,50.0,0.0,,,1.954887,,"{""Accumulated Rainfall (24 hours)"": {""unit"": ""mm"", ""value"": 0.0}}"
2026-08-22T13:30:00+00:00,2026-08-22T13:38:25.569685+00:00,2026-08-22T13:38:25.569685+00:00,2026-08-22 16:30 (Local Time),TEPAK,,,,,1,9,32.8,,36.1,23.9,4.4,1.6,,,238.0,,,,57.0,0.0,,,2.263554,,"{""Accumulated Rainfall (24 hours)"": {""unit"": ""mm"", ""value"": 0.0}}"
2026-08-22T13:50:00+00:00,2026-08-22T13:58:31.055643+00:00,2026-08-22T13:58:31.055643+00:00,2026-08-22 16:50 (Local Time),TEPAK,,,,,1,9,31.9,,36.1,23.9,3.5,1.4,,,241.0,,,,60.0,0.0,,,1.800554,,"{""Accumulated Rainfall (24 hours)"": {""unit"": ""mm"", ""value"": 0.0}}"
2026-08-22T14:30:00+00:00,2026-08-22T14:30:02.879119+00:00,2026-08-22T14:30:02.879119+00:00,2026-08-22 17:20 (Local Time),TEPAK,,,,,1,9,31.4,,36.1,23.9,4.5,1.2,,,249.0,,,,57.0,0.0,,,2.314998,,"{""Accumulated Rainfall (24 hours)"": {""unit"": ""mm"", ""value"": 0.0}}"
2026-08-22T14:50:00+00:00,2026-08-22T14:51:34.708125+00:00,2026-08-22T14:51:34.708125+00:00,2026-08-22 17:40 (Local Time),TEPAK,,,,,1,9,31.7,,36.1,23.9,4.7,1.5,,,247.0,,,,53.0,0.0,,,2.417887,,"{""Accumulated Rainfall (24 hours)"": {""unit"": ""mm"", ""value"": 0.0}}"
2026-08-22T15:00:00+00:00,2026-08-22T15:05:32.596214+00:00,2026-08-22T15:05:32.596214+00:00,2026-08-22 18:00 (Local Time),TEPAK,,,,,1,9,31.5,,36.1,23.9,4.7,1.4,,,252.0,,,,52.0,0.0,,,2.417887,,"{""Accumulated Rainfall (24 hours)"": {""unit"": ""mm"", ""value"": 0.0}}"
2026-08-22T15:30:00+00:00,2026-08-22T15:31:16.473118+00:00,2026-08-22T15:31:16.473118+00:00,2026-08-22 18:20 (Local Time),TEPAK,,,,,1,9,31.3,,36.1,23.9,3.1,1.2,,,249.0,,,,53.0,0.0,,,1.594776,,"{""Accumulated Rainfall (24 hours)"": {""unit"": ""mm"", ""value"": 0.0}}"
2026-08-22T15:40:00+00:00,2026-08-22T15:49:49.152516+00:00,2026-08-22T15:49:49.152516+00:00,2026-08-22 18:40 (Local Time),TEPAK,,,,,1,9,30.8,,36.1,23.9,2.7,1.2,,,241.0,,,,56.0,0.0,,,1.388999,,"{""Accumulated Rainfall (24 hours)"": {""unit"": ""mm"", ""value"": 0.0}}"
2026-08-22T16:00:00+00:00,2026-08-22T16:02:59.869969+00:00,2026-08-22T16:02:59.869969+00:00,2026-08-22 18:50 (Local Time),TEPAK,,,,,1,9,30.4,,36.1,23.9,1.9,0.8,,,250.0,,,,57.0,0.0,,,0.977444,,"{""Accumulated Rainfall (24 hours)"": {""unit"": ""mm"", ""value"": 0.0}}"
2026-08-22T16:30:00+00:00,2026-08-22T16:34:28.972554+00:00,2026-08-22T16:34:28.972554+00:00,2026-08-22 19:20 (Local Time),TEPAK,,,,,1,9,29.2,,36.1,23.9,3.2,1.0,,,255.0,,,,61.0,0.0,,,1.646221,,"{""Accumulated Rainfall (24 hours)"": {""unit"": ""mm"", ""value"": 0.0}}"
2026-08-22T16:50:00+00:00,2026-08-22T16:54:28.382916+00:00,2026-08-22T16:54:28.382916+00:00,2026-08-22 19:40 (Local Time),TEPAK,,,,,1,9,28.7,,36.1,23.9,2.2,0.6,,,272.0,,,,63.0,0.0,,,1.131777,,"{""Accumulated Rainfall (24 hours)"": {""unit"": ""mm"", ""value"": 0.0}}"
2026-08-22T17:10:00+00:00,2026-08-22T17:10:58.733591+00:00,2026-08-22T17:10:58.733591+00:00,2026-08-22 20:00 (Local Time),TEPAK,,,,,1,9,28.3,,36.1,23.9,2.8,0.6,,,275.0,,,,63.0,0.0,,,1.440443,,"{""Accumulated Rainfall (24 hours)"": {""unit"": ""mm"", ""value"": 0.0}}"
2026-08-22T17:30:00+00:00,2026-08-22T17:35:21.142482+00:00,2026-08-22T17:35:21.142482+00:00,2026-08-22 20:30 (Local Time),TEPAK,,,,,1,9,27.9,,36.1,23.9,3.1,0.6,,,280.0,,,,65.0,0.0,,,1.594776,,"{""Accumulated Rainfall (24 hours)"": {""unit"": ""mm"", ""value"": 0.0}}"
2026-08-22T17:50:00+00:00,2026-08-22T17:53:01.092507+00:00,2026-08-22T17:53:01.092507+00:00,2026-08-22 20:40 (Local Time),TEPAK,,,,,1,9,27.7,,36.1,23.9,2.7,0.7,,,275.0,,,,65.0,0.0,,,1.388999,,"{""Accumulated Rainfall (24 hours)"": {""unit"": ""mm"", ""value"": 0.0}}"
2026-08-22T18:00:00+00:00,2026-08-22T18:09:03.758175+00:00,2026-08-22T18:09:03.758175+00:00,2026-08-22 21:00 (Local Time),TEPAK,,,,,1,9,27.5,,27.4,27.4,1.7,0.3,,,266.0,,,,64.0,0.0,,,0.874555,,"{""Accumulated Rainfall (24 hours)"": {""unit"": ""mm"", ""value"": 0.0}}"
2026-08-22T18:40:00+00:00,2026-08-22T18:48:22.409101+00:00,2026-08-22T18:48:22.409101+00:00,2026-08-22 21:40 (Local Time),TEPAK,,,,,1,9,26.8,,27.4,26.8,1.8,0.4,,,271.0,,,,61.0,0.0,,,0.925999,,"{""Accumulated Rainfall (24 hours)"": {""unit"": ""mm"", ""value"": 0.0}}"
2026-08-22T19:10:00+00:00,2026-08-22T19:12:35.792524+00:00,2026-08-22T19:12:35.792524+00:00,2026-08-22 22:00 (Local Time),TEPAK,,,,,1,9,26.8,,27.4,26.8,1.6,0.4,,,263.0,,,,58.0,0.0,,,0.82311,,"{""Accumulated Rainfall (24 hours)"": {""unit"": ""mm"", ""value"": 0.0}}"
2026-08-22T19:30:00+00:00,2026-08-22T19:34:36.504585+00:00,2026-08-22T19:34:36.504585+00:00,2026-08-22 22:20 (Local Time),TEPAK,,,,,1,9,26.7,,27.4,26.6,1.6,0.4,,,228.0,,,,56.0,0.0,,,0.82311,,"{""Accumulated Rainfall (24 hours)"": {""unit"": ""mm"", ""value"": 0.0}}"
2026-08-22T19:50:00+00:00,2026-08-22T19:51:09.609603+00:00,2026-08-22T19:51:09.609603+00:00,2026-08-22 22:40 (Local Time),TEPAK,,,,,1,9,26.5,,27.4,26.5,2.0,0.7,,,228.0,,,,55.0,0.0,,,1.028888,,"{""Accumulated Rainfall (24 hours)"": {""unit"": ""mm"", ""value"": 0.0}}"
2026-08-22T20:00:00+00:00,2026-08-22T20:09:23.690504+00:00,2026-08-22T20:09:23.690504+00:00,2026-08-22 23:00 (Local Time),TEPAK,,,,,1,9,26.3,,27.4,26.3,2.3,0.7,,,225.0,,,,56.0,0.0,,,1.183221,,"{""Accumulated Rainfall (24 hours)"": {""unit"": ""mm"", ""value"": 0.0}}"
2026-08-22T20:30:00+00:00,2026-08-22T20:34:23.965292+00:00,2026-08-22T20:34:23.965292+00:00,2026-08-22 23:20 (Local Time),TEPAK,,,,,1,9,25.6,,27.4,25.5,1.6,0.4,,,227.0,,,,57.0,0.0,,,0.82311,,"{""Accumulated Rainfall (24 hours)"": {""unit"": ""mm"", ""value"": 0.0}}"
2026-08-22T20:50:00+00:00,2026-08-22T20:54:05.590733+00:00,2026-08-22T20:54:05.590733+00:00,2026-08-22 23:40 (Local Time),TEPAK,,,,,1,9,25.2,,27.4,25.2,1.0,0.1,,,211.0,,,,57.0,0.0,,,0.514444,,"{""Accumulated Rainfall (24 hours)"": {""unit"": ""mm"", ""value"": 0.0}}"
2026-08-22T21:00:00+00:00,2026-08-22T21:09:48.156061+00:00,2026-08-22T21:09:48.156061+00:00,2026-08-23 00:00 (Local Time),TEPAK,,,,,1,9,24.7,,27.4,24.7,1.2,0.0,,,208.0,,,,59.0,0.0,,,0.617333,,"{""Accumulated Rainfall (24 hours)"": {""unit"": ""mm"", ""value"": 0.0}}"
2026-08-22T21:30:00+00:00,2026-08-22T21:35:04.479464+00:00,2026-08-22T21:35:04.479464+00:00,2026-08-23 00:30 (Local Time),TEPAK,,,,,1,9,24.7,,27.4,24.3,1.0,0.2,,,240.0,,,,53.0,0.0,,,0.514444,,"{""Accumulated Rainfall (24 hours)"": {""unit"": ""mm"", ""value"": 0.0}}"
2026-08-22T21:50:00+00:00,2026-08-22T21:52:46.579535+00:00,2026-08-22T21:52:46.579535+00:00,2026-08-23 00:40 (Local Time),TEPAK,,,,,1,9,24.4,,27.4,24.3,0.6,0.0,,,284.0,,,,52.0,0.0,,,0.308666,,"{""Accumulated Rainfall (24 hours)"": {""unit"": ""mm"", ""value"": 0.0}}"
2026-08-22T22:00:00+00:00,2026-08-22T22:04:49.663700+00:00,2026-08-22T22:04:49.663700+00:00,2026-08-23 00:50 (Local Time),TEPAK,,,,,1,9,24.2,,27.4,24.1,0.6,0.0,,,5.0,,,,52.0,0.0,,,0.308666,,"{""Accumulated Rainfall (24 hours)"": {""unit"": ""mm"", ""value"": 0.0}}"
2026-08-22T22:30:00+00:00,2026-08-22T22:33:13.278389+00:00,2026-08-22T22:33:13.278389+00:00,2026-08-23 01:20 (Local Time),TEPAK,,,,,1,9,23.8,,27.4,23.8,1.2,0.0,,,321.0,,,,50.0,0.0,,,0.617333,,"{""Accumulated Rainfall (24 hours)"": {""unit"": ""mm"", ""value"": 0.0}}"
2026-08-22T22:50:00+00:00,2026-08-22T22:52:08.250072+00:00,2026-08-22T22:52:08.250072+00:00,2026-08-23 01:40 (Local Time),TEPAK,,,,,1,9,23.8,,27.4,23.7,0.6,0.1,,,335.0,,,,49.0,0.0,,,0.308666,,"{""Accumulated Rainfall (24 hours)"": {""unit"": ""mm"", ""value"": 0.0}}"
2026-08-22T23:00:00+00:00,2026-08-22T23:07:04.567560+00:00,2026-08-22T23:07:04.567560+00:00,2026-08-23 02:00 (Local Time),TEPAK,,,,,1,9,23.7,,27.4,23.6,1.5,0.0,,,342.0,,,,46.0,0.0,,,0.771666,,"{""Accumulated Rainfall (24 hours)"": {""unit"": ""mm"", ""value"": 0.0}}"
2026-08-22T23:30:00+00:00,2026-08-22T23:32:09.965234+00:00,2026-08-22T23:32:09.965234+00:00,2026-08-23 02:20 (Local Time),TEPAK,,,,,1,9,23.5,,27.4,23.5,0.8,0.1,,,351.0,,,,47.0,0.0,,,0.411555,,"{""Accumulated Rainfall (24 hours)"": {""unit"": ""mm"", ""value"": 0.0}}"
2026-08-22T23:50:00+00:00,2026-08-22T23:50:03.613284+00:00,2026-08-22T23:50:03.613284+00:00,2026-08-23 02:40 (Local Time),TEPAK,,,,,1,9,23.3,,27.4,23.3,0.7,0.0,,,307.0,,,,46.0,0.0,,,0.360111,,"{""Accumulated Rainfall (24 hours)"": {""unit"": ""mm"", ""value"": 0.0}}"
2026-08-23T00:20:00+00:00,2026-08-23T00:26:10.730508+00:00,2026-08-23T00:26:10.730508+00:00,2026-08-23 03:20 (Local Time),TEPAK,,,,,1,9,23.0,,27.4,22.9,1.3,0.0,,,318.0,,,,42.0,0.0,,,0.668777,,"{""Accumulated Rainfall (24 hours)"": {""unit"": ""mm"", ""value"": 0.0}}"
2026-08-23T02:00:00+00:00,2026-08-23T02:08:24.419459+00:00,2026-08-23T02:08:24.419459+00:00,2026-08-23 05:00 (Local Time),TEPAK,,,,,1,9,22.3,,27.4,22.2,1.3,0.1,,,285.0,,,,44.0,0.0,,,0.668777,,"{""Accumulated Rainfall (24 hours)"": {""unit"": ""mm"", ""value"": 0.0}}"
2026-08-23T03:10:00+00:00,2026-08-23T03:14:58.878921+00:00,2026-08-23T03:14:58.878921+00:00,2026-08-23 06:00 (Local Time),TEPAK,,,,,1,9,22.7,,27.4,22.0,1.2,0.0,,,318.0,,,,39.0,0.0,,,0.617333,,"{""Accumulated Rainfall (24 hours)"": {""unit"": ""mm"", ""value"": 0.0}}"
2026-08-23T04:00:00+00:00,2026-08-23T04:02:16.307861+00:00,2026-08-23T04:02:16.307861+00:00,2026-08-23 06:50 (Local Time),TEPAK,,,,,1,9,22.6,,27.4,21.8,1.3,0.2,,,276.0,,,,39.0,0.0,,,0.668777,,"{""Accumulated Rainfall (24 hours)"": {""unit"": ""mm"", ""value"": 0.0}}"
2026-08-23T04:40:00+00:00,2026-08-23T04:46:53.239944+00:00,2026-08-23T04:46:53.239944+00:00,2026-08-23 07:40 (Local Time),TEPAK,,,,,1,9,28.2,,28.6,21.8,0.7,0.5,,,225.0,,,,30.0,0.0,,,0.360111,,"{""Accumulated Rainfall (24 hours)"": {""unit"": ""mm"", ""value"": 0.0}}"
2026-08-23T05:10:00+00:00,2026-08-23T05:14:44.372782+00:00,2026-08-23T05:14:44.372782+00:00,2026-08-23 08:00 (Local Time),TEPAK,,,,,1,9,30.4,,30.6,21.8,0.0,0.3,,,88.0,,,,27.0,0.0,,,0.0,,"{""Accumulated Rainfall (24 hours)"": {""unit"": ""mm"", ""value"": 0.0}}"
2026-08-23T05:40:00+00:00,2026-08-23T05:46:19.570313+00:00,2026-08-23T05:46:19.570313+00:00,2026-08-23 08:40 (Local Time),TEPAK,,,,,1,9,31.7,,32.4,21.8,0.7,0.7,,,137.0,,,,29.0,0.0,,,0.360111,,"{""Accumulated Rainfall (24 hours)"": {""unit"": ""mm"", ""value"": 0.0}}"
2026-08-23T06:00:00+00:00,2026-08-23T06:04:26.283874+00:00,2026-08-23T06:04:26.283874+00:00,2026-08-23 08:50 (Local Time),TEPAK,,,,,1,9,31.6,,32.4,21.8,0.7,0.4,,,153.0,,,,32.0,0.0,,,0.360111,,"{""Accumulated Rainfall (24 hours)"": {""unit"": ""mm"", ""value"": 0.0}}"
2026-08-23T06:50:00+00:00,2026-08-23T06:56:06.945909+00:00,2026-08-23T06:56:06.945909+00:00,2026-08-23 09:50 (Local Time),TEPAK,,,,,1,9,31.2,,32.6,21.8,2.7,1.0,,,220.0,,,,56.0,0.0,,,1.388999,,"{""Accumulated Rainfall (24 hours)"": {""unit"": ""mm"", ""value"": 0.0}}"
2026-08-23T07:20:00+00:00,2026-08-23T07:27:37.458486+00:00,2026-08-23T07:27:37.458486+00:00,2026-08-23 10:20 (Local Time),TEPAK,,,,,1,9,31.8,,32.6,21.8,3.8,1.2,,,298.0,,,,55.0,0.0,,,1.954887,,"{""Accumulated Rainfall (24 hours)"": {""unit"": ""mm"", ""value"": 0.0}}"
2026-08-23T07:50:00+00:00,2026-08-23T07:58:25.088317+00:00,2026-08-23T07:58:25.088317+00:00,2026-08-23 10:50 (Local Time),TEPAK,,,,,1,9,32.7,,32.8,21.8,3.1,1.1,,,248.0,,,,53.0,0.0,,,1.594776,,"{""Accumulated Rainfall (24 hours)"": {""unit"": ""mm"", ""value"": 0.0}}"
2026-08-23T08:40:00+00:00,2026-08-23T08:41:04.411462+00:00,2026-08-23T08:41:04.411462+00:00,2026-08-23 11:30 (Local Time),TEPAK,,,,,1,9,33.5,,33.8,21.8,3.3,1.1,,,250.0,,,,52.0,0.0,,,1.697665,,"{""Accumulated Rainfall (24 hours)"": {""unit"": ""mm"", ""value"": 0.0}}"
2026-08-23T09:00:00+00:00,2026-08-23T09:03:35.948298+00:00,2026-08-23T09:03:35.948298+00:00,2026-08-23 11:50 (Local Time),TEPAK,,,,,1,9,33.8,,34.0,21.8,4.1,1.6,,,226.0,,,,48.0,0.0,,,2.10922,,"{""Accumulated Rainfall (24 hours)"": {""unit"": ""mm"", ""value"": 0.0}}"
2026-08-23T09:30:00+00:00,2026-08-23T09:36:36.398271+00:00,2026-08-23T09:36:36.398271+00:00,2026-08-23 12:30 (Local Time),TEPAK,,,,,1,9,34.2,,34.4,21.8,4.9,1.5,,,222.0,,,,45.0,0.0,,,2.520776,,"{""Accumulated Rainfall (24 hours)"": {""unit"": ""mm"", ""value"": 0.0}}"
2026-08-23T09:50:00+00:00,2026-08-23T09:56:01.605031+00:00,2026-08-23T09:56:01.605031+00:00,2026-08-23 12:50 (Local Time),TEPAK,,,,,1,9,34.1,,34.4,21.8,5.8,2.0,,,247.0,,,,43.0,0.0,,,2.983775,,"{""Accumulated Rainfall (24 hours)"": {""unit"": ""mm"", ""value"": 0.0}}"
2026-08-23T10:10:00+00:00,2026-08-23T10:16:12.875175+00:00,2026-08-23T10:16:12.875175+00:00,2026-08-23 13:10 (Local Time),TEPAK,,,,,1,9,34.0,,34.4,21.8,5.1,1.9,,,242.0,,,,42.0,0.0,,,2.623664,,"{""Accumulated Rainfall (24 hours)"": {""unit"": ""mm"", ""value"": 0.0}}"
2026-08-23T10:40:00+00:00,2026-08-23T10:43:35.074070+00:00,2026-08-23T10:43:35.074070+00:00,2026-08-23 13:30 (Local Time),TEPAK,,,,,1,9,34.3,,34.6,21.8,5.9,2.1,,,236.0,,,,40.0,0.0,,,3.03522,,"{""Accumulated Rainfall (24 hours)"": {""unit"": ""mm"", ""value"": 0.0}}"
2026-08-23T10:50:00+00:00,2026-08-23T10:59:53.956546+00:00,2026-08-23T10:59:53.956546+00:00,2026-08-23 13:50 (Local Time),TEPAK,,,,,1,9,34.5,,34.8,21.8,5.0,2.0,,,247.0,,,,41.0,0.0,,,2.57222,,"{""Accumulated Rainfall (24 hours)"": {""unit"": ""mm"", ""value"": 0.0}}"
2026-08-23T11:20:00+00:00,2026-08-23T11:28:24.241955+00:00,2026-08-23T11:28:24.241955+00:00,2026-08-23 14:20 (Local Time),TEPAK,,,,,1,9,34.5,,34.8,21.8,4.4,1.6,,,247.0,,,,42.0,0.0,,,2.263554,,"{""Accumulated Rainfall (24 hours)"": {""unit"": ""mm"", ""value"": 0.0}}"
2026-08-23T11:50:00+00:00,2026-08-23T11:50:26.558765+00:00,2026-08-23T11:50:26.558765+00:00,2026-08-23 14:40 (Local Time),TEPAK,,,,,1,9,34.0,,34.8,21.8,5.7,1.8,,,240.0,,,,45.0,0.0,,,2.932331,,"{""Accumulated Rainfall (24 hours)"": {""unit"": ""mm"", ""value"": 0.0}}"
2026-08-23T12:10:00+00:00,2026-08-23T12:11:48.024315+00:00,2026-08-23T12:11:48.024315+00:00,2026-08-23 15:00 (Local Time),TEPAK,,,,,1,9,34.0,,34.8,21.8,5.8,1.6,,,246.0,,,,45.0,0.0,,,2.983775,,"{""Accumulated Rainfall (24 hours)"": {""unit"": ""mm"", ""value"": 0.0}}"
2026-08-23T13:00:00+00:00,2026-08-23T13:01:14.817308+00:00,2026-08-23T13:01:14.817308+00:00,2026-08-23 15:50 (Local Time),TEPAK,,,,,1,9,33.4,,34.8,21.8,5.7,1.7,,,253.0,,,,45.0,0.0,,,2.932331,,"{""Accumulated Rainfall (24 hours)"": {""unit"": ""mm"", ""value"": 0.0}}"
2026-08-23T13:30:00+00:00,2026-08-23T13:39:19.893899+00:00,2026-08-23T13:39:19.893899+00:00,2026-08-23 16:30 (Local Time),TEPAK,,,,,1,9,32.8,,34.8,21.8,5.1,1.6,,,236.0,,,,51.0,0.0,,,2.623664,,"{""Accumulated Rainfall (24 hours)"": {""unit"": ""mm"", ""value"": 0.0}}"
2026-08-23T13:50:00+00:00,2026-08-23T13:59:47.206906+00:00,2026-08-23T13:59:47.206906+00:00,2026-08-23 16:50 (Local Time),TEPAK,,,,,1,9,31.5,,34.8,21.8,5.3,1.9,,,231.0,,,,55.0,0.0,,,2.726553,,"{""Accumulated Rainfall (24 hours)"": {""unit"": ""mm"", ""value"": 0.0}}"
2026-08-23T14:30:00+00:00,2026-08-23T14:31:56.266927+00:00,2026-08-23T14:31:56.266927+00:00,2026-08-23 17:20 (Local Time),TEPAK,,,,,1,9,29.6,,34.8,21.8,5.6,1.6,,,257.0,,,,61.0,0.0,,,2.880886,,"{""Accumulated Rainfall (24 hours)"": {""unit"": ""mm"", ""value"": 0.0}}"
2026-08-23T14:50:00+00:00,2026-08-23T14:53:23.803705+00:00,2026-08-23T14:53:23.803705+00:00,2026-08-23 17:40 (Local Time),TEPAK,,,,,1,9,29.4,,34.8,21.8,4.6,1.6,,,260.0,,,,63.0,0.0,,,2.366442,,"{""Accumulated Rainfall (24 hours)"": {""unit"": ""mm"", ""value"": 0.0}}"
2026-08-23T15:00:00+00:00,2026-08-23T15:09:12.939359+00:00,2026-08-23T15:09:12.939359+00:00,2026-08-23 18:00 (Local Time),TEPAK,,,,,1,9,28.7,,34.8,21.8,5.1,2.0,,,251.0,,,,67.0,0.0,,,2.623664,,"{""Accumulated Rainfall (24 hours)"": {""unit"": ""mm"", ""value"": 0.0}}"
2026-08-23T15:30:00+00:00,2026-08-23T15:35:45.811771+00:00,2026-08-23T15:35:45.811771+00:00,2026-08-23 18:30 (Local Time),TEPAK,,,,,1,9,28.1,,34.8,21.8,4.4,1.1,,,258.0,,,,70.0,0.0,,,2.263554,,"{""Accumulated Rainfall (24 hours)"": {""unit"": ""mm"", ""value"": 0.0}}"
2026-08-23T15:50:00+00:00,2026-08-23T15:53:50.305165+00:00,2026-08-23T15:53:50.305165+00:00,2026-08-23 18:40 (Local Time),TEPAK,,,,,1,9,27.9,,34.8,21.8,5.1,1.5,,,267.0,,,,71.0,0.0,,,2.623664,,"{""Accumulated Rainfall (24 hours)"": {""unit"": ""mm"", ""value"": 0.0}}"
2026-08-23T16:00:00+00:00,2026-08-23T16:09:52.577588+00:00,2026-08-23T16:09:52.577588+00:00,2026-08-23 19:00 (Local Time),TEPAK,,,,,1,9,27.4,,34.8,21.8,4.4,1.2,,,259.0,,,,73.0,0.0,,,2.263554,,"{""Accumulated Rainfall (24 hours)"": {""unit"": ""mm"", ""value"": 0.0}}"
2026-08-23T16:40:00+00:00,2026-08-23T16:42:58.793211+00:00,2026-08-23T16:42:58.793211+00:00,2026-08-23 19:30 (Local Time),TEPAK,,,,,1,9,26.8,,34.8,21.8,3.0,1.0,,,252.0,,,,76.0,0.0,,,1.543332,,"{""Accumulated Rainfall (24 hours)"": {""unit"": ""mm"", ""value"": 0.0}}"
2026-08-23T17:00:00+00:00,2026-08-23T17:00:56.318250+00:00,2026-08-23T17:00:56.318250+00:00,2026-08-23 19:50 (Local Time),TEPAK,,,,,1,9,26.5,,34.8,21.8,3.4,1.1,,,276.0,,,,76.0,0.0,,,1.74911,,"{""Accumulated Rainfall (24 hours)"": {""unit"": ""mm"", ""value"": 0.0}}"
2026-08-23T17:20:00+00:00,2026-08-23T17:28:01.260426+00:00,2026-08-23T17:28:01.260426+00:00,2026-08-23 20:20 (Local Time),TEPAK,,,,,1,9,26.4,,34.8,21.8,3.1,1.0,,,284.0,,,,77.0,0.0,,,1.594776,,"{""Accumulated Rainfall (24 hours)"": {""unit"": ""mm"", ""value"": 0.0}}"
2026-08-23T17:50:00+00:00,2026-08-23T17:50:43.629618+00:00,2026-08-23T17:50:43.629618+00:00,2026-08-23 20:40 (Local Time),TEPAK,,,,,1,9,26.2,,34.8,21.8,3.1,0.9,,,266.0,,,,79.0,0.0,,,1.594776,,"{""Accumulated Rainfall (24 hours)"": {""unit"": ""mm"", ""value"": 0.0}}"
2026-08-23T18:00:00+00:00,2026-08-23T18:09:20.832894+00:00,2026-08-23T18:09:20.832894+00:00,2026-08-23 21:00 (Local Time),TEPAK,,,,,1,9,26.0,,26.0,26.0,1.7,0.6,,,270.0,,,,79.0,0.0,,,0.874555,,"{""Accumulated Rainfall (24 hours)"": {""unit"": ""mm"", ""value"": 0.0}}"
2026-08-23T18:40:00+00:00,2026-08-23T18:48:06.076827+00:00,2026-08-23T18:48:06.076827+00:00,2026-08-23 21:40 (Local Time),TEPAK,,,,,1,9,25.8,,26.0,25.8,3.2,0.8,,,270.0,,,,79.0,0.0,,,1.646221,,"{""Accumulated Rainfall (24 hours)"": {""unit"": ""mm"", ""value"": 0.0}}"
2026-08-23T19:10:00+00:00,2026-08-23T19:11:55.427419+00:00,2026-08-23T19:11:55.427419+00:00,2026-08-23 22:00 (Local Time),TEPAK,,,,,1,9,25.7,,26.0,25.7,3.2,0.6,,,277.0,,,,79.0,0.0,,,1.646221,,"{""Accumulated Rainfall (24 hours)"": {""unit"": ""mm"", ""value"": 0.0}}"
2026-08-23T19:30:00+00:00,2026-08-23T19:34:38.236353+00:00,2026-08-23T19:34:38.236353+00:00,2026-08-23 22:20 (Local Time),TEPAK,,,,,1,9,25.7,,26.0,25.6,1.6,0.6,,,275.0,,,,78.0,0.0,,,0.82311,,"{""Accumulated Rainfall (24 hours)"": {""unit"": ""mm"", ""value"": 0.0}}"
2026-08-23T19:50:00+00:00,2026-08-23T19:50:33.413853+00:00,2026-08-23T19:50:33.413853+00:00,2026-08-23 22:40 (Local Time),TEPAK,,,,,1,9,25.6,,26.0,25.6,1.8,0.6,,,284.0,,,,78.0,0.0,,,0.925999,,"{""Accumulated Rainfall (24 hours)"": {""unit"": ""mm"", ""value"": 0.0}}"
2026-08-23T20:00:00+00:00,2026-08-23T20:01:45.639435+00:00,2026-08-23T20:01:45.639435+00:00,2026-08-23 22:50 (Local Time),TEPAK,,,,,1,9,25.6,,26.0,25.6,1.6,0.5,,,270.0,,,,77.0,0.0,,,0.82311,,"{""Accumulated Rainfall (24 hours)"": {""unit"": ""mm"", ""value"": 0.0}}"
2026-08-23T20:30:00+00:00,2026-08-23T20:33:14.902782+00:00,2026-08-23T20:33:14.902782+00:00,2026-08-23 23:20 (Local Time),TEPAK,,,,,1,9,25.4,,26.0,25.4,2.0,0.2,,,260.0,,,,77.0,0.0,,,1.028888,,"{""Accumulated Rainfall (24 hours)"": {""unit"": ""mm"", ""value"": 0.0}}"
2026-08-23T20:50:00+00:00,2026-08-23T20:52:23.630808+00:00,2026-08-23T20:52:23.630808+00:00,2026-08-23 23:40 (Local Time),TEPAK,,,,,1,9,25.3,,26.0,25.2,2.2,0.3,,,281.0,,,,77.0,0.0,,,1.131777,,"{""Accumulated Rainfall (24 hours)"": {""unit"": ""mm"", ""value"": 0.0}}"
2026-08-23T21:00:00+00:00,2026-08-23T21:08:43.834053+00:00,2026-08-23T21:08:43.834053+00:00,2026-08-24 00:00 (Local Time),TEPAK,,,,,1,9,25.1,,26.0,25.1,1.3,0.2,,,282.0,,,,77.0,0.0,,,0.668777,,"{""Accumulated Rainfall (24 hours)"": {""unit"": ""mm"", ""value"": 0.0}}"
2026-08-23T21:30:00+00:00,2026-08-23T21:35:25.579539+00:00,2026-08-23T21:35:25.579539+00:00,2026-08-24 00:30 (Local Time),TEPAK,,,,,1,9,24.9,,26.0,24.8,0.0,0.0,,,214.0,,,,77.0,0.0,,,0.0,,"{""Accumulated Rainfall (24 hours)"": {""unit"": ""mm"", ""value"": 0.0}}"
2026-08-23T21:50:00+00:00,2026-08-23T21:52:44.591973+00:00,2026-08-23T21:52:44.591973+00:00,2026-08-24 00:40 (Local Time),TEPAK,,,,,1,9,24.7,,26.0,24.7,0.0,0.0,,,68.0,,,,78.0,0.0,,,0.0,,"{""Accumulated Rainfall (24 hours)"": {""unit"": ""mm"", ""value"": 0.0}}"
2026-08-23T22:00:00+00:00,2026-08-23T22:03:08.815611+00:00,2026-08-23T22:03:08.815611+00:00,2026-08-24 00:50 (Local Time),TEPAK,,,,,1,9,24.6,,26.0,24.6,0.0,0.0,,,239.0,,,,78.0,0.0,,,0.0,,"{""Accumulated Rainfall (24 hours)"": {""unit"": ""mm"", ""value"": 0.0}}"
2026-08-23T22:30:00+00:00,2026-08-23T22:31:40.681917+00:00,2026-08-23T22:31:40.681917+00:00,2026-08-24 01:20 (Local Time),TEPAK,,,,,1,9,24.6,,26.0,24.6,1.5,0.4,,,205.0,,,,78.0,0.0,,,0.771666,,"{""Accumulated Rainfall (24 hours)"": {""unit"": ""mm"", ""value"": 0.0}}"
2026-08-23T22:50:00+00:00,2026-08-23T22:51:40.377864+00:00,2026-08-23T22:51:40.377864+00:00,2026-08-24 01:40 (Local Time),TEPAK,,,,,1,9,24.5,,26.0,24.5,0.0,0.3,,,220.0,,,,79.0,0.0,,,0.0,,"{""Accumulated Rainfall (24 hours)"": {""unit"": ""mm"", ""value"": 0.0}}"
2026-08-23T23:00:00+00:00,2026-08-23T23:07:50.125126+00:00,2026-08-23T23:07:50.125126+00:00,2026-08-24 02:00 (Local Time),TEPAK,,,,,1,9,24.4,,26.0,24.3,1.4,0.0,,,218.0,,,,79.0,0.0,,,0.720222,,"{""Accumulated Rainfall (24 hours)"": {""unit"": ""mm"", ""value"": 0.0}}"
2026-08-23T23:30:00+00:00,2026-08-23T23:34:52.852333+00:00,2026-08-23T23:34:52.852333+00:00,2026-08-24 02:20 (Local Time),TEPAK,,,,,1,9,24.2,,26.0,24.1,0.0,0.0,,,311.0,,,,79.0,0.0,,,0.0,,"{""Accumulated Rainfall (24 hours)"": {""unit"": ""mm"", ""value"": 0.0}}"
2026-08-23T23:50:00+00:00,2026-08-23T23:52:08.992459+00:00,2026-08-23T23:52:08.992459+00:00,2026-08-24 02:40 (Local Time),TEPAK,,,,,1,9,24.0,,26.0,24.0,0.0,0.0,,,194.0,,,,80.0,0.0,,,0.0,,"{""Accumulated Rainfall (24 hours)"": {""unit"": ""mm"", ""value"": 0.0}}"
2026-08-24T00:20:00+00:00,2026-08-24T00:25:22.688898+00:00,2026-08-24T00:25:22.688898+00:00,2026-08-24 03:20 (Local Time),TEPAK,,,,,1,9,23.7,,26.0,23.7,1.0,0.0,,,344.0,,,,80.0,0.0,,,0.514444,,"{""Accumulated Rainfall (24 hours)"": {""unit"": ""mm"", ""value"": 0.0}}"
2026-08-24T02:00:00+00:00,2026-08-24T02:05:00.495163+00:00,2026-08-24T02:05:00.495163+00:00,2026-08-24 04:50 (Local Time),TEPAK,,,,,1,9,24.0,,26.0,23.7,0.9,0.0,,,342.0,,,,76.0,0.0,,,0.463,,"{""Accumulated Rainfall (24 hours)"": {""unit"": ""mm"", ""value"": 0.0}}"
2026-08-24T03:10:00+00:00,2026-08-24T03:13:22.750366+00:00,2026-08-24T03:13:22.750366+00:00,2026-08-24 06:00 (Local Time),TEPAK,,,,,1,9,23.5,,26.0,23.5,1.8,0.0,,,345.0,,,,71.0,0.0,,,0.925999,,"{""Accumulated Rainfall (24 hours)"": {""unit"": ""mm"", ""value"": 0.0}}"
2026-08-24T04:00:00+00:00,2026-08-24T04:05:04.367746+00:00,2026-08-24T04:05:04.367746+00:00,2026-08-24 07:00 (Local Time),TEPAK,,,,,1,9,24.3,,26.0,23.4,1.9,0.5,,,332.0,,,,65.0,0.0,,,0.977444,,"{""Accumulated Rainfall (24 hours)"": {""unit"": ""mm"", ""value"": 0.0}}"
2026-08-24T04:50:00+00:00,2026-08-24T04:56:33.110569+00:00,2026-08-24T04:56:33.110569+00:00,2026-08-24 07:50 (Local Time),TEPAK,,,,,1,9,28.3,,28.6,23.4,0.6,0.3,,,271.0,,,,55.0,0.0,,,0.308666,,"{""Accumulated Rainfall (24 hours)"": {""unit"": ""mm"", ""value"": 0.0}}"
2026-08-24T05:30:00+00:00,2026-08-24T05:33:04.050539+00:00,2026-08-24T05:33:04.050539+00:00,2026-08-24 08:20 (Local Time),TEPAK,,,,,1,9,30.5,,30.7,23.4,0.8,0.5,,,50.0,,,,58.0,0.0,,,0.411555,,"{""Accumulated Rainfall (24 hours)"": {""unit"": ""mm"", ""value"": 0.0}}"
2026-08-24T06:00:00+00:00,2026-08-24T06:06:07.235014+00:00,2026-08-24T06:06:07.235014+00:00,2026-08-24 09:00 (Local Time),TEPAK,,,,,1,9,30.0,,31.2,23.4,1.8,0.9,,,137.0,,,,60.0,0.0,,,0.925999,,"{""Accumulated Rainfall (24 hours)"": {""unit"": ""mm"", ""value"": 0.0}}"
2026-08-24T07:10:00+00:00,2026-08-24T07:16:03.698267+00:00,2026-08-24T07:16:03.698267+00:00,2026-08-24 10:10 (Local Time),TEPAK,,,,,1,9,28.9,,31.2,23.4,3.0,1.5,,,182.0,,,,66.0,0.0,,,1.543332,,"{""Accumulated Rainfall (24 hours)"": {""unit"": ""mm"", ""value"": 0.0}}"
2026-08-24T08:00:00+00:00,2026-08-24T08:05:48.165399+00:00,2026-08-24T08:05:48.165399+00:00,2026-08-24 11:00 (Local Time),TEPAK,,,,,1,9,29.7,,31.2,23.4,3.7,1.4,,,166.0,,,,64.0,0.0,,,1.903443,,"{""Accumulated Rainfall (24 hours)"": {""unit"": ""mm"", ""value"": 0.0}}"
2026-08-24T09:00:00+00:00,2026-08-24T09:00:12.470163+00:00,2026-08-24T09:00:12.470163+00:00,2026-08-24 11:50 (Local Time),TEPAK,,,,,1,9,31.2,,31.3,23.4,4.0,1.5,,,162.0,,,,60.0,0.0,,,2.057776,,"{""Accumulated Rainfall (24 hours)"": {""unit"": ""mm"", ""value"": 0.0}}"
2026-08-24T09:50:00+00:00,2026-08-24T09:57:16.860553+00:00,2026-08-24T09:57:16.860553+00:00,2026-08-24 12:50 (Local Time),TEPAK,,,,,1,9,33.5,,33.6,23.4,2.7,1.2,,,249.0,,,,52.0,0.0,,,1.388999,,"{""Accumulated Rainfall (24 hours)"": {""unit"": ""mm"", ""value"": 0.0}}"
2026-08-24T10:30:00+00:00,2026-08-24T10:33:11.108119+00:00,2026-08-24T10:33:11.108119+00:00,2026-08-24 13:20 (Local Time),TEPAK,,,,,1,9,33.8,,34.2,23.4,2.5,1.0,,,259.0,,,,49.0,0.0,,,1.28611,,"{""Accumulated Rainfall (24 hours)"": {""unit"": ""mm"", ""value"": 0.0}}"
2026-08-24T11:00:00+00:00,2026-08-24T11:04:13.052993+00:00,2026-08-24T11:04:13.052993+00:00,2026-08-24 13:50 (Local Time),TEPAK,,,,,1,9,33.3,,34.2,23.4,4.0,1.3,,,253.0,,,,48.0,0.0,,,2.057776,,"{""Accumulated Rainfall (24 hours)"": {""unit"": ""mm"", ""value"": 0.0}}"
2026-08-24T11:30:00+00:00,2026-08-24T11:37:56.829534+00:00,2026-08-24T11:37:56.829534+00:00,2026-08-24 14:30 (Local Time),TEPAK,,,,,1,9,33.0,,34.2,23.4,5.5,1.6,,,221.0,,,,50.0,0.0,,,2.829442,,"{""Accumulated Rainfall (24 hours)"": {""unit"": ""mm"", ""value"": 0.0}}"
2026-08-24T12:00:00+00:00,2026-08-24T12:01:36.598443+00:00,2026-08-24T12:01:36.598443+00:00,2026-08-24 14:50 (Local Time),TEPAK,,,,,1,9,33.2,,34.2,23.4,2.5,1.1,,,247.0,,,,50.0,0.0,,,1.28611,,"{""Accumulated Rainfall (24 hours)"": {""unit"": ""mm"", ""value"": 0.0}}"
2026-08-24T13:00:00+00:00,2026-08-24T13:06:23.173311+00:00,2026-08-24T13:06:23.173311+00:00,2026-08-24 16:00 (Local Time),TEPAK,,,,,1,9,32.2,,34.2,23.4,2.9,1.1,,,265.0,,,,55.0,0.0,,,1.491888,,"{""Accumulated Rainfall (24 hours)"": {""unit"": ""mm"", ""value"": 0.0}}"
2026-08-24T13:50:00+00:00,2026-08-24T13:58:34.993107+00:00,2026-08-24T13:58:34.993107+00:00,2026-08-24 16:50 (Local Time),TEPAK,,,,,1,9,31.0,,34.2,23.4,3.6,1.5,,,253.0,,,,59.0,0.0,,,1.851998,,"{""Accumulated Rainfall (24 hours)"": {""unit"": ""mm"", ""value"": 0.0}}"
2026-08-24T14:50:00+00:00,2026-08-24T14:52:34.183881+00:00,2026-08-24T14:52:34.183881+00:00,2026-08-24 17:40 (Local Time),TEPAK,,,,,1,9,29.5,,34.2,23.4,2.8,1.2,,,233.0,,,,66.0,0.0,,,1.440443,,"{""Accumulated Rainfall (24 hours)"": {""unit"": ""mm"", ""value"": 0.0}}"
2026-08-24T15:20:00+00:00,2026-08-24T15:27:37.543665+00:00,2026-08-24T15:27:37.543665+00:00,2026-08-24 18:20 (Local Time),TEPAK,,,,,1,9,28.6,,34.2,23.4,3.7,1.1,,,252.0,,,,72.0,0.0,,,1.903443,,"{""Accumulated Rainfall (24 hours)"": {""unit"": ""mm"", ""value"": 0.0}}"
2026-08-24T16:00:00+00:00,2026-08-24T16:03:28.141315+00:00,2026-08-24T16:03:28.141315+00:00,2026-08-24 18:50 (Local Time),TEPAK,,,,,1,9,27.8,,34.2,23.4,3.7,1.1,,,241.0,,,,77.0,0.0,,,1.903443,,"{""Accumulated Rainfall (24 hours)"": {""unit"": ""mm"", ""value"": 0.0}}"
2026-08-24T16:50:00+00:00,2026-08-24T16:53:20.031297+00:00,2026-08-24T16:53:20.031297+00:00,2026-08-24 19:40 (Local Time),TEPAK,,,,,1,9,26.9,,34.2,23.4,3.4,1.0,,,258.0,,,,81.0,0.0,,,1.74911,,"{""Accumulated Rainfall (24 hours)"": {""unit"": ""mm"", ""value"": 0.0}}"
2026-08-24T17:20:00+00:00,2026-08-24T17:20:29.899992+00:00,2026-08-24T17:20:29.899992+00:00,2026-08-24 20:10 (Local Time),TEPAK,,,,,1,9,26.7,,34.2,23.4,3.0,0.8,,,262.0,,,,81.0,0.0,,,1.543332,,"{""Accumulated Rainfall (24 hours)"": {""unit"": ""mm"", ""value"": 0.0}}"
2026-08-24T17:50:00+00:00,2026-08-24T17:54:26.954483+00:00,2026-08-24T17:54:26.954483+00:00,2026-08-24 20:40 (Local Time),TEPAK,,,,,1,9,26.6,,34.2,23.4,2.5,0.7,,,250.0,,,,81.0,0.0,,,1.28611,,"{""Accumulated Rainfall (24 hours)"": {""unit"": ""mm"", ""value"": 0.0}}"
2026-08-24T18:10:00+00:00,2026-08-24T18:19:00.754063+00:00,2026-08-24T18:19:00.754063+00:00,2026-08-24 21:10 (Local Time),TEPAK,,,,,1,9,26.5,,26.6,26.5,3.2,1.2,,,244.0,,,,82.0,0.0,,,1.646221,,"{""Accumulated Rainfall (24 hours)"": {""unit"": ""mm"", ""value"": 0.0}}"
2026-08-24T19:00:00+00:00,2026-08-24T19:07:12.688034+00:00,2026-08-24T19:07:12.688034+00:00,2026-08-24 22:00 (Local Time),TEPAK,,,,,1,9,26.3,,26.6,26.3,1.6,0.5,,,266.0,,,,83.0,0.0,,,0.82311,,"{""Accumulated Rainfall (24 hours)"": {""unit"": ""mm"", ""value"": 0.0}}"
2026-08-24T19:30:00+00:00,2026-08-24T19:39:36.335940+00:00,2026-08-24T19:39:36.335940+00:00,2026-08-24 22:30 (Local Time),TEPAK,,,,,1,9,26.2,,26.6,26.2,2.3,0.8,,,245.0,,,,83.0,0.0,,,1.183221,,"{""Accumulated Rainfall (24 hours)"": {""unit"": ""mm"", ""value"": 0.0}}"
2026-08-24T20:00:00+00:00,2026-08-24T20:02:42.858966+00:00,2026-08-24T20:02:42.858966+00:00,2026-08-24 22:50 (Local Time),TEPAK,,,,,1,9,26.1,,26.6,26.1,2.0,0.4,,,208.0,,,,83.0,0.0,,,1.028888,,"{""Accumulated Rainfall (24 hours)"": {""unit"": ""mm"", ""value"": 0.0}}"
2026-08-24T20:40:00+00:00,2026-08-24T20:40:40.715166+00:00,2026-08-24T20:40:40.715166+00:00,2026-08-24 23:30 (Local Time),TEPAK,,,,,1,9,25.9,,26.6,25.9,1.1,0.4,,,254.0,,,,83.0,0.0,,,0.565888,,"{""Accumulated Rainfall (24 hours)"": {""unit"": ""mm"", ""value"": 0.0}}"
2026-08-24T21:00:00+00:00,2026-08-24T21:05:21.310494+00:00,2026-08-24T21:05:21.310494+00:00,2026-08-25 00:00 (Local Time),TEPAK,,,,,1,9,25.9,,26.6,25.9,1.9,0.5,,,218.0,,,,83.0,0.0,,,0.977444,,"{""Accumulated Rainfall (24 hours)"": {""unit"": ""mm"", ""value"": 0.0}}"
2026-08-24T21:30:00+00:00,2026-08-24T21:38:52.195282+00:00,2026-08-24T21:38:52.195282+00:00,2026-08-25 00:30 (Local Time),TEPAK,,,,,1,9,25.8,,26.6,25.8,0.9,0.2,,,238.0,,,,83.0,0.0,,,0.463,,"{""Accumulated Rainfall (24 hours)"": {""unit"": ""mm"", ""value"": 0.0}}"
2026-08-24T22:00:00+00:00,2026-08-24T22:01:12.902915+00:00,2026-08-24T22:01:12.902915+00:00,2026-08-25 00:50 (Local Time),TEPAK,,,,,1,9,25.7,,26.6,25.7,1.2,0.1,,,250.0,,,,83.0,0.0,,,0.617333,,"{""Accumulated Rainfall (24 hours)"": {""unit"": ""mm"", ""value"": 0.0}}"
2026-08-24T22:30:00+00:00,2026-08-24T22:36:41.317891+00:00,2026-08-24T22:36:41.317891+00:00,2026-08-25 01:30 (Local Time),TEPAK,,,,,1,9,25.6,,26.6,25.5,0.0,0.0,,,199.0,,,,83.0,0.0,,,0.0,,"{""Accumulated Rainfall (24 hours)"": {""unit"": ""mm"", ""value"": 0.0}}"
2026-08-24T22:50:00+00:00,2026-08-24T22:57:36.381819+00:00,2026-08-24T22:57:36.381819+00:00,2026-08-25 01:50 (Local Time),TEPAK,,,,,1,9,25.5,,26.6,25.5,1.1,0.0,,,209.0,,,,84.0,0.0,,,0.565888,,"{""Accumulated Rainfall (24 hours)"": {""unit"": ""mm"", ""value"": 0.0}}"
2026-08-24T23:10:00+00:00,2026-08-24T23:19:31.756343+00:00,2026-08-24T23:19:31.756343+00:00,2026-08-25 02:10 (Local Time),TEPAK,,,,,1,9,25.5,,26.6,25.5,1.1,0.4,,,120.0,,,,84.0,0.0,,,0.565888,,"{""Accumulated Rainfall (24 hours)"": {""unit"": ""mm"", ""value"": 0.0}}"
2026-08-24T23:40:00+00:00,2026-08-24T23:42:27.923761+00:00,2026-08-24T23:42:27.923761+00:00,2026-08-25 02:30 (Local Time),TEPAK,,,,,1,9,25.5,,26.6,25.5,1.4,0.5,,,98.0,,,,85.0,0.0,,,0.720222,,"{""Accumulated Rainfall (24 hours)"": {""unit"": ""mm"", ""value"": 0.0}}"
2026-08-24T23:50:00+00:00,2026-08-24T23:58:10.898343+00:00,2026-08-24T23:58:10.898343+00:00,2026-08-25 02:50 (Local Time),TEPAK,,,,,1,9,25.5,,26.6,25.5,1.2,0.3,,,66.0,,,,85.0,0.0,,,0.617333,,"{""Accumulated Rainfall (24 hours)"": {""unit"": ""mm"", ""value"": 0.0}}"
2026-08-25T01:40:00+00:00,2026-08-25T01:45:41.534415+00:00,2026-08-25T01:45:41.534415+00:00,2026-08-25 04:40 (Local Time),TEPAK,,,,,1,9,25.3,,26.6,25.2,2.0,0.7,,,48.0,,,,86.0,0.0,,,1.028888,,"{""Accumulated Rainfall (24 hours)"": {""unit"": ""mm"", ""value"": 0.0}}"
2026-08-25T02:40:00+00:00,2026-08-25T02:45:42.934006+00:00,2026-08-25T02:45:42.934006+00:00,2026-08-25 05:40 (Local Time),TEPAK,,,,,1,9,25.3,,26.6,25.2,1.4,0.5,,,69.0,,,,86.0,0.0,,,0.720222,,"{""Accumulated Rainfall (24 hours)"": {""unit"": ""mm"", ""value"": 0.0}}"
2026-08-25T03:30:00+00:00,2026-08-25T03:33:19.943149+00:00,2026-08-25T03:33:19.943149+00:00,2026-08-25 06:20 (Local Time),TEPAK,,,,,1,9,25.1,,26.6,25.0,2.2,0.7,,,45.0,,,,87.0,0.0,,,1.131777,,"{""Accumulated Rainfall (24 hours)"": {""unit"": ""mm"", ""value"": 0.0}}"
2026-08-25T04:10:00+00:00,2026-08-25T04:12:15.408524+00:00,2026-08-25T04:12:15.408524+00:00,2026-08-25 07:00 (Local Time),TEPAK,,,,,1,9,25.3,,26.6,25.0,1.8,0.7,,,29.0,,,,85.0,0.0,,,0.925999,,"{""Accumulated Rainfall (24 hours)"": {""unit"": ""mm"", ""value"": 0.0}}"
2026-08-25T04:50:00+00:00,2026-08-25T04:53:34.210279+00:00,2026-08-25T04:53:34.210279+00:00,2026-08-25 07:40 (Local Time),TEPAK,,,,,1,9,27.2,,27.4,25.0,1.6,0.9,,,77.0,,,,78.0,0.0,,,0.82311,,"{""Accumulated Rainfall (24 hours)"": {""unit"": ""mm"", ""value"": 0.0}}"
2026-08-25T05:20:00+00:00,2026-08-25T05:20:50.570021+00:00,2026-08-25T05:20:50.570021+00:00,2026-08-25 08:10 (Local Time),TEPAK,,,,,1,9,28.6,,28.6,25.0,2.1,0.9,,,105.0,,,,74.0,0.0,,,1.080332,,"{""Accumulated Rainfall (24 hours)"": {""unit"": ""mm"", ""value"": 0.0}}"
2026-08-25T05:50:00+00:00,2026-08-25T05:53:07.498471+00:00,2026-08-25T05:53:07.498471+00:00,2026-08-25 08:40 (Local Time),TEPAK,,,,,1,9,29.5,,29.7,25.0,1.5,0.8,,,90.0,,,,71.0,0.0,,,0.771666,,"{""Accumulated Rainfall (24 hours)"": {""unit"": ""mm"", ""value"": 0.0}}"
2026-08-25T06:20:00+00:00,2026-08-25T06:21:12.728364+00:00,2026-08-25T06:21:12.728364+00:00,2026-08-25 09:10 (Local Time),TEPAK,,,,,1,9,28.6,,29.8,25.0,1.5,0.9,,,102.0,,,,75.0,0.0,,,0.771666,,"{""Accumulated Rainfall (24 hours)"": {""unit"": ""mm"", ""value"": 0.0}}"
2026-08-25T07:10:00+00:00,2026-08-25T07:14:12.002380+00:00,2026-08-25T07:14:12.002380+00:00,2026-08-25 10:00 (Local Time),TEPAK,,,,,1,9,28.5,,29.8,25.0,2.4,1.2,,,145.0,,,,74.0,0.0,,,1.234666,,"{""Accumulated Rainfall (24 hours)"": {""unit"": ""mm"", ""value"": 0.0}}"
2026-08-25T07:50:00+00:00,2026-08-25T07:58:40.639476+00:00,2026-08-25T07:58:40.639476+00:00,2026-08-25 10:50 (Local Time),TEPAK,,,,,1,9,30.2,,30.4,25.0,1.4,1.1,,,105.0,,,,68.0,0.0,,,0.720222,,"{""Accumulated Rainfall (24 hours)"": {""unit"": ""mm"", ""value"": 0.0}}"
2026-08-25T08:50:00+00:00,2026-08-25T08:53:15.199257+00:00,2026-08-25T08:53:15.199257+00:00,2026-08-25 11:40 (Local Time),TEPAK,,,,,1,9,30.5,,30.9,25.0,4.5,1.9,,,155.0,,,,68.0,0.0,,,2.314998,,"{""Accumulated Rainfall (24 hours)"": {""unit"": ""mm"", ""value"": 0.0}}"
2026-08-25T09:20:00+00:00,2026-08-25T09:21:55.496305+00:00,2026-08-25T09:21:55.496305+00:00,2026-08-25 12:10 (Local Time),TEPAK,,,,,1,9,31.1,,31.3,25.0,5.0,2.1,,,175.0,,,,64.0,0.0,,,2.57222,,"{""Accumulated Rainfall (24 hours)"": {""unit"": ""mm"", ""value"": 0.0}}"
2026-08-25T09:50:00+00:00,2026-08-25T09:57:27.677768+00:00,2026-08-25T09:57:27.677768+00:00,2026-08-25 12:50 (Local Time),TEPAK,,,,,1,9,31.7,,31.8,25.0,6.7,2.6,,,175.0,,,,61.0,0.0,,,3.446775,,"{""Accumulated Rainfall (24 hours)"": {""unit"": ""mm"", ""value"": 0.0}}"
2026-08-25T10:20:00+00:00,2026-08-25T10:25:44.764489+00:00,2026-08-25T10:25:44.764489+00:00,2026-08-25 13:20 (Local Time),TEPAK,,,,,1,9,32.4,,32.6,25.0,4.1,1.6,,,199.0,,,,59.0,0.0,,,2.10922,,"{""Accumulated Rainfall (24 hours)"": {""unit"": ""mm"", ""value"": 0.0}}"
2026-08-25T10:50:00+00:00,2026-08-25T10:58:40.238954+00:00,2026-08-25T10:58:40.238954+00:00,2026-08-25 13:50 (Local Time),TEPAK,,,,,1,9,32.7,,32.9,25.0,3.9,1.4,,,221.0,,,,57.0,0.0,,,2.006332,,"{""Accumulated Rainfall (24 hours)"": {""unit"": ""mm"", ""value"": 0.0}}"
2026-08-25T11:30:00+00:00,2026-08-25T11:36:35.486630+00:00,2026-08-25T11:36:35.486630+00:00,2026-08-25 14:30 (Local Time),TEPAK,,,,,1,9,33.2,,33.6,25.0,3.2,1.2,,,223.0,,,,56.0,0.0,,,1.646221,,"{""Accumulated Rainfall (24 hours)"": {""unit"": ""mm"", ""value"": 0.0}}"
2026-08-25T11:50:00+00:00,2026-08-25T11:59:21.211444+00:00,2026-08-25T11:59:21.211444+00:00,2026-08-25 14:50 (Local Time),TEPAK,,,,,1,9,33.2,,33.6,25.0,2.1,1.2,,,233.0,,,,55.0,0.0,,,1.080332,,"{""Accumulated Rainfall (24 hours)"": {""unit"": ""mm"", ""value"": 0.0}}"
2026-08-25T13:00:00+00:00,2026-08-25T13:03:56.506241+00:00,2026-08-25T13:03:56.506241+00:00,2026-08-25 15:50 (Local Time),TEPAK,,,,,1,9,33.0,,33.7,25.0,3.8,1.5,,,229.0,,,,56.0,0.0,,,1.954887,,"{""Accumulated Rainfall (24 hours)"": {""unit"": ""mm"", ""value"": 0.0}}"
2026-08-25T13:50:00+00:00,2026-08-25T13:57:36.498978+00:00,2026-08-25T13:57:36.498978+00:00,2026-08-25 16:50 (Local Time),TEPAK,,,,,1,9,32.2,,33.7,25.0,3.4,1.3,,,249.0,,,,57.0,0.0,,,1.74911,,"{""Accumulated Rainfall (24 hours)"": {""unit"": ""mm"", ""value"": 0.0}}"
2026-08-25T14:40:00+00:00,2026-08-25T14:41:09.393536+00:00,2026-08-25T14:41:09.393536+00:00,2026-08-25 17:30 (Local Time),TEPAK,,,,,1,9,30.0,,33.7,25.0,3.3,1.6,,,253.0,,,,67.0,0.0,,,1.697665,,"{""Accumulated Rainfall (24 hours)"": {""unit"": ""mm"", ""value"": 0.0}}"
2026-08-25T15:20:00+00:00,2026-08-25T15:27:40.699931+00:00,2026-08-25T15:27:40.699931+00:00,2026-08-25 18:20 (Local Time),TEPAK,,,,,1,9,29.1,,33.7,25.0,2.5,1.0,,,257.0,,,,71.0,0.0,,,1.28611,,"{""Accumulated Rainfall (24 hours)"": {""unit"": ""mm"", ""value"": 0.0}}"
2026-08-25T16:00:00+00:00,2026-08-25T16:08:16.686503+00:00,2026-08-25T16:08:16.686503+00:00,2026-08-25 19:00 (Local Time),TEPAK,,,,,1,9,28.2,,33.7,25.0,3.1,0.7,,,254.0,,,,76.0,0.0,,,1.594776,,"{""Accumulated Rainfall (24 hours)"": {""unit"": ""mm"", ""value"": 0.0}}"
2026-08-25T16:50:00+00:00,2026-08-25T16:57:14.028931+00:00,2026-08-25T16:57:14.028931+00:00,2026-08-25 19:50 (Local Time),TEPAK,,,,,1,9,27.4,,33.7,25.0,1.1,0.3,,,285.0,,,,80.0,0.0,,,0.565888,,"{""Accumulated Rainfall (24 hours)"": {""unit"": ""mm"", ""value"": 0.0}}"
2026-08-25T17:20:00+00:00,2026-08-25T17:22:15.307251+00:00,2026-08-25T17:22:15.307251+00:00,2026-08-25 20:10 (Local Time),TEPAK,,,,,1,9,27.1,,33.7,25.0,1.1,0.5,,,291.0,,,,81.0,0.0,,,0.565888,,"{""Accumulated Rainfall (24 hours)"": {""unit"": ""mm"", ""value"": 0.0}}"
2026-08-25T17:50:00+00:00,2026-08-25T17:51:06.620126+00:00,2026-08-25T17:51:06.620126+00:00,2026-08-25 20:40 (Local Time),TEPAK,,,,,1,9,26.9,,33.7,25.0,2.2,0.7,,,228.0,,,,83.0,0.0,,,1.131777,,"{""Accumulated Rainfall (24 hours)"": {""unit"": ""mm"", ""value"": 0.0}}"
2026-08-25T18:20:00+00:00,2026-08-25T18:23:13.053751+00:00,2026-08-25T18:23:13.053751+00:00,2026-08-25 21:10 (Local Time),TEPAK,,,,,1,9,26.7,,26.8,26.7,2.1,0.7,,,276.0,,,,85.0,0.0,,,1.080332,,"{""Accumulated Rainfall (24 hours)"": {""unit"": ""mm"", ""value"": 0.0}}"
2026-08-25T19:00:00+00:00,2026-08-25T19:08:30.557607+00:00,2026-08-25T19:08:30.557607+00:00,2026-08-25 22:00 (Local Time),TEPAK,,,,,1,9,26.4,,26.8,26.4,1.8,0.4,,,240.0,,,,86.0,0.0,,,0.925999,,"{""Accumulated Rainfall (24 hours)"": {""unit"": ""mm"", ""value"": 0.0}}"
2026-08-25T19:40:00+00:00,2026-08-25T19:40:20.563841+00:00,2026-08-25T19:40:20.563841+00:00,2026-08-25 22:30 (Local Time),TEPAK,,,,,1,9,26.3,,26.8,26.3,1.8,0.3,,,264.0,,,,87.0,0.0,,,0.925999,,"{""Accumulated Rainfall (24 hours)"": {""unit"": ""mm"", ""value"": 0.0}}"
2026-08-25T20:00:00+00:00,2026-08-25T20:01:05.062864+00:00,2026-08-25T20:01:05.062864+00:00,2026-08-25 22:50 (Local Time),TEPAK,,,,,1,9,26.1,,26.8,26.1,0.8,0.2,,,297.0,,,,87.0,0.0,,,0.411555,,"{""Accumulated Rainfall (24 hours)"": {""unit"": ""mm"", ""value"": 0.0}}"
2026-08-25T20:30:00+00:00,2026-08-25T20:38:41.971305+00:00,2026-08-25T20:38:41.971305+00:00,2026-08-25 23:30 (Local Time),TEPAK,,,,,1,9,25.9,,26.8,25.9,0.5,0.0,,,219.0,,,,87.0,0.0,,,0.257222,,"{""Accumulated Rainfall (24 hours)"": {""unit"": ""mm"", ""value"": 0.0}}"
2026-08-25T21:00:00+00:00,2026-08-25T21:04:36.006986+00:00,2026-08-25T21:04:36.006986+00:00,2026-08-25 23:50 (Local Time),TEPAK,,,,,1,9,25.9,,26.8,25.8,1.4,0.2,,,181.0,,,,87.0,0.0,,,0.720222,,"{""Accumulated Rainfall (24 hours)"": {""unit"": ""mm"", ""value"": 0.0}}"
2026-08-25T21:30:00+00:00,2026-08-25T21:36:47.936281+00:00,2026-08-25T21:36:47.936281+00:00,2026-08-26 00:30 (Local Time),TEPAK,,,,,1,9,25.8,,26.8,25.8,0.0,0.1,,,196.0,,,,87.0,0.0,,,0.0,,"{""Accumulated Rainfall (24 hours)"": {""unit"": ""mm"", ""value"": 0.0}}"
2026-08-25T21:50:00+00:00,2026-08-25T21:57:06.599599+00:00,2026-08-25T21:57:06.599599+00:00,2026-08-26 00:50 (Local Time),TEPAK,,,,,1,9,25.7,,26.8,25.6,1.7,0.5,,,89.0,,,,87.0,0.0,,,0.874555,,"{""Accumulated Rainfall (24 hours)"": {""unit"": ""mm"", ""value"": 0.0}}"
2026-08-25T22:20:00+00:00,2026-08-25T22:21:51.152490+00:00,2026-08-25T22:21:51.152490+00:00,2026-08-26 01:10 (Local Time),TEPAK,,,,,1,9,25.6,,26.8,25.6,1.9,0.7,,,87.0,,,,87.0,0.0,,,0.977444,,"{""Accumulated Rainfall (24 hours)"": {""unit"": ""mm"", ""value"": 0.0}}"
2026-08-25T22:50:00+00:00,2026-08-25T22:50:21.982809+00:00,2026-08-25T22:50:21.982809+00:00,2026-08-26 01:40 (Local Time),TEPAK,,,,,1,9,25.6,,26.8,25.6,1.1,0.3,,,105.0,,,,87.0,0.0,,,0.565888,,"{""Accumulated Rainfall (24 hours)"": {""unit"": ""mm"", ""value"": 0.0}}"
2026-08-25T23:10:00+00:00,2026-08-25T23:13:21.974966+00:00,2026-08-25T23:13:21.974966+00:00,2026-08-26 02:00 (Local Time),TEPAK,,,,,1,9,25.5,,26.8,25.4,0.7,0.2,,,113.0,,,,87.0,0.0,,,0.360111,,"{""Accumulated Rainfall (24 hours)"": {""unit"": ""mm"", ""value"": 0.0}}"
2026-08-25T23:30:00+00:00,2026-08-25T23:37:49.566300+00:00,2026-08-25T23:37:49.566300+00:00,2026-08-26 02:30 (Local Time),TEPAK,,,,,1,9,25.1,,26.8,25.1,1.2,0.2,,,137.0,,,,85.0,0.0,,,0.617333,,"{""Accumulated Rainfall (24 hours)"": {""unit"": ""mm"", ""value"": 0.0}}"
2026-08-25T23:50:00+00:00,2026-08-25T23:59:33.063779+00:00,2026-08-25T23:59:33.063779+00:00,2026-08-26 02:50 (Local Time),TEPAK,,,,,1,9,24.9,,26.8,24.9,0.0,0.0,,,---,,,,84.0,0.0,,,0.0,,"{""Accumulated Rainfall (24 hours)"": {""unit"": ""mm"", ""value"": 0.0}}"
2026-08-26T01:50:00+00:00,2026-08-26T01:51:20.162910+00:00,2026-08-26T01:51:20.162910+00:00,2026-08-26 04:40 (Local Time),TEPAK,,,,,1,9,24.1,,26.8,24.0,0.7,0.0,,,286.0,,,,78.0,0.0,,,0.360111,,"{""Accumulated Rainfall (24 hours)"": {""unit"": ""mm"", ""value"": 0.0}}"
2026-08-26T02:50:00+00:00,2026-08-26T02:54:22.104374+00:00,2026-08-26T02:54:22.104374+00:00,2026-08-26 05:40 (Local Time),TEPAK,,,,,1,9,23.4,,26.8,23.2,1.6,0.0,,,320.0,,,,62.0,0.0,,,0.82311,,"{""Accumulated Rainfall (24 hours)"": {""unit"": ""mm"", ""value"": 0.0}}"
2026-08-26T03:40:00+00:00,2026-08-26T03:42:51.161575+00:00,2026-08-26T03:42:51.161575+00:00,2026-08-26 06:30 (Local Time),TEPAK,,,,,1,9,23.5,,26.8,23.2,1.3,0.0,,,314.0,,,,64.0,0.0,,,0.668777,,"{""Accumulated Rainfall (24 hours)"": {""unit"": ""mm"", ""value"": 0.0}}"
2026-08-26T04:20:00+00:00,2026-08-26T04:24:21.650652+00:00,2026-08-26T04:24:21.650652+00:00,2026-08-26 07:10 (Local Time),TEPAK,,,,,1,9,24.7,,26.8,23.2,1.4,0.1,,,303.0,,,,60.0,0.0,,,0.720222,,"{""Accumulated Rainfall (24 hours)"": {""unit"": ""mm"", ""value"": 0.0}}"
2026-08-26T05:00:00+00:00,2026-08-26T05:02:08.397474+00:00,2026-08-26T05:02:08.397474+00:00,2026-08-26 07:50 (Local Time),TEPAK,,,,,1,9,28.9,,29.0,23.2,3.3,1.1,,,77.0,,,,70.0,0.0,,,1.697665,,"{""Accumulated Rainfall (24 hours)"": {""unit"": ""mm"", ""value"": 0.0}}"
2026-08-26T05:40:00+00:00,2026-08-26T05:41:52.025975+00:00,2026-08-26T05:41:52.025975+00:00,2026-08-26 08:30 (Local Time),TEPAK,,,,,1,9,29.3,,29.5,23.2,2.7,1.1,,,63.0,,,,72.0,0.0,,,1.388999,,"{""Accumulated Rainfall (24 hours)"": {""unit"": ""mm"", ""value"": 0.0}}"
2026-08-26T06:00:00+00:00,2026-08-26T06:05:37.659634+00:00,2026-08-26T06:05:37.659634+00:00,2026-08-26 09:00 (Local Time),TEPAK,,,,,1,9,30.1,,30.3,23.2,3.2,1.0,,,86.0,,,,69.0,0.0,,,1.646221,,"{""Accumulated Rainfall (24 hours)"": {""unit"": ""mm"", ""value"": 0.0}}"
2026-08-26T07:00:00+00:00,2026-08-26T07:04:04.375504+00:00,2026-08-26T07:04:04.375504+00:00,2026-08-26 09:50 (Local Time),TEPAK,,,,,1,9,29.2,,30.3,23.2,3.3,1.3,,,94.0,,,,73.0,0.0,,,1.697665,,"{""Accumulated Rainfall (24 hours)"": {""unit"": ""mm"", ""value"": 0.0}}"
2026-08-26T07:50:00+00:00,2026-08-26T07:53:52.196078+00:00,2026-08-26T07:53:52.196078+00:00,2026-08-26 10:40 (Local Time),TEPAK,,,,,1,9,30.2,,30.5,23.2,2.3,1.1,,,56.0,,,,70.0,0.0,,,1.183221,,"{""Accumulated Rainfall (24 hours)"": {""unit"": ""mm"", ""value"": 0.0}}"
2026-08-26T08:20:00+00:00,2026-08-26T08:26:49.855469+00:00,2026-08-26T08:26:49.855469+00:00,2026-08-26 11:20 (Local Time),TEPAK,,,,,1,9,30.7,,31.4,23.2,2.5,1.7,,,151.0,,,,68.0,0.0,,,1.28611,,"{""Accumulated Rainfall (24 hours)"": {""unit"": ""mm"", ""value"": 0.0}}"
2026-08-26T09:00:00+00:00,2026-08-26T09:09:58.185154+00:00,2026-08-26T09:09:58.185154+00:00,2026-08-26 12:00 (Local Time),TEPAK,,,,,1,9,31.7,,32.0,23.2,2.0,1.1,,,158.0,,,,65.0,0.0,,,1.028888,,"{""Accumulated Rainfall (24 hours)"": {""unit"": ""mm"", ""value"": 0.0}}"
2026-08-26T09:50:00+00:00,2026-08-26T09:57:18.499527+00:00,2026-08-26T09:57:18.499527+00:00,2026-08-26 12:50 (Local Time),TEPAK,,,,,1,9,32.0,,33.0,23.2,3.9,1.5,,,155.0,,,,64.0,0.0,,,2.006332,,"{""Accumulated Rainfall (24 hours)"": {""unit"": ""mm"", ""value"": 0.0}}"
2026-08-26T10:30:00+00:00,2026-08-26T10:30:56.270148+00:00,2026-08-26T10:30:56.270148+00:00,2026-08-26 13:20 (Local Time),TEPAK,,,,,1,9,33.0,,33.2,23.2,6.0,2.6,,,171.0,,,,53.0,0.0,,,3.086664,,"{""Accumulated Rainfall (24 hours)"": {""unit"": ""mm"", ""value"": 0.0}}"
2026-08-26T11:00:00+00:00,2026-08-26T11:04:37.313078+00:00,2026-08-26T11:04:37.313078+00:00,2026-08-26 13:50 (Local Time),TEPAK,,,,,1,9,33.2,,33.7,23.2,6.1,2.9,,,183.0,,,,54.0,0.0,,,3.138108,,"{""Accumulated Rainfall (24 hours)"": {""unit"": ""mm"", ""value"": 0.0}}"
2026-08-26T11:30:00+00:00,2026-08-26T11:38:49.315515+00:00,2026-08-26T11:38:49.315515+00:00,2026-08-26 14:30 (Local Time),TEPAK,,,,,1,9,33.8,,34.0,23.2,3.6,1.5,,,228.0,,,,54.0,0.0,,,1.851998,,"{""Accumulated Rainfall (24 hours)"": {""unit"": ""mm"", ""value"": 0.0}}"
2026-08-26T12:00:00+00:00,2026-08-26T12:03:08.948192+00:00,2026-08-26T12:03:08.948192+00:00,2026-08-26 14:50 (Local Time),TEPAK,,,,,1,9,34.1,,34.5,23.2,3.8,1.3,,,213.0,,,,53.0,0.0,,,1.954887,,"{""Accumulated Rainfall (24 hours)"": {""unit"": ""mm"", ""value"": 0.0}}"
2026-08-26T13:00:00+00:00,2026-08-26T13:09:09.840932+00:00,2026-08-26T13:09:09.840932+00:00,2026-08-26 16:00 (Local Time),TEPAK,,,,,1,9,33.5,,34.5,23.2,3.3,1.4,,,227.0,,,,54.0,0.0,,,1.697665,,"{""Accumulated Rainfall (24 hours)"": {""unit"": ""mm"", ""value"": 0.0}}"
2026-08-26T14:00:00+00:00,2026-08-26T14:03:39.470985+00:00,2026-08-26T14:03:39.470985+00:00,2026-08-26 16:50 (Local Time),TEPAK,,,,,1,9,31.7,,34.5,23.2,4.9,1.4,,,227.0,,,,61.0,0.0,,,2.520776,,"{""Accumulated Rainfall (24 hours)"": {""unit"": ""mm"", ""value"": 0.0}}"
2026-08-26T14:50:00+00:00,2026-08-26T14:54:08.722019+00:00,2026-08-26T14:54:08.722019+00:00,2026-08-26 17:40 (Local Time),TEPAK,,,,,1,9,29.4,,34.5,23.2,4.4,1.6,,,233.0,,,,73.0,0.0,,,2.263554,,"{""Accumulated Rainfall (24 hours)"": {""unit"": ""mm"", ""value"": 0.0}}"
2026-08-26T16:00:00+00:00,2026-08-26T16:07:18.483930+00:00,2026-08-26T16:07:18.483930+00:00,2026-08-26 19:00 (Local Time),TEPAK,,,,,1,9,28.2,,34.5,23.2,3.1,0.9,,,263.0,,,,77.0,0.0,,,1.594776,,"{""Accumulated Rainfall (24 hours)"": {""unit"": ""mm"", ""value"": 0.0}}"
2026-08-26T16:50:00+00:00,2026-08-26T16:57:15.023418+00:00,2026-08-26T16:57:15.023418+00:00,2026-08-26 19:50 (Local Time),TEPAK,,,,,1,9,27.5,,34.5,23.2,1.7,0.7,,,251.0,,,,80.0,0.0,,,0.874555,,"{""Accumulated Rainfall (24 hours)"": {""unit"": ""mm"", ""value"": 0.0}}"
2026-08-26T18:50:00+00:00,2026-08-26T18:52:42.492642+00:00,2026-08-26T18:52:42.492642+00:00,2026-08-26 21:40 (Local Time),TEPAK,,,,,1,9,26.8,,27.0,26.8,2.1,0.3,,,287.0,,,,82.0,0.0,,,1.080332,,"{""Accumulated Rainfall (24 hours)"": {""unit"": ""mm"", ""value"": 0.0}}"
2026-08-26T21:10:00+00:00,2026-08-26T21:19:59.745043+00:00,2026-08-26T21:19:59.745043+00:00,2026-08-27 00:10 (Local Time),TEPAK,,,,,1,9,25.8,,27.0,25.6,1.7,0.3,,,306.0,,,,76.0,0.0,,,0.874555,,"{""Accumulated Rainfall (24 hours)"": {""unit"": ""mm"", ""value"": 0.0}}"
2026-08-27T00:50:00+00:00,2026-08-27T00:53:28.666538+00:00,2026-08-27T00:53:28.666538+00:00,2026-08-27 03:40 (Local Time),TEPAK,,,,,1,9,25.3,,27.0,24.6,2.4,0.5,,,45.0,,,,83.0,0.0,,,1.234666,,"{""Accumulated Rainfall (24 hours)"": {""unit"": ""mm"", ""value"": 0.0}}"
2026-08-27T10:40:00+00:00,2026-08-27T10:40:31.347901+00:00,2026-08-27T10:40:31.347901+00:00,2026-08-27 13:30 (Local Time),TEPAK,,,,,1,9,31.0,,31.3,23.6,3.9,1.5,,,169.0,,,,67.0,0.0,,,2.006332,,"{""Accumulated Rainfall (24 hours)"": {""unit"": ""mm"", ""value"": 0.0}}"
2026-08-27T20:40:00+00:00,2026-08-27T20:46:37.523278+00:00,2026-08-27T20:46:37.523278+00:00,2026-08-27 23:40 (Local Time),TEPAK,,,,,1,9,26.7,,27.9,26.6,1.0,0.1,,,227.0,,,,71.0,0.0,,,0.514444,,"{""Accumulated Rainfall (24 hours)"": {""unit"": ""mm"", ""value"": 0.0}}"
2026-08-28T04:30:00+00:00,2026-08-28T04:32:04.121658+00:00,2026-08-28T04:32:04.121658+00:00,2026-08-28 07:20 (Local Time),TEPAK,,,,,1,9,26.1,,27.9,23.8,1.2,0.0,,,311.0,,,,60.0,0.0,,,0.617333,,"{""Accumulated Rainfall (24 hours)"": {""unit"": ""mm"", ""value"": 0.0}}"
2026-08-28T16:50:00+00:00,2026-08-28T16:53:27.353974+00:00,2026-08-28T16:53:27.353974+00:00,2026-08-28 19:40 (Local Time),TEPAK,,,,,1,9,27.5,,35.1,23.8,4.1,1.1,,,275.0,,,,78.0,0.0,,,2.10922,,"{""Accumulated Rainfall (24 hours)"": {""unit"": ""mm"", ""value"": 0.0}}"
2026-08-29T00:40:00+00:00,2026-08-29T00:46:23.283124+00:00,2026-08-29T00:46:23.283124+00:00,2026-08-29 03:40 (Local Time),TEPAK,,,,,1,9,25.5,,27.7,25.4,0.7,0.1,,,313.0,,,,74.0,0.0,,,0.360111,,"{""Accumulated Rainfall (24 hours)"": {""unit"": ""mm"", ""value"": 0.0}}"
2026-08-29T07:20:00+00:00,2026-08-29T07:26:53.255731+00:00,2026-08-29T07:26:53.255731+00:00,2026-08-29 10:20 (Local Time),TEPAK,,,,,1,9,30.1,,30.4,24.6,5.4,1.5,,,125.0,,,,69.0,0.0,,,2.777998,,"{""Accumulated Rainfall (24 hours)"": {""unit"": ""mm"", ""value"": 0.0}}"
2026-08-29T13:10:00+00:00,2026-08-29T13:16:49.747563+00:00,2026-08-29T13:16:49.747563+00:00,2026-08-29 16:10 (Local Time),TEPAK,,,,,1,9,25.9,,31.2,17.8,2.7,1.4,,,140.0,,,,56.0,0.0,,,1.388999,,"{""Accumulated Rainfall (24 hours)"": {""unit"": ""mm"", ""value"": 11.16}}"
2026-08-29T17:10:00+00:00,2026-08-29T17:13:33.472250+00:00,2026-08-29T17:13:33.472250+00:00,2026-08-29 20:00 (Local Time),TEPAK,,,,,1,9,22.7,,31.2,17.8,2.2,0.4,,,307.0,,,,67.0,0.0,,,1.131777,,"{""Accumulated Rainfall (24 hours)"": {""unit"": ""mm"", ""value"": 11.16}}"
2026-08-29T19:40:00+00:00,2026-08-29T19:45:10.956477+00:00,2026-08-29T19:45:10.956477+00:00,2026-08-29 22:40 (Local Time),TEPAK,,,,,1,9,21.6,,22.2,21.5,1.1,0.0,,,327.0,,,,72.0,0.0,,,0.565888,,"{""Accumulated Rainfall (24 hours)"": {""unit"": ""mm"", ""value"": 11.16}}"
2026-08-29T21:50:00+00:00,2026-08-29T21:58:56.752898+00:00,2026-08-29T21:58:56.752898+00:00,2026-08-30 00:50 (Local Time),TEPAK,,,,,1,9,21.6,,22.2,21.1,2.5,0.4,,,278.0,,,,76.0,0.0,,,1.28611,,"{""Accumulated Rainfall (24 hours)"": {""unit"": ""mm"", ""value"": 11.16}}"
2026-08-30T00:00:00+00:00,2026-08-30T00:07:36.935372+00:00,2026-08-30T00:07:36.935372+00:00,2026-08-30 03:00 (Local Time),TEPAK,,,,,1,9,20.6,,22.2,20.3,2.0,0.4,,,293.0,,,,71.0,0.0,,,1.028888,,"{""Accumulated Rainfall (24 hours)"": {""unit"": ""mm"", ""value"": 11.16}}"
2026-08-30T05:10:00+00:00,2026-08-30T05:18:31.530332+00:00,2026-08-30T05:18:31.530332+00:00,2026-08-30 08:10 (Local Time),TEPAK,,,,,1,9,26.3,,26.5,19.8,2.0,0.6,,,276.0,,,,50.0,0.0,,,1.028888,,"{""Accumulated Rainfall (24 hours)"": {""unit"": ""mm"", ""value"": 11.16}}"
2026-08-30T10:30:00+00:00,2026-08-30T10:32:45.503910+00:00,2026-08-30T10:32:45.503910+00:00,2026-08-30 13:20 (Local Time),TEPAK,,,,,1,9,30.2,,32.1,19.8,5.6,1.8,,,175.0,,,,44.0,0.0,,,2.880886,,"{""Accumulated Rainfall (24 hours)"": {""unit"": ""mm"", ""value"": 0.0}}"
2026-08-30T14:50:00+00:00,2026-08-30T14:56:44.286383+00:00,2026-08-30T14:56:44.286383+00:00,2026-08-30 17:50 (Local Time),TEPAK,,,,,1,9,29.3,,32.8,19.8,4.1,1.4,,,210.0,,,,48.0,0.0,,,2.10922,,"{""Accumulated Rainfall (24 hours)"": {""unit"": ""mm"", ""value"": 0.0}}"
2026-08-30T18:20:00+00:00,2026-08-30T18:21:52.680907+00:00,2026-08-30T18:21:52.680907+00:00,2026-08-30 21:10 (Local Time),TEPAK,,,,,1,9,26.1,,26.4,26.0,1.7,0.3,,,30.0,,,,62.0,0.0,,,0.874555,,"{""Accumulated Rainfall (24 hours)"": {""unit"": ""mm"", ""value"": 0.0}}"
2026-08-30T21:10:00+00:00,2026-08-30T21:15:49.570488+00:00,2026-08-30T21:15:49.570488+00:00,2026-08-31 00:10 (Local Time),TEPAK,,,,,1,9,24.2,,26.4,24.1,2.1,0.1,,,337.0,,,,51.0,0.0,,,1.080332,,"{""Accumulated Rainfall (24 hours)"": {""unit"": ""mm"", ""value"": 0.0}}"
2026-08-30T23:30:00+00:00,2026-08-30T23:32:05.114641+00:00,2026-08-30T23:32:05.114641+00:00,2026-08-31 02:20 (Local Time),TEPAK,,,,,1,9,23.0,,26.4,22.9,2.5,0.3,,,336.0,,,,52.0,0.0,,,1.28611,,"{""Accumulated Rainfall (24 hours)"": {""unit"": ""mm"", ""value"": 0.0}}"
2026-08-31T01:30:00+00:00,2026-08-31T01:33:14.668185+00:00,2026-08-31T01:33:14.668185+00:00,2026-08-31 04:20 (Local Time),TEPAK,,,,,1,9,22.1,,26.4,22.0,0.0,0.0,,,23.0,,,,57.0,0.0,,,0.0,,"{""Accumulated Rainfall (24 hours)"": {""unit"": ""mm"", ""value"": 0.0}}"
2026-08-31T07:30:00+00:00,2026-08-31T07:33:17.901781+00:00,2026-08-31T07:33:17.901781+00:00,2026-08-31 10:20 (Local Time),TEPAK,,,,,1,9,30.9,,32.6,21.4,2.5,1.2,,,158.0,,,,37.0,0.0,,,1.28611,,"{""Accumulated Rainfall (24 hours)"": {""unit"": ""mm"", ""value"": 0.0}}"
2026-08-31T15:20:00+00:00,2026-08-31T15:20:30.777425+00:00,2026-08-31T15:20:30.777425+00:00,2026-08-31 18:10 (Local Time),TEPAK,,,,,1,9,29.2,,34.0,21.4,2.5,0.7,,,269.0,,,,62.0,0.0,,,1.28611,,"{""Accumulated Rainfall (24 hours)"": {""unit"": ""mm"", ""value"": 0.0}}"
2026-08-31T20:50:00+00:00,2026-08-31T20:53:49.470063+00:00,2026-08-31T20:53:49.470063+00:00,2026-08-31 23:40 (Local Time),TEPAK,,,,,1,9,25.3,,26.5,25.2,1.5,0.0,,,316.0,,,,59.0,0.0,,,0.771666,,"{""Accumulated Rainfall (24 hours)"": {""unit"": ""mm"", ""value"": 0.0}}"
2026-09-01T00:00:00+00:00,2026-09-01T00:09:47.161661+00:00,2026-09-01T00:09:47.161661+00:00,2026-09-01 03:00 (Local Time),TEPAK,,,,,1,9,23.2,,26.5,23.2,0.7,0.0,,,84.0,,,,61.0,0.0,,,0.360111,,"{""Accumulated Rainfall (24 hours)"": {""unit"": ""mm"", ""value"": 0.0}}"
2026-09-01T05:00:00+00:00,2026-09-01T05:06:39.752591+00:00,2026-09-01T05:06:39.752591+00:00,2026-09-01 08:00 (Local Time),TEPAK,,,,,1,9,29.7,,29.9,22.2,0.0,0.0,,,302.0,,,,43.0,0.0,,,0.0,,"{""Accumulated Rainfall (24 hours)"": {""unit"": ""mm"", ""value"": 0.0}}"
2026-09-01T10:00:00+00:00,2026-09-01T10:00:04.426972+00:00,2026-09-01T10:00:04.426972+00:00,2026-09-01 12:50 (Local Time),TEPAK,,,,,1,9,30.7,,31.3,22.2,4.0,1.5,,,130.0,,,,67.0,0.0,,,2.057776,,"{""Accumulated Rainfall (24 hours)"": {""unit"": ""mm"", ""value"": 0.0}}"
2026-09-01T14:40:00+00:00,2026-09-01T14:44:18.360093+00:00,2026-09-01T14:44:18.360093+00:00,2026-09-01 17:30 (Local Time),TEPAK,,,,,1,9,30.9,,32.1,22.2,3.3,1.2,,,228.0,,,,46.0,0.0,,,1.697665,,"{""Accumulated Rainfall (24 hours)"": {""unit"": ""mm"", ""value"": 0.0}}"
2026-09-01T17:50:00+00:00,2026-09-01T17:59:08.587377+00:00,2026-09-01T17:59:08.587377+00:00,2026-09-01 20:50 (Local Time),TEPAK,,,,,1,9,27.1,,32.1,22.2,0.0,0.0,,,226.0,,,,75.0,0.0,,,0.0,,"{""Accumulated Rainfall (24 hours)"": {""unit"": ""mm"", ""value"": 0.0}}"
2026-09-01T20:50:00+00:00,2026-09-01T20:57:49.819184+00:00,2026-09-01T20:57:49.819184+00:00,2026-09-01 23:50 (Local Time),TEPAK,,,,,1,9,26.2,,26.9,25.8,1.5,0.1,,,42.0,,,,75.0,0.0,,,0.771666,,"{""Accumulated Rainfall (24 hours)"": {""unit"": ""mm"", ""value"": 0.0}}"
2026-09-01T22:50:00+00:00,2026-09-01T22:59:20.646815+00:00,2026-09-01T22:59:20.646815+00:00,2026-09-02 01:50 (Local Time),TEPAK,,,,,1,9,24.7,,26.9,24.7,1.4,0.0,,,343.0,,,,63.0,0.0,,,0.720222,,"{""Accumulated Rainfall (24 hours)"": {""unit"": ""mm"", ""value"": 0.0}}"
2026-09-02T00:50:00+00:00,2026-09-02T00:59:02.229081+00:00,2026-09-02T00:59:02.229081+00:00,2026-09-02 03:50 (Local Time),TEPAK,,,,,1,9,23.9,,26.9,23.9,2.0,0.0,,,356.0,,,,63.0,0.0,,,1.028888,,"{""Accumulated Rainfall (24 hours)"": {""unit"": ""mm"", ""value"": 0.0}}"
2026-09-02T05:30:00+00:00,2026-09-02T05:39:43.544220+00:00,2026-09-02T05:39:43.544220+00:00,2026-09-02 08:30 (Local Time),TEPAK,,,,,1,9,30.6,,31.1,23.6,0.7,0.4,,,220.0,,,,54.0,0.0,,,0.360111,,"{""Accumulated Rainfall (24 hours)"": {""unit"": ""mm"", ""value"": 0.0}}"
2026-09-02T09:50:00+00:00,2026-09-02T09:55:26.773998+00:00,2026-09-02T09:55:26.773998+00:00,2026-09-02 12:50 (Local Time),TEPAK,,,,,1,9,31.9,,32.2,23.6,3.5,1.3,,,161.0,,,,46.0,0.0,,,1.800554,,"{""Accumulated Rainfall (24 hours)"": {""unit"": ""mm"", ""value"": 0.0}}"
2026-09-02T13:50:00+00:00,2026-09-02T13:57:56.283149+00:00,2026-09-02T13:57:56.283149+00:00,2026-09-02 16:50 (Local Time),TEPAK,,,,,1,9,32.1,,36.0,23.6,3.7,1.3,,,231.0,,,,43.0,0.0,,,1.903443,,"{""Accumulated Rainfall (24 hours)"": {""unit"": ""mm"", ""value"": 0.0}}"
2026-09-02T17:50:00+00:00,2026-09-02T17:50:45.979036+00:00,2026-09-02T17:50:45.979036+00:00,2026-09-02 20:40 (Local Time),TEPAK,,,,,1,9,27.2,,36.0,23.6,1.7,0.4,,,264.0,,,,73.0,0.0,,,0.874555,,"{""Accumulated Rainfall (24 hours)"": {""unit"": ""mm"", ""value"": 0.0}}"
2026-09-02T20:00:00+00:00,2026-09-02T20:09:15.329239+00:00,2026-09-02T20:09:15.329239+00:00,2026-09-02 23:00 (Local Time),TEPAK,,,,,1,9,26.7,,27.1,26.4,1.7,0.2,,,291.0,,,,58.0,0.0,,,0.874555,,"{""Accumulated Rainfall (24 hours)"": {""unit"": ""mm"", ""value"": 0.0}}"
2026-09-02T22:30:00+00:00,2026-09-02T22:38:45.682970+00:00,2026-09-02T22:38:45.682970+00:00,2026-09-03 01:30 (Local Time),TEPAK,,,,,1,9,25.4,,27.1,25.3,0.8,0.0,,,61.0,,,,63.0,0.0,,,0.411555,,"{""Accumulated Rainfall (24 hours)"": {""unit"": ""mm"", ""value"": 0.0}}"
2026-09-03T00:40:00+00:00,2026-09-03T00:41:04.689366+00:00,2026-09-03T00:41:04.689366+00:00,2026-09-03 03:30 (Local Time),TEPAK,,,,,1,9,24.5,,27.1,24.4,1.3,0.0,,,327.0,,,,64.0,0.0,,,0.668777,,"{""Accumulated Rainfall (24 hours)"": {""unit"": ""mm"", ""value"": 0.0}}"
2026-09-03T05:00:00+00:00,2026-09-03T05:05:18.192986+00:00,2026-09-03T05:05:18.192986+00:00,2026-09-03 08:00 (Local Time),TEPAK,,,,,1,9,28.6,,28.7,23.6,1.6,0.6,,,321.0,,,,52.0,0.0,,,0.82311,,"{""Accumulated Rainfall (24 hours)"": {""unit"": ""mm"", ""value"": 0.0}}"
2026-09-03T09:30:00+00:00,2026-09-03T09:39:30.444970+00:00,2026-09-03T09:39:30.444970+00:00,2026-09-03 12:30 (Local Time),TEPAK,,,,,1,9,31.6,,32.1,23.6,2.3,1.3,,,136.0,,,,60.0,0.0,,,1.183221,,"{""Accumulated Rainfall (24 hours)"": {""unit"": ""mm"", ""value"": 0.0}}"
2026-09-03T13:50:00+00:00,2026-09-03T13:53:05.760897+00:00,2026-09-03T13:53:05.760897+00:00,2026-09-03 16:40 (Local Time),TEPAK,,,,,1,9,31.0,,34.1,23.6,4.2,1.5,,,280.0,,,,55.0,0.0,,,2.160665,,"{""Accumulated Rainfall (24 hours)"": {""unit"": ""mm"", ""value"": 0.0}}"
2026-09-03T17:10:00+00:00,2026-09-03T17:19:20.989738+00:00,2026-09-03T17:19:20.989738+00:00,2026-09-03 20:10 (Local Time),TEPAK,,,,,1,9,26.9,,34.1,23.6,3.0,0.7,,,263.0,,,,75.0,0.0,,,1.543332,,"{""Accumulated Rainfall (24 hours)"": {""unit"": ""mm"", ""value"": 0.0}}"
2026-09-03T19:50:00+00:00,2026-09-03T19:57:59.047371+00:00,2026-09-03T19:57:59.047371+00:00,2026-09-03 22:50 (Local Time),TEPAK,,,,,1,9,25.9,,26.9,25.9,0.7,0.0,,,228.0,,,,75.0,0.0,,,0.360111,,"{""Accumulated Rainfall (24 hours)"": {""unit"": ""mm"", ""value"": 0.0}}"
2026-09-03T22:20:00+00:00,2026-09-03T22:29:57.465558+00:00,2026-09-03T22:29:57.465558+00:00,2026-09-04 01:20 (Local Time),TEPAK,,,,,1,9,24.9,,26.9,24.8,0.9,0.0,,,253.0,,,,77.0,0.0,,,0.463,,"{""Accumulated Rainfall (24 hours)"": {""unit"": ""mm"", ""value"": 0.0}}"
2026-09-04T00:10:00+00:00,2026-09-04T00:18:56.580579+00:00,2026-09-04T00:18:56.580579+00:00,2026-09-04 03:10 (Local Time),TEPAK,,,,,1,9,24.2,,26.9,24.2,1.7,0.0,,,304.0,,,,69.0,0.0,,,0.874555,,"{""Accumulated Rainfall (24 hours)"": {""unit"": ""mm"", ""value"": 0.0}}"
2026-09-04T04:40:00+00:00,2026-09-04T04:45:45.717527+00:00,2026-09-04T04:45:45.717527+00:00,2026-09-04 07:40 (Local Time),TEPAK,,,,,1,9,26.6,,26.9,23.0,0.6,0.5,,,255.0,,,,59.0,0.0,,,0.308666,,"{""Accumulated Rainfall (24 hours)"": {""unit"": ""mm"", ""value"": 0.0}}"
2026-09-04T09:00:00+00:00,2026-09-04T09:05:06.541164+00:00,2026-09-04T09:05:06.541164+00:00,2026-09-04 12:00 (Local Time),TEPAK,,,,,1,9,31.6,,31.9,23.0,4.5,2.7,,,181.0,,,,56.0,0.0,,,2.314998,,"{""Accumulated Rainfall (24 hours)"": {""unit"": ""mm"", ""value"": 0.0}}"
2026-09-04T13:20:00+00:00,2026-09-04T13:26:14.774263+00:00,2026-09-04T13:26:14.774263+00:00,2026-09-04 16:20 (Local Time),TEPAK,,,,,1,9,30.0,,33.1,23.0,4.5,1.6,,,234.0,,,,62.0,0.0,,,2.314998,,"{""Accumulated Rainfall (24 hours)"": {""unit"": ""mm"", ""value"": 0.0}}"
2026-09-04T16:50:00+00:00,2026-09-04T16:55:20.414199+00:00,2026-09-04T16:55:20.414199+00:00,2026-09-04 19:50 (Local Time),TEPAK,,,,,1,9,27.0,,33.1,23.0,2.2,0.7,,,277.0,,,,75.0,0.0,,,1.131777,,"{""Accumulated Rainfall (24 hours)"": {""unit"": ""mm"", ""value"": 0.0}}"
2026-09-04T21:20:00+00:00,2026-09-04T21:28:37.350031+00:00,2026-09-04T21:28:37.350031+00:00,2026-09-05 00:20 (Local Time),TEPAK,,,,,1,9,25.5,,26.6,25.4,1.1,0.1,,,177.0,,,,79.0,0.0,,,0.565888,,"{""Accumulated Rainfall (24 hours)"": {""unit"": ""mm"", ""value"": 0.0}}"
2026-09-04T23:10:00+00:00,2026-09-04T23:13:59.362901+00:00,2026-09-04T23:13:59.362901+00:00,2026-09-05 02:00 (Local Time),TEPAK,,,,,1,9,25.6,,26.6,25.4,1.4,0.5,,,65.0,,,,77.0,0.0,,,0.720222,,"{""Accumulated Rainfall (24 hours)"": {""unit"": ""mm"", ""value"": 0.0}}"
2026-09-05T00:50:00+00:00,2026-09-05T00:58:36.798402+00:00,2026-09-05T00:58:36.798402+00:00,2026-09-05 03:50 (Local Time),TEPAK,,,,,1,9,24.7,,26.6,24.7,1.2,0.2,,,25.0,,,,72.0,0.0,,,0.617333,,"{""Accumulated Rainfall (24 hours)"": {""unit"": ""mm"", ""value"": 0.0}}"
2026-09-05T05:30:00+00:00,2026-09-05T05:34:27.041536+00:00,2026-09-05T05:34:27.041536+00:00,2026-09-05 08:20 (Local Time),TEPAK,,,,,1,9,28.6,,28.8,24.2,1.6,0.5,,,92.0,,,,70.0,0.0,,,0.82311,,"{""Accumulated Rainfall (24 hours)"": {""unit"": ""mm"", ""value"": 0.0}}"
2026-09-05T09:10:00+00:00,2026-09-05T09:17:45.504072+00:00,2026-09-05T09:17:45.504072+00:00,2026-09-05 12:10 (Local Time),TEPAK,,,,,1,9,29.6,,30.6,24.2,4.5,1.5,,,171.0,,,,64.0,0.0,,,2.314998,,"{""Accumulated Rainfall (24 hours)"": {""unit"": ""mm"", ""value"": 0.0}}"
2026-09-05T12:40:00+00:00,2026-09-05T12:46:38.234247+00:00,2026-09-05T12:46:38.234247+00:00,2026-09-05 15:40 (Local Time),TEPAK,,,,,1,9,32.0,,33.1,24.2,4.9,1.5,,,218.0,,,,54.0,0.0,,,2.520776,,"{""Accumulated Rainfall (24 hours)"": {""unit"": ""mm"", ""value"": 0.0}}"
2026-09-05T15:30:00+00:00,2026-09-05T15:36:48.906932+00:00,2026-09-05T15:36:48.906932+00:00,2026-09-05 18:30 (Local Time),TEPAK,,,,,1,9,27.8,,33.1,24.2,2.9,1.0,,,267.0,,,,69.0,0.0,,,1.491888,,"{""Accumulated Rainfall (24 hours)"": {""unit"": ""mm"", ""value"": 0.0}}"
2026-09-05T17:30:00+00:00,2026-09-05T17:34:18.514718+00:00,2026-09-05T17:34:18.514718+00:00,2026-09-05 20:20 (Local Time),TEPAK,,,,,1,9,26.6,,33.1,24.2,3.4,0.7,,,279.0,,,,75.0,0.0,,,1.74911,,"{""Accumulated Rainfall (24 hours)"": {""unit"": ""mm"", ""value"": 0.0}}"
