collection_slot_utc,fetched_at_utc,fetched_at_local,source_time,station_code,station_name,latitude,longitude,elevation_m,data_available,observation_count,Air Temperature (1.2m) [C],Air Temperature (5cm) [C],Extreme Day Max. Temp. [C],Extreme Day Min. Temp. [C],Wind Speed (10m) [Knots],Wind Speed (2m) [Knots],Direct Solar Radiation [W/m2],Global Radiation [W/m2],Wind Direction (10m) [Deg.],Rec. Light Work Load [%],Rec. Medium Work Load [%],Rec. Heavy Work Load [%],Relative Humidity (1.2m) [%],Accumulated Rainfall (10 min.) [mm],Atmospheric Pressure (Station Level) [hPa],24HR Rain Total [mm],Wind Speed (10m) [m/s],Wind Speed (2m) [m/s],other_observations_json
2026-10-01T01:30:00+00:00,2026-10-01T01:35:52.079577+00:00,2026-10-01T01:35:52.079577+00:00,2026-10-01 04:30 (Local Time),ACHNA,,,,,1,8,16.8,,22.3,16.7,1.2,0.0,,,211.0,,,,83.0,0.0,,,0.617333,,
2026-10-01T01:30:00+00:00,2026-10-01T01:35:52.079577+00:00,2026-10-01T01:35:52.079577+00:00,2026-10-01 04:30 (Local Time),AGROS,,,,,1,10,11.7,,13.4,11.6,2.5,0.8,3.0,0.0,330.0,,,,91.0,0.0,,,1.28611,,
2026-10-01T01:30:00+00:00,2026-10-01T01:35:52.079577+00:00,2026-10-01T01:35:52.079577+00:00,2026-10-01 04:30 (Local Time),AKAMAS,,,,,1,7,19.4,,20.2,19.3,8.9,,,,191.0,,,,81.0,0.0,,,4.578552,,
2026-10-01T01:30:00+00:00,2026-10-01T01:35:52.079577+00:00,2026-10-01T01:35:52.079577+00:00,2026-10-01 04:30 (Local Time),ALONOUDI,,,,,1,5,13.4,,15.9,13.4,,,,,,,,,98.0,0.0,,,,,
2026-10-01T01:30:00+00:00,2026-10-01T01:35:52.079577+00:00,2026-10-01T01:35:52.079577+00:00,2026-10-01 04:30 (Local Time),AMARGETI,,,,,1,9,17.6,,18.8,17.5,3.4,1.0,,,82.0,,,,82.0,0.0,960.8,,1.74911,,
2026-10-01T01:30:00+00:00,2026-10-01T01:35:52.079577+00:00,2026-10-01T01:35:52.079577+00:00,2026-10-01 04:30 (Local Time),ASTROMERITIS,,,,,1,6,16.6,,,,9.2,2.8,,,172.0,,,,79.0,0.0,,,4.732885,,
2026-10-01T01:30:00+00:00,2026-10-01T01:35:52.079577+00:00,2026-10-01T01:35:52.079577+00:00,2026-10-01 04:30 (Local Time),ATHALASSA,,,,,1,11,16.3,13.5,19.2,16.1,1.7,0.9,,,319.0,,,,82.0,0.0,993.0,,0.874555,,"{""Atmospheric Pressure (Mean Sea Level)"": {""unit"": ""hPa"", ""value"": 1012.2}}"
2026-10-01T01:30:00+00:00,2026-10-01T01:35:52.079577+00:00,2026-10-01T01:35:52.079577+00:00,2026-10-01 04:30 (Local Time),ATHIENOU,,,,,1,9,18.7,16.7,19.1,18.2,6.6,1.3,,,214.0,,,,76.0,0.0,,,3.39533,,
2026-10-01T01:30:00+00:00,2026-10-01T01:35:52.079577+00:00,2026-10-01T01:35:52.079577+00:00,2026-10-01 04:30 (Local Time),AVDIMOU,,,,,1,11,16.5,12.8,18.9,16.1,1.0,0.0,3.0,3.0,296.0,,,,87.0,0.0,,,0.514444,,
2026-10-01T01:30:00+00:00,2026-10-01T01:35:52.079577+00:00,2026-10-01T01:35:52.079577+00:00,2026-10-01 04:30 (Local Time),CAVO_GRECO,,,,,1,9,19.4,,23.5,19.4,4.7,1.2,,,279.0,,,,79.0,0.0,1004.4,,2.417887,,
2026-10-01T01:30:00+00:00,2026-10-01T01:35:52.079577+00:00,2026-10-01T01:35:52.079577+00:00,2026-10-01 04:30 (Local Time),CHROMIO,,,,,1,9,7.0,,8.8,6.9,5.7,1.9,,,243.0,,,,96.0,0.0,,,2.932331,,"{""Snow Depth"": {""unit"": ""cm"", ""value"": 0.0}}"
2026-10-01T01:30:00+00:00,2026-10-01T01:35:52.079577+00:00,2026-10-01T01:35:52.079577+00:00,2026-10-01 04:30 (Local Time),CYTASAT,,,,,1,10,14.6,,18.2,14.4,0.6,0.5,,,299.0,,,,86.0,0.0,986.1,,0.308666,,"{""Atmospheric Pressure (Mean Sea Level)"": {""unit"": ""hPa"", ""value"": 1013.4}}"
2026-10-01T01:30:00+00:00,2026-10-01T01:35:52.079577+00:00,2026-10-01T01:35:52.079577+00:00,2026-10-01 04:30 (Local Time),EPTAGONEIA,,,,,1,8,11.6,,15.1,11.4,1.8,0.0,,,277.0,,,,88.0,0.0,,,0.925999,,
2026-10-01T01:30:00+00:00,2026-10-01T01:35:52.079577+00:00,2026-10-01T01:35:52.079577+00:00,2026-10-01 04:30 (Local Time),FANEROMENI,,,,,1,4,18.7,,,,,,,,,,,,80.0,0.0,,,,,"{""Rain Intensity (10 min.)"": {""unit"": ""mm/min"", ""value"": 0.0}}"
2026-10-01T01:30:00+00:00,2026-10-01T01:35:52.079577+00:00,2026-10-01T01:35:52.079577+00:00,2026-10-01 04:30 (Local Time),FARMAKAS,,,,,1,10,14.4,,15.8,12.4,3.8,1.5,2.0,0.0,190.0,,,,79.0,0.0,,,1.954887,,
2026-10-01T01:30:00+00:00,2026-10-01T01:35:52.079577+00:00,2026-10-01T01:35:52.079577+00:00,2026-10-01 04:30 (Local Time),FRENAROS,,,,,1,11,19.4,17.8,23.0,18.9,3.8,1.3,,0.0,232.0,,,,84.0,0.0,1001.4,,1.954887,,
2026-10-01T01:30:00+00:00,2026-10-01T01:35:52.079577+00:00,2026-10-01T01:35:52.079577+00:00,2026-10-01 04:30 (Local Time),KALAVASOS,,,,,1,5,17.4,,19.3,16.8,,,,,,,,,74.0,0.0,,,,,
2026-10-01T01:30:00+00:00,2026-10-01T01:35:52.079577+00:00,2026-10-01T01:35:52.079577+00:00,2026-10-01 04:30 (Local Time),KALOPANAYIOTIS,,,,,1,9,13.4,,14.9,13.2,3.9,1.1,,0.0,161.0,,,,96.0,0.0,,,2.006332,,
2026-10-01T01:30:00+00:00,2026-10-01T01:35:52.079577+00:00,2026-10-01T01:35:52.079577+00:00,2026-10-01 04:30 (Local Time),KAMPOS,,,,,1,11,17.0,15.7,17.5,15.9,3.7,1.8,4.0,0.0,251.0,,,,73.0,0.0,,,1.903443,,
2026-10-01T01:30:00+00:00,2026-10-01T01:35:52.079577+00:00,2026-10-01T01:35:52.079577+00:00,2026-10-01 04:30 (Local Time),KANNAVIOU,,,,,1,6,15.7,,17.9,15.6,,3.3,,,,,,,88.0,0.0,,,,,
2026-10-01T01:30:00+00:00,2026-10-01T01:35:52.079577+00:00,2026-10-01T01:35:52.079577+00:00,2026-10-01 04:30 (Local Time),KATHIKAS,,,,,1,6,15.8,,17.7,15.8,,,,,,,,,90.0,0.0,,,,,"{""Accumulated Rainfall (24 hours)"": {""unit"": ""mm"", ""value"": 0.8}}"
2026-10-01T01:30:00+00:00,2026-10-01T01:35:52.079577+00:00,2026-10-01T01:35:52.079577+00:00,2026-10-01 04:30 (Local Time),KEPNIC,,,,,1,1,,,,,,,,,,,,,,0.0,,,,,
2026-10-01T01:30:00+00:00,2026-10-01T01:35:52.079577+00:00,2026-10-01T01:35:52.079577+00:00,2026-10-01 04:30 (Local Time),KILANI,,,,,1,7,13.1,,14.7,13.0,,0.9,,3.0,,,,,90.0,0.0,,,,,
2026-10-01T01:30:00+00:00,2026-10-01T01:35:52.079577+00:00,2026-10-01T01:35:52.079577+00:00,2026-10-01 04:30 (Local Time),KORNOS,,,,,1,3,16.2,,,,,,,,,,,,86.0,0.0,,,,,
2026-10-01T01:30:00+00:00,2026-10-01T01:35:52.079577+00:00,2026-10-01T01:35:52.079577+00:00,2026-10-01 04:30 (Local Time),KOURIS,,,,,1,8,17.5,,20.4,17.2,12.1,5.5,,,20.0,,,,71.0,0.0,,,6.224772,,
2026-10-01T01:30:00+00:00,2026-10-01T01:35:52.079577+00:00,2026-10-01T01:35:52.079577+00:00,2026-10-01 04:30 (Local Time),KPYRGOS,,,,,1,8,18.3,,19.4,18.0,6.3,2.1,,,141.0,,,,84.0,0.0,,,3.240997,,
2026-10-01T01:30:00+00:00,2026-10-01T01:35:52.079577+00:00,2026-10-01T01:35:52.079577+00:00,2026-10-01 04:30 (Local Time),KYPEROUNTA,,,,,1,6,12.4,,13.2,11.6,,0.8,,6.0,,,,,72.0,,,,,,
2026-10-01T01:30:00+00:00,2026-10-01T01:35:52.079577+00:00,2026-10-01T01:35:52.079577+00:00,2026-10-01 04:30 (Local Time),LCLK,,,,,1,9,18.0,,23.0,18.0,,0.4,,,,,,,80.0,0.0,,,,,"{""Atmospheric Pressure (QNH)"": {""unit"": ""hPa"", ""value"": 1011.7}, ""Wind Direction (10m) at Runway 22"": {""unit"": ""Degrees"", ""value"": 304.0}, ""Wind Speed (10m) at Runway 22"": {""unit"": ""Knots"", ""value"": 3.0}}"
2026-10-01T01:30:00+00:00,2026-10-01T01:35:52.079577+00:00,2026-10-01T01:35:52.079577+00:00,2026-10-01 04:30 (Local Time),LCPH,,,,,1,9,19.5,,23.2,19.5,,1.8,,,,,,,76.0,0.0,,,,,"{""Atmospheric Pressure (QNH)"": {""unit"": ""hPa"", ""value"": 1011.8}, ""Wind Direction (10m) at Runway 29"": {""unit"": ""Degrees"", ""value"": 42.0}, ""Wind Speed (10m) at Runway 29"": {""unit"": ""Knots"", ""value"": 7.5}}"
2026-10-01T01:30:00+00:00,2026-10-01T01:35:52.079577+00:00,2026-10-01T01:35:52.079577+00:00,2026-10-01 04:30 (Local Time),LEFKARA,,,,,1,6,14.4,,17.4,14.1,,1.3,,,,,,,87.0,0.0,,,,,
2026-10-01T01:30:00+00:00,2026-10-01T01:35:52.079577+00:00,2026-10-01T01:35:52.079577+00:00,2026-10-01 04:30 (Local Time),LEFKOSIA,,,,,1,7,15.5,,17.7,15.4,,1.0,,,,,,,90.0,0.0,,,,,"{""Accumulated Rainfall (24 hours)"": {""unit"": ""mm"", ""value"": 8.1}}"
2026-10-01T01:30:00+00:00,2026-10-01T01:35:52.079577+00:00,2026-10-01T01:35:52.079577+00:00,2026-10-01 04:30 (Local Time),LIMASSOL,,,,,1,10,18.6,,20.8,18.2,,2.0,,0.0,,,,,72.0,0.0,1010.7,,,,"{""Wind Direction (10m) at Port Gate"": {""unit"": ""Degrees"", ""value"": 352.0}, ""Wind Speed (10m) at Port Gate"": {""unit"": ""Knots"", ""value"": 5.9}}"
2026-10-01T01:30:00+00:00,2026-10-01T01:35:52.079577+00:00,2026-10-01T01:35:52.079577+00:00,2026-10-01 04:30 (Local Time),LINOU,,,,,1,9,17.2,,17.7,16.4,4.6,1.7,,,159.0,,,,72.0,0.0,964.9,,2.366442,,
2026-10-01T01:30:00+00:00,2026-10-01T01:35:52.079577+00:00,2026-10-01T01:35:52.079577+00:00,2026-10-01 04:30 (Local Time),LYSOS,,,,,1,7,14.3,,15.6,14.2,7.1,,,,178.0,,,,86.0,0.0,,,3.652552,,
2026-10-01T01:30:00+00:00,2026-10-01T01:35:52.079577+00:00,2026-10-01T01:35:52.079577+00:00,2026-10-01 04:30 (Local Time),MALLIA,,,,,1,10,12.4,10.9,14.4,12.3,3.3,0.9,,10.0,56.0,,,,96.0,0.0,,,1.697665,,
2026-10-01T01:30:00+00:00,2026-10-01T01:35:52.079577+00:00,2026-10-01T01:35:52.079577+00:00,2026-10-01 04:30 (Local Time),MAMMARI,,,,,1,10,17.4,,18.8,17.1,,1.3,,4.0,,,,,80.0,0.0,,,,,"{""Atmospheric Pressure (QNH)"": {""unit"": ""hPa"", ""value"": 1012.3}, ""Wind Direction (10m) at Runway 12"": {""unit"": ""Degrees"", ""value"": 202.0}, ""Wind Speed (10m) at Runway 12"": {""unit"": ""Knots"", ""value"": 2.5}}"
2026-10-01T01:30:00+00:00,2026-10-01T01:35:52.079577+00:00,2026-10-01T01:35:52.079577+00:00,2026-10-01 04:30 (Local Time),MATHIATIS,,,,,1,10,13.9,,16.5,13.6,4.4,1.0,4.0,0.0,259.0,,,,86.0,0.0,,,2.263554,,
2026-10-01T01:30:00+00:00,2026-10-01T01:35:52.079577+00:00,2026-10-01T01:35:52.079577+00:00,2026-10-01 04:30 (Local Time),PANAGIA_BRIDGE,,,,,1,6,12.1,12.6,15.1,12.1,,,,,,,,,94.0,0.0,,,,,
2026-10-01T01:30:00+00:00,2026-10-01T01:35:52.079577+00:00,2026-10-01T01:35:52.079577+00:00,2026-10-01 04:30 (Local Time),PAPHOS,,,,,1,8,18.4,,21.2,18.4,2.5,0.8,,,45.0,,,,76.0,0.0,,,1.28611,,
2026-10-01T01:30:00+00:00,2026-10-01T01:35:52.079577+00:00,2026-10-01T01:35:52.079577+00:00,2026-10-01 04:30 (Local Time),PAREKLISIA,,,,,1,7,16.5,,19.7,16.4,1.8,,,,19.0,,,,78.0,0.0,,,0.925999,,
2026-10-01T01:30:00+00:00,2026-10-01T01:35:52.079577+00:00,2026-10-01T01:35:52.079577+00:00,2026-10-01 04:30 (Local Time),PENTAKOMO,,,,,1,8,20.3,,22.8,19.9,7.0,2.4,,,315.0,,,,70.0,0.0,,,3.601108,,
2026-10-01T01:30:00+00:00,2026-10-01T01:35:52.079577+00:00,2026-10-01T01:35:52.079577+00:00,2026-10-01 04:30 (Local Time),PLATANIA,,,,,1,6,10.6,,12.2,10.4,,0.3,,,,,,,96.0,0.0,,,,,
2026-10-01T01:30:00+00:00,2026-10-01T01:35:52.079577+00:00,2026-10-01T01:35:52.079577+00:00,2026-10-01 04:30 (Local Time),POLIS,,,,,1,11,18.9,,20.0,18.8,6.7,1.7,4.0,,157.0,,,,85.0,0.0,1008.0,,3.446775,,"{""Atmospheric Pressure (Mean Sea Level)"": {""unit"": ""hPa"", ""value"": 1010.7}}"
2026-10-01T01:30:00+00:00,2026-10-01T01:35:52.079577+00:00,2026-10-01T01:35:52.079577+00:00,2026-10-01 04:30 (Local Time),POLYSTYPOS,,,,,1,8,12.9,,14.1,12.6,0.9,0.1,,,244.0,,,,75.0,0.0,,,0.463,,
2026-10-01T01:30:00+00:00,2026-10-01T01:35:52.079577+00:00,2026-10-01T01:35:52.079577+00:00,2026-10-01 04:30 (Local Time),PRODROMOS,,,,,1,9,9.7,,10.6,9.6,2.7,0.8,,0.0,219.0,,,,96.0,0.0,,,1.388999,,
2026-10-01T01:30:00+00:00,2026-10-01T01:35:52.079577+00:00,2026-10-01T01:35:52.079577+00:00,2026-10-01 04:30 (Local Time),PYRGOS,,,,,1,5,16.5,,,,8.8,,,,227.5,,,,91.0,0.0,,,4.527107,,
2026-10-01T01:30:00+00:00,2026-10-01T01:35:52.079577+00:00,2026-10-01T01:35:52.079577+00:00,2026-10-01 04:30 (Local Time),SAITTAS,,,,,1,5,12.3,,14.5,12.1,,,,,,,,,90.0,0.0,,,,,
2026-10-01T01:30:00+00:00,2026-10-01T01:35:52.079577+00:00,2026-10-01T01:35:52.079577+00:00,2026-10-01 04:30 (Local Time),TAMASOS,,,,,1,9,14.2,13.6,16.5,14.1,3.3,0.3,,,180.0,,,,89.0,0.0,,,1.697665,,
2026-10-01T01:30:00+00:00,2026-10-01T01:35:52.079577+00:00,2026-10-01T01:35:52.079577+00:00,2026-10-01 04:30 (Local Time),TEPAK,,,,,1,9,18.7,,19.6,18.5,2.5,0.7,,,334.0,,,,68.0,0.0,,,1.28611,,"{""Accumulated Rainfall (24 hours)"": {""unit"": ""mm"", ""value"": 4.32}}"
2026-10-01T01:30:00+00:00,2026-10-01T01:35:52.079577+00:00,2026-10-01T01:35:52.079577+00:00,2026-10-01 04:30 (Local Time),TRIPILOS,,,,,1,7,10.6,,11.7,10.5,2.2,,,,274.0,,,,95.0,0.0,,,1.131777,,
2026-10-01T01:30:00+00:00,2026-10-01T01:35:52.079577+00:00,2026-10-01T01:35:52.079577+00:00,2026-10-01 04:30 (Local Time),TROODOS,,,,,1,9,7.8,,9.5,7.5,1.9,0.6,,,273.0,,,,93.0,0.0,825.4,,0.977444,,
2026-10-01T01:30:00+00:00,2026-10-01T01:35:52.079577+00:00,2026-10-01T01:35:52.079577+00:00,2026-10-01 04:30 (Local Time),VISITOR,,,,,1,7,16.5,,19.5,16.1,0.0,,,,312.0,,,,100.0,0.0,,,0.0,,
2026-10-01T01:30:00+00:00,2026-10-01T01:35:52.079577+00:00,2026-10-01T01:35:52.079577+00:00,2026-10-01 04:30 (Local Time),XYLIATOS,,,,,1,8,15.9,,16.3,15.3,1.1,,,5.0,175.0,,,,73.0,0.0,,,0.565888,,
2026-10-01T01:30:00+00:00,2026-10-01T01:35:52.079577+00:00,2026-10-01T01:35:52.079577+00:00,2026-10-01 04:30 (Local Time),XYLOPHAGOU,,,,,1,9,19.8,19.9,23.6,18.8,3.6,0.0,,,257.0,,,,81.0,0.0,,,1.851998,,
2026-10-01T01:30:00+00:00,2026-10-01T01:35:52.079577+00:00,2026-10-01T01:35:52.079577+00:00,2026-10-01 04:30 (Local Time),ZYGI,,,,,1,9,16.0,15.6,20.7,15.9,1.6,0.3,,,360.0,,,,80.0,0.0,,,0.82311,,
2026-10-01T07:40:00+00:00,2026-10-01T07:44:28.800891+00:00,2026-10-01T07:44:28.800891+00:00,2026-10-01 10:30 (Local Time),ACHNA,,,,,1,8,27.5,,28.1,15.2,4.3,1.4,,,207.0,,,,48.0,0.0,,,2.212109,,
2026-10-01T07:40:00+00:00,2026-10-01T07:44:28.800891+00:00,2026-10-01T07:44:28.800891+00:00,2026-10-01 10:30 (Local Time),AGROS,,,,,1,10,20.0,,21.4,11.4,3.6,1.6,253.0,442.0,154.0,,,,49.0,0.0,,,1.851998,,
2026-10-01T07:40:00+00:00,2026-10-01T07:44:28.800891+00:00,2026-10-01T07:44:28.800891+00:00,2026-10-01 10:30 (Local Time),AKAMAS,,,,,1,7,23.6,,24.1,19.0,6.4,,,,194.0,,,,66.0,0.0,,,3.292442,,
2026-10-01T07:40:00+00:00,2026-10-01T07:44:28.800891+00:00,2026-10-01T07:44:28.800891+00:00,2026-10-01 10:30 (Local Time),ALONOUDI,,,,,1,5,19.0,,19.2,12.8,,,,,,,,,92.0,0.0,,,,,
2026-10-01T07:40:00+00:00,2026-10-01T07:44:28.800891+00:00,2026-10-01T07:44:28.800891+00:00,2026-10-01 10:30 (Local Time),AMARGETI,,,,,1,9,22.6,,22.9,16.6,3.8,1.5,,,296.0,,,,59.0,0.0,961.9,,1.954887,,
2026-10-01T07:40:00+00:00,2026-10-01T07:44:28.800891+00:00,2026-10-01T07:44:28.800891+00:00,2026-10-01 10:30 (Local Time),ASTROMERITIS,,,,,1,6,24.5,,,,4.5,1.8,,,340.0,,,,52.0,0.0,,,2.314998,,
2026-10-01T07:40:00+00:00,2026-10-01T07:44:28.800891+00:00,2026-10-01T07:44:28.800891+00:00,2026-10-01 10:30 (Local Time),ATHALASSA,,,,,1,11,24.6,27.8,24.8,15.0,1.5,1.1,,,262.0,,,,56.0,0.0,994.2,,0.771666,,"{""Atmospheric Pressure (Mean Sea Level)"": {""unit"": ""hPa"", ""value"": 1012.8}}"
2026-10-01T07:40:00+00:00,2026-10-01T07:44:28.800891+00:00,2026-10-01T07:44:28.800891+00:00,2026-10-01 10:30 (Local Time),ATHIENOU,,,,,1,9,25.5,38.6,26.1,16.0,4.5,1.5,,,251.0,,,,52.0,0.0,,,2.314998,,
2026-10-01T07:40:00+00:00,2026-10-01T07:44:28.800891+00:00,2026-10-01T07:44:28.800891+00:00,2026-10-01 10:30 (Local Time),AVDIMOU,,,,,1,11,25.2,36.5,25.5,16.0,3.0,1.7,994.0,693.0,111.0,,,,55.0,0.0,,,1.543332,,
2026-10-01T07:40:00+00:00,2026-10-01T07:44:28.800891+00:00,2026-10-01T07:44:28.800891+00:00,2026-10-01 10:30 (Local Time),CAVO_GRECO,,,,,1,9,26.0,,26.2,18.7,6.0,2.3,,,241.0,,,,60.0,0.0,1005.5,,3.086664,,
2026-10-01T07:40:00+00:00,2026-10-01T07:44:28.800891+00:00,2026-10-01T07:44:28.800891+00:00,2026-10-01 10:30 (Local Time),CHROMIO,,,,,1,9,12.7,,13.6,5.4,3.6,0.8,,,72.0,,,,65.0,0.0,,,1.851998,,"{""Snow Depth"": {""unit"": ""cm"", ""value"": 0.0}}"
2026-10-01T07:40:00+00:00,2026-10-01T07:44:28.800891+00:00,2026-10-01T07:44:28.800891+00:00,2026-10-01 10:30 (Local Time),CYTASAT,,,,,1,10,23.3,,25.3,14.1,4.3,1.5,,,178.0,,,,56.0,0.0,986.8,,2.212109,,"{""Atmospheric Pressure (Mean Sea Level)"": {""unit"": ""hPa"", ""value"": 1013.4}}"
2026-10-01T07:40:00+00:00,2026-10-01T07:44:28.800891+00:00,2026-10-01T07:44:28.800891+00:00,2026-10-01 10:30 (Local Time),EPTAGONEIA,,,,,1,8,21.2,,22.5,11.2,6.3,1.9,,,242.0,,,,52.0,0.0,,,3.240997,,
2026-10-01T07:40:00+00:00,2026-10-01T07:44:28.800891+00:00,2026-10-01T07:44:28.800891+00:00,2026-10-01 10:30 (Local Time),FANEROMENI,,,,,1,4,26.9,,,,,,,,,,,,55.0,0.0,,,,,"{""Rain Intensity (10 min.)"": {""unit"": ""mm/min"", ""value"": 0.0}}"
2026-10-01T07:40:00+00:00,2026-10-01T07:44:28.800891+00:00,2026-10-01T07:44:28.800891+00:00,2026-10-01 10:30 (Local Time),FARMAKAS,,,,,1,10,21.8,,22.1,12.4,3.5,1.6,902.0,706.0,167.0,,,,45.0,0.0,,,1.800554,,
2026-10-01T07:40:00+00:00,2026-10-01T07:44:28.800891+00:00,2026-10-01T07:44:28.800891+00:00,2026-10-01 10:30 (Local Time),FRENAROS,,,,,1,11,26.3,29.8,26.6,18.4,7.9,3.2,,626.0,221.0,,,,58.0,0.0,1002.5,,4.064108,,
2026-10-01T07:40:00+00:00,2026-10-01T07:44:28.800891+00:00,2026-10-01T07:44:28.800891+00:00,2026-10-01 10:30 (Local Time),KALAVASOS,,,,,1,5,27.1,,28.7,16.8,,,,,,,,,47.0,0.0,,,,,
2026-10-01T07:40:00+00:00,2026-10-01T07:44:28.800891+00:00,2026-10-01T07:44:28.800891+00:00,2026-10-01 10:30 (Local Time),KALOPANAYIOTIS,,,,,1,9,20.5,,22.1,11.8,4.2,0.9,,253.0,344.0,,,,64.0,0.0,,,2.160665,,
2026-10-01T07:40:00+00:00,2026-10-01T07:44:28.800891+00:00,2026-10-01T07:44:28.800891+00:00,2026-10-01 10:30 (Local Time),KAMPOS,,,,,1,11,24.8,25.5,25.0,15.9,2.5,1.5,660.0,571.0,122.0,,,,55.0,0.0,,,1.28611,,
2026-10-01T07:40:00+00:00,2026-10-01T07:44:28.800891+00:00,2026-10-01T07:44:28.800891+00:00,2026-10-01 10:30 (Local Time),KANNAVIOU,,,,,1,6,22.6,,22.9,15.0,,1.4,,,,,,,60.0,0.0,,,,,
2026-10-01T07:40:00+00:00,2026-10-01T07:44:28.800891+00:00,2026-10-01T07:44:28.800891+00:00,2026-10-01 10:30 (Local Time),KATHIKAS,,,,,1,6,21.1,,21.3,15.7,,,,,,,,,70.0,0.0,,,,,"{""Accumulated Rainfall (24 hours)"": {""unit"": ""mm"", ""value"": 0.0}}"
2026-10-01T07:40:00+00:00,2026-10-01T07:44:28.800891+00:00,2026-10-01T07:44:28.800891+00:00,2026-10-01 10:30 (Local Time),KEPNIC,,,,,1,1,,,,,,,,,,,,,,0.0,,,,,
2026-10-01T07:40:00+00:00,2026-10-01T07:44:28.800891+00:00,2026-10-01T07:44:28.800891+00:00,2026-10-01 10:30 (Local Time),KILANI,,,,,1,7,18.1,,20.5,12.5,,1.5,,258.0,,,,,64.0,0.0,,,,,
2026-10-01T07:40:00+00:00,2026-10-01T07:44:28.800891+00:00,2026-10-01T07:44:28.800891+00:00,2026-10-01 10:30 (Local Time),KORNOS,,,,,1,3,23.6,,,,,,,,,,,,58.0,0.0,,,,,
2026-10-01T07:40:00+00:00,2026-10-01T07:44:28.800891+00:00,2026-10-01T07:44:28.800891+00:00,2026-10-01 10:30 (Local Time),KOURIS,,,,,1,8,23.8,,24.2,17.1,3.6,1.2,,,239.0,,,,56.0,0.0,,,1.851998,,
2026-10-01T07:40:00+00:00,2026-10-01T07:44:28.800891+00:00,2026-10-01T07:44:28.800891+00:00,2026-10-01 10:30 (Local Time),KPYRGOS,,,,,1,8,26.3,,26.5,17.3,3.4,1.5,,,317.0,,,,53.0,0.0,,,1.74911,,
2026-10-01T07:40:00+00:00,2026-10-01T07:44:28.800891+00:00,2026-10-01T07:44:28.800891+00:00,2026-10-01 10:30 (Local Time),KYPEROUNTA,,,,,1,6,17.3,,17.6,11.3,,1.2,,417.0,,,,,60.0,,,,,,
2026-10-01T07:40:00+00:00,2026-10-01T07:44:28.800891+00:00,2026-10-01T07:44:28.800891+00:00,2026-10-01 10:30 (Local Time),LCLK,,,,,1,9,26.9,,27.1,16.7,,3.4,,,,,,,57.0,0.0,,,,,"{""Atmospheric Pressure (QNH)"": {""unit"": ""hPa"", ""value"": 1012.6}, ""Wind Direction (10m) at Runway 22"": {""unit"": ""Degrees"", ""value"": 235.0}, ""Wind Speed (10m) at Runway 22"": {""unit"": ""Knots"", ""value"": 8.3}}"
2026-10-01T07:40:00+00:00,2026-10-01T07:44:28.800891+00:00,2026-10-01T07:44:28.800891+00:00,2026-10-01 10:30 (Local Time),LCPH,,,,,1,9,26.2,,26.6,19.1,,1.3,,,,,,,56.0,0.0,,,,,"{""Atmospheric Pressure (QNH)"": {""unit"": ""hPa"", ""value"": 1012.8}, ""Wind Direction (10m) at Runway 29"": {""unit"": ""Degrees"", ""value"": 232.0}, ""Wind Speed (10m) at Runway 29"": {""unit"": ""Knots"", ""value"": 3.9}}"
2026-10-01T07:40:00+00:00,2026-10-01T07:44:28.800891+00:00,2026-10-01T07:44:28.800891+00:00,2026-10-01 10:30 (Local Time),LEFKARA,,,,,1,6,25.1,,25.8,13.7,,1.0,,,,,,,49.0,0.0,,,,,
2026-10-01T07:40:00+00:00,2026-10-01T07:44:28.800891+00:00,2026-10-01T07:44:28.800891+00:00,2026-10-01 10:30 (Local Time),LEFKOSIA,,,,,1,7,25.7,,25.9,14.5,,0.8,,,,,,,53.0,0.0,,,,,"{""Accumulated Rainfall (24 hours)"": {""unit"": ""mm"", ""value"": 0.0}}"
2026-10-01T07:40:00+00:00,2026-10-01T07:44:28.800891+00:00,2026-10-01T07:44:28.800891+00:00,2026-10-01 10:30 (Local Time),LIMASSOL,,,,,1,10,24.9,,25.1,18.2,,1.5,,216.0,,,,,59.0,0.0,1011.7,,,,"{""Wind Direction (10m) at Port Gate"": {""unit"": ""Degrees"", ""value"": 243.0}, ""Wind Speed (10m) at Port Gate"": {""unit"": ""Knots"", ""value"": 3.9}}"
2026-10-01T07:40:00+00:00,2026-10-01T07:44:28.800891+00:00,2026-10-01T07:44:28.800891+00:00,2026-10-01 10:30 (Local Time),LINOU,,,,,1,9,22.6,,24.9,16.1,5.6,2.0,,,350.0,,,,61.0,0.0,966.2,,2.880886,,
2026-10-01T07:40:00+00:00,2026-10-01T07:44:28.800891+00:00,2026-10-01T07:44:28.800891+00:00,2026-10-01 10:30 (Local Time),LYSOS,,,,,1,7,18.6,,19.7,13.8,1.1,,,,190.0,,,,66.0,0.0,,,0.565888,,
2026-10-01T07:40:00+00:00,2026-10-01T07:44:28.800891+00:00,2026-10-01T07:44:28.800891+00:00,2026-10-01 10:30 (Local Time),MALLIA,,,,,1,10,20.6,26.9,22.7,11.7,3.8,1.2,,605.0,237.0,,,,66.0,0.0,,,1.954887,,
2026-10-01T07:40:00+00:00,2026-10-01T07:44:28.800891+00:00,2026-10-01T07:44:28.800891+00:00,2026-10-01 10:30 (Local Time),MAMMARI,,,,,1,10,24.0,,24.2,16.5,,2.6,,675.0,,,,,61.0,0.0,,,,,"{""Atmospheric Pressure (QNH)"": {""unit"": ""hPa"", ""value"": 1013.5}, ""Wind Direction (10m) at Runway 12"": {""unit"": ""Degrees"", ""value"": 280.0}, ""Wind Speed (10m) at Runway 12"": {""unit"": ""Knots"", ""value"": 5.7}}"
2026-10-01T07:40:00+00:00,2026-10-01T07:44:28.800891+00:00,2026-10-01T07:44:28.800891+00:00,2026-10-01 10:30 (Local Time),MATHIATIS,,,,,1,10,25.3,,26.1,13.6,3.0,0.9,330.0,434.0,78.0,,,,43.0,0.0,,,1.543332,,
2026-10-01T07:40:00+00:00,2026-10-01T07:44:28.800891+00:00,2026-10-01T07:44:28.800891+00:00,2026-10-01 10:30 (Local Time),PANAGIA_BRIDGE,,,,,1,6,23.1,30.5,23.5,11.5,,,,,,,,,54.0,0.0,,,,,
2026-10-01T07:40:00+00:00,2026-10-01T07:44:28.800891+00:00,2026-10-01T07:44:28.800891+00:00,2026-10-01 10:30 (Local Time),PAPHOS,,,,,1,8,26.1,,26.5,18.2,1.3,1.0,,,239.0,,,,53.0,0.0,,,0.668777,,
2026-10-01T07:40:00+00:00,2026-10-01T07:44:28.800891+00:00,2026-10-01T07:44:28.800891+00:00,2026-10-01 10:30 (Local Time),PAREKLISIA,,,,,1,7,27.4,,28.6,16.3,2.6,,,,218.0,,,,50.0,0.0,,,1.337554,,
2026-10-01T07:40:00+00:00,2026-10-01T07:44:28.800891+00:00,2026-10-01T07:44:28.800891+00:00,2026-10-01 10:30 (Local Time),PENTAKOMO,,,,,1,8,26.4,,26.5,19.9,5.2,2.2,,,215.0,,,,56.0,0.0,,,2.675109,,
2026-10-01T07:40:00+00:00,2026-10-01T07:44:28.800891+00:00,2026-10-01T07:44:28.800891+00:00,2026-10-01 10:30 (Local Time),PLATANIA,,,,,1,6,17.1,,17.3,9.5,,0.2,,,,,,,61.0,0.0,,,,,
2026-10-01T07:40:00+00:00,2026-10-01T07:44:28.800891+00:00,2026-10-01T07:44:28.800891+00:00,2026-10-01 10:30 (Local Time),POLIS,,,,,1,11,24.6,,26.6,18.4,2.5,1.4,232.0,,286.0,,,,62.0,0.0,1009.2,,1.28611,,"{""Atmospheric Pressure (Mean Sea Level)"": {""unit"": ""hPa"", ""value"": 1011.9}}"
2026-10-01T07:40:00+00:00,2026-10-01T07:44:28.800891+00:00,2026-10-01T07:44:28.800891+00:00,2026-10-01 10:30 (Local Time),POLYSTYPOS,,,,,1,8,19.9,,20.1,12.0,2.0,1.2,,,196.0,,,,42.0,0.0,,,1.028888,,
2026-10-01T07:40:00+00:00,2026-10-01T07:44:28.800891+00:00,2026-10-01T07:44:28.800891+00:00,2026-10-01 10:30 (Local Time),PRODROMOS,,,,,1,9,14.2,,15.3,9.3,2.1,1.0,,404.0,256.0,,,,66.0,0.0,,,1.080332,,
2026-10-01T07:40:00+00:00,2026-10-01T07:44:28.800891+00:00,2026-10-01T07:44:28.800891+00:00,2026-10-01 10:30 (Local Time),PYRGOS,,,,,1,5,20.5,,,,4.8,,,,232.8,,,,66.0,0.0,,,2.469331,,
2026-10-01T07:40:00+00:00,2026-10-01T07:44:28.800891+00:00,2026-10-01T07:44:28.800891+00:00,2026-10-01 10:30 (Local Time),SAITTAS,,,,,1,5,20.9,,21.9,11.5,,,,,,,,,57.0,0.0,,,,,
2026-10-01T07:40:00+00:00,2026-10-01T07:44:28.800891+00:00,2026-10-01T07:44:28.800891+00:00,2026-10-01 10:30 (Local Time),TAMASOS,,,,,1,9,22.9,28.7,23.0,13.6,1.7,1.0,,,32.0,,,,55.0,0.0,,,0.874555,,
2026-10-01T07:40:00+00:00,2026-10-01T07:44:28.800891+00:00,2026-10-01T07:44:28.800891+00:00,2026-10-01 10:30 (Local Time),TEPAK,,,,,1,9,24.7,,25.1,18.5,2.6,0.8,,,205.0,,,,55.0,0.0,,,1.337554,,"{""Accumulated Rainfall (24 hours)"": {""unit"": ""mm"", ""value"": 0.0}}"
2026-10-01T07:40:00+00:00,2026-10-01T07:44:28.800891+00:00,2026-10-01T07:44:28.800891+00:00,2026-10-01 10:30 (Local Time),TRIPILOS,,,,,1,7,15.6,,16.5,9.0,3.3,,,,249.0,,,,75.0,0.0,,,1.697665,,
2026-10-01T07:40:00+00:00,2026-10-01T07:44:28.800891+00:00,2026-10-01T07:44:28.800891+00:00,2026-10-01 10:30 (Local Time),TROODOS,,,,,1,9,13.8,,14.0,5.7,1.2,0.9,,,52.0,,,,63.0,0.0,826.5,,0.617333,,
2026-10-01T07:40:00+00:00,2026-10-01T07:44:28.800891+00:00,2026-10-01T07:44:28.800891+00:00,2026-10-01 10:30 (Local Time),VISITOR,,,,,1,7,25.3,,25.5,15.3,1.6,,,,183.0,,,,58.0,0.0,,,0.82311,,
2026-10-01T07:40:00+00:00,2026-10-01T07:44:28.800891+00:00,2026-10-01T07:44:28.800891+00:00,2026-10-01 10:30 (Local Time),XYLIATOS,,,,,1,8,21.8,,24.4,15.0,4.1,,,680.0,334.0,,,,55.0,0.0,,,2.10922,,
2026-10-01T07:40:00+00:00,2026-10-01T07:44:28.800891+00:00,2026-10-01T07:44:28.800891+00:00,2026-10-01 10:30 (Local Time),XYLOPHAGOU,,,,,1,9,26.2,31.5,26.4,17.3,9.0,3.9,,,226.0,,,,59.0,0.0,,,4.629996,,
2026-10-01T07:40:00+00:00,2026-10-01T07:44:28.800891+00:00,2026-10-01T07:44:28.800891+00:00,2026-10-01 10:30 (Local Time),ZYGI,,,,,1,9,27.0,36.7,27.4,15.7,2.3,1.2,,,227.0,,,,52.0,0.0,,,1.183221,,
2026-10-01T14:40:00+00:00,2026-10-01T14:47:28.190438+00:00,2026-10-01T14:47:28.190438+00:00,2026-10-01 17:40 (Local Time),ACHNA,,,,,1,8,20.2,,29.1,15.2,1.1,0.4,,,328.0,,,,78.0,0.0,,,0.565888,,
2026-10-01T14:40:00+00:00,2026-10-01T14:47:28.190438+00:00,2026-10-01T14:47:28.190438+00:00,2026-10-01 17:40 (Local Time),AGROS,,,,,1,10,17.9,,23.0,11.4,3.5,1.5,8.0,71.0,238.0,,,,69.0,0.0,,,1.800554,,
2026-10-01T14:40:00+00:00,2026-10-01T14:47:28.190438+00:00,2026-10-01T14:47:28.190438+00:00,2026-10-01 17:40 (Local Time),AKAMAS,,,,,1,7,22.2,,25.9,19.0,10.0,,,,213.0,,,,70.0,0.0,,,5.14444,,
2026-10-01T14:40:00+00:00,2026-10-01T14:47:28.190438+00:00,2026-10-01T14:47:28.190438+00:00,2026-10-01 17:40 (Local Time),ALONOUDI,,,,,1,5,20.9,,25.5,12.8,,,,,,,,,67.0,0.0,,,,,
2026-10-01T14:40:00+00:00,2026-10-01T14:47:28.190438+00:00,2026-10-01T14:47:28.190438+00:00,2026-10-01 17:40 (Local Time),AMARGETI,,,,,1,9,22.5,,26.7,16.6,4.7,1.2,,,255.0,,,,63.0,0.0,960.9,,2.417887,,
2026-10-01T14:40:00+00:00,2026-10-01T14:47:28.190438+00:00,2026-10-01T14:47:28.190438+00:00,2026-10-01 17:40 (Local Time),ASTROMERITIS,,,,,1,6,22.7,,,,4.6,1.5,,,329.0,,,,69.0,0.1,,,2.366442,,
2026-10-01T14:40:00+00:00,2026-10-01T14:47:28.190438+00:00,2026-10-01T14:47:28.190438+00:00,2026-10-01 17:40 (Local Time),ATHALASSA,,,,,1,11,21.2,20.6,27.6,15.0,2.3,1.3,,,336.0,,,,69.0,0.0,993.2,,1.183221,,"{""Atmospheric Pressure (Mean Sea Level)"": {""unit"": ""hPa"", ""value"": 1012.1}}"
2026-10-01T14:40:00+00:00,2026-10-01T14:47:28.190438+00:00,2026-10-01T14:47:28.190438+00:00,2026-10-01 17:40 (Local Time),ATHIENOU,,,,,1,9,19.5,18.9,27.3,16.0,4.9,0.9,,,263.0,,,,89.0,0.0,,,2.520776,,
2026-10-01T14:40:00+00:00,2026-10-01T14:47:28.190438+00:00,2026-10-01T14:47:28.190438+00:00,2026-10-01 17:40 (Local Time),AVDIMOU,,,,,1,11,25.2,28.9,28.2,16.0,3.5,1.6,644.0,156.0,242.0,,,,58.0,0.0,,,1.800554,,
2026-10-01T14:40:00+00:00,2026-10-01T14:47:28.190438+00:00,2026-10-01T14:47:28.190438+00:00,2026-10-01 17:40 (Local Time),CAVO_GRECO,,,,,1,9,24.5,,28.0,18.7,11.4,3.7,,,227.0,,,,63.0,0.0,1004.1,,5.864662,,
2026-10-01T14:40:00+00:00,2026-10-01T14:47:28.190438+00:00,2026-10-01T14:47:28.190438+00:00,2026-10-01 17:40 (Local Time),CHROMIO,,,,,1,9,10.4,,13.9,5.4,5.0,2.0,,,230.0,,,,88.0,0.0,,,2.57222,,"{""Snow Depth"": {""unit"": ""cm"", ""value"": 0.0}}"
2026-10-01T14:40:00+00:00,2026-10-01T14:47:28.190438+00:00,2026-10-01T14:47:28.190438+00:00,2026-10-01 17:40 (Local Time),CYTASAT,,,,,1,10,22.4,,28.9,14.1,4.3,1.4,,,6.0,,,,65.0,0.0,985.7,,2.212109,,"{""Atmospheric Pressure (Mean Sea Level)"": {""unit"": ""hPa"", ""value"": 1012.3}}"
2026-10-01T14:40:00+00:00,2026-10-01T14:47:28.190438+00:00,2026-10-01T14:47:28.190438+00:00,2026-10-01 17:40 (Local Time),EPTAGONEIA,,,,,1,8,21.3,,25.5,11.2,7.9,2.6,,,245.0,,,,62.0,0.0,,,4.064108,,
2026-10-01T14:40:00+00:00,2026-10-01T14:47:28.190438+00:00,2026-10-01T14:47:28.190438+00:00,2026-10-01 17:40 (Local Time),FANEROMENI,,,,,1,4,23.9,,,,,,,,,,,,66.0,0.0,,,,,"{""Rain Intensity (10 min.)"": {""unit"": ""mm/min"", ""value"": 0.0}}"
2026-10-01T14:40:00+00:00,2026-10-01T14:47:28.190438+00:00,2026-10-01T14:47:28.190438+00:00,2026-10-01 17:40 (Local Time),FARMAKAS,,,,,1,10,17.0,,27.6,12.4,6.2,0.2,6.0,4.0,351.0,,,,94.0,0.0,,,3.189553,,
2026-10-01T14:40:00+00:00,2026-10-01T14:47:28.190438+00:00,2026-10-01T14:47:28.190438+00:00,2026-10-01 17:40 (Local Time),FRENAROS,,,,,1,11,23.0,22.9,28.5,18.4,4.5,1.9,,47.0,297.0,,,,70.0,0.0,1001.1,,2.314998,,
2026-10-01T14:40:00+00:00,2026-10-01T14:47:28.190438+00:00,2026-10-01T14:47:28.190438+00:00,2026-10-01 17:40 (Local Time),KALAVASOS,,,,,1,5,25.0,,30.8,16.8,,,,,,,,,58.0,0.0,,,,,
2026-10-01T14:40:00+00:00,2026-10-01T14:47:28.190438+00:00,2026-10-01T14:47:28.190438+00:00,2026-10-01 17:40 (Local Time),KALOPANAYIOTIS,,,,,1,9,19.4,,25.3,11.8,2.4,0.5,,8.0,318.0,,,,84.0,0.0,,,1.234666,,
2026-10-01T14:40:00+00:00,2026-10-01T14:47:28.190438+00:00,2026-10-01T14:47:28.190438+00:00,2026-10-01 17:40 (Local Time),KAMPOS,,,,,1,11,19.4,20.5,25.0,15.9,0.5,0.4,31.0,140.0,82.0,,,,88.0,0.0,,,0.257222,,
2026-10-01T14:40:00+00:00,2026-10-01T14:47:28.190438+00:00,2026-10-01T14:47:28.190438+00:00,2026-10-01 17:40 (Local Time),KANNAVIOU,,,,,1,6,22.0,,25.2,15.0,,1.1,,,,,,,65.0,0.0,,,,,
2026-10-01T14:40:00+00:00,2026-10-01T14:47:28.190438+00:00,2026-10-01T14:47:28.190438+00:00,2026-10-01 17:40 (Local Time),KATHIKAS,,,,,1,6,21.0,,23.2,15.7,,,,,,,,,74.0,0.0,,,,,"{""Accumulated Rainfall (24 hours)"": {""unit"": ""mm"", ""value"": 0.0}}"
2026-10-01T14:40:00+00:00,2026-10-01T14:47:28.190438+00:00,2026-10-01T14:47:28.190438+00:00,2026-10-01 17:40 (Local Time),KEPNIC,,,,,1,1,,,,,,,,,,,,,,0.0,,,,,
2026-10-01T14:40:00+00:00,2026-10-01T14:47:28.190438+00:00,2026-10-01T14:47:28.190438+00:00,2026-10-01 17:40 (Local Time),KILANI,,,,,1,7,18.3,,23.6,12.5,,2.6,,142.0,,,,,69.0,0.0,,,,,
2026-10-01T14:40:00+00:00,2026-10-01T14:47:28.190438+00:00,2026-10-01T14:47:28.190438+00:00,2026-10-01 17:40 (Local Time),KORNOS,,,,,1,3,20.9,,,,,,,,,,,,78.0,0.0,,,,,
2026-10-01T14:40:00+00:00,2026-10-01T14:47:28.190438+00:00,2026-10-01T14:47:28.190438+00:00,2026-10-01 17:40 (Local Time),KOURIS,,,,,1,8,24.5,,28.5,17.1,8.5,2.3,,,239.0,,,,54.0,0.0,,,4.372774,,
2026-10-01T14:40:00+00:00,2026-10-01T14:47:28.190438+00:00,2026-10-01T14:47:28.190438+00:00,2026-10-01 17:40 (Local Time),KPYRGOS,,,,,1,8,24.5,,26.5,17.3,2.2,0.9,,,297.0,,,,67.0,0.0,,,1.131777,,
2026-10-01T14:40:00+00:00,2026-10-01T14:47:28.190438+00:00,2026-10-01T14:47:28.190438+00:00,2026-10-01 17:40 (Local Time),KYPEROUNTA,,,,,1,6,15.1,,19.1,11.3,,1.0,,44.0,,,,,81.0,,,,,,
2026-10-01T14:40:00+00:00,2026-10-01T14:47:28.190438+00:00,2026-10-01T14:47:28.190438+00:00,2026-10-01 17:40 (Local Time),LCLK,,,,,1,9,24.2,,28.8,16.7,,1.4,,,,,,,62.0,0.0,,,,,"{""Atmospheric Pressure (QNH)"": {""unit"": ""hPa"", ""value"": 1011.4}, ""Wind Direction (10m) at Runway 22"": {""unit"": ""Degrees"", ""value"": 273.0}, ""Wind Speed (10m) at Runway 22"": {""unit"": ""Knots"", ""value"": 4.1}}"
2026-10-01T14:40:00+00:00,2026-10-01T14:47:28.190438+00:00,2026-10-01T14:47:28.190438+00:00,2026-10-01 17:40 (Local Time),LCPH,,,,,1,9,24.9,,28.0,19.1,,2.8,,,,,,,65.0,0.0,,,,,"{""Atmospheric Pressure (QNH)"": {""unit"": ""hPa"", ""value"": 1011.7}, ""Wind Direction (10m) at Runway 29"": {""unit"": ""Degrees"", ""value"": 260.0}, ""Wind Speed (10m) at Runway 29"": {""unit"": ""Knots"", ""value"": 7.9}}"
2026-10-01T14:40:00+00:00,2026-10-01T14:47:28.190438+00:00,2026-10-01T14:47:28.190438+00:00,2026-10-01 17:40 (Local Time),LEFKARA,,,,,1,6,21.6,,29.3,13.7,,2.5,,,,,,,69.0,0.0,,,,,
2026-10-01T14:40:00+00:00,2026-10-01T14:47:28.190438+00:00,2026-10-01T14:47:28.190438+00:00,2026-10-01 17:40 (Local Time),LEFKOSIA,,,,,1,7,19.7,,28.9,14.5,,0.9,,,,,,,71.0,0.0,,,,,"{""Accumulated Rainfall (24 hours)"": {""unit"": ""mm"", ""value"": 0.0}}"
2026-10-01T14:40:00+00:00,2026-10-01T14:47:28.190438+00:00,2026-10-01T14:47:28.190438+00:00,2026-10-01 17:40 (Local Time),LIMASSOL,,,,,1,10,24.8,,28.3,18.2,,4.2,,130.0,,,,,64.0,0.0,1010.5,,,,"{""Wind Direction (10m) at Port Gate"": {""unit"": ""Degrees"", ""value"": 261.0}, ""Wind Speed (10m) at Port Gate"": {""unit"": ""Knots"", ""value"": 11.6}}"
2026-10-01T14:40:00+00:00,2026-10-01T14:47:28.190438+00:00,2026-10-01T14:47:28.190438+00:00,2026-10-01 17:40 (Local Time),LINOU,,,,,1,9,20.3,,26.6,16.1,7.3,1.8,,,328.0,,,,82.0,0.0,965.2,,3.755441,,
2026-10-01T14:40:00+00:00,2026-10-01T14:47:28.190438+00:00,2026-10-01T14:47:28.190438+00:00,2026-10-01 17:40 (Local Time),LYSOS,,,,,1,7,18.2,,23.9,13.8,1.3,,,,37.0,,,,76.0,0.0,,,0.668777,,
2026-10-01T14:40:00+00:00,2026-10-01T14:47:28.190438+00:00,2026-10-01T14:47:28.190438+00:00,2026-10-01 17:40 (Local Time),MALLIA,,,,,1,10,21.3,19.0,26.5,11.7,10.7,2.0,,114.0,253.0,,,,62.0,0.0,,,5.504551,,
2026-10-01T14:40:00+00:00,2026-10-01T14:47:28.190438+00:00,2026-10-01T14:47:28.190438+00:00,2026-10-01 17:40 (Local Time),MAMMARI,,,,,1,10,21.6,,27.5,16.5,,2.0,,40.0,,,,,67.0,0.0,,,,,"{""Atmospheric Pressure (QNH)"": {""unit"": ""hPa"", ""value"": 1012.5}, ""Wind Direction (10m) at Runway 12"": {""unit"": ""Degrees"", ""value"": 88.0}, ""Wind Speed (10m) at Runway 12"": {""unit"": ""Knots"", ""value"": 6.3}}"
2026-10-01T14:40:00+00:00,2026-10-01T14:47:28.190438+00:00,2026-10-01T14:47:28.190438+00:00,2026-10-01 17:40 (Local Time),MATHIATIS,,,,,1,10,17.4,,26.3,13.6,4.2,0.6,4.0,23.0,1.0,,,,91.0,0.4,,,2.160665,,
2026-10-01T14:40:00+00:00,2026-10-01T14:47:28.190438+00:00,2026-10-01T14:47:28.190438+00:00,2026-10-01 17:40 (Local Time),PANAGIA_BRIDGE,,,,,1,6,19.4,20.7,25.6,11.5,,,,,,,,,94.0,0.0,,,,,
2026-10-01T14:40:00+00:00,2026-10-01T14:47:28.190438+00:00,2026-10-01T14:47:28.190438+00:00,2026-10-01 17:40 (Local Time),PAPHOS,,,,,1,8,23.2,,27.3,18.2,3.4,1.4,,,226.0,,,,67.0,0.0,,,1.74911,,
2026-10-01T14:40:00+00:00,2026-10-01T14:47:28.190438+00:00,2026-10-01T14:47:28.190438+00:00,2026-10-01 17:40 (Local Time),PAREKLISIA,,,,,1,7,24.2,,30.7,16.3,3.0,,,,254.0,,,,57.0,0.0,,,1.543332,,
2026-10-01T14:40:00+00:00,2026-10-01T14:47:28.190438+00:00,2026-10-01T14:47:28.190438+00:00,2026-10-01 17:40 (Local Time),PENTAKOMO,,,,,1,8,25.3,,27.5,19.9,17.8,7.5,,,234.0,,,,62.0,0.0,,,9.157103,,
2026-10-01T14:40:00+00:00,2026-10-01T14:47:28.190438+00:00,2026-10-01T14:47:28.190438+00:00,2026-10-01 17:40 (Local Time),PLATANIA,,,,,1,6,15.7,,20.0,9.5,,0.0,,,,,,,88.0,0.0,,,,,
2026-10-01T14:40:00+00:00,2026-10-01T14:47:28.190438+00:00,2026-10-01T14:47:28.190438+00:00,2026-10-01 17:40 (Local Time),POLIS,,,,,1,11,25.3,,27.3,18.4,2.8,1.0,339.0,,225.0,,,,58.0,0.0,1007.9,,1.440443,,"{""Atmospheric Pressure (Mean Sea Level)"": {""unit"": ""hPa"", ""value"": 1010.5}}"
2026-10-01T14:40:00+00:00,2026-10-01T14:47:28.190438+00:00,2026-10-01T14:47:28.190438+00:00,2026-10-01 17:40 (Local Time),POLYSTYPOS,,,,,1,8,16.6,,21.0,12.0,1.2,0.7,,,157.0,,,,80.0,0.0,,,0.617333,,
2026-10-01T14:40:00+00:00,2026-10-01T14:47:28.190438+00:00,2026-10-01T14:47:28.190438+00:00,2026-10-01 17:40 (Local Time),PRODROMOS,,,,,1,9,13.1,,18.7,9.3,4.2,1.6,,0.0,250.0,,,,90.0,0.0,,,2.160665,,
2026-10-01T14:40:00+00:00,2026-10-01T14:47:28.190438+00:00,2026-10-01T14:47:28.190438+00:00,2026-10-01 17:40 (Local Time),PYRGOS,,,,,1,5,20.2,,,,2.5,,,,271.0,,,,85.0,0.0,,,1.28611,,
2026-10-01T14:40:00+00:00,2026-10-01T14:47:28.190438+00:00,2026-10-01T14:47:28.190438+00:00,2026-10-01 17:40 (Local Time),SAITTAS,,,,,1,5,21.1,,25.3,11.5,,,,,,,,,61.0,0.0,,,,,
2026-10-01T14:40:00+00:00,2026-10-01T14:47:28.190438+00:00,2026-10-01T14:47:28.190438+00:00,2026-10-01 17:40 (Local Time),TAMASOS,,,,,1,9,19.4,19.7,25.8,13.6,1.8,0.6,,,244.0,,,,94.0,0.0,,,0.925999,,
2026-10-01T14:40:00+00:00,2026-10-01T14:47:28.190438+00:00,2026-10-01T14:47:28.190438+00:00,2026-10-01 17:40 (Local Time),TEPAK,,,,,1,9,23.6,,28.2,18.5,3.9,1.4,,,260.0,,,,61.0,0.0,,,2.006332,,"{""Accumulated Rainfall (24 hours)"": {""unit"": ""mm"", ""value"": 0.0}}"
2026-10-01T14:40:00+00:00,2026-10-01T14:47:28.190438+00:00,2026-10-01T14:47:28.190438+00:00,2026-10-01 17:40 (Local Time),TRIPILOS,,,,,1,7,17.0,,21.0,9.0,5.7,,,,244.0,,,,69.0,0.0,,,2.932331,,
2026-10-01T14:40:00+00:00,2026-10-01T14:47:28.190438+00:00,2026-10-01T14:47:28.190438+00:00,2026-10-01 17:40 (Local Time),TROODOS,,,,,1,9,11.3,,15.4,5.7,5.0,2.0,,,232.0,,,,85.0,0.0,825.9,,2.57222,,
2026-10-01T14:40:00+00:00,2026-10-01T14:47:28.190438+00:00,2026-10-01T14:47:28.190438+00:00,2026-10-01 17:40 (Local Time),VISITOR,,,,,1,7,21.8,,28.1,15.3,1.0,,,,337.0,,,,73.0,0.0,,,0.514444,,
2026-10-01T14:40:00+00:00,2026-10-01T14:47:28.190438+00:00,2026-10-01T14:47:28.190438+00:00,2026-10-01 17:40 (Local Time),XYLIATOS,,,,,1,8,17.9,,24.4,15.0,0.0,,,47.0,360.0,,,,90.0,0.0,,,0.0,,
2026-10-01T14:40:00+00:00,2026-10-01T14:47:28.190438+00:00,2026-10-01T14:47:28.190438+00:00,2026-10-01 17:40 (Local Time),XYLOPHAGOU,,,,,1,9,23.8,25.9,28.6,17.3,3.4,1.3,,,272.0,,,,62.0,0.0,,,1.74911,,
2026-10-01T14:40:00+00:00,2026-10-01T14:47:28.190438+00:00,2026-10-01T14:47:28.190438+00:00,2026-10-01 17:40 (Local Time),ZYGI,,,,,1,9,25.4,26.3,28.9,15.7,2.6,1.3,,,235.0,,,,57.0,0.0,,,1.337554,,
2026-10-01T19:50:00+00:00,2026-10-01T19:53:17.883864+00:00,2026-10-01T19:53:17.883864+00:00,2026-10-01 22:40 (Local Time),ACHNA,,,,,1,8,18.2,,19.5,17.9,2.3,0.5,,,275.0,,,,82.0,0.0,,,1.183221,,
2026-10-01T19:50:00+00:00,2026-10-01T19:53:17.883864+00:00,2026-10-01T19:53:17.883864+00:00,2026-10-01 22:40 (Local Time),AGROS,,,,,1,10,13.4,,14.2,13.4,0.7,0.6,3.0,0.0,304.0,,,,86.0,0.0,,,0.360111,,
2026-10-01T19:50:00+00:00,2026-10-01T19:53:17.883864+00:00,2026-10-01T19:53:17.883864+00:00,2026-10-01 22:40 (Local Time),AKAMAS,,,,,1,7,19.9,,20.1,19.6,6.8,,,,190.0,,,,79.0,0.0,,,3.498219,,
2026-10-01T19:50:00+00:00,2026-10-01T19:53:17.883864+00:00,2026-10-01T19:53:17.883864+00:00,2026-10-01 22:40 (Local Time),ALONOUDI,,,,,1,5,16.0,,16.3,15.9,,,,,,,,,92.0,0.0,,,,,
2026-10-01T19:50:00+00:00,2026-10-01T19:53:17.883864+00:00,2026-10-01T19:53:17.883864+00:00,2026-10-01 22:40 (Local Time),AMARGETI,,,,,1,9,18.6,,19.5,18.4,5.6,1.8,,,77.0,,,,83.0,0.0,962.0,,2.880886,,
2026-10-01T19:50:00+00:00,2026-10-01T19:53:17.883864+00:00,2026-10-01T19:53:17.883864+00:00,2026-10-01 22:40 (Local Time),ASTROMERITIS,,,,,1,6,18.1,,,,7.1,2.1,,,176.0,,,,94.0,0.0,,,3.652552,,
2026-10-01T19:50:00+00:00,2026-10-01T19:53:17.883864+00:00,2026-10-01T19:53:17.883864+00:00,2026-10-01 22:40 (Local Time),ATHALASSA,,,,,1,11,18.1,15.7,19.1,18.0,2.2,0.8,,,256.0,,,,85.0,0.0,994.5,,1.131777,,"{""Atmospheric Pressure (Mean Sea Level)"": {""unit"": ""hPa"", ""value"": 1013.5}}"
2026-10-01T19:50:00+00:00,2026-10-01T19:53:17.883864+00:00,2026-10-01T19:53:17.883864+00:00,2026-10-01 22:40 (Local Time),ATHIENOU,,,,,1,9,18.7,16.5,18.9,18.4,5.1,0.8,,,221.0,,,,88.0,0.0,,,2.623664,,
2026-10-01T19:50:00+00:00,2026-10-01T19:53:17.883864+00:00,2026-10-01T19:53:17.883864+00:00,2026-10-01 22:40 (Local Time),AVDIMOU,,,,,1,11,19.5,17.7,20.1,19.0,1.0,0.2,3.0,4.0,341.0,,,,80.0,0.0,,,0.514444,,
2026-10-01T19:50:00+00:00,2026-10-01T19:53:17.883864+00:00,2026-10-01T19:53:17.883864+00:00,2026-10-01 22:40 (Local Time),CAVO_GRECO,,,,,1,9,19.1,,19.8,19.0,3.0,0.8,,,252.0,,,,75.0,0.0,1005.7,,1.543332,,
2026-10-01T19:50:00+00:00,2026-10-01T19:53:17.883864+00:00,2026-10-01T19:53:17.883864+00:00,2026-10-01 22:40 (Local Time),CHROMIO,,,,,1,9,8.6,,9.1,8.4,7.3,2.4,,,228.0,,,,93.0,0.0,,,3.755441,,"{""Snow Depth"": {""unit"": ""cm"", ""value"": 0.0}}"
2026-10-01T19:50:00+00:00,2026-10-01T19:53:17.883864+00:00,2026-10-01T19:53:17.883864+00:00,2026-10-01 22:40 (Local Time),CYTASAT,,,,,1,10,16.7,,18.4,16.7,0.5,0.4,,,51.0,,,,86.0,0.0,987.5,,0.257222,,"{""Atmospheric Pressure (Mean Sea Level)"": {""unit"": ""hPa"", ""value"": 1014.7}}"
2026-10-01T19:50:00+00:00,2026-10-01T19:53:17.883864+00:00,2026-10-01T19:53:17.883864+00:00,2026-10-01 22:40 (Local Time),EPTAGONEIA,,,,,1,8,13.8,,15.0,13.8,1.3,0.4,,,319.0,,,,89.0,0.0,,,0.668777,,
2026-10-01T19:50:00+00:00,2026-10-01T19:53:17.883864+00:00,2026-10-01T19:53:17.883864+00:00,2026-10-01 22:40 (Local Time),FANEROMENI,,,,,1,4,20.7,,,,,,,,,,,,81.0,0.0,,,,,"{""Rain Intensity (10 min.)"": {""unit"": ""mm/min"", ""value"": 0.0}}"
2026-10-01T19:50:00+00:00,2026-10-01T19:53:17.883864+00:00,2026-10-01T19:53:17.883864+00:00,2026-10-01 22:40 (Local Time),FARMAKAS,,,,,1,10,13.4,,15.1,13.4,6.3,1.8,2.0,0.0,351.0,,,,95.0,0.0,,,3.240997,,
2026-10-01T19:50:00+00:00,2026-10-01T19:53:17.883864+00:00,2026-10-01T19:53:17.883864+00:00,2026-10-01 22:40 (Local Time),FRENAROS,,,,,1,11,19.9,18.3,20.5,19.8,2.8,1.0,,0.0,263.0,,,,78.0,0.0,1002.8,,1.440443,,
2026-10-01T19:50:00+00:00,2026-10-01T19:53:17.883864+00:00,2026-10-01T19:53:17.883864+00:00,2026-10-01 22:40 (Local Time),KALAVASOS,,,,,1,5,19.0,,20.0,18.7,,,,,,,,,72.0,0.0,,,,,
2026-10-01T19:50:00+00:00,2026-10-01T19:53:17.883864+00:00,2026-10-01T19:53:17.883864+00:00,2026-10-01 22:40 (Local Time),KALOPANAYIOTIS,,,,,1,9,14.8,,15.4,14.7,5.0,0.4,,0.0,185.0,,,,91.0,0.0,,,2.57222,,
2026-10-01T19:50:00+00:00,2026-10-01T19:53:17.883864+00:00,2026-10-01T19:53:17.883864+00:00,2026-10-01 22:40 (Local Time),KAMPOS,,,,,1,11,16.4,16.0,17.8,16.3,2.3,0.5,4.0,0.0,118.0,,,,90.0,0.0,,,1.183221,,
2026-10-01T19:50:00+00:00,2026-10-01T19:53:17.883864+00:00,2026-10-01T19:53:17.883864+00:00,2026-10-01 22:40 (Local Time),KANNAVIOU,,,,,1,6,18.3,,18.9,18.1,,1.2,,,,,,,82.0,0.0,,,,,
2026-10-01T19:50:00+00:00,2026-10-01T19:53:17.883864+00:00,2026-10-01T19:53:17.883864+00:00,2026-10-01 22:40 (Local Time),KATHIKAS,,,,,1,6,17.0,,17.2,16.9,,,,,,,,,92.0,0.0,,,,,"{""Accumulated Rainfall (24 hours)"": {""unit"": ""mm"", ""value"": 0.6}}"
2026-10-01T19:50:00+00:00,2026-10-01T19:53:17.883864+00:00,2026-10-01T19:53:17.883864+00:00,2026-10-01 22:40 (Local Time),KEPNIC,,,,,1,1,,,,,,,,,,,,,,0.0,,,,,
2026-10-01T19:50:00+00:00,2026-10-01T19:53:17.883864+00:00,2026-10-01T19:53:17.883864+00:00,2026-10-01 22:40 (Local Time),KILANI,,,,,1,7,14.4,,15.3,14.3,,0.8,,2.0,,,,,89.0,0.0,,,,,
2026-10-01T19:50:00+00:00,2026-10-01T19:53:17.883864+00:00,2026-10-01T19:53:17.883864+00:00,2026-10-01 22:40 (Local Time),KORNOS,,,,,1,3,17.0,,,,,,,,,,,,96.0,0.0,,,,,
2026-10-01T19:50:00+00:00,2026-10-01T19:53:17.883864+00:00,2026-10-01T19:53:17.883864+00:00,2026-10-01 22:40 (Local Time),KOURIS,,,,,1,8,19.9,,21.4,19.8,2.6,1.2,,,6.0,,,,74.0,0.0,,,1.337554,,
2026-10-01T19:50:00+00:00,2026-10-01T19:53:17.883864+00:00,2026-10-01T19:53:17.883864+00:00,2026-10-01 22:40 (Local Time),KPYRGOS,,,,,1,8,19.6,,20.7,19.5,5.4,2.1,,,162.0,,,,84.0,0.0,,,2.777998,,
2026-10-01T19:50:00+00:00,2026-10-01T19:53:17.883864+00:00,2026-10-01T19:53:17.883864+00:00,2026-10-01 22:40 (Local Time),KYPEROUNTA,,,,,1,6,12.0,,12.9,11.9,,0.4,,0.0,,,,,87.0,,,,,,
2026-10-01T19:50:00+00:00,2026-10-01T19:53:17.883864+00:00,2026-10-01T19:53:17.883864+00:00,2026-10-01 22:40 (Local Time),LCLK,,,,,1,9,19.8,,21.2,19.8,,1.3,,,,,,,82.0,0.0,,,,,"{""Atmospheric Pressure (QNH)"": {""unit"": ""hPa"", ""value"": 1013.0}, ""Wind Direction (10m) at Runway 22"": {""unit"": ""Degrees"", ""value"": 278.0}, ""Wind Speed (10m) at Runway 22"": {""unit"": ""Knots"", ""value"": 4.2}}"
2026-10-01T19:50:00+00:00,2026-10-01T19:53:17.883864+00:00,2026-10-01T19:53:17.883864+00:00,2026-10-01 22:40 (Local Time),LCPH,,,,,1,9,21.6,,23.3,21.5,,1.5,,,,,,,84.0,0.0,,,,,"{""Atmospheric Pressure (QNH)"": {""unit"": ""hPa"", ""value"": 1013.0}, ""Wind Direction (10m) at Runway 29"": {""unit"": ""Degrees"", ""value"": 39.0}, ""Wind Speed (10m) at Runway 29"": {""unit"": ""Knots"", ""value"": 6.5}}"
2026-10-01T19:50:00+00:00,2026-10-01T19:53:17.883864+00:00,2026-10-01T19:53:17.883864+00:00,2026-10-01 22:40 (Local Time),LEFKARA,,,,,1,6,16.9,,18.0,16.7,,1.9,,,,,,,85.0,0.0,,,,,
2026-10-01T19:50:00+00:00,2026-10-01T19:53:17.883864+00:00,2026-10-01T19:53:17.883864+00:00,2026-10-01 22:40 (Local Time),LEFKOSIA,,,,,1,7,17.8,,18.8,17.8,,0.8,,,,,,,81.0,0.0,,,,,"{""Accumulated Rainfall (24 hours)"": {""unit"": ""mm"", ""value"": 0.0}}"
2026-10-01T19:50:00+00:00,2026-10-01T19:53:17.883864+00:00,2026-10-01T19:53:17.883864+00:00,2026-10-01 22:40 (Local Time),LIMASSOL,,,,,1,10,20.9,,21.8,20.8,,0.9,,0.0,,,,,75.0,0.0,1012.1,,,,"{""Wind Direction (10m) at Port Gate"": {""unit"": ""Degrees"", ""value"": 319.0}, ""Wind Speed (10m) at Port Gate"": {""unit"": ""Knots"", ""value"": 2.4}}"
2026-10-01T19:50:00+00:00,2026-10-01T19:53:17.883864+00:00,2026-10-01T19:53:17.883864+00:00,2026-10-01 22:40 (Local Time),LINOU,,,,,1,9,17.4,,18.1,17.3,4.7,2.0,,,178.0,,,,89.0,0.0,966.5,,2.417887,,
2026-10-01T19:50:00+00:00,2026-10-01T19:53:17.883864+00:00,2026-10-01T19:53:17.883864+00:00,2026-10-01 22:40 (Local Time),LYSOS,,,,,1,7,15.2,,15.5,15.2,6.2,,,,168.0,,,,87.0,0.0,,,3.189553,,
2026-10-01T19:50:00+00:00,2026-10-01T19:53:17.883864+00:00,2026-10-01T19:53:17.883864+00:00,2026-10-01 22:40 (Local Time),MALLIA,,,,,1,10,15.1,14.3,16.6,15.1,2.1,0.4,,11.0,109.0,,,,91.0,0.0,,,1.080332,,
2026-10-01T19:50:00+00:00,2026-10-01T19:53:17.883864+00:00,2026-10-01T19:53:17.883864+00:00,2026-10-01 22:40 (Local Time),MAMMARI,,,,,1,10,18.9,,20.4,18.8,,3.3,,5.0,,,,,86.0,0.0,,,,,"{""Atmospheric Pressure (QNH)"": {""unit"": ""hPa"", ""value"": 1013.7}, ""Wind Direction (10m) at Runway 12"": {""unit"": ""Degrees"", ""value"": 192.0}, ""Wind Speed (10m) at Runway 12"": {""unit"": ""Knots"", ""value"": 8.6}}"
2026-10-01T19:50:00+00:00,2026-10-01T19:53:17.883864+00:00,2026-10-01T19:53:17.883864+00:00,2026-10-01 22:40 (Local Time),MATHIATIS,,,,,1,10,15.3,,15.8,15.3,4.6,0.9,4.0,0.0,238.0,,,,94.0,0.0,,,2.366442,,
2026-10-01T19:50:00+00:00,2026-10-01T19:53:17.883864+00:00,2026-10-01T19:53:17.883864+00:00,2026-10-01 22:40 (Local Time),PANAGIA_BRIDGE,,,,,1,6,15.9,16.6,16.9,15.9,,,,,,,,,98.0,0.0,,,,,
2026-10-01T19:50:00+00:00,2026-10-01T19:53:17.883864+00:00,2026-10-01T19:53:17.883864+00:00,2026-10-01 22:40 (Local Time),PAPHOS,,,,,1,8,20.4,,21.8,20.4,1.9,0.8,,,119.0,,,,79.0,0.0,,,0.977444,,
2026-10-01T19:50:00+00:00,2026-10-01T19:53:17.883864+00:00,2026-10-01T19:53:17.883864+00:00,2026-10-01 22:40 (Local Time),PAREKLISIA,,,,,1,7,19.2,,20.5,19.2,0.8,,,,359.0,,,,74.0,0.0,,,0.411555,,
2026-10-01T19:50:00+00:00,2026-10-01T19:53:17.883864+00:00,2026-10-01T19:53:17.883864+00:00,2026-10-01 22:40 (Local Time),PENTAKOMO,,,,,1,8,21.8,,23.1,21.5,6.2,1.9,,,301.0,,,,69.0,0.0,,,3.189553,,
2026-10-01T19:50:00+00:00,2026-10-01T19:53:17.883864+00:00,2026-10-01T19:53:17.883864+00:00,2026-10-01 22:40 (Local Time),PLATANIA,,,,,1,6,11.9,,12.8,11.8,,0.3,,,,,,,92.0,0.0,,,,,
2026-10-01T19:50:00+00:00,2026-10-01T19:53:17.883864+00:00,2026-10-01T19:53:17.883864+00:00,2026-10-01 22:40 (Local Time),POLIS,,,,,1,11,21.1,,21.8,21.0,5.2,1.3,4.0,,157.0,,,,79.0,0.0,1009.3,,2.675109,,"{""Atmospheric Pressure (Mean Sea Level)"": {""unit"": ""hPa"", ""value"": 1012.0}}"
2026-10-01T19:50:00+00:00,2026-10-01T19:53:17.883864+00:00,2026-10-01T19:53:17.883864+00:00,2026-10-01 22:40 (Local Time),POLYSTYPOS,,,,,1,8,13.5,,14.2,13.5,1.2,0.4,,,278.0,,,,89.0,0.0,,,0.617333,,
2026-10-01T19:50:00+00:00,2026-10-01T19:53:17.883864+00:00,2026-10-01T19:53:17.883864+00:00,2026-10-01 22:40 (Local Time),PRODROMOS,,,,,1,9,11.2,,11.5,11.1,4.2,1.3,,0.0,213.0,,,,91.0,0.0,,,2.160665,,
2026-10-01T19:50:00+00:00,2026-10-01T19:53:17.883864+00:00,2026-10-01T19:53:17.883864+00:00,2026-10-01 22:40 (Local Time),PYRGOS,,,,,1,5,17.7,,,,2.2,,,,133.5,,,,84.0,0.0,,,1.131777,,
2026-10-01T19:50:00+00:00,2026-10-01T19:53:17.883864+00:00,2026-10-01T19:53:17.883864+00:00,2026-10-01 22:40 (Local Time),SAITTAS,,,,,1,5,14.6,,15.5,14.4,,,,,,,,,84.0,0.0,,,,,
2026-10-01T19:50:00+00:00,2026-10-01T19:53:17.883864+00:00,2026-10-01T19:53:17.883864+00:00,2026-10-01 22:40 (Local Time),TAMASOS,,,,,1,9,16.7,16.4,18.1,16.6,2.7,0.3,,,180.0,,,,97.0,0.0,,,1.388999,,
2026-10-01T19:50:00+00:00,2026-10-01T19:53:17.883864+00:00,2026-10-01T19:53:17.883864+00:00,2026-10-01 22:40 (Local Time),TEPAK,,,,,1,9,20.8,,21.6,20.7,2.1,0.1,,,317.0,,,,70.0,0.0,,,1.080332,,"{""Accumulated Rainfall (24 hours)"": {""unit"": ""mm"", ""value"": 0.0}}"
2026-10-01T19:50:00+00:00,2026-10-01T19:53:17.883864+00:00,2026-10-01T19:53:17.883864+00:00,2026-10-01 22:40 (Local Time),TRIPILOS,,,,,1,7,11.3,,11.9,11.2,2.0,,,,196.0,,,,98.0,0.0,,,1.028888,,
2026-10-01T19:50:00+00:00,2026-10-01T19:53:17.883864+00:00,2026-10-01T19:53:17.883864+00:00,2026-10-01 22:40 (Local Time),TROODOS,,,,,1,9,9.4,,10.0,8.9,3.6,1.4,,,235.0,,,,91.0,0.0,826.7,,1.851998,,
2026-10-01T19:50:00+00:00,2026-10-01T19:53:17.883864+00:00,2026-10-01T19:53:17.883864+00:00,2026-10-01 22:40 (Local Time),VISITOR,,,,,1,7,18.4,,19.3,18.3,0.7,,,,261.0,,,,97.0,0.0,,,0.360111,,
2026-10-01T19:50:00+00:00,2026-10-01T19:53:17.883864+00:00,2026-10-01T19:53:17.883864+00:00,2026-10-01 22:40 (Local Time),XYLIATOS,,,,,1,8,16.0,,16.5,15.7,5.2,,,0.0,173.0,,,,86.0,0.0,,,2.675109,,
2026-10-01T19:50:00+00:00,2026-10-01T19:53:17.883864+00:00,2026-10-01T19:53:17.883864+00:00,2026-10-01 22:40 (Local Time),XYLOPHAGOU,,,,,1,9,20.5,21.0,20.6,19.8,4.0,0.7,,,288.0,,,,78.0,0.0,,,2.057776,,
2026-10-01T19:50:00+00:00,2026-10-01T19:53:17.883864+00:00,2026-10-01T19:53:17.883864+00:00,2026-10-01 22:40 (Local Time),ZYGI,,,,,1,9,19.3,18.9,22.2,19.2,1.0,0.3,,,351.0,,,,73.0,0.0,,,0.514444,,
2026-10-01T23:20:00+00:00,2026-10-01T23:29:56.495024+00:00,2026-10-01T23:29:56.495024+00:00,2026-10-02 02:20 (Local Time),ACHNA,,,,,1,8,17.8,,19.5,16.4,2.0,0.4,,,335.0,,,,83.0,0.0,,,1.028888,,
2026-10-01T23:20:00+00:00,2026-10-01T23:29:56.495024+00:00,2026-10-01T23:29:56.495024+00:00,2026-10-02 02:20 (Local Time),AGROS,,,,,1,10,13.6,,14.2,12.3,1.0,0.0,3.0,0.0,128.0,,,,92.0,0.0,,,0.514444,,
2026-10-01T23:20:00+00:00,2026-10-01T23:29:56.495024+00:00,2026-10-01T23:29:56.495024+00:00,2026-10-02 02:20 (Local Time),AKAMAS,,,,,1,7,18.2,,20.1,16.6,5.0,,,,219.0,,,,89.0,0.0,,,2.57222,,
2026-10-01T23:20:00+00:00,2026-10-01T23:29:56.495024+00:00,2026-10-01T23:29:56.495024+00:00,,ALONOUDI,,,,,0,0,,,,,,,,,,,,,,,,,,,
2026-10-01T23:20:00+00:00,2026-10-01T23:29:56.495024+00:00,2026-10-01T23:29:56.495024+00:00,2026-10-02 02:20 (Local Time),AMARGETI,,,,,1,9,17.2,,19.5,17.0,4.9,1.6,,,118.0,,,,84.0,1.2,961.9,,2.520776,,
2026-10-01T23:20:00+00:00,2026-10-01T23:29:56.495024+00:00,2026-10-01T23:29:56.495024+00:00,2026-10-02 02:20 (Local Time),ASTROMERITIS,,,,,1,6,17.0,,,,7.7,2.4,,,177.0,,,,85.0,0.0,,,3.961219,,
2026-10-01T23:20:00+00:00,2026-10-01T23:29:56.495024+00:00,2026-10-01T23:29:56.495024+00:00,2026-10-02 02:20 (Local Time),ATHALASSA,,,,,1,11,16.0,13.7,19.1,15.9,3.0,0.8,,,230.0,,,,97.0,0.0,994.0,,1.543332,,"{""Atmospheric Pressure (Mean Sea Level)"": {""unit"": ""hPa"", ""value"": 1013.2}}"
2026-10-01T23:20:00+00:00,2026-10-01T23:29:56.495024+00:00,2026-10-01T23:29:56.495024+00:00,2026-10-02 02:20 (Local Time),ATHIENOU,,,,,1,9,16.6,14.6,19.0,16.6,2.2,0.4,,,245.0,,,,92.0,0.0,,,1.131777,,
2026-10-01T23:20:00+00:00,2026-10-01T23:29:56.495024+00:00,2026-10-01T23:29:56.495024+00:00,2026-10-02 02:20 (Local Time),AVDIMOU,,,,,1,11,17.1,15.4,20.1,17.1,1.5,0.0,3.0,4.0,1.0,,,,86.0,0.0,,,0.771666,,
2026-10-01T23:20:00+00:00,2026-10-01T23:29:56.495024+00:00,2026-10-01T23:29:56.495024+00:00,2026-10-02 02:20 (Local Time),CAVO_GRECO,,,,,1,9,19.4,,19.8,18.8,5.7,1.5,,,279.0,,,,80.0,0.0,1005.2,,2.932331,,
2026-10-01T23:20:00+00:00,2026-10-01T23:29:56.495024+00:00,2026-10-01T23:29:56.495024+00:00,2026-10-02 02:20 (Local Time),CHROMIO,,,,,1,9,8.2,,9.1,8.1,9.5,3.9,,,229.0,,,,91.0,0.0,,,4.887218,,"{""Snow Depth"": {""unit"": ""cm"", ""value"": 0.0}}"
2026-10-01T23:20:00+00:00,2026-10-01T23:29:56.495024+00:00,2026-10-01T23:29:56.495024+00:00,2026-10-02 02:20 (Local Time),CYTASAT,,,,,1,10,17.1,,18.4,15.2,1.0,0.3,,,280.0,,,,80.0,0.0,987.0,,0.514444,,"{""Atmospheric Pressure (Mean Sea Level)"": {""unit"": ""hPa"", ""value"": 1014.1}}"
2026-10-01T23:20:00+00:00,2026-10-01T23:29:56.495024+00:00,2026-10-01T23:29:56.495024+00:00,2026-10-02 02:20 (Local Time),EPTAGONEIA,,,,,1,8,14.0,,15.0,12.7,0.8,0.1,,,245.0,,,,89.0,0.0,,,0.411555,,
2026-10-01T23:20:00+00:00,2026-10-01T23:29:56.495024+00:00,2026-10-01T23:29:56.495024+00:00,2026-10-02 02:20 (Local Time),FANEROMENI,,,,,1,4,18.7,,,,,,,,,,,,86.0,0.0,,,,,"{""Rain Intensity (10 min.)"": {""unit"": ""mm/min"", ""value"": 0.0}}"
2026-10-01T23:20:00+00:00,2026-10-01T23:29:56.495024+00:00,2026-10-01T23:29:56.495024+00:00,2026-10-02 02:20 (Local Time),FARMAKAS,,,,,1,10,15.1,,15.3,13.4,6.2,2.0,2.0,0.0,351.0,,,,87.0,0.0,,,3.189553,,
2026-10-01T23:20:00+00:00,2026-10-01T23:29:56.495024+00:00,2026-10-01T23:29:56.495024+00:00,2026-10-02 02:20 (Local Time),FRENAROS,,,,,1,11,19.1,16.8,20.5,18.9,3.2,0.8,,0.0,309.0,,,,83.0,0.0,1002.5,,1.646221,,
2026-10-01T23:20:00+00:00,2026-10-01T23:29:56.495024+00:00,2026-10-01T23:29:56.495024+00:00,2026-10-02 02:20 (Local Time),KALAVASOS,,,,,1,5,18.1,,20.0,17.9,,,,,,,,,78.0,0.0,,,,,
2026-10-01T23:20:00+00:00,2026-10-01T23:29:56.495024+00:00,2026-10-01T23:29:56.495024+00:00,2026-10-02 02:20 (Local Time),KALOPANAYIOTIS,,,,,1,9,16.7,,16.8,14.0,4.0,0.9,,0.0,160.0,,,,80.0,0.0,,,2.057776,,
2026-10-01T23:20:00+00:00,2026-10-01T23:29:56.495024+00:00,2026-10-01T23:29:56.495024+00:00,2026-10-02 02:20 (Local Time),KAMPOS,,,,,1,11,17.3,16.4,17.8,16.2,2.9,1.6,4.0,0.0,182.0,,,,76.0,0.0,,,1.491888,,
2026-10-01T23:20:00+00:00,2026-10-01T23:29:56.495024+00:00,2026-10-01T23:29:56.495024+00:00,2026-10-02 02:20 (Local Time),KANNAVIOU,,,,,1,6,16.3,,18.9,15.6,,2.7,,,,,,,95.0,0.0,,,,,
2026-10-01T23:20:00+00:00,2026-10-01T23:29:56.495024+00:00,2026-10-01T23:29:56.495024+00:00,2026-10-02 02:20 (Local Time),KATHIKAS,,,,,1,6,16.8,,17.3,15.2,,,,,,,,,88.0,0.0,,,,,"{""Accumulated Rainfall (24 hours)"": {""unit"": ""mm"", ""value"": 7.5}}"
2026-10-01T23:20:00+00:00,2026-10-01T23:29:56.495024+00:00,2026-10-01T23:29:56.495024+00:00,2026-10-02 02:20 (Local Time),KEPNIC,,,,,1,1,,,,,,,,,,,,,,0.0,,,,,
2026-10-01T23:20:00+00:00,2026-10-01T23:29:56.495024+00:00,2026-10-01T23:29:56.495024+00:00,2026-10-02 02:20 (Local Time),KILANI,,,,,1,7,15.1,,15.4,13.7,,1.5,,2.0,,,,,93.0,0.0,,,,,
2026-10-01T23:20:00+00:00,2026-10-01T23:29:56.495024+00:00,2026-10-01T23:29:56.495024+00:00,2026-10-02 02:20 (Local Time),KORNOS,,,,,1,3,18.0,,,,,,,,,,,,86.0,0.0,,,,,
2026-10-01T23:20:00+00:00,2026-10-01T23:29:56.495024+00:00,2026-10-01T23:29:56.495024+00:00,2026-10-02 02:20 (Local Time),KOURIS,,,,,1,8,18.9,,21.4,18.8,0.9,0.8,,,133.0,,,,75.0,0.0,,,0.463,,
2026-10-01T23:20:00+00:00,2026-10-01T23:29:56.495024+00:00,2026-10-01T23:29:56.495024+00:00,2026-10-02 02:20 (Local Time),KPYRGOS,,,,,1,8,18.9,,20.7,18.8,4.2,1.5,,,157.0,,,,87.0,0.0,,,2.160665,,
2026-10-01T23:20:00+00:00,2026-10-01T23:29:56.495024+00:00,2026-10-01T23:29:56.495024+00:00,2026-10-02 02:20 (Local Time),KYPEROUNTA,,,,,1,6,11.5,,12.9,11.3,,1.3,,0.0,,,,,97.0,,,,,,
2026-10-01T23:20:00+00:00,2026-10-01T23:29:56.495024+00:00,2026-10-01T23:29:56.495024+00:00,2026-10-02 02:20 (Local Time),LCLK,,,,,1,9,18.5,,21.2,18.3,,0.5,,,,,,,81.0,0.0,,,,,"{""Atmospheric Pressure (QNH)"": {""unit"": ""hPa"", ""value"": 1012.7}, ""Wind Direction (10m) at Runway 22"": {""unit"": ""Degrees"", ""value"": 237.0}, ""Wind Speed (10m) at Runway 22"": {""unit"": ""Knots"", ""value"": 2.6}}"
2026-10-01T23:20:00+00:00,2026-10-01T23:29:56.495024+00:00,2026-10-01T23:29:56.495024+00:00,2026-10-02 02:20 (Local Time),LCPH,,,,,1,9,21.0,,23.3,20.8,,1.1,,,,,,,81.0,0.0,,,,,"{""Atmospheric Pressure (QNH)"": {""unit"": ""hPa"", ""value"": 1012.8}, ""Wind Direction (10m) at Runway 29"": {""unit"": ""Degrees"", ""value"": 40.0}, ""Wind Speed (10m) at Runway 29"": {""unit"": ""Knots"", ""value"": 4.2}}"
2026-10-01T23:20:00+00:00,2026-10-01T23:29:56.495024+00:00,2026-10-01T23:29:56.495024+00:00,2026-10-02 02:20 (Local Time),LEFKARA,,,,,1,6,15.6,,18.0,15.0,,0.5,,,,,,,89.0,0.0,,,,,
2026-10-01T23:20:00+00:00,2026-10-01T23:29:56.495024+00:00,2026-10-01T23:29:56.495024+00:00,2026-10-02 02:20 (Local Time),LEFKOSIA,,,,,1,7,15.9,,18.8,15.8,,0.9,,,,,,,90.0,0.0,,,,,"{""Accumulated Rainfall (24 hours)"": {""unit"": ""mm"", ""value"": 0.0}}"
2026-10-01T23:20:00+00:00,2026-10-01T23:29:56.495024+00:00,2026-10-01T23:29:56.495024+00:00,2026-10-02 02:20 (Local Time),LIMASSOL,,,,,1,10,19.0,,21.8,18.9,,0.5,,0.0,,,,,80.0,0.0,1011.7,,,,"{""Wind Direction (10m) at Port Gate"": {""unit"": ""Degrees"", ""value"": 336.0}, ""Wind Speed (10m) at Port Gate"": {""unit"": ""Knots"", ""value"": 2.3}}"
2026-10-01T23:20:00+00:00,2026-10-01T23:29:56.495024+00:00,2026-10-01T23:29:56.495024+00:00,2026-10-02 02:20 (Local Time),LINOU,,,,,1,9,17.4,,18.1,17.2,4.9,1.9,,,159.0,,,,81.0,0.0,965.9,,2.520776,,
2026-10-01T23:20:00+00:00,2026-10-01T23:29:56.495024+00:00,2026-10-01T23:29:56.495024+00:00,2026-10-02 02:20 (Local Time),LYSOS,,,,,1,7,13.8,,15.5,12.9,6.6,,,,169.0,,,,89.0,0.0,,,3.39533,,
2026-10-01T23:20:00+00:00,2026-10-01T23:29:56.495024+00:00,2026-10-01T23:29:56.495024+00:00,2026-10-02 02:20 (Local Time),MALLIA,,,,,1,10,14.9,13.2,16.6,14.1,2.1,0.1,,11.0,291.0,,,,93.0,0.0,,,1.080332,,
2026-10-01T23:20:00+00:00,2026-10-01T23:29:56.495024+00:00,2026-10-01T23:29:56.495024+00:00,2026-10-02 02:20 (Local Time),MAMMARI,,,,,1,10,17.8,,20.4,17.7,,1.7,,4.0,,,,,87.0,0.0,,,,,"{""Atmospheric Pressure (QNH)"": {""unit"": ""hPa"", ""value"": 1013.4}, ""Wind Direction (10m) at Runway 12"": {""unit"": ""Degrees"", ""value"": 203.0}, ""Wind Speed (10m) at Runway 12"": {""unit"": ""Knots"", ""value"": 3.6}}"
2026-10-01T23:20:00+00:00,2026-10-01T23:29:56.495024+00:00,2026-10-01T23:29:56.495024+00:00,2026-10-02 02:20 (Local Time),MATHIATIS,,,,,1,10,15.5,,16.9,14.3,2.6,0.8,4.0,0.0,256.0,,,,84.0,0.0,,,1.337554,,
2026-10-01T23:20:00+00:00,2026-10-01T23:29:56.495024+00:00,2026-10-01T23:29:56.495024+00:00,2026-10-02 02:20 (Local Time),PANAGIA_BRIDGE,,,,,1,6,13.6,14.3,16.9,13.6,,,,,,,,,98.0,0.0,,,,,
2026-10-01T23:20:00+00:00,2026-10-01T23:29:56.495024+00:00,2026-10-01T23:29:56.495024+00:00,2026-10-02 02:20 (Local Time),PAPHOS,,,,,1,8,20.7,,21.8,20.2,1.5,0.8,,,104.0,,,,70.0,0.0,,,0.771666,,
2026-10-01T23:20:00+00:00,2026-10-01T23:29:56.495024+00:00,2026-10-01T23:29:56.495024+00:00,2026-10-02 02:20 (Local Time),PAREKLISIA,,,,,1,7,19.8,,20.5,18.0,2.4,,,,322.0,,,,73.0,0.0,,,1.234666,,
2026-10-01T23:20:00+00:00,2026-10-01T23:29:56.495024+00:00,2026-10-01T23:29:56.495024+00:00,2026-10-02 02:20 (Local Time),PENTAKOMO,,,,,1,8,21.1,,23.1,20.4,6.6,1.9,,,301.0,,,,70.0,0.0,,,3.39533,,
2026-10-01T23:20:00+00:00,2026-10-01T23:29:56.495024+00:00,2026-10-01T23:29:56.495024+00:00,2026-10-02 02:20 (Local Time),PLATANIA,,,,,1,6,11.5,,12.8,10.8,,0.2,,,,,,,92.0,0.0,,,,,
2026-10-01T23:20:00+00:00,2026-10-01T23:29:56.495024+00:00,2026-10-01T23:29:56.495024+00:00,2026-10-02 02:20 (Local Time),POLIS,,,,,1,11,18.5,,21.8,18.1,5.6,1.3,4.0,,156.0,,,,86.0,0.0,1009.0,,2.880886,,"{""Atmospheric Pressure (Mean Sea Level)"": {""unit"": ""hPa"", ""value"": 1011.7}}"
2026-10-01T23:20:00+00:00,2026-10-01T23:29:56.495024+00:00,2026-10-01T23:29:56.495024+00:00,2026-10-02 02:20 (Local Time),POLYSTYPOS,,,,,1,8,13.9,,14.5,13.1,1.4,0.8,,,271.0,,,,83.0,0.0,,,0.720222,,
2026-10-01T23:20:00+00:00,2026-10-01T23:29:56.495024+00:00,2026-10-01T23:29:56.495024+00:00,2026-10-02 02:20 (Local Time),PRODROMOS,,,,,1,9,11.2,,11.5,10.5,5.3,1.8,,0.0,254.0,,,,99.0,0.0,,,2.726553,,
2026-10-01T23:20:00+00:00,2026-10-01T23:29:56.495024+00:00,2026-10-01T23:29:56.495024+00:00,2026-10-02 02:20 (Local Time),PYRGOS,,,,,1,5,15.9,,,,10.1,,,,202.2,,,,90.0,0.0,,,5.195884,,
2026-10-01T23:20:00+00:00,2026-10-01T23:29:56.495024+00:00,2026-10-01T23:29:56.495024+00:00,2026-10-02 02:20 (Local Time),SAITTAS,,,,,1,5,13.1,,15.5,13.0,,,,,,,,,88.0,0.0,,,,,
2026-10-01T23:20:00+00:00,2026-10-01T23:29:56.495024+00:00,2026-10-01T23:29:56.495024+00:00,2026-10-02 02:20 (Local Time),TAMASOS,,,,,1,9,15.2,14.8,18.1,14.8,1.5,0.3,,,191.0,,,,97.0,0.0,,,0.771666,,
2026-10-01T23:20:00+00:00,2026-10-01T23:29:56.495024+00:00,2026-10-01T23:29:56.495024+00:00,2026-10-02 02:20 (Local Time),TEPAK,,,,,1,9,19.8,,21.6,19.6,2.8,0.7,,,322.0,,,,69.0,0.0,,,1.440443,,"{""Accumulated Rainfall (24 hours)"": {""unit"": ""mm"", ""value"": 0.0}}"
2026-10-01T23:20:00+00:00,2026-10-01T23:29:56.495024+00:00,2026-10-01T23:29:56.495024+00:00,2026-10-02 02:20 (Local Time),TRIPILOS,,,,,1,7,11.4,,11.9,10.8,6.0,,,,232.0,,,,99.0,0.0,,,3.086664,,
2026-10-01T23:20:00+00:00,2026-10-01T23:29:56.495024+00:00,2026-10-01T23:29:56.495024+00:00,2026-10-02 02:20 (Local Time),TROODOS,,,,,1,9,8.9,,10.0,8.8,7.6,2.4,,,212.0,,,,98.0,0.0,826.2,,3.909774,,
2026-10-01T23:20:00+00:00,2026-10-01T23:29:56.495024+00:00,2026-10-01T23:29:56.495024+00:00,2026-10-02 02:20 (Local Time),VISITOR,,,,,1,7,16.4,,19.3,16.4,0.8,,,,243.0,,,,100.0,0.0,,,0.411555,,
2026-10-01T23:20:00+00:00,2026-10-01T23:29:56.495024+00:00,2026-10-01T23:29:56.495024+00:00,2026-10-02 02:20 (Local Time),XYLIATOS,,,,,1,8,16.0,,16.6,15.1,2.3,,,0.0,185.0,,,,72.0,0.0,,,1.183221,,
2026-10-01T23:20:00+00:00,2026-10-01T23:29:56.495024+00:00,2026-10-01T23:29:56.495024+00:00,2026-10-02 02:20 (Local Time),XYLOPHAGOU,,,,,1,9,20.4,20.9,20.6,18.4,5.2,1.4,,,228.0,,,,79.0,0.0,,,2.675109,,
2026-10-01T23:20:00+00:00,2026-10-01T23:29:56.495024+00:00,2026-10-01T23:29:56.495024+00:00,2026-10-02 02:20 (Local Time),ZYGI,,,,,1,9,17.0,16.6,22.2,16.9,1.5,0.1,,,316.0,,,,81.0,0.0,,,0.771666,,
2026-10-02T02:30:00+00:00,2026-10-02T02:32:12.036465+00:00,2026-10-02T02:32:12.036465+00:00,2026-10-02 05:20 (Local Time),ACHNA,,,,,1,8,16.4,,19.5,15.7,1.3,0.9,,,249.0,,,,94.0,0.0,,,0.668777,,
2026-10-02T02:30:00+00:00,2026-10-02T02:32:12.036465+00:00,2026-10-02T02:32:12.036465+00:00,2026-10-02 05:20 (Local Time),AGROS,,,,,1,10,11.9,,14.2,11.8,2.3,0.6,3.0,0.0,328.0,,,,95.0,0.0,,,1.183221,,
2026-10-02T02:30:00+00:00,2026-10-02T02:32:12.036465+00:00,2026-10-02T02:32:12.036465+00:00,2026-10-02 05:20 (Local Time),AKAMAS,,,,,1,7,17.6,,20.1,16.6,8.9,,,,231.0,,,,86.0,1.4,,,4.578552,,
2026-10-02T02:30:00+00:00,2026-10-02T02:32:12.036465+00:00,2026-10-02T02:32:12.036465+00:00,,ALONOUDI,,,,,0,0,,,,,,,,,,,,,,,,,,,
2026-10-02T02:30:00+00:00,2026-10-02T02:32:12.036465+00:00,2026-10-02T02:32:12.036465+00:00,2026-10-02 05:20 (Local Time),AMARGETI,,,,,1,9,16.9,,19.5,16.5,6.0,2.1,,,110.0,,,,84.0,0.0,961.6,,3.086664,,
2026-10-02T02:30:00+00:00,2026-10-02T02:32:12.036465+00:00,2026-10-02T02:32:12.036465+00:00,2026-10-02 05:20 (Local Time),ASTROMERITIS,,,,,1,6,17.3,,,,9.0,2.7,,,177.0,,,,83.0,0.0,,,4.629996,,
2026-10-02T02:30:00+00:00,2026-10-02T02:32:12.036465+00:00,2026-10-02T02:32:12.036465+00:00,2026-10-02 05:20 (Local Time),ATHALASSA,,,,,1,11,15.1,12.5,19.1,15.0,1.7,0.6,,,248.0,,,,91.0,0.0,994.0,,0.874555,,"{""Atmospheric Pressure (Mean Sea Level)"": {""unit"": ""hPa"", ""value"": 1013.2}}"
2026-10-02T02:30:00+00:00,2026-10-02T02:32:12.036465+00:00,2026-10-02T02:32:12.036465+00:00,2026-10-02 05:20 (Local Time),ATHIENOU,,,,,1,9,17.9,14.5,19.0,16.4,4.8,0.7,,,223.0,,,,80.0,0.0,,,2.469331,,
2026-10-02T02:30:00+00:00,2026-10-02T02:32:12.036465+00:00,2026-10-02T02:32:12.036465+00:00,2026-10-02 05:20 (Local Time),AVDIMOU,,,,,1,11,18.1,17.1,20.1,16.9,1.5,0.5,3.0,5.0,296.0,,,,91.0,0.0,,,0.771666,,
2026-10-02T02:30:00+00:00,2026-10-02T02:32:12.036465+00:00,2026-10-02T02:32:12.036465+00:00,2026-10-02 05:20 (Local Time),CAVO_GRECO,,,,,1,9,21.0,,21.3,18.8,8.3,2.4,,,244.0,,,,73.0,0.0,1005.3,,4.269885,,
2026-10-02T02:30:00+00:00,2026-10-02T02:32:12.036465+00:00,2026-10-02T02:32:12.036465+00:00,2026-10-02 05:20 (Local Time),CHROMIO,,,,,1,9,8.3,,9.1,7.4,12.7,5.1,,,241.0,,,,82.0,0.0,,,6.533439,,"{""Snow Depth"": {""unit"": ""cm"", ""value"": 0.0}}"
2026-10-02T02:30:00+00:00,2026-10-02T02:32:12.036465+00:00,2026-10-02T02:32:12.036465+00:00,2026-10-02 05:20 (Local Time),CYTASAT,,,,,1,10,15.6,,18.4,15.2,0.9,0.5,,,84.0,,,,85.0,0.0,986.8,,0.463,,"{""Atmospheric Pressure (Mean Sea Level)"": {""unit"": ""hPa"", ""value"": 1014.1}}"
2026-10-02T02:30:00+00:00,2026-10-02T02:32:12.036465+00:00,2026-10-02T02:32:12.036465+00:00,2026-10-02 05:20 (Local Time),EPTAGONEIA,,,,,1,8,14.3,,15.6,12.7,3.9,0.9,,,272.0,,,,87.0,0.0,,,2.006332,,
2026-10-02T02:30:00+00:00,2026-10-02T02:32:12.036465+00:00,2026-10-02T02:32:12.036465+00:00,2026-10-02 05:20 (Local Time),FANEROMENI,,,,,1,4,19.0,,,,,,,,,,,,83.0,0.0,,,,,"{""Rain Intensity (10 min.)"": {""unit"": ""mm/min"", ""value"": 0.0}}"
2026-10-02T02:30:00+00:00,2026-10-02T02:32:12.036465+00:00,2026-10-02T02:32:12.036465+00:00,2026-10-02 05:20 (Local Time),FARMAKAS,,,,,1,10,14.2,,15.3,13.1,6.3,1.9,2.0,0.0,351.0,,,,80.0,0.0,,,3.240997,,
2026-10-02T02:30:00+00:00,2026-10-02T02:32:12.036465+00:00,2026-10-02T02:32:12.036465+00:00,2026-10-02 05:20 (Local Time),FRENAROS,,,,,1,11,19.2,15.8,20.5,18.7,2.8,0.7,,0.0,245.0,,,,83.0,0.0,1002.4,,1.440443,,
2026-10-02T02:30:00+00:00,2026-10-02T02:32:12.036465+00:00,2026-10-02T02:32:12.036465+00:00,2026-10-02 05:20 (Local Time),KALAVASOS,,,,,1,5,18.7,,20.0,17.2,,,,,,,,,79.0,0.0,,,,,
2026-10-02T02:30:00+00:00,2026-10-02T02:32:12.036465+00:00,2026-10-02T02:32:12.036465+00:00,2026-10-02 05:20 (Local Time),KALOPANAYIOTIS,,,,,1,9,14.7,,16.8,14.0,1.7,0.5,,0.0,149.0,,,,88.0,0.0,,,0.874555,,
2026-10-02T02:30:00+00:00,2026-10-02T02:32:12.036465+00:00,2026-10-02T02:32:12.036465+00:00,2026-10-02 05:20 (Local Time),KAMPOS,,,,,1,11,16.8,15.8,17.8,16.2,0.7,0.4,4.0,0.0,131.0,,,,76.0,0.0,,,0.360111,,
2026-10-02T02:30:00+00:00,2026-10-02T02:32:12.036465+00:00,2026-10-02T02:32:12.036465+00:00,2026-10-02 05:20 (Local Time),KANNAVIOU,,,,,1,6,17.1,,18.9,15.6,,2.1,,,,,,,88.0,0.0,,,,,
2026-10-02T02:30:00+00:00,2026-10-02T02:32:12.036465+00:00,2026-10-02T02:32:12.036465+00:00,2026-10-02 05:20 (Local Time),KATHIKAS,,,,,1,6,16.6,,17.3,15.2,,,,,,,,,89.0,0.0,,,,,"{""Accumulated Rainfall (24 hours)"": {""unit"": ""mm"", ""value"": 7.5}}"
2026-10-02T02:30:00+00:00,2026-10-02T02:32:12.036465+00:00,2026-10-02T02:32:12.036465+00:00,2026-10-02 05:20 (Local Time),KEPNIC,,,,,1,1,,,,,,,,,,,,,,0.0,,,,,
2026-10-02T02:30:00+00:00,2026-10-02T02:32:12.036465+00:00,2026-10-02T02:32:12.036465+00:00,2026-10-02 05:20 (Local Time),KILANI,,,,,1,7,13.7,,15.4,13.6,,0.9,,2.0,,,,,92.0,0.0,,,,,
2026-10-02T02:30:00+00:00,2026-10-02T02:32:12.036465+00:00,2026-10-02T02:32:12.036465+00:00,2026-10-02 05:20 (Local Time),KORNOS,,,,,1,3,17.3,,,,,,,,,,,,81.0,0.0,,,,,
2026-10-02T02:30:00+00:00,2026-10-02T02:32:12.036465+00:00,2026-10-02T02:32:12.036465+00:00,2026-10-02 05:20 (Local Time),KOURIS,,,,,1,8,17.7,,21.4,17.5,1.6,0.8,,,317.0,,,,84.0,3.3,,,0.82311,,
2026-10-02T02:30:00+00:00,2026-10-02T02:32:12.036465+00:00,2026-10-02T02:32:12.036465+00:00,2026-10-02 05:20 (Local Time),KPYRGOS,,,,,1,8,19.1,,20.7,18.3,3.1,1.2,,,140.0,,,,81.0,0.0,,,1.594776,,
2026-10-02T02:30:00+00:00,2026-10-02T02:32:12.036465+00:00,2026-10-02T02:32:12.036465+00:00,2026-10-02 05:20 (Local Time),KYPEROUNTA,,,,,1,6,10.7,,12.9,10.2,,1.4,,0.0,,,,,90.0,,,,,,
2026-10-02T02:30:00+00:00,2026-10-02T02:32:12.036465+00:00,2026-10-02T02:32:12.036465+00:00,2026-10-02 05:20 (Local Time),LCLK,,,,,1,9,21.2,,21.7,18.3,,1.5,,,,,,,70.0,0.0,,,,,"{""Atmospheric Pressure (QNH)"": {""unit"": ""hPa"", ""value"": 1012.5}, ""Wind Direction (10m) at Runway 22"": {""unit"": ""Degrees"", ""value"": 235.0}, ""Wind Speed (10m) at Runway 22"": {""unit"": ""Knots"", ""value"": 6.9}}"
2026-10-02T02:30:00+00:00,2026-10-02T02:32:12.036465+00:00,2026-10-02T02:32:12.036465+00:00,2026-10-02 05:20 (Local Time),LCPH,,,,,1,9,20.1,,23.3,19.6,,0.7,,,,,,,86.0,0.1,,,,,"{""Atmospheric Pressure (QNH)"": {""unit"": ""hPa"", ""value"": 1012.6}, ""Wind Direction (10m) at Runway 29"": {""unit"": ""Degrees"", ""value"": 49.0}, ""Wind Speed (10m) at Runway 29"": {""unit"": ""Knots"", ""value"": 4.0}}"
2026-10-02T02:30:00+00:00,2026-10-02T02:32:12.036465+00:00,2026-10-02T02:32:12.036465+00:00,2026-10-02 05:20 (Local Time),LEFKARA,,,,,1,6,14.8,,18.6,14.7,,0.5,,,,,,,85.0,0.0,,,,,
2026-10-02T02:30:00+00:00,2026-10-02T02:32:12.036465+00:00,2026-10-02T02:32:12.036465+00:00,2026-10-02 05:20 (Local Time),LEFKOSIA,,,,,1,7,14.7,,18.8,14.7,,0.8,,,,,,,91.0,0.0,,,,,"{""Accumulated Rainfall (24 hours)"": {""unit"": ""mm"", ""value"": 0.0}}"
2026-10-02T02:30:00+00:00,2026-10-02T02:32:12.036465+00:00,2026-10-02T02:32:12.036465+00:00,2026-10-02 05:20 (Local Time),LIMASSOL,,,,,1,10,18.3,,21.8,18.1,,1.5,,0.0,,,,,89.0,0.0,1011.9,,,,"{""Wind Direction (10m) at Port Gate"": {""unit"": ""Degrees"", ""value"": 353.0}, ""Wind Speed (10m) at Port Gate"": {""unit"": ""Knots"", ""value"": 4.3}}"
2026-10-02T02:30:00+00:00,2026-10-02T02:32:12.036465+00:00,2026-10-02T02:32:12.036465+00:00,2026-10-02 05:20 (Local Time),LINOU,,,,,1,9,17.0,,18.1,16.8,2.6,1.1,,,163.0,,,,75.0,0.0,965.7,,1.337554,,
2026-10-02T02:30:00+00:00,2026-10-02T02:32:12.036465+00:00,2026-10-02T02:32:12.036465+00:00,2026-10-02 05:20 (Local Time),LYSOS,,,,,1,7,14.3,,15.5,12.9,5.9,,,,154.0,,,,89.0,0.0,,,3.03522,,
2026-10-02T02:30:00+00:00,2026-10-02T02:32:12.036465+00:00,2026-10-02T02:32:12.036465+00:00,2026-10-02 05:20 (Local Time),MALLIA,,,,,1,10,14.1,13.8,16.6,14.0,0.8,0.2,,10.0,314.0,,,,95.0,0.1,,,0.411555,,
2026-10-02T02:30:00+00:00,2026-10-02T02:32:12.036465+00:00,2026-10-02T02:32:12.036465+00:00,2026-10-02 05:20 (Local Time),MAMMARI,,,,,1,10,17.8,,20.4,16.8,,1.3,,3.0,,,,,82.0,0.0,,,,,"{""Atmospheric Pressure (QNH)"": {""unit"": ""hPa"", ""value"": 1013.2}, ""Wind Direction (10m) at Runway 12"": {""unit"": ""Degrees"", ""value"": ""---""}, ""Wind Speed (10m) at Runway 12"": {""unit"": ""Knots"", ""value"": 0.0}}"
2026-10-02T02:30:00+00:00,2026-10-02T02:32:12.036465+00:00,2026-10-02T02:32:12.036465+00:00,2026-10-02 05:20 (Local Time),MATHIATIS,,,,,1,10,15.6,,16.9,13.6,2.9,0.7,4.0,0.0,198.0,,,,80.0,0.0,,,1.491888,,
2026-10-02T02:30:00+00:00,2026-10-02T02:32:12.036465+00:00,2026-10-02T02:32:12.036465+00:00,2026-10-02 05:20 (Local Time),PANAGIA_BRIDGE,,,,,1,6,13.4,14.0,16.9,13.3,,,,,,,,,98.0,0.0,,,,,
2026-10-02T02:30:00+00:00,2026-10-02T02:32:12.036465+00:00,2026-10-02T02:32:12.036465+00:00,2026-10-02 05:20 (Local Time),PAPHOS,,,,,1,8,19.8,,21.8,19.7,1.5,0.7,,,38.0,,,,79.0,0.0,,,0.771666,,
2026-10-02T02:30:00+00:00,2026-10-02T02:32:12.036465+00:00,2026-10-02T02:32:12.036465+00:00,2026-10-02 05:20 (Local Time),PAREKLISIA,,,,,1,7,19.2,,20.5,18.0,2.3,,,,310.0,,,,77.0,0.0,,,1.183221,,
2026-10-02T02:30:00+00:00,2026-10-02T02:32:12.036465+00:00,2026-10-02T02:32:12.036465+00:00,2026-10-02 05:20 (Local Time),PENTAKOMO,,,,,1,8,20.1,,23.1,20.0,8.5,2.9,,,294.0,,,,76.0,0.0,,,4.372774,,
2026-10-02T02:30:00+00:00,2026-10-02T02:32:12.036465+00:00,2026-10-02T02:32:12.036465+00:00,2026-10-02 05:20 (Local Time),PLATANIA,,,,,1,6,11.5,,12.8,10.2,,0.4,,,,,,,81.0,0.0,,,,,
2026-10-02T02:30:00+00:00,2026-10-02T02:32:12.036465+00:00,2026-10-02T02:32:12.036465+00:00,2026-10-02 05:20 (Local Time),POLIS,,,,,1,11,18.3,,21.8,18.1,3.4,0.8,4.0,,138.0,,,,94.0,0.0,1008.9,,1.74911,,"{""Atmospheric Pressure (Mean Sea Level)"": {""unit"": ""hPa"", ""value"": 1011.6}}"
2026-10-02T02:30:00+00:00,2026-10-02T02:32:12.036465+00:00,2026-10-02T02:32:12.036465+00:00,2026-10-02 05:20 (Local Time),POLYSTYPOS,,,,,1,8,13.1,,14.5,13.0,4.6,1.3,,,208.0,,,,81.0,0.0,,,2.366442,,
2026-10-02T02:30:00+00:00,2026-10-02T02:32:12.036465+00:00,2026-10-02T02:32:12.036465+00:00,2026-10-02 05:20 (Local Time),PRODROMOS,,,,,1,9,9.8,,11.5,9.4,4.9,1.9,,0.0,257.0,,,,89.0,0.0,,,2.520776,,
2026-10-02T02:30:00+00:00,2026-10-02T02:32:12.036465+00:00,2026-10-02T02:32:12.036465+00:00,2026-10-02 05:20 (Local Time),PYRGOS,,,,,1,5,15.9,,,,10.7,,,,223.0,,,,94.0,0.1,,,5.504551,,
2026-10-02T02:30:00+00:00,2026-10-02T02:32:12.036465+00:00,2026-10-02T02:32:12.036465+00:00,2026-10-02 05:20 (Local Time),SAITTAS,,,,,1,5,12.5,,15.5,12.3,,,,,,,,,87.0,0.0,,,,,
2026-10-02T02:30:00+00:00,2026-10-02T02:32:12.036465+00:00,2026-10-02T02:32:12.036465+00:00,2026-10-02 05:20 (Local Time),TAMASOS,,,,,1,9,14.8,14.5,18.1,14.5,1.7,0.4,,,188.0,,,,91.0,0.0,,,0.874555,,
2026-10-02T02:30:00+00:00,2026-10-02T02:32:12.036465+00:00,2026-10-02T02:32:12.036465+00:00,2026-10-02 05:20 (Local Time),TEPAK,,,,,1,9,18.5,,21.6,18.4,2.1,0.3,,,314.0,,,,81.0,0.0,,,1.080332,,"{""Accumulated Rainfall (24 hours)"": {""unit"": ""mm"", ""value"": 0.24}}"
2026-10-02T02:30:00+00:00,2026-10-02T02:32:12.036465+00:00,2026-10-02T02:32:12.036465+00:00,2026-10-02 05:20 (Local Time),TRIPILOS,,,,,1,7,11.0,,11.9,10.3,3.1,,,,214.0,,,,99.0,0.0,,,1.594776,,
2026-10-02T02:30:00+00:00,2026-10-02T02:32:12.036465+00:00,2026-10-02T02:32:12.036465+00:00,2026-10-02 05:20 (Local Time),TROODOS,,,,,1,9,8.4,,10.0,8.0,4.6,1.7,,,224.0,,,,88.0,0.0,825.9,,2.366442,,
2026-10-02T02:30:00+00:00,2026-10-02T02:32:12.036465+00:00,2026-10-02T02:32:12.036465+00:00,2026-10-02 05:20 (Local Time),VISITOR,,,,,1,7,15.5,,19.3,15.3,0.0,,,,239.0,,,,100.0,0.0,,,0.0,,
2026-10-02T02:30:00+00:00,2026-10-02T02:32:12.036465+00:00,2026-10-02T02:32:12.036465+00:00,2026-10-02 05:20 (Local Time),XYLIATOS,,,,,1,8,15.8,,17.0,15.1,2.8,,,4.0,196.0,,,,66.0,0.0,,,1.440443,,
2026-10-02T02:30:00+00:00,2026-10-02T02:32:12.036465+00:00,2026-10-02T02:32:12.036465+00:00,2026-10-02 05:20 (Local Time),XYLOPHAGOU,,,,,1,9,21.8,22.0,21.9,17.8,5.9,2.1,,,246.0,,,,72.0,0.0,,,3.03522,,
2026-10-02T02:30:00+00:00,2026-10-02T02:32:12.036465+00:00,2026-10-02T02:32:12.036465+00:00,2026-10-02 05:20 (Local Time),ZYGI,,,,,1,9,16.8,16.0,22.2,16.2,1.9,0.3,,,332.0,,,,85.0,0.0,,,0.977444,,
2026-10-02T08:50:00+00:00,2026-10-02T08:54:35.687629+00:00,2026-10-02T08:54:35.687629+00:00,2026-10-02 11:40 (Local Time),ACHNA,,,,,1,8,27.4,,27.6,15.7,7.5,2.3,,,177.0,,,,51.0,0.0,,,3.85833,,
2026-10-02T08:50:00+00:00,2026-10-02T08:54:35.687629+00:00,2026-10-02T08:54:35.687629+00:00,,AGROS,,,,,0,0,,,,,,,,,,,,,,,,,,,
2026-10-02T08:50:00+00:00,2026-10-02T08:54:35.687629+00:00,2026-10-02T08:54:35.687629+00:00,2026-10-02 11:40 (Local Time),AKAMAS,,,,,1,7,21.3,,22.3,16.6,9.8,,,,204.0,,,,82.0,0.0,,,5.041551,,
2026-10-02T08:50:00+00:00,2026-10-02T08:54:35.687629+00:00,2026-10-02T08:54:35.687629+00:00,,ALONOUDI,,,,,0,0,,,,,,,,,,,,,,,,,,,
2026-10-02T08:50:00+00:00,2026-10-02T08:54:35.687629+00:00,2026-10-02T08:54:35.687629+00:00,2026-10-02 11:40 (Local Time),AMARGETI,,,,,1,9,21.4,,22.6,16.5,6.5,2.3,,,205.0,,,,71.0,0.0,962.6,,3.343886,,
2026-10-02T08:50:00+00:00,2026-10-02T08:54:35.687629+00:00,2026-10-02T08:54:35.687629+00:00,2026-10-02 11:40 (Local Time),ASTROMERITIS,,,,,1,6,25.2,,,,5.5,2.0,,,35.0,,,,52.0,0.0,,,2.829442,,
2026-10-02T08:50:00+00:00,2026-10-02T08:54:35.687629+00:00,2026-10-02T08:54:35.687629+00:00,2026-10-02 11:40 (Local Time),ATHALASSA,,,,,1,11,24.5,25.2,25.7,14.4,2.9,1.8,,,59.0,,,,54.0,0.0,994.2,,1.491888,,"{""Atmospheric Pressure (Mean Sea Level)"": {""unit"": ""hPa"", ""value"": 1012.9}}"
2026-10-02T08:50:00+00:00,2026-10-02T08:54:35.687629+00:00,2026-10-02T08:54:35.687629+00:00,2026-10-02 11:40 (Local Time),ATHIENOU,,,,,1,9,24.0,26.3,25.1,15.4,8.2,2.9,,,173.0,,,,60.0,0.0,,,4.218441,,
2026-10-02T08:50:00+00:00,2026-10-02T08:54:35.687629+00:00,2026-10-02T08:54:35.687629+00:00,2026-10-02 11:40 (Local Time),AVDIMOU,,,,,1,11,24.0,31.8,24.4,16.9,0.9,0.5,264.0,315.0,100.0,,,,68.0,0.0,,,0.463,,
2026-10-02T08:50:00+00:00,2026-10-02T08:54:35.687629+00:00,2026-10-02T08:54:35.687629+00:00,2026-10-02 11:40 (Local Time),CAVO_GRECO,,,,,1,9,24.7,,25.0,17.4,8.4,3.4,,,203.0,,,,64.0,0.0,1006.6,,4.32133,,
2026-10-02T08:50:00+00:00,2026-10-02T08:54:35.687629+00:00,2026-10-02T08:54:35.687629+00:00,2026-10-02 11:40 (Local Time),CHROMIO,,,,,1,9,9.9,,10.1,7.4,5.8,2.8,,,244.0,,,,95.0,0.0,,,2.983775,,"{""Snow Depth"": {""unit"": ""cm"", ""value"": 0.0}}"
2026-10-02T08:50:00+00:00,2026-10-02T08:54:35.687629+00:00,2026-10-02T08:54:35.687629+00:00,2026-10-02 11:40 (Local Time),CYTASAT,,,,,1,10,24.1,,25.4,15.2,7.7,2.3,,,206.0,,,,54.0,0.0,987.7,,3.961219,,"{""Atmospheric Pressure (Mean Sea Level)"": {""unit"": ""hPa"", ""value"": 1014.2}}"
2026-10-02T08:50:00+00:00,2026-10-02T08:54:35.687629+00:00,2026-10-02T08:54:35.687629+00:00,2026-10-02 11:40 (Local Time),EPTAGONEIA,,,,,1,8,20.3,,22.1,12.7,7.3,2.4,,,242.0,,,,66.0,0.0,,,3.755441,,
2026-10-02T08:50:00+00:00,2026-10-02T08:54:35.687629+00:00,2026-10-02T08:54:35.687629+00:00,2026-10-02 11:40 (Local Time),FANEROMENI,,,,,1,4,27.3,,,,,,,,,,,,56.0,0.0,,,,,"{""Rain Intensity (10 min.)"": {""unit"": ""mm/min"", ""value"": 0.0}}"
2026-10-02T08:50:00+00:00,2026-10-02T08:54:35.687629+00:00,2026-10-02T08:54:35.687629+00:00,2026-10-02 11:40 (Local Time),FARMAKAS,,,,,1,10,18.5,,20.4,13.1,6.2,2.8,168.0,213.0,350.0,,,,74.0,0.1,,,3.189553,,
2026-10-02T08:50:00+00:00,2026-10-02T08:54:35.687629+00:00,2026-10-02T08:54:35.687629+00:00,2026-10-02 11:40 (Local Time),FRENAROS,,,,,1,11,26.1,30.0,26.2,17.3,7.6,3.2,,769.0,205.0,,,,60.0,0.0,1003.3,,3.909774,,
2026-10-02T08:50:00+00:00,2026-10-02T08:54:35.687629+00:00,2026-10-02T08:54:35.687629+00:00,2026-10-02 11:40 (Local Time),KALAVASOS,,,,,1,5,27.2,,28.3,17.2,,,,,,,,,54.0,0.0,,,,,
2026-10-02T08:50:00+00:00,2026-10-02T08:54:35.687629+00:00,2026-10-02T08:54:35.687629+00:00,2026-10-02 11:40 (Local Time),KALOPANAYIOTIS,,,,,1,9,18.8,,23.4,14.0,1.9,0.8,,684.0,327.0,,,,85.0,1.43,,,0.977444,,
2026-10-02T08:50:00+00:00,2026-10-02T08:54:35.687629+00:00,2026-10-02T08:54:35.687629+00:00,2026-10-02 11:40 (Local Time),KAMPOS,,,,,1,11,23.5,25.3,25.0,16.2,5.3,1.9,150.0,347.0,349.0,,,,59.0,0.0,,,2.726553,,
2026-10-02T08:50:00+00:00,2026-10-02T08:54:35.687629+00:00,2026-10-02T08:54:35.687629+00:00,2026-10-02 11:40 (Local Time),KANNAVIOU,,,,,1,6,20.4,,23.7,15.6,,1.5,,,,,,,79.0,0.0,,,,,
2026-10-02T08:50:00+00:00,2026-10-02T08:54:35.687629+00:00,2026-10-02T08:54:35.687629+00:00,2026-10-02 11:40 (Local Time),KATHIKAS,,,,,1,6,17.8,,19.3,15.2,,,,,,,,,92.0,0.0,,,,,"{""Accumulated Rainfall (24 hours)"": {""unit"": ""mm"", ""value"": 13.1}}"
2026-10-02T08:50:00+00:00,2026-10-02T08:54:35.687629+00:00,2026-10-02T08:54:35.687629+00:00,2026-10-02 11:40 (Local Time),KEPNIC,,,,,1,1,,,,,,,,,,,,,,0.0,,,,,
2026-10-02T08:50:00+00:00,2026-10-02T08:54:35.687629+00:00,2026-10-02T08:54:35.687629+00:00,2026-10-02 11:40 (Local Time),KILANI,,,,,1,7,17.7,,19.0,13.3,,2.3,,316.0,,,,,80.0,0.0,,,,,
2026-10-02T08:50:00+00:00,2026-10-02T08:54:35.687629+00:00,2026-10-02T08:54:35.687629+00:00,2026-10-02 11:40 (Local Time),KORNOS,,,,,1,3,24.1,,,,,,,,,,,,59.0,0.0,,,,,
2026-10-02T08:50:00+00:00,2026-10-02T08:54:35.687629+00:00,2026-10-02T08:54:35.687629+00:00,2026-10-02 11:40 (Local Time),KOURIS,,,,,1,8,23.5,,24.6,16.8,5.9,1.5,,,203.0,,,,69.0,0.3,,,3.03522,,
2026-10-02T08:50:00+00:00,2026-10-02T08:54:35.687629+00:00,2026-10-02T08:54:35.687629+00:00,2026-10-02 11:40 (Local Time),KPYRGOS,,,,,1,8,22.5,,24.3,18.3,3.0,0.9,,,241.0,,,,76.0,0.2,,,1.543332,,
2026-10-02T08:50:00+00:00,2026-10-02T08:54:35.687629+00:00,2026-10-02T08:54:35.687629+00:00,2026-10-02 11:40 (Local Time),KYPEROUNTA,,,,,1,6,13.0,,13.8,10.1,,3.1,,240.0,,,,,94.0,,,,,,
2026-10-02T08:50:00+00:00,2026-10-02T08:54:35.687629+00:00,2026-10-02T08:54:35.687629+00:00,2026-10-02 11:40 (Local Time),LCLK,,,,,1,9,26.9,,27.0,18.3,,4.1,,,,,,,57.0,0.0,,,,,"{""Atmospheric Pressure (QNH)"": {""unit"": ""hPa"", ""value"": 1013.6}, ""Wind Direction (10m) at Runway 22"": {""unit"": ""Degrees"", ""value"": 211.0}, ""Wind Speed (10m) at Runway 22"": {""unit"": ""Knots"", ""value"": 9.9}}"
2026-10-02T08:50:00+00:00,2026-10-02T08:54:35.687629+00:00,2026-10-02T08:54:35.687629+00:00,2026-10-02 11:40 (Local Time),LCPH,,,,,1,9,25.2,,25.3,19.1,,1.2,,,,,,,68.0,0.0,,,,,"{""Atmospheric Pressure (QNH)"": {""unit"": ""hPa"", ""value"": 1013.5}, ""Wind Direction (10m) at Runway 29"": {""unit"": ""Degrees"", ""value"": 198.0}, ""Wind Speed (10m) at Runway 29"": {""unit"": ""Knots"", ""value"": 3.8}}"
2026-10-02T08:50:00+00:00,2026-10-02T08:54:35.687629+00:00,2026-10-02T08:54:35.687629+00:00,2026-10-02 11:40 (Local Time),LEFKARA,,,,,1,6,25.1,,25.7,14.5,,1.3,,,,,,,54.0,0.0,,,,,
2026-10-02T08:50:00+00:00,2026-10-02T08:54:35.687629+00:00,2026-10-02T08:54:35.687629+00:00,2026-10-02 11:40 (Local Time),LEFKOSIA,,,,,1,7,23.7,,26.0,14.6,,1.0,,,,,,,57.0,0.0,,,,,"{""Accumulated Rainfall (24 hours)"": {""unit"": ""mm"", ""value"": 0.0}}"
2026-10-02T08:50:00+00:00,2026-10-02T08:54:35.687629+00:00,2026-10-02T08:54:35.687629+00:00,2026-10-02 11:40 (Local Time),LIMASSOL,,,,,1,10,23.3,,25.8,17.1,,1.2,,277.0,,,,,77.0,1.0,1012.6,,,,"{""Wind Direction (10m) at Port Gate"": {""unit"": ""Degrees"", ""value"": 216.0}, ""Wind Speed (10m) at Port Gate"": {""unit"": ""Knots"", ""value"": 3.5}}"
2026-10-02T08:50:00+00:00,2026-10-02T08:54:35.687629+00:00,2026-10-02T08:54:35.687629+00:00,2026-10-02 11:40 (Local Time),LINOU,,,,,1,9,22.7,,24.4,16.8,6.9,3.8,,,276.0,,,,57.0,0.0,966.6,,3.549664,,
2026-10-02T08:50:00+00:00,2026-10-02T08:54:35.687629+00:00,2026-10-02T08:54:35.687629+00:00,2026-10-02 11:40 (Local Time),LYSOS,,,,,1,7,16.8,,18.5,12.9,3.3,,,,213.0,,,,93.0,0.1,,,1.697665,,
2026-10-02T08:50:00+00:00,2026-10-02T08:54:35.687629+00:00,2026-10-02T08:54:35.687629+00:00,2026-10-02 11:40 (Local Time),MALLIA,,,,,1,10,20.2,25.0,21.9,14.0,5.2,1.6,,845.0,209.0,,,,75.0,0.0,,,2.675109,,
2026-10-02T08:50:00+00:00,2026-10-02T08:54:35.687629+00:00,2026-10-02T08:54:35.687629+00:00,2026-10-02 11:40 (Local Time),MAMMARI,,,,,1,10,24.8,,26.4,16.8,,4.8,,525.0,,,,,51.0,0.0,,,,,"{""Atmospheric Pressure (QNH)"": {""unit"": ""hPa"", ""value"": 1013.5}, ""Wind Direction (10m) at Runway 12"": {""unit"": ""Degrees"", ""value"": 44.0}, ""Wind Speed (10m) at Runway 12"": {""unit"": ""Knots"", ""value"": 15.9}}"
2026-10-02T08:50:00+00:00,2026-10-02T08:54:35.687629+00:00,2026-10-02T08:54:35.687629+00:00,2026-10-02 11:40 (Local Time),MATHIATIS,,,,,1,10,22.9,,23.2,13.6,8.3,1.9,606.0,848.0,193.0,,,,57.0,0.0,,,4.269885,,
2026-10-02T08:50:00+00:00,2026-10-02T08:54:35.687629+00:00,2026-10-02T08:54:35.687629+00:00,2026-10-02 11:40 (Local Time),PANAGIA_BRIDGE,,,,,1,6,22.7,25.7,23.4,13.2,,,,,,,,,57.0,0.0,,,,,
2026-10-02T08:50:00+00:00,2026-10-02T08:54:35.687629+00:00,2026-10-02T08:54:35.687629+00:00,2026-10-02 11:40 (Local Time),PAPHOS,,,,,1,8,24.6,,25.3,18.3,3.3,1.6,,,166.0,,,,66.0,0.0,,,1.697665,,
2026-10-02T08:50:00+00:00,2026-10-02T08:54:35.687629+00:00,2026-10-02T08:54:35.687629+00:00,2026-10-02 11:40 (Local Time),PAREKLISIA,,,,,1,7,28.2,,28.4,17.3,1.7,,,,233.0,,,,52.0,0.0,,,0.874555,,
2026-10-02T08:50:00+00:00,2026-10-02T08:54:35.687629+00:00,2026-10-02T08:54:35.687629+00:00,2026-10-02 11:40 (Local Time),PENTAKOMO,,,,,1,8,25.1,,25.4,18.3,6.8,2.9,,,210.0,,,,62.0,0.0,,,3.498219,,
2026-10-02T08:50:00+00:00,2026-10-02T08:54:35.687629+00:00,2026-10-02T08:54:35.687629+00:00,2026-10-02 11:40 (Local Time),PLATANIA,,,,,1,6,17.7,,17.9,10.2,,0.6,,,,,,,70.0,0.0,,,,,
2026-10-02T08:50:00+00:00,2026-10-02T08:54:35.687629+00:00,2026-10-02T08:54:35.687629+00:00,2026-10-02 11:40 (Local Time),POLIS,,,,,1,11,19.4,,23.2,18.0,7.3,1.9,15.0,,122.0,,,,93.0,0.11,1010.1,,3.755441,,"{""Atmospheric Pressure (Mean Sea Level)"": {""unit"": ""hPa"", ""value"": 1012.8}}"
2026-10-02T08:50:00+00:00,2026-10-02T08:54:35.687629+00:00,2026-10-02T08:54:35.687629+00:00,2026-10-02 11:40 (Local Time),POLYSTYPOS,,,,,1,8,15.0,,16.4,12.1,6.7,3.1,,,205.0,,,,83.0,1.8,,,3.446775,,
2026-10-02T08:50:00+00:00,2026-10-02T08:54:35.687629+00:00,2026-10-02T08:54:35.687629+00:00,2026-10-02 11:40 (Local Time),PRODROMOS,,,,,1,9,12.9,,13.0,9.4,6.0,2.2,,184.0,263.0,,,,89.0,0.0,,,3.086664,,
2026-10-02T08:50:00+00:00,2026-10-02T08:54:35.687629+00:00,2026-10-02T08:54:35.687629+00:00,2026-10-02 11:40 (Local Time),PYRGOS,,,,,1,5,16.0,,,,7.9,,,,206.0,,,,97.0,0.7,,,4.064108,,
2026-10-02T08:50:00+00:00,2026-10-02T08:54:35.687629+00:00,2026-10-02T08:54:35.687629+00:00,2026-10-02 11:40 (Local Time),SAITTAS,,,,,1,5,18.9,,22.0,12.3,,,,,,,,,76.0,0.0,,,,,
2026-10-02T08:50:00+00:00,2026-10-02T08:54:35.687629+00:00,2026-10-02T08:54:35.687629+00:00,2026-10-02 11:40 (Local Time),TAMASOS,,,,,1,9,24.2,32.5,24.3,14.5,3.7,1.3,,,189.0,,,,52.0,0.0,,,1.903443,,
2026-10-02T08:50:00+00:00,2026-10-02T08:54:35.687629+00:00,2026-10-02T08:54:35.687629+00:00,2026-10-02 11:40 (Local Time),TEPAK,,,,,1,9,23.9,,26.5,17.3,3.6,0.8,,,172.0,,,,66.0,0.1,,,1.851998,,"{""Accumulated Rainfall (24 hours)"": {""unit"": ""mm"", ""value"": 0.12}}"
2026-10-02T08:50:00+00:00,2026-10-02T08:54:35.687629+00:00,2026-10-02T08:54:35.687629+00:00,2026-10-02 11:40 (Local Time),TRIPILOS,,,,,1,7,13.1,,14.9,10.3,10.2,,,,252.0,,,,94.0,0.0,,,5.247329,,
2026-10-02T08:50:00+00:00,2026-10-02T08:54:35.687629+00:00,2026-10-02T08:54:35.687629+00:00,2026-10-02 11:40 (Local Time),TROODOS,,,,,1,9,10.5,,10.9,8.0,10.6,3.5,,,201.0,,,,99.0,0.0,826.5,,5.453106,,
2026-10-02T08:50:00+00:00,2026-10-02T08:54:35.687629+00:00,2026-10-02T08:54:35.687629+00:00,2026-10-02 11:40 (Local Time),VISITOR,,,,,1,7,25.1,,26.3,14.9,4.0,,,,14.0,,,,57.0,0.0,,,2.057776,,
2026-10-02T08:50:00+00:00,2026-10-02T08:54:35.687629+00:00,2026-10-02T08:54:35.687629+00:00,2026-10-02 11:40 (Local Time),XYLIATOS,,,,,1,8,21.6,,23.0,14.6,4.7,,,235.0,161.0,,,,56.0,0.0,,,2.417887,,
2026-10-02T08:50:00+00:00,2026-10-02T08:54:35.687629+00:00,2026-10-02T08:54:35.687629+00:00,2026-10-02 11:40 (Local Time),XYLOPHAGOU,,,,,1,9,25.8,34.3,26.1,17.4,7.8,2.8,,,197.0,,,,62.0,0.0,,,4.012663,,
2026-10-02T08:50:00+00:00,2026-10-02T08:54:35.687629+00:00,2026-10-02T08:54:35.687629+00:00,2026-10-02 11:40 (Local Time),ZYGI,,,,,1,9,26.0,34.2,26.5,16.2,3.9,1.8,,,205.0,,,,57.0,0.0,,,2.006332,,
2026-10-02T15:00:00+00:00,2026-10-02T15:08:40.983195+00:00,2026-10-02T15:08:40.983195+00:00,2026-10-02 18:00 (Local Time),ACHNA,,,,,1,8,22.2,,28.4,15.7,1.5,0.3,,,46.0,,,,60.0,0.0,,,0.771666,,
2026-10-02T15:00:00+00:00,2026-10-02T15:08:40.983195+00:00,2026-10-02T15:08:40.983195+00:00,2026-10-02 18:00 (Local Time),AGROS,,,,,1,10,15.8,,18.1,11.8,0.9,0.4,4.0,16.0,144.0,,,,71.0,0.0,,,0.463,,
2026-10-02T15:00:00+00:00,2026-10-02T15:08:40.983195+00:00,2026-10-02T15:08:40.983195+00:00,2026-10-02 18:00 (Local Time),AKAMAS,,,,,1,7,20.7,,24.6,16.6,12.1,,,,222.0,,,,76.0,0.0,,,6.224772,,
2026-10-02T15:00:00+00:00,2026-10-02T15:08:40.983195+00:00,2026-10-02T15:08:40.983195+00:00,2026-10-02 18:00 (Local Time),ALONOUDI,,,,,1,5,19.6,,24.1,14.8,,,,,,,,,64.0,0.0,,,,,
2026-10-02T15:00:00+00:00,2026-10-02T15:08:40.983195+00:00,2026-10-02T15:08:40.983195+00:00,2026-10-02 18:00 (Local Time),AMARGETI,,,,,1,9,21.2,,24.7,16.5,5.7,1.0,,,256.0,,,,63.0,0.0,961.9,,2.932331,,
2026-10-02T15:00:00+00:00,2026-10-02T15:08:40.983195+00:00,2026-10-02T15:08:40.983195+00:00,2026-10-02 18:00 (Local Time),ASTROMERITIS,,,,,1,6,21.9,,,,3.3,1.3,,,284.0,,,,69.0,0.0,,,1.697665,,
2026-10-02T15:00:00+00:00,2026-10-02T15:08:40.983195+00:00,2026-10-02T15:08:40.983195+00:00,2026-10-02 18:00 (Local Time),ATHALASSA,,,,,1,11,22.2,21.0,25.7,14.4,0.6,0.6,,,336.0,,,,61.0,0.0,994.2,,0.308666,,"{""Atmospheric Pressure (Mean Sea Level)"": {""unit"": ""hPa"", ""value"": 1013.0}}"
2026-10-02T15:00:00+00:00,2026-10-02T15:08:40.983195+00:00,2026-10-02T15:08:40.983195+00:00,2026-10-02 18:00 (Local Time),ATHIENOU,,,,,1,9,20.4,20.2,25.9,15.4,6.2,0.5,,,60.0,,,,77.0,0.0,,,3.189553,,
2026-10-02T15:00:00+00:00,2026-10-02T15:08:40.983195+00:00,2026-10-02T15:08:40.983195+00:00,2026-10-02 18:00 (Local Time),AVDIMOU,,,,,1,11,23.4,23.3,26.2,16.9,3.1,0.7,18.0,24.0,217.0,,,,63.0,0.0,,,1.594776,,
2026-10-02T15:00:00+00:00,2026-10-02T15:08:40.983195+00:00,2026-10-02T15:08:40.983195+00:00,2026-10-02 18:00 (Local Time),CAVO_GRECO,,,,,1,9,22.6,,26.4,17.4,7.7,2.5,,,4.0,,,,72.0,0.0,1006.2,,3.961219,,
2026-10-02T15:00:00+00:00,2026-10-02T15:08:40.983195+00:00,2026-10-02T15:08:40.983195+00:00,2026-10-02 18:00 (Local Time),CHROMIO,,,,,1,9,8.5,,10.3,7.4,10.3,3.7,,,242.0,,,,94.0,0.0,,,5.298773,,"{""Snow Depth"": {""unit"": ""cm"", ""value"": 0.0}}"
2026-10-02T15:00:00+00:00,2026-10-02T15:08:40.983195+00:00,2026-10-02T15:08:40.983195+00:00,2026-10-02 18:00 (Local Time),CYTASAT,,,,,1,10,22.0,,26.5,15.2,4.1,1.4,,,192.0,,,,61.0,0.0,987.1,,2.10922,,"{""Atmospheric Pressure (Mean Sea Level)"": {""unit"": ""hPa"", ""value"": 1013.7}}"
2026-10-02T15:00:00+00:00,2026-10-02T15:08:40.983195+00:00,2026-10-02T15:08:40.983195+00:00,2026-10-02 18:00 (Local Time),EPTAGONEIA,,,,,1,8,20.9,,23.2,12.7,6.2,1.6,,,232.0,,,,57.0,0.0,,,3.189553,,
2026-10-02T15:00:00+00:00,2026-10-02T15:08:40.983195+00:00,2026-10-02T15:08:40.983195+00:00,2026-10-02 18:00 (Local Time),FANEROMENI,,,,,1,4,23.2,,,,,,,,,,,,66.0,0.0,,,,,"{""Rain Intensity (10 min.)"": {""unit"": ""mm/min"", ""value"": 0.0}}"
2026-10-02T15:00:00+00:00,2026-10-02T15:08:40.983195+00:00,2026-10-02T15:08:40.983195+00:00,2026-10-02 18:00 (Local Time),FARMAKAS,,,,,1,10,17.6,,20.5,13.1,6.2,1.4,3.0,0.0,351.0,,,,66.0,0.0,,,3.189553,,
2026-10-02T15:00:00+00:00,2026-10-02T15:08:40.983195+00:00,2026-10-02T15:08:40.983195+00:00,2026-10-02 18:00 (Local Time),FRENAROS,,,,,1,11,22.5,21.7,27.3,17.3,7.6,3.0,,15.0,42.0,,,,73.0,0.0,1003.0,,3.909774,,
2026-10-02T15:00:00+00:00,2026-10-02T15:08:40.983195+00:00,2026-10-02T15:08:40.983195+00:00,2026-10-02 18:00 (Local Time),KALAVASOS,,,,,1,5,22.9,,28.7,17.2,,,,,,,,,62.0,0.0,,,,,
2026-10-02T15:00:00+00:00,2026-10-02T15:08:40.983195+00:00,2026-10-02T15:08:40.983195+00:00,2026-10-02 18:00 (Local Time),KALOPANAYIOTIS,,,,,1,9,17.4,,23.4,14.0,1.1,0.3,,2.0,338.0,,,,93.0,0.0,,,0.565888,,
2026-10-02T15:00:00+00:00,2026-10-02T15:08:40.983195+00:00,2026-10-02T15:08:40.983195+00:00,2026-10-02 18:00 (Local Time),KAMPOS,,,,,1,11,16.7,17.7,25.0,16.2,1.6,0.8,11.0,26.0,158.0,,,,94.0,0.0,,,0.82311,,
2026-10-02T15:00:00+00:00,2026-10-02T15:08:40.983195+00:00,2026-10-02T15:08:40.983195+00:00,2026-10-02 18:00 (Local Time),KANNAVIOU,,,,,1,6,21.0,,23.9,15.6,,0.9,,,,,,,64.0,0.0,,,,,
2026-10-02T15:00:00+00:00,2026-10-02T15:08:40.983195+00:00,2026-10-02T15:08:40.983195+00:00,2026-10-02 18:00 (Local Time),KATHIKAS,,,,,1,6,18.8,,21.4,15.2,,,,,,,,,76.0,0.0,,,,,"{""Accumulated Rainfall (24 hours)"": {""unit"": ""mm"", ""value"": 15.3}}"
2026-10-02T15:00:00+00:00,2026-10-02T15:08:40.983195+00:00,2026-10-02T15:08:40.983195+00:00,2026-10-02 18:00 (Local Time),KEPNIC,,,,,1,1,,,,,,,,,,,,,,0.0,,,,,
2026-10-02T15:00:00+00:00,2026-10-02T15:08:40.983195+00:00,2026-10-02T15:08:40.983195+00:00,2026-10-02 18:00 (Local Time),KILANI,,,,,1,7,16.4,,19.7,13.3,,1.8,,37.0,,,,,76.0,0.0,,,,,
2026-10-02T15:00:00+00:00,2026-10-02T15:08:40.983195+00:00,2026-10-02T15:08:40.983195+00:00,2026-10-02 18:00 (Local Time),KORNOS,,,,,1,3,20.9,,,,,,,,,,,,68.0,0.0,,,,,
2026-10-02T15:00:00+00:00,2026-10-02T15:08:40.983195+00:00,2026-10-02T15:08:40.983195+00:00,2026-10-02 18:00 (Local Time),KOURIS,,,,,1,8,22.8,,25.0,16.8,7.6,1.4,,,228.0,,,,63.0,0.0,,,3.909774,,
2026-10-02T15:00:00+00:00,2026-10-02T15:08:40.983195+00:00,2026-10-02T15:08:40.983195+00:00,2026-10-02 18:00 (Local Time),KPYRGOS,,,,,1,8,21.8,,24.3,18.3,2.6,1.0,,,148.0,,,,78.0,0.0,,,1.337554,,
2026-10-02T15:00:00+00:00,2026-10-02T15:08:40.983195+00:00,2026-10-02T15:08:40.983195+00:00,2026-10-02 18:00 (Local Time),KYPEROUNTA,,,,,1,6,14.4,,17.6,10.1,,1.1,,49.0,,,,,75.0,,,,,,
2026-10-02T15:00:00+00:00,2026-10-02T15:08:40.983195+00:00,2026-10-02T15:08:40.983195+00:00,2026-10-02 18:00 (Local Time),LCLK,,,,,1,9,23.0,,28.1,18.3,,2.5,,,,,,,65.0,0.0,,,,,"{""Atmospheric Pressure (QNH)"": {""unit"": ""hPa"", ""value"": 1013.2}, ""Wind Direction (10m) at Runway 22"": {""unit"": ""Degrees"", ""value"": 32.0}, ""Wind Speed (10m) at Runway 22"": {""unit"": ""Knots"", ""value"": 6.6}}"
2026-10-02T15:00:00+00:00,2026-10-02T15:08:40.983195+00:00,2026-10-02T15:08:40.983195+00:00,2026-10-02 18:00 (Local Time),LCPH,,,,,1,9,24.6,,26.7,19.1,,2.1,,,,,,,57.0,0.0,,,,,"{""Atmospheric Pressure (QNH)"": {""unit"": ""hPa"", ""value"": 1013.0}, ""Wind Direction (10m) at Runway 29"": {""unit"": ""Degrees"", ""value"": 247.0}, ""Wind Speed (10m) at Runway 29"": {""unit"": ""Knots"", ""value"": 6.4}}"
2026-10-02T15:00:00+00:00,2026-10-02T15:08:40.983195+00:00,2026-10-02T15:08:40.983195+00:00,2026-10-02 18:00 (Local Time),LEFKARA,,,,,1,6,21.8,,26.0,14.5,,0.0,,,,,,,64.0,0.0,,,,,
2026-10-02T15:00:00+00:00,2026-10-02T15:08:40.983195+00:00,2026-10-02T15:08:40.983195+00:00,2026-10-02 18:00 (Local Time),LEFKOSIA,,,,,1,7,20.6,,26.1,14.6,,0.8,,,,,,,66.0,0.0,,,,,"{""Accumulated Rainfall (24 hours)"": {""unit"": ""mm"", ""value"": 0.0}}"
2026-10-02T15:00:00+00:00,2026-10-02T15:08:40.983195+00:00,2026-10-02T15:08:40.983195+00:00,2026-10-02 18:00 (Local Time),LIMASSOL,,,,,1,10,23.6,,25.9,17.1,,2.3,,65.0,,,,,63.0,0.0,1012.0,,,,"{""Wind Direction (10m) at Port Gate"": {""unit"": ""Degrees"", ""value"": 256.0}, ""Wind Speed (10m) at Port Gate"": {""unit"": ""Knots"", ""value"": 7.0}}"
2026-10-02T15:00:00+00:00,2026-10-02T15:08:40.983195+00:00,2026-10-02T15:08:40.983195+00:00,2026-10-02 18:00 (Local Time),LINOU,,,,,1,9,19.8,,24.4,16.6,3.2,1.8,,,276.0,,,,80.0,0.0,966.2,,1.646221,,
2026-10-02T15:00:00+00:00,2026-10-02T15:08:40.983195+00:00,2026-10-02T15:08:40.983195+00:00,2026-10-02 18:00 (Local Time),LYSOS,,,,,1,7,18.1,,21.9,12.9,2.2,,,,228.0,,,,70.0,0.0,,,1.131777,,
2026-10-02T15:00:00+00:00,2026-10-02T15:08:40.983195+00:00,2026-10-02T15:08:40.983195+00:00,2026-10-02 18:00 (Local Time),MALLIA,,,,,1,10,18.6,17.1,24.1,14.0,10.3,1.9,,71.0,247.0,,,,69.0,0.0,,,5.298773,,
2026-10-02T15:00:00+00:00,2026-10-02T15:08:40.983195+00:00,2026-10-02T15:08:40.983195+00:00,2026-10-02 18:00 (Local Time),MAMMARI,,,,,1,10,22.0,,26.4,16.8,,2.2,,99.0,,,,,67.0,0.0,,,,,"{""Atmospheric Pressure (QNH)"": {""unit"": ""hPa"", ""value"": 1013.6}, ""Wind Direction (10m) at Runway 12"": {""unit"": ""Degrees"", ""value"": 28.0}, ""Wind Speed (10m) at Runway 12"": {""unit"": ""Knots"", ""value"": 7.3}}"
2026-10-02T15:00:00+00:00,2026-10-02T15:08:40.983195+00:00,2026-10-02T15:08:40.983195+00:00,2026-10-02 18:00 (Local Time),MATHIATIS,,,,,1,10,19.9,,26.2,13.6,3.6,0.8,46.0,55.0,81.0,,,,69.0,0.0,,,1.851998,,
2026-10-02T15:00:00+00:00,2026-10-02T15:08:40.983195+00:00,2026-10-02T15:08:40.983195+00:00,2026-10-02 18:00 (Local Time),PANAGIA_BRIDGE,,,,,1,6,18.9,19.5,23.4,13.2,,,,,,,,,82.0,0.0,,,,,
2026-10-02T15:00:00+00:00,2026-10-02T15:08:40.983195+00:00,2026-10-02T15:08:40.983195+00:00,2026-10-02 18:00 (Local Time),PAPHOS,,,,,1,8,22.7,,26.0,18.3,1.6,1.4,,,230.0,,,,61.0,0.0,,,0.82311,,
2026-10-02T15:00:00+00:00,2026-10-02T15:08:40.983195+00:00,2026-10-02T15:08:40.983195+00:00,2026-10-02 18:00 (Local Time),PAREKLISIA,,,,,1,7,22.3,,29.0,17.3,1.7,,,,250.0,,,,63.0,0.0,,,0.874555,,
2026-10-02T15:00:00+00:00,2026-10-02T15:08:40.983195+00:00,2026-10-02T15:08:40.983195+00:00,2026-10-02 18:00 (Local Time),PENTAKOMO,,,,,1,8,24.4,,26.0,18.3,12.5,5.0,,,226.0,,,,58.0,0.0,,,6.43055,,
2026-10-02T15:00:00+00:00,2026-10-02T15:08:40.983195+00:00,2026-10-02T15:08:40.983195+00:00,2026-10-02 18:00 (Local Time),PLATANIA,,,,,1,6,12.7,,17.9,10.2,,0.1,,,,,,,86.0,0.0,,,,,
2026-10-02T15:00:00+00:00,2026-10-02T15:08:40.983195+00:00,2026-10-02T15:08:40.983195+00:00,2026-10-02 18:00 (Local Time),POLIS,,,,,1,11,23.0,,26.4,18.0,1.9,0.6,34.0,,183.0,,,,66.0,0.0,1009.1,,0.977444,,"{""Atmospheric Pressure (Mean Sea Level)"": {""unit"": ""hPa"", ""value"": 1011.8}}"
2026-10-02T15:00:00+00:00,2026-10-02T15:08:40.983195+00:00,2026-10-02T15:08:40.983195+00:00,2026-10-02 18:00 (Local Time),POLYSTYPOS,,,,,1,8,15.6,,17.5,12.1,3.0,1.1,,,203.0,,,,67.0,0.0,,,1.543332,,
2026-10-02T15:00:00+00:00,2026-10-02T15:08:40.983195+00:00,2026-10-02T15:08:40.983195+00:00,2026-10-02 18:00 (Local Time),PRODROMOS,,,,,1,9,11.5,,13.9,9.4,3.9,1.8,,1.0,246.0,,,,87.0,0.0,,,2.006332,,
2026-10-02T15:00:00+00:00,2026-10-02T15:08:40.983195+00:00,2026-10-02T15:08:40.983195+00:00,2026-10-02 18:00 (Local Time),PYRGOS,,,,,1,5,17.4,,,,4.4,,,,212.1,,,,90.0,0.0,,,2.263554,,
2026-10-02T15:00:00+00:00,2026-10-02T15:08:40.983195+00:00,2026-10-02T15:08:40.983195+00:00,2026-10-02 18:00 (Local Time),SAITTAS,,,,,1,5,19.1,,24.3,12.3,,,,,,,,,66.0,0.0,,,,,
2026-10-02T15:00:00+00:00,2026-10-02T15:08:40.983195+00:00,2026-10-02T15:08:40.983195+00:00,2026-10-02 18:00 (Local Time),TAMASOS,,,,,1,9,20.4,20.8,24.7,14.5,1.6,0.5,,,319.0,,,,72.0,0.0,,,0.82311,,
2026-10-02T15:00:00+00:00,2026-10-02T15:08:40.983195+00:00,2026-10-02T15:08:40.983195+00:00,2026-10-02 18:00 (Local Time),TEPAK,,,,,1,9,22.3,,26.5,17.3,3.7,0.8,,,247.0,,,,63.0,0.0,,,1.903443,,"{""Accumulated Rainfall (24 hours)"": {""unit"": ""mm"", ""value"": 5.76}}"
2026-10-02T15:00:00+00:00,2026-10-02T15:08:40.983195+00:00,2026-10-02T15:08:40.983195+00:00,2026-10-02 18:00 (Local Time),TRIPILOS,,,,,1,7,12.6,,16.2,10.3,6.5,,,,254.0,,,,86.0,0.0,,,3.343886,,
2026-10-02T15:00:00+00:00,2026-10-02T15:08:40.983195+00:00,2026-10-02T15:08:40.983195+00:00,2026-10-02 18:00 (Local Time),TROODOS,,,,,1,9,9.6,,10.9,8.0,5.1,2.1,,,222.0,,,,90.0,0.0,826.2,,2.623664,,
2026-10-02T15:00:00+00:00,2026-10-02T15:08:40.983195+00:00,2026-10-02T15:08:40.983195+00:00,2026-10-02 18:00 (Local Time),VISITOR,,,,,1,7,22.4,,26.3,14.9,0.0,,,,308.0,,,,66.0,0.0,,,0.0,,
2026-10-02T15:00:00+00:00,2026-10-02T15:08:40.983195+00:00,2026-10-02T15:08:40.983195+00:00,2026-10-02 18:00 (Local Time),XYLIATOS,,,,,1,8,18.5,,23.0,14.6,0.0,,,41.0,32.0,,,,78.0,0.0,,,0.0,,
2026-10-02T15:00:00+00:00,2026-10-02T15:08:40.983195+00:00,2026-10-02T15:08:40.983195+00:00,2026-10-02 18:00 (Local Time),XYLOPHAGOU,,,,,1,9,23.3,24.8,27.3,17.4,3.3,1.4,,,23.0,,,,59.0,0.0,,,1.697665,,
2026-10-02T15:00:00+00:00,2026-10-02T15:08:40.983195+00:00,2026-10-02T15:08:40.983195+00:00,2026-10-02 18:00 (Local Time),ZYGI,,,,,1,9,23.4,22.9,27.9,16.2,2.0,0.7,,,235.0,,,,59.0,0.0,,,1.028888,,
2026-10-02T19:50:00+00:00,2026-10-02T19:57:28.286018+00:00,2026-10-02T19:57:28.286018+00:00,2026-10-02 22:50 (Local Time),ACHNA,,,,,1,8,18.6,,19.5,18.4,0.7,0.3,,,316.0,,,,85.0,0.0,,,0.360111,,
2026-10-02T19:50:00+00:00,2026-10-02T19:57:28.286018+00:00,2026-10-02T19:57:28.286018+00:00,2026-10-02 22:50 (Local Time),AGROS,,,,,1,10,11.8,,12.8,11.7,1.6,0.0,3.0,0.0,322.0,,,,94.0,0.0,,,0.82311,,
2026-10-02T19:50:00+00:00,2026-10-02T19:57:28.286018+00:00,2026-10-02T19:57:28.286018+00:00,2026-10-02 22:50 (Local Time),AKAMAS,,,,,1,7,19.2,,19.6,19.0,9.7,,,,194.0,,,,77.0,0.0,,,4.990107,,
2026-10-02T19:50:00+00:00,2026-10-02T19:57:28.286018+00:00,2026-10-02T19:57:28.286018+00:00,2026-10-02 22:50 (Local Time),ALONOUDI,,,,,1,5,14.5,,15.8,14.4,,,,,,,,,93.0,0.0,,,,,
2026-10-02T19:50:00+00:00,2026-10-02T19:57:28.286018+00:00,2026-10-02T19:57:28.286018+00:00,2026-10-02 22:50 (Local Time),AMARGETI,,,,,1,9,18.1,,18.3,18.0,1.6,0.6,,,122.0,,,,76.0,0.0,963.3,,0.82311,,
2026-10-02T19:50:00+00:00,2026-10-02T19:57:28.286018+00:00,2026-10-02T19:57:28.286018+00:00,2026-10-02 22:50 (Local Time),ASTROMERITIS,,,,,1,6,16.8,,,,5.4,1.5,,,199.0,,,,91.0,0.0,,,2.777998,,
2026-10-02T19:50:00+00:00,2026-10-02T19:57:28.286018+00:00,2026-10-02T19:57:28.286018+00:00,2026-10-02 22:50 (Local Time),ATHALASSA,,,,,1,11,17.1,13.9,18.0,16.8,0.7,0.4,,,112.0,,,,85.0,0.0,995.8,,0.360111,,"{""Atmospheric Pressure (Mean Sea Level)"": {""unit"": ""hPa"", ""value"": 1015.0}}"
2026-10-02T19:50:00+00:00,2026-10-02T19:57:28.286018+00:00,2026-10-02T19:57:28.286018+00:00,2026-10-02 22:50 (Local Time),ATHIENOU,,,,,1,9,18.1,16.2,18.3,17.2,4.8,1.0,,,159.0,,,,88.0,0.0,,,2.469331,,
2026-10-02T19:50:00+00:00,2026-10-02T19:57:28.286018+00:00,2026-10-02T19:57:28.286018+00:00,2026-10-02 22:50 (Local Time),AVDIMOU,,,,,1,11,17.1,15.7,17.7,16.9,2.6,0.6,3.0,0.0,342.0,,,,92.0,0.0,,,1.337554,,
2026-10-02T19:50:00+00:00,2026-10-02T19:57:28.286018+00:00,2026-10-02T19:57:28.286018+00:00,2026-10-02 22:50 (Local Time),CAVO_GRECO,,,,,1,9,18.6,,19.5,18.6,2.2,0.0,,,343.0,,,,85.0,0.0,1007.3,,1.131777,,
2026-10-02T19:50:00+00:00,2026-10-02T19:57:28.286018+00:00,2026-10-02T19:57:28.286018+00:00,2026-10-02 22:50 (Local Time),CHROMIO,,,,,1,9,7.6,,7.8,7.2,12.9,5.1,,,227.0,,,,79.0,0.0,,,6.636328,,"{""Snow Depth"": {""unit"": ""cm"", ""value"": 0.0}}"
2026-10-02T19:50:00+00:00,2026-10-02T19:57:28.286018+00:00,2026-10-02T19:57:28.286018+00:00,2026-10-02 22:50 (Local Time),CYTASAT,,,,,1,10,16.4,,18.0,16.3,0.8,0.4,,,356.0,,,,78.0,0.0,988.6,,0.411555,,"{""Atmospheric Pressure (Mean Sea Level)"": {""unit"": ""hPa"", ""value"": 1015.8}}"
2026-10-02T19:50:00+00:00,2026-10-02T19:57:28.286018+00:00,2026-10-02T19:57:28.286018+00:00,2026-10-02 22:50 (Local Time),EPTAGONEIA,,,,,1,8,12.3,,15.2,12.2,2.2,0.0,,,259.0,,,,91.0,0.0,,,1.131777,,
2026-10-02T19:50:00+00:00,2026-10-02T19:57:28.286018+00:00,2026-10-02T19:57:28.286018+00:00,2026-10-02 22:50 (Local Time),FANEROMENI,,,,,1,4,20.2,,,,,,,,,,,,80.0,0.0,,,,,"{""Rain Intensity (10 min.)"": {""unit"": ""mm/min"", ""value"": 0.0}}"
2026-10-02T19:50:00+00:00,2026-10-02T19:57:28.286018+00:00,2026-10-02T19:57:28.286018+00:00,2026-10-02 22:50 (Local Time),FARMAKAS,,,,,1,10,14.2,,14.9,14.2,6.3,1.5,2.0,0.0,351.0,,,,81.0,0.0,,,3.240997,,
2026-10-02T19:50:00+00:00,2026-10-02T19:57:28.286018+00:00,2026-10-02T19:57:28.286018+00:00,2026-10-02 22:50 (Local Time),FRENAROS,,,,,1,11,20.5,17.7,20.5,20.3,2.3,0.8,,0.0,92.0,,,,83.0,0.0,1004.2,,1.183221,,
2026-10-02T19:50:00+00:00,2026-10-02T19:57:28.286018+00:00,2026-10-02T19:57:28.286018+00:00,2026-10-02 22:50 (Local Time),KALAVASOS,,,,,1,5,17.9,,19.2,17.8,,,,,,,,,80.0,0.0,,,,,
2026-10-02T19:50:00+00:00,2026-10-02T19:57:28.286018+00:00,2026-10-02T19:57:28.286018+00:00,2026-10-02 22:50 (Local Time),KALOPANAYIOTIS,,,,,1,9,13.4,,14.5,13.4,2.7,0.0,,0.0,190.0,,,,95.0,0.0,,,1.388999,,
2026-10-02T19:50:00+00:00,2026-10-02T19:57:28.286018+00:00,2026-10-02T19:57:28.286018+00:00,2026-10-02 22:50 (Local Time),KAMPOS,,,,,1,11,15.9,14.7,16.5,15.8,1.7,0.3,4.0,0.0,41.0,,,,80.0,0.0,,,0.874555,,
2026-10-02T19:50:00+00:00,2026-10-02T19:57:28.286018+00:00,2026-10-02T19:57:28.286018+00:00,2026-10-02 22:50 (Local Time),KANNAVIOU,,,,,1,6,17.0,,17.6,16.5,,1.2,,,,,,,86.0,0.0,,,,,
2026-10-02T19:50:00+00:00,2026-10-02T19:57:28.286018+00:00,2026-10-02T19:57:28.286018+00:00,2026-10-02 22:50 (Local Time),KATHIKAS,,,,,1,6,15.7,,16.4,15.6,,,,,,,,,88.0,0.0,,,,,"{""Accumulated Rainfall (24 hours)"": {""unit"": ""mm"", ""value"": 15.3}}"
2026-10-02T19:50:00+00:00,2026-10-02T19:57:28.286018+00:00,2026-10-02T19:57:28.286018+00:00,2026-10-02 22:50 (Local Time),KEPNIC,,,,,1,1,,,,,,,,,,,,,,0.0,,,,,
2026-10-02T19:50:00+00:00,2026-10-02T19:57:28.286018+00:00,2026-10-02T19:57:28.286018+00:00,2026-10-02 22:50 (Local Time),KILANI,,,,,1,7,13.2,,14.2,13.1,,1.1,,2.0,,,,,92.0,0.0,,,,,
2026-10-02T19:50:00+00:00,2026-10-02T19:57:28.286018+00:00,2026-10-02T19:57:28.286018+00:00,2026-10-02 22:50 (Local Time),KORNOS,,,,,1,3,18.2,,,,,,,,,,,,76.0,0.0,,,,,
2026-10-02T19:50:00+00:00,2026-10-02T19:57:28.286018+00:00,2026-10-02T19:57:28.286018+00:00,2026-10-02 22:50 (Local Time),KOURIS,,,,,1,8,18.2,,20.4,18.1,10.3,4.2,,,20.0,,,,77.0,0.0,,,5.298773,,
2026-10-02T19:50:00+00:00,2026-10-02T19:57:28.286018+00:00,2026-10-02T19:57:28.286018+00:00,2026-10-02 22:50 (Local Time),KPYRGOS,,,,,1,8,17.3,,18.4,17.2,4.5,1.5,,,162.0,,,,90.0,0.0,,,2.314998,,
2026-10-02T19:50:00+00:00,2026-10-02T19:57:28.286018+00:00,2026-10-02T19:57:28.286018+00:00,2026-10-02 22:50 (Local Time),KYPEROUNTA,,,,,1,6,10.3,,10.9,10.2,,1.3,,0.0,,,,,95.0,,,,,,
2026-10-02T19:50:00+00:00,2026-10-02T19:57:28.286018+00:00,2026-10-02T19:57:28.286018+00:00,2026-10-02 22:50 (Local Time),LCLK,,,,,1,9,18.8,,20.0,18.6,,1.0,,,,,,,82.0,0.0,,,,,"{""Atmospheric Pressure (QNH)"": {""unit"": ""hPa"", ""value"": 1014.4}, ""Wind Direction (10m) at Runway 22"": {""unit"": ""Degrees"", ""value"": 322.0}, ""Wind Speed (10m) at Runway 22"": {""unit"": ""Knots"", ""value"": 3.3}}"
2026-10-02T19:50:00+00:00,2026-10-02T19:57:28.286018+00:00,2026-10-02T19:57:28.286018+00:00,2026-10-02 22:50 (Local Time),LCPH,,,,,1,9,22.9,,23.3,22.9,,0.7,,,,,,,59.0,0.0,,,,,"{""Atmospheric Pressure (QNH)"": {""unit"": ""hPa"", ""value"": 1014.4}, ""Wind Direction (10m) at Runway 29"": {""unit"": ""Degrees"", ""value"": 44.0}, ""Wind Speed (10m) at Runway 29"": {""unit"": ""Knots"", ""value"": 3.1}}"
2026-10-02T19:50:00+00:00,2026-10-02T19:57:28.286018+00:00,2026-10-02T19:57:28.286018+00:00,2026-10-02 22:50 (Local Time),LEFKARA,,,,,1,6,16.3,,16.8,15.8,,1.1,,,,,,,80.0,0.0,,,,,
2026-10-02T19:50:00+00:00,2026-10-02T19:57:28.286018+00:00,2026-10-02T19:57:28.286018+00:00,2026-10-02 22:50 (Local Time),LEFKOSIA,,,,,1,7,17.8,,18.6,17.7,,0.9,,,,,,,83.0,0.0,,,,,"{""Accumulated Rainfall (24 hours)"": {""unit"": ""mm"", ""value"": 0.0}}"
2026-10-02T19:50:00+00:00,2026-10-02T19:57:28.286018+00:00,2026-10-02T19:57:28.286018+00:00,2026-10-02 22:50 (Local Time),LIMASSOL,,,,,1,10,19.1,,20.2,19.1,,1.1,,0.0,,,,,79.0,0.0,1013.5,,,,"{""Wind Direction (10m) at Port Gate"": {""unit"": ""Degrees"", ""value"": 349.0}, ""Wind Speed (10m) at Port Gate"": {""unit"": ""Knots"", ""value"": 3.1}}"
2026-10-02T19:50:00+00:00,2026-10-02T19:57:28.286018+00:00,2026-10-02T19:57:28.286018+00:00,2026-10-02 22:50 (Local Time),LINOU,,,,,1,9,16.1,,17.3,16.0,3.9,1.4,,,155.0,,,,76.0,0.0,967.8,,2.006332,,
2026-10-02T19:50:00+00:00,2026-10-02T19:57:28.286018+00:00,2026-10-02T19:57:28.286018+00:00,2026-10-02 22:50 (Local Time),LYSOS,,,,,1,7,13.9,,14.2,13.8,4.6,,,,176.0,,,,86.0,0.0,,,2.366442,,
2026-10-02T19:50:00+00:00,2026-10-02T19:57:28.286018+00:00,2026-10-02T19:57:28.286018+00:00,2026-10-02 22:50 (Local Time),MALLIA,,,,,1,10,13.6,12.5,14.6,13.5,0.8,0.5,,11.0,67.0,,,,93.0,0.0,,,0.411555,,
2026-10-02T19:50:00+00:00,2026-10-02T19:57:28.286018+00:00,2026-10-02T19:57:28.286018+00:00,2026-10-02 22:50 (Local Time),MAMMARI,,,,,1,10,17.9,,19.4,17.8,,1.7,,4.0,,,,,79.0,0.0,,,,,"{""Atmospheric Pressure (QNH)"": {""unit"": ""hPa"", ""value"": 1015.2}, ""Wind Direction (10m) at Runway 12"": {""unit"": ""Degrees"", ""value"": 180.0}, ""Wind Speed (10m) at Runway 12"": {""unit"": ""Knots"", ""value"": 5.4}}"
2026-10-02T19:50:00+00:00,2026-10-02T19:57:28.286018+00:00,2026-10-02T19:57:28.286018+00:00,2026-10-02 22:50 (Local Time),MATHIATIS,,,,,1,10,13.8,,15.8,13.7,5.0,1.3,4.0,0.0,285.0,,,,91.0,0.0,,,2.57222,,
2026-10-02T19:50:00+00:00,2026-10-02T19:57:28.286018+00:00,2026-10-02T19:57:28.286018+00:00,2026-10-02 22:50 (Local Time),PANAGIA_BRIDGE,,,,,1,6,12.8,13.5,14.3,12.8,,,,,,,,,95.0,0.0,,,,,
2026-10-02T19:50:00+00:00,2026-10-02T19:57:28.286018+00:00,2026-10-02T19:57:28.286018+00:00,2026-10-02 22:50 (Local Time),PAPHOS,,,,,1,8,20.3,,21.1,20.3,0.7,0.5,,,195.0,,,,64.0,0.0,,,0.360111,,
2026-10-02T19:50:00+00:00,2026-10-02T19:57:28.286018+00:00,2026-10-02T19:57:28.286018+00:00,2026-10-02 22:50 (Local Time),PAREKLISIA,,,,,1,7,17.8,,19.6,17.6,2.0,,,,337.0,,,,81.0,0.0,,,1.028888,,
2026-10-02T19:50:00+00:00,2026-10-02T19:57:28.286018+00:00,2026-10-02T19:57:28.286018+00:00,2026-10-02 22:50 (Local Time),PENTAKOMO,,,,,1,8,20.5,,21.6,19.8,8.0,2.8,,,294.0,,,,73.0,0.0,,,4.115552,,
2026-10-02T19:50:00+00:00,2026-10-02T19:57:28.286018+00:00,2026-10-02T19:57:28.286018+00:00,2026-10-02 22:50 (Local Time),PLATANIA,,,,,1,6,10.2,,11.0,10.1,,0.1,,,,,,,94.0,0.0,,,,,
2026-10-02T19:50:00+00:00,2026-10-02T19:57:28.286018+00:00,2026-10-02T19:57:28.286018+00:00,2026-10-02 22:50 (Local Time),POLIS,,,,,1,11,19.2,,19.8,19.0,4.3,1.2,4.0,,132.0,,,,82.0,0.0,1010.8,,2.212109,,"{""Atmospheric Pressure (Mean Sea Level)"": {""unit"": ""hPa"", ""value"": 1013.5}}"
2026-10-02T19:50:00+00:00,2026-10-02T19:57:28.286018+00:00,2026-10-02T19:57:28.286018+00:00,2026-10-02 22:50 (Local Time),POLYSTYPOS,,,,,1,8,12.3,,13.2,12.3,3.3,1.1,,,281.0,,,,85.0,0.0,,,1.697665,,
2026-10-02T19:50:00+00:00,2026-10-02T19:57:28.286018+00:00,2026-10-02T19:57:28.286018+00:00,2026-10-02 22:50 (Local Time),PRODROMOS,,,,,1,9,9.1,,10.4,9.1,5.2,1.9,,0.0,241.0,,,,99.0,0.0,,,2.675109,,
2026-10-02T19:50:00+00:00,2026-10-02T19:57:28.286018+00:00,2026-10-02T19:57:28.286018+00:00,2026-10-02 22:50 (Local Time),PYRGOS,,,,,1,5,16.0,,,,8.3,,,,198.0,,,,86.0,0.0,,,4.269885,,
2026-10-02T19:50:00+00:00,2026-10-02T19:57:28.286018+00:00,2026-10-02T19:57:28.286018+00:00,2026-10-02 22:50 (Local Time),SAITTAS,,,,,1,5,12.6,,14.0,12.6,,,,,,,,,88.0,0.0,,,,,
2026-10-02T19:50:00+00:00,2026-10-02T19:57:28.286018+00:00,2026-10-02T19:57:28.286018+00:00,2026-10-02 22:50 (Local Time),TAMASOS,,,,,1,9,14.8,14.6,17.0,14.7,3.2,0.2,,,183.0,,,,91.0,0.0,,,1.646221,,
2026-10-02T19:50:00+00:00,2026-10-02T19:57:28.286018+00:00,2026-10-02T19:57:28.286018+00:00,2026-10-02 22:50 (Local Time),TEPAK,,,,,1,9,18.8,,19.6,18.8,2.0,0.3,,,303.0,,,,77.0,0.0,,,1.028888,,"{""Accumulated Rainfall (24 hours)"": {""unit"": ""mm"", ""value"": 5.76}}"
2026-10-02T19:50:00+00:00,2026-10-02T19:57:28.286018+00:00,2026-10-02T19:57:28.286018+00:00,2026-10-02 22:50 (Local Time),TRIPILOS,,,,,1,7,10.5,,10.9,10.5,3.3,,,,202.0,,,,100.0,0.0,,,1.697665,,
2026-10-02T19:50:00+00:00,2026-10-02T19:57:28.286018+00:00,2026-10-02T19:57:28.286018+00:00,2026-10-02 22:50 (Local Time),TROODOS,,,,,1,9,7.7,,8.5,7.6,4.9,2.0,,,231.0,,,,92.0,0.0,827.1,,2.520776,,
2026-10-02T19:50:00+00:00,2026-10-02T19:57:28.286018+00:00,2026-10-02T19:57:28.286018+00:00,2026-10-02 22:50 (Local Time),VISITOR,,,,,1,7,17.7,,19.0,17.6,0.0,,,,18.0,,,,98.0,0.0,,,0.0,,
2026-10-02T19:50:00+00:00,2026-10-02T19:57:28.286018+00:00,2026-10-02T19:57:28.286018+00:00,2026-10-02 22:50 (Local Time),XYLIATOS,,,,,1,8,15.7,,16.2,15.3,1.5,,,5.0,187.0,,,,67.0,0.0,,,0.771666,,
2026-10-02T19:50:00+00:00,2026-10-02T19:57:28.286018+00:00,2026-10-02T19:57:28.286018+00:00,2026-10-02 22:50 (Local Time),XYLOPHAGOU,,,,,1,9,19.4,19.5,20.2,19.3,2.0,0.0,,,23.0,,,,84.0,0.0,,,1.028888,,
2026-10-02T19:50:00+00:00,2026-10-02T19:57:28.286018+00:00,2026-10-02T19:57:28.286018+00:00,2026-10-02 22:50 (Local Time),ZYGI,,,,,1,9,17.1,16.8,19.0,17.0,1.8,0.3,,,321.0,,,,88.0,0.0,,,0.925999,,
2026-10-02T23:30:00+00:00,2026-10-02T23:31:17.312511+00:00,2026-10-02T23:31:17.312511+00:00,2026-10-03 02:20 (Local Time),ACHNA,,,,,1,8,16.0,,19.5,15.9,0.0,0.1,,,216.0,,,,91.0,0.0,,,0.0,,
2026-10-02T23:30:00+00:00,2026-10-02T23:31:17.312511+00:00,2026-10-02T23:31:17.312511+00:00,2026-10-03 02:20 (Local Time),AGROS,,,,,1,10,12.0,,12.8,11.1,0.0,0.0,3.0,0.0,348.0,,,,93.0,0.0,,,0.0,,
2026-10-02T23:30:00+00:00,2026-10-02T23:31:17.312511+00:00,2026-10-02T23:31:17.312511+00:00,2026-10-03 02:20 (Local Time),AKAMAS,,,,,1,7,18.4,,19.6,17.2,9.0,,,,189.0,,,,80.0,0.0,,,4.629996,,
2026-10-02T23:30:00+00:00,2026-10-02T23:31:17.312511+00:00,2026-10-02T23:31:17.312511+00:00,2026-10-03 02:20 (Local Time),ALONOUDI,,,,,1,5,14.1,,15.8,13.7,,,,,,,,,97.0,0.11,,,,,
2026-10-02T23:30:00+00:00,2026-10-02T23:31:17.312511+00:00,2026-10-02T23:31:17.312511+00:00,2026-10-03 02:20 (Local Time),AMARGETI,,,,,1,9,17.2,,18.3,17.2,2.0,0.4,,,90.0,,,,78.0,0.0,963.4,,1.028888,,
2026-10-02T23:30:00+00:00,2026-10-02T23:31:17.312511+00:00,2026-10-02T23:31:17.312511+00:00,2026-10-03 02:20 (Local Time),ASTROMERITIS,,,,,1,6,15.4,,,,7.8,2.2,,,174.0,,,,82.0,0.0,,,4.012663,,
2026-10-02T23:30:00+00:00,2026-10-02T23:31:17.312511+00:00,2026-10-02T23:31:17.312511+00:00,2026-10-03 02:20 (Local Time),ATHALASSA,,,,,1,11,14.9,12.3,18.0,14.8,1.7,0.6,,,235.0,,,,97.0,0.0,996.2,,0.874555,,"{""Atmospheric Pressure (Mean Sea Level)"": {""unit"": ""hPa"", ""value"": 1015.5}}"
2026-10-02T23:30:00+00:00,2026-10-02T23:31:17.312511+00:00,2026-10-02T23:31:17.312511+00:00,2026-10-03 02:20 (Local Time),ATHIENOU,,,,,1,9,15.9,13.9,18.4,15.6,4.4,0.5,,,222.0,,,,95.0,0.0,,,2.263554,,
2026-10-02T23:30:00+00:00,2026-10-02T23:31:17.312511+00:00,2026-10-02T23:31:17.312511+00:00,2026-10-03 02:20 (Local Time),AVDIMOU,,,,,1,11,16.6,14.9,17.7,16.3,1.5,0.5,3.0,0.0,288.0,,,,90.0,0.0,,,0.771666,,
2026-10-02T23:30:00+00:00,2026-10-02T23:31:17.312511+00:00,2026-10-02T23:31:17.312511+00:00,2026-10-03 02:20 (Local Time),CAVO_GRECO,,,,,1,9,18.8,,19.5,18.1,4.0,0.9,,,286.0,,,,83.0,0.0,1007.4,,2.057776,,
2026-10-02T23:30:00+00:00,2026-10-02T23:31:17.312511+00:00,2026-10-02T23:31:17.312511+00:00,2026-10-03 02:20 (Local Time),CHROMIO,,,,,1,9,7.1,,7.8,7.0,14.6,5.8,,,227.0,,,,80.0,0.0,,,7.510882,,"{""Snow Depth"": {""unit"": ""cm"", ""value"": 0.0}}"
2026-10-02T23:30:00+00:00,2026-10-02T23:31:17.312511+00:00,2026-10-02T23:31:17.312511+00:00,2026-10-03 02:20 (Local Time),CYTASAT,,,,,1,10,15.1,,18.0,14.8,1.0,0.2,,,292.0,,,,83.0,0.0,988.7,,0.514444,,"{""Atmospheric Pressure (Mean Sea Level)"": {""unit"": ""hPa"", ""value"": 1016.1}}"
2026-10-02T23:30:00+00:00,2026-10-02T23:31:17.312511+00:00,2026-10-02T23:31:17.312511+00:00,2026-10-03 02:20 (Local Time),EPTAGONEIA,,,,,1,8,12.5,,15.2,11.3,2.6,0.0,,,291.0,,,,92.0,0.0,,,1.337554,,
2026-10-02T23:30:00+00:00,2026-10-02T23:31:17.312511+00:00,2026-10-02T23:31:17.312511+00:00,2026-10-03 02:20 (Local Time),FANEROMENI,,,,,1,4,18.2,,,,,,,,,,,,84.0,0.0,,,,,"{""Rain Intensity (10 min.)"": {""unit"": ""mm/min"", ""value"": 0.0}}"
2026-10-02T23:30:00+00:00,2026-10-02T23:31:17.312511+00:00,2026-10-02T23:31:17.312511+00:00,2026-10-03 02:20 (Local Time),FARMAKAS,,,,,1,10,14.3,,14.9,12.8,6.3,3.0,2.0,0.0,351.0,,,,86.0,0.0,,,3.240997,,
2026-10-02T23:30:00+00:00,2026-10-02T23:31:17.312511+00:00,2026-10-02T23:31:17.312511+00:00,2026-10-03 02:20 (Local Time),FRENAROS,,,,,1,11,18.9,15.6,20.5,17.9,2.5,0.3,,0.0,250.0,,,,87.0,0.0,1004.5,,1.28611,,
2026-10-02T23:30:00+00:00,2026-10-02T23:31:17.312511+00:00,2026-10-02T23:31:17.312511+00:00,2026-10-03 02:20 (Local Time),KALAVASOS,,,,,1,5,17.2,,19.2,16.9,,,,,,,,,80.0,0.0,,,,,
2026-10-02T23:30:00+00:00,2026-10-02T23:31:17.312511+00:00,2026-10-02T23:31:17.312511+00:00,2026-10-03 02:20 (Local Time),KALOPANAYIOTIS,,,,,1,9,12.2,,14.5,12.1,2.9,0.8,,0.0,166.0,,,,94.0,0.0,,,1.491888,,
2026-10-02T23:30:00+00:00,2026-10-02T23:31:17.312511+00:00,2026-10-02T23:31:17.312511+00:00,2026-10-03 02:20 (Local Time),KAMPOS,,,,,1,11,15.5,14.2,16.5,15.3,1.3,0.5,4.0,0.0,256.0,,,,79.0,0.0,,,0.668777,,
2026-10-02T23:30:00+00:00,2026-10-02T23:31:17.312511+00:00,2026-10-02T23:31:17.312511+00:00,2026-10-03 02:20 (Local Time),KANNAVIOU,,,,,1,6,16.5,,17.6,16.3,,1.5,,,,,,,85.0,0.0,,,,,
2026-10-02T23:30:00+00:00,2026-10-02T23:31:17.312511+00:00,2026-10-02T23:31:17.312511+00:00,2026-10-03 02:20 (Local Time),KATHIKAS,,,,,1,6,15.3,,16.4,15.2,,,,,,,,,90.0,0.0,,,,,"{""Accumulated Rainfall (24 hours)"": {""unit"": ""mm"", ""value"": 15.3}}"
2026-10-02T23:30:00+00:00,2026-10-02T23:31:17.312511+00:00,2026-10-02T23:31:17.312511+00:00,2026-10-03 02:20 (Local Time),KEPNIC,,,,,1,1,,,,,,,,,,,,,,0.0,,,,,
2026-10-02T23:30:00+00:00,2026-10-02T23:31:17.312511+00:00,2026-10-02T23:31:17.312511+00:00,2026-10-03 02:20 (Local Time),KILANI,,,,,1,7,13.3,,14.2,12.7,,1.2,,2.0,,,,,91.0,0.0,,,,,
2026-10-02T23:30:00+00:00,2026-10-02T23:31:17.312511+00:00,2026-10-02T23:31:17.312511+00:00,2026-10-03 02:20 (Local Time),KORNOS,,,,,1,3,17.2,,,,,,,,,,,,78.0,0.0,,,,,
2026-10-02T23:30:00+00:00,2026-10-02T23:31:17.312511+00:00,2026-10-02T23:31:17.312511+00:00,2026-10-03 02:20 (Local Time),KOURIS,,,,,1,8,18.3,,20.4,17.2,3.4,1.3,,,344.0,,,,75.0,0.0,,,1.74911,,
2026-10-02T23:30:00+00:00,2026-10-02T23:31:17.312511+00:00,2026-10-02T23:31:17.312511+00:00,2026-10-03 02:20 (Local Time),KPYRGOS,,,,,1,8,16.6,,18.4,16.5,5.0,1.7,,,148.0,,,,88.0,0.0,,,2.57222,,
2026-10-02T23:30:00+00:00,2026-10-02T23:31:17.312511+00:00,2026-10-02T23:31:17.312511+00:00,2026-10-03 02:20 (Local Time),KYPEROUNTA,,,,,1,6,10.1,,10.9,10.0,,1.8,,0.0,,,,,94.0,,,,,,
2026-10-02T23:30:00+00:00,2026-10-02T23:31:17.312511+00:00,2026-10-02T23:31:17.312511+00:00,2026-10-03 02:20 (Local Time),LCLK,,,,,1,9,17.0,,20.0,16.9,,0.3,,,,,,,84.0,0.0,,,,,"{""Atmospheric Pressure (QNH)"": {""unit"": ""hPa"", ""value"": 1014.7}, ""Wind Direction (10m) at Runway 22"": {""unit"": ""Degrees"", ""value"": 304.0}, ""Wind Speed (10m) at Runway 22"": {""unit"": ""Knots"", ""value"": 2.9}}"
2026-10-02T23:30:00+00:00,2026-10-02T23:31:17.312511+00:00,2026-10-02T23:31:17.312511+00:00,2026-10-03 02:20 (Local Time),LCPH,,,,,1,9,19.9,,23.3,19.8,,0.8,,,,,,,75.0,0.0,,,,,"{""Atmospheric Pressure (QNH)"": {""unit"": ""hPa"", ""value"": 1014.4}, ""Wind Direction (10m) at Runway 29"": {""unit"": ""Degrees"", ""value"": 42.0}, ""Wind Speed (10m) at Runway 29"": {""unit"": ""Knots"", ""value"": 4.9}}"
2026-10-02T23:30:00+00:00,2026-10-02T23:31:17.312511+00:00,2026-10-02T23:31:17.312511+00:00,2026-10-03 02:20 (Local Time),LEFKARA,,,,,1,6,14.1,,16.8,13.7,,1.1,,,,,,,86.0,0.0,,,,,
2026-10-02T23:30:00+00:00,2026-10-02T23:31:17.312511+00:00,2026-10-02T23:31:17.312511+00:00,2026-10-03 02:20 (Local Time),LEFKOSIA,,,,,1,7,15.0,,18.6,15.0,,0.8,,,,,,,92.0,0.0,,,,,"{""Accumulated Rainfall (24 hours)"": {""unit"": ""mm"", ""value"": 0.0}}"
2026-10-02T23:30:00+00:00,2026-10-02T23:31:17.312511+00:00,2026-10-02T23:31:17.312511+00:00,2026-10-03 02:20 (Local Time),LIMASSOL,,,,,1,10,18.0,,20.2,18.0,,1.1,,0.0,,,,,82.0,0.0,1013.6,,,,"{""Wind Direction (10m) at Port Gate"": {""unit"": ""Degrees"", ""value"": 340.0}, ""Wind Speed (10m) at Port Gate"": {""unit"": ""Knots"", ""value"": 3.2}}"
2026-10-02T23:30:00+00:00,2026-10-02T23:31:17.312511+00:00,2026-10-02T23:31:17.312511+00:00,2026-10-03 02:20 (Local Time),LINOU,,,,,1,9,15.0,,17.3,14.9,5.8,2.1,,,112.0,,,,82.0,0.0,967.9,,2.983775,,
2026-10-02T23:30:00+00:00,2026-10-02T23:31:17.312511+00:00,2026-10-02T23:31:17.312511+00:00,2026-10-03 02:20 (Local Time),LYSOS,,,,,1,7,13.9,,14.2,13.4,2.7,,,,168.0,,,,84.0,0.0,,,1.388999,,
2026-10-02T23:30:00+00:00,2026-10-02T23:31:17.312511+00:00,2026-10-02T23:31:17.312511+00:00,2026-10-03 02:20 (Local Time),MALLIA,,,,,1,10,12.5,11.6,14.6,12.5,4.0,0.4,,11.0,68.0,,,,95.0,0.0,,,2.057776,,
2026-10-02T23:30:00+00:00,2026-10-02T23:31:17.312511+00:00,2026-10-02T23:31:17.312511+00:00,2026-10-03 02:20 (Local Time),MAMMARI,,,,,1,10,16.4,,19.4,16.4,,1.3,,3.0,,,,,85.0,0.0,,,,,"{""Atmospheric Pressure (QNH)"": {""unit"": ""hPa"", ""value"": 1015.5}, ""Wind Direction (10m) at Runway 12"": {""unit"": ""Degrees"", ""value"": ""---""}, ""Wind Speed (10m) at Runway 12"": {""unit"": ""Knots"", ""value"": 0.0}}"
2026-10-02T23:30:00+00:00,2026-10-02T23:31:17.312511+00:00,2026-10-02T23:31:17.312511+00:00,2026-10-03 02:20 (Local Time),MATHIATIS,,,,,1,10,15.5,,15.8,13.0,3.4,0.7,4.0,0.0,239.0,,,,75.0,0.0,,,1.74911,,
2026-10-02T23:30:00+00:00,2026-10-02T23:31:17.312511+00:00,2026-10-02T23:31:17.312511+00:00,2026-10-03 02:20 (Local Time),PANAGIA_BRIDGE,,,,,1,6,11.9,12.4,14.3,11.7,,,,,,,,,95.0,0.0,,,,,
2026-10-02T23:30:00+00:00,2026-10-02T23:31:17.312511+00:00,2026-10-02T23:31:17.312511+00:00,2026-10-03 02:20 (Local Time),PAPHOS,,,,,1,8,18.4,,21.1,18.4,2.4,0.8,,,45.0,,,,82.0,0.0,,,1.234666,,
2026-10-02T23:30:00+00:00,2026-10-02T23:31:17.312511+00:00,2026-10-02T23:31:17.312511+00:00,2026-10-03 02:20 (Local Time),PAREKLISIA,,,,,1,7,19.2,,19.6,17.4,5.3,,,,319.0,,,,71.0,0.0,,,2.726553,,
2026-10-02T23:30:00+00:00,2026-10-02T23:31:17.312511+00:00,2026-10-02T23:31:17.312511+00:00,2026-10-03 02:20 (Local Time),PENTAKOMO,,,,,1,8,19.5,,21.6,19.0,9.4,3.0,,,303.0,,,,74.0,0.0,,,4.835774,,
2026-10-02T23:30:00+00:00,2026-10-02T23:31:17.312511+00:00,2026-10-02T23:31:17.312511+00:00,2026-10-03 02:20 (Local Time),PLATANIA,,,,,1,6,10.3,,11.0,9.3,,0.2,,,,,,,84.0,0.0,,,,,
2026-10-02T23:30:00+00:00,2026-10-02T23:31:17.312511+00:00,2026-10-02T23:31:17.312511+00:00,2026-10-03 02:20 (Local Time),POLIS,,,,,1,11,19.0,,19.8,18.3,5.8,1.6,4.0,,165.0,,,,80.0,0.0,1010.8,,2.983775,,"{""Atmospheric Pressure (Mean Sea Level)"": {""unit"": ""hPa"", ""value"": 1013.5}}"
2026-10-02T23:30:00+00:00,2026-10-02T23:31:17.312511+00:00,2026-10-02T23:31:17.312511+00:00,2026-10-03 02:20 (Local Time),POLYSTYPOS,,,,,1,8,12.8,,13.2,12.0,5.8,2.2,,,192.0,,,,80.0,0.0,,,2.983775,,
2026-10-02T23:30:00+00:00,2026-10-02T23:31:17.312511+00:00,2026-10-02T23:31:17.312511+00:00,2026-10-03 02:20 (Local Time),PRODROMOS,,,,,1,9,9.1,,10.4,8.7,9.0,2.9,,0.0,231.0,,,,91.0,0.0,,,4.629996,,
2026-10-02T23:30:00+00:00,2026-10-02T23:31:17.312511+00:00,2026-10-02T23:31:17.312511+00:00,,PYRGOS,,,,,0,0,,,,,,,,,,,,,,,,,,,
2026-10-02T23:30:00+00:00,2026-10-02T23:31:17.312511+00:00,2026-10-02T23:31:17.312511+00:00,2026-10-03 02:20 (Local Time),SAITTAS,,,,,1,5,11.4,,14.0,11.2,,,,,,,,,90.0,0.0,,,,,
2026-10-02T23:30:00+00:00,2026-10-02T23:31:17.312511+00:00,2026-10-02T23:31:17.312511+00:00,2026-10-03 02:20 (Local Time),TAMASOS,,,,,1,9,14.2,13.9,17.0,13.6,3.0,0.5,,,189.0,,,,85.0,0.0,,,1.543332,,
2026-10-02T23:30:00+00:00,2026-10-02T23:31:17.312511+00:00,2026-10-02T23:31:17.312511+00:00,2026-10-03 02:20 (Local Time),TEPAK,,,,,1,9,18.6,,19.6,18.5,1.7,0.2,,,332.0,,,,73.0,0.0,,,0.874555,,"{""Accumulated Rainfall (24 hours)"": {""unit"": ""mm"", ""value"": 5.76}}"
2026-10-02T23:30:00+00:00,2026-10-02T23:31:17.312511+00:00,2026-10-02T23:31:17.312511+00:00,2026-10-03 02:20 (Local Time),TRIPILOS,,,,,1,7,10.6,,10.9,10.4,3.3,,,,208.0,,,,100.0,0.0,,,1.697665,,
2026-10-02T23:30:00+00:00,2026-10-02T23:31:17.312511+00:00,2026-10-02T23:31:17.312511+00:00,2026-10-03 02:20 (Local Time),TROODOS,,,,,1,9,7.4,,8.5,7.3,7.6,3.0,,,231.0,,,,87.0,0.0,827.1,,3.909774,,
2026-10-02T23:30:00+00:00,2026-10-02T23:31:17.312511+00:00,2026-10-02T23:31:17.312511+00:00,2026-10-03 02:20 (Local Time),VISITOR,,,,,1,7,15.4,,19.0,15.3,0.6,,,,229.0,,,,100.0,0.0,,,0.308666,,
2026-10-02T23:30:00+00:00,2026-10-02T23:31:17.312511+00:00,2026-10-02T23:31:17.312511+00:00,2026-10-03 02:20 (Local Time),XYLIATOS,,,,,1,8,14.9,,16.2,14.4,0.0,,,3.0,209.0,,,,71.0,0.0,,,0.0,,
2026-10-02T23:30:00+00:00,2026-10-02T23:31:17.312511+00:00,2026-10-02T23:31:17.312511+00:00,2026-10-03 02:20 (Local Time),XYLOPHAGOU,,,,,1,9,17.4,17.5,20.2,17.3,2.7,0.0,,,336.0,,,,88.0,0.0,,,1.388999,,
2026-10-02T23:30:00+00:00,2026-10-02T23:31:17.312511+00:00,2026-10-02T23:31:17.312511+00:00,2026-10-03 02:20 (Local Time),ZYGI,,,,,1,9,16.7,16.0,19.0,16.0,2.0,0.2,,,330.0,,,,88.0,0.0,,,1.028888,,
2026-10-03T02:10:00+00:00,2026-10-03T02:17:22.468805+00:00,2026-10-03T02:17:22.468805+00:00,2026-10-03 05:10 (Local Time),ACHNA,,,,,1,8,15.0,,19.5,14.5,1.3,0.1,,,348.0,,,,98.0,0.0,,,0.668777,,
2026-10-03T02:10:00+00:00,2026-10-03T02:17:22.468805+00:00,2026-10-03T02:17:22.468805+00:00,2026-10-03 05:10 (Local Time),AGROS,,,,,1,10,11.9,,12.8,11.1,0.0,0.0,3.0,0.0,236.0,,,,94.0,0.0,,,0.0,,
2026-10-03T02:10:00+00:00,2026-10-03T02:17:22.468805+00:00,2026-10-03T02:17:22.468805+00:00,2026-10-03 05:10 (Local Time),AKAMAS,,,,,1,7,18.8,,19.6,17.2,11.0,,,,206.0,,,,79.0,0.0,,,5.658884,,
2026-10-03T02:10:00+00:00,2026-10-03T02:17:22.468805+00:00,2026-10-03T02:17:22.468805+00:00,2026-10-03 05:10 (Local Time),ALONOUDI,,,,,1,5,13.6,,15.8,13.6,,,,,,,,,97.0,0.0,,,,,
2026-10-03T02:10:00+00:00,2026-10-03T02:17:22.468805+00:00,2026-10-03T02:17:22.468805+00:00,2026-10-03 05:10 (Local Time),AMARGETI,,,,,1,9,17.0,,18.3,16.9,5.7,1.9,,,101.0,,,,80.0,0.0,963.4,,2.932331,,
2026-10-03T02:10:00+00:00,2026-10-03T02:17:22.468805+00:00,2026-10-03T02:17:22.468805+00:00,2026-10-03 05:10 (Local Time),ASTROMERITIS,,,,,1,6,15.8,,,,9.4,2.7,,,174.0,,,,80.0,0.0,,,4.835774,,
2026-10-03T02:10:00+00:00,2026-10-03T02:17:22.468805+00:00,2026-10-03T02:17:22.468805+00:00,2026-10-03 05:10 (Local Time),ATHALASSA,,,,,1,11,13.2,11.1,18.0,12.8,2.5,0.7,,,225.0,,,,99.0,0.0,996.1,,1.28611,,"{""Atmospheric Pressure (Mean Sea Level)"": {""unit"": ""hPa"", ""value"": 1015.5}}"
2026-10-03T02:10:00+00:00,2026-10-03T02:17:22.468805+00:00,2026-10-03T02:17:22.468805+00:00,2026-10-03 05:10 (Local Time),ATHIENOU,,,,,1,9,16.3,14.0,18.4,15.6,3.3,1.1,,,177.0,,,,87.0,0.0,,,1.697665,,
2026-10-03T02:10:00+00:00,2026-10-03T02:17:22.468805+00:00,2026-10-03T02:17:22.468805+00:00,2026-10-03 05:10 (Local Time),AVDIMOU,,,,,1,11,17.0,14.6,17.8,16.3,2.0,0.5,3.0,5.0,317.0,,,,88.0,0.0,,,1.028888,,
2026-10-03T02:10:00+00:00,2026-10-03T02:17:22.468805+00:00,2026-10-03T02:17:22.468805+00:00,2026-10-03 05:10 (Local Time),CAVO_GRECO,,,,,1,9,17.8,,19.7,17.7,3.9,1.0,,,265.0,,,,84.0,0.0,1007.8,,2.006332,,
2026-10-03T02:10:00+00:00,2026-10-03T02:17:22.468805+00:00,2026-10-03T02:17:22.468805+00:00,2026-10-03 05:10 (Local Time),CHROMIO,,,,,1,9,6.8,,7.8,6.5,12.1,5.0,,,223.0,,,,96.0,0.0,,,6.224772,,"{""Snow Depth"": {""unit"": ""cm"", ""value"": 0.0}}"
2026-10-03T02:10:00+00:00,2026-10-03T02:17:22.468805+00:00,2026-10-03T02:17:22.468805+00:00,2026-10-03 05:10 (Local Time),CYTASAT,,,,,1,10,14.3,,18.0,14.2,0.0,0.5,,,302.0,,,,85.0,0.0,989.0,,0.0,,"{""Atmospheric Pressure (Mean Sea Level)"": {""unit"": ""hPa"", ""value"": 1016.5}}"
2026-10-03T02:10:00+00:00,2026-10-03T02:17:22.468805+00:00,2026-10-03T02:17:22.468805+00:00,2026-10-03 05:10 (Local Time),EPTAGONEIA,,,,,1,8,13.4,,15.2,11.3,3.7,0.4,,,333.0,,,,89.0,0.0,,,1.903443,,
2026-10-03T02:10:00+00:00,2026-10-03T02:17:22.468805+00:00,2026-10-03T02:17:22.468805+00:00,2026-10-03 05:10 (Local Time),FANEROMENI,,,,,1,4,17.4,,,,,,,,,,,,84.0,0.0,,,,,"{""Rain Intensity (10 min.)"": {""unit"": ""mm/min"", ""value"": 0.0}}"
2026-10-03T02:10:00+00:00,2026-10-03T02:17:22.468805+00:00,2026-10-03T02:17:22.468805+00:00,2026-10-03 05:10 (Local Time),FARMAKAS,,,,,1,10,14.3,,14.9,12.8,6.3,2.5,2.0,0.0,351.0,,,,81.0,0.0,,,3.240997,,
2026-10-03T02:10:00+00:00,2026-10-03T02:17:22.468805+00:00,2026-10-03T02:17:22.468805+00:00,2026-10-03 05:10 (Local Time),FRENAROS,,,,,1,11,17.6,14.8,20.5,16.7,1.8,0.4,,0.0,254.0,,,,88.0,0.0,1004.7,,0.925999,,
2026-10-03T02:10:00+00:00,2026-10-03T02:17:22.468805+00:00,2026-10-03T02:17:22.468805+00:00,2026-10-03 05:10 (Local Time),KALAVASOS,,,,,1,5,16.5,,19.2,16.4,,,,,,,,,85.0,0.0,,,,,
2026-10-03T02:10:00+00:00,2026-10-03T02:17:22.468805+00:00,2026-10-03T02:17:22.468805+00:00,2026-10-03 05:10 (Local Time),KALOPANAYIOTIS,,,,,1,9,12.3,,14.5,11.9,4.0,1.0,,0.0,171.0,,,,95.0,0.0,,,2.057776,,
2026-10-03T02:10:00+00:00,2026-10-03T02:17:22.468805+00:00,2026-10-03T02:17:22.468805+00:00,2026-10-03 05:10 (Local Time),KAMPOS,,,,,1,11,16.0,14.9,16.5,15.2,5.3,1.9,4.0,0.0,172.0,,,,78.0,0.0,,,2.726553,,
2026-10-03T02:10:00+00:00,2026-10-03T02:17:22.468805+00:00,2026-10-03T02:17:22.468805+00:00,2026-10-03 05:10 (Local Time),KANNAVIOU,,,,,1,6,16.4,,17.6,15.9,,2.4,,,,,,,85.0,0.0,,,,,
2026-10-03T02:10:00+00:00,2026-10-03T02:17:22.468805+00:00,2026-10-03T02:17:22.468805+00:00,2026-10-03 05:10 (Local Time),KATHIKAS,,,,,1,6,15.4,,16.4,15.2,,,,,,,,,91.0,0.2,,,,,"{""Accumulated Rainfall (24 hours)"": {""unit"": ""mm"", ""value"": 17.1}}"
2026-10-03T02:10:00+00:00,2026-10-03T02:17:22.468805+00:00,2026-10-03T02:17:22.468805+00:00,2026-10-03 05:10 (Local Time),KEPNIC,,,,,1,1,,,,,,,,,,,,,,0.0,,,,,
2026-10-03T02:10:00+00:00,2026-10-03T02:17:22.468805+00:00,2026-10-03T02:17:22.468805+00:00,2026-10-03 05:10 (Local Time),KILANI,,,,,1,7,12.8,,14.2,12.7,,1.1,,2.0,,,,,93.0,0.0,,,,,
2026-10-03T02:10:00+00:00,2026-10-03T02:17:22.468805+00:00,2026-10-03T02:17:22.468805+00:00,2026-10-03 05:10 (Local Time),KORNOS,,,,,1,3,16.8,,,,,,,,,,,,80.0,0.0,,,,,
2026-10-03T02:10:00+00:00,2026-10-03T02:17:22.468805+00:00,2026-10-03T02:17:22.468805+00:00,2026-10-03 05:10 (Local Time),KOURIS,,,,,1,8,17.0,,20.4,16.9,8.1,3.2,,,19.0,,,,79.0,0.0,,,4.166996,,
2026-10-03T02:10:00+00:00,2026-10-03T02:17:22.468805+00:00,2026-10-03T02:17:22.468805+00:00,2026-10-03 05:10 (Local Time),KPYRGOS,,,,,1,8,16.6,,18.4,16.4,4.5,1.5,,,155.0,,,,86.0,0.0,,,2.314998,,
2026-10-03T02:10:00+00:00,2026-10-03T02:17:22.468805+00:00,2026-10-03T02:17:22.468805+00:00,2026-10-03 05:10 (Local Time),KYPEROUNTA,,,,,1,6,10.0,,10.9,9.6,,1.6,,0.0,,,,,97.0,,,,,,
2026-10-03T02:10:00+00:00,2026-10-03T02:17:22.468805+00:00,2026-10-03T02:17:22.468805+00:00,2026-10-03 05:10 (Local Time),LCLK,,,,,1,9,16.0,,20.0,16.0,,0.5,,,,,,,84.0,0.0,,,,,"{""Atmospheric Pressure (QNH)"": {""unit"": ""hPa"", ""value"": 1014.9}, ""Wind Direction (10m) at Runway 22"": {""unit"": ""Degrees"", ""value"": 305.0}, ""Wind Speed (10m) at Runway 22"": {""unit"": ""Knots"", ""value"": 3.2}}"
2026-10-03T02:10:00+00:00,2026-10-03T02:17:22.468805+00:00,2026-10-03T02:17:22.468805+00:00,2026-10-03 05:10 (Local Time),LCPH,,,,,1,9,18.9,,23.3,18.8,,0.8,,,,,,,78.0,0.0,,,,,"{""Atmospheric Pressure (QNH)"": {""unit"": ""hPa"", ""value"": 1014.6}, ""Wind Direction (10m) at Runway 29"": {""unit"": ""Degrees"", ""value"": 38.0}, ""Wind Speed (10m) at Runway 29"": {""unit"": ""Knots"", ""value"": 5.3}}"
2026-10-03T02:10:00+00:00,2026-10-03T02:17:22.468805+00:00,2026-10-03T02:17:22.468805+00:00,2026-10-03 05:10 (Local Time),LEFKARA,,,,,1,6,14.0,,16.8,13.7,,0.4,,,,,,,89.0,0.0,,,,,
2026-10-03T02:10:00+00:00,2026-10-03T02:17:22.468805+00:00,2026-10-03T02:17:22.468805+00:00,2026-10-03 05:10 (Local Time),LEFKOSIA,,,,,1,7,14.0,,18.6,13.9,,1.0,,,,,,,93.0,0.0,,,,,"{""Accumulated Rainfall (24 hours)"": {""unit"": ""mm"", ""value"": 0.0}}"
2026-10-03T02:10:00+00:00,2026-10-03T02:17:22.468805+00:00,2026-10-03T02:17:22.468805+00:00,2026-10-03 05:10 (Local Time),LIMASSOL,,,,,1,10,17.3,,20.2,17.3,,0.5,,0.0,,,,,81.0,0.0,1013.7,,,,"{""Wind Direction (10m) at Port Gate"": {""unit"": ""Degrees"", ""value"": 351.0}, ""Wind Speed (10m) at Port Gate"": {""unit"": ""Knots"", ""value"": 2.5}}"
2026-10-03T02:10:00+00:00,2026-10-03T02:17:22.468805+00:00,2026-10-03T02:17:22.468805+00:00,2026-10-03 05:10 (Local Time),LINOU,,,,,1,9,15.0,,17.3,14.6,5.9,2.2,,,154.0,,,,82.0,0.0,967.8,,3.03522,,
2026-10-03T02:10:00+00:00,2026-10-03T02:17:22.468805+00:00,2026-10-03T02:17:22.468805+00:00,2026-10-03 05:10 (Local Time),LYSOS,,,,,1,7,13.6,,14.2,13.2,8.2,,,,156.0,,,,85.0,0.0,,,4.218441,,
2026-10-03T02:10:00+00:00,2026-10-03T02:17:22.468805+00:00,2026-10-03T02:17:22.468805+00:00,2026-10-03 05:10 (Local Time),MALLIA,,,,,1,10,12.4,11.3,14.6,12.3,1.1,0.7,,11.0,357.0,,,,95.0,0.0,,,0.565888,,
2026-10-03T02:10:00+00:00,2026-10-03T02:17:22.468805+00:00,2026-10-03T02:17:22.468805+00:00,2026-10-03 05:10 (Local Time),MAMMARI,,,,,1,10,15.3,,19.4,15.2,,1.4,,3.0,,,,,81.0,0.0,,,,,"{""Atmospheric Pressure (QNH)"": {""unit"": ""hPa"", ""value"": 1015.4}, ""Wind Direction (10m) at Runway 12"": {""unit"": ""Degrees"", ""value"": 160.0}, ""Wind Speed (10m) at Runway 12"": {""unit"": ""Knots"", ""value"": 3.3}}"
2026-10-03T02:10:00+00:00,2026-10-03T02:17:22.468805+00:00,2026-10-03T02:17:22.468805+00:00,2026-10-03 05:10 (Local Time),MATHIATIS,,,,,1,10,13.7,,15.8,12.8,1.0,0.5,4.0,0.0,356.0,,,,83.0,0.0,,,0.514444,,
2026-10-03T02:10:00+00:00,2026-10-03T02:17:22.468805+00:00,2026-10-03T02:17:22.468805+00:00,2026-10-03 05:10 (Local Time),PANAGIA_BRIDGE,,,,,1,6,11.6,12.0,14.3,11.4,,,,,,,,,96.0,0.0,,,,,
2026-10-03T02:10:00+00:00,2026-10-03T02:17:22.468805+00:00,2026-10-03T02:17:22.468805+00:00,2026-10-03 05:10 (Local Time),PAPHOS,,,,,1,8,18.9,,21.1,17.7,0.8,0.7,,,47.0,,,,75.0,0.0,,,0.411555,,
2026-10-03T02:10:00+00:00,2026-10-03T02:17:22.468805+00:00,2026-10-03T02:17:22.468805+00:00,2026-10-03 05:10 (Local Time),PAREKLISIA,,,,,1,7,16.3,,19.6,16.3,1.2,,,,45.0,,,,83.0,0.0,,,0.617333,,
2026-10-03T02:10:00+00:00,2026-10-03T02:17:22.468805+00:00,2026-10-03T02:17:22.468805+00:00,2026-10-03 05:10 (Local Time),PENTAKOMO,,,,,1,8,19.0,,21.6,18.7,7.7,2.1,,,305.0,,,,76.0,0.0,,,3.961219,,
2026-10-03T02:10:00+00:00,2026-10-03T02:17:22.468805+00:00,2026-10-03T02:17:22.468805+00:00,2026-10-03 05:10 (Local Time),PLATANIA,,,,,1,6,10.8,,11.0,9.3,,0.3,,,,,,,90.0,0.0,,,,,
2026-10-03T02:10:00+00:00,2026-10-03T02:17:22.468805+00:00,2026-10-03T02:17:22.468805+00:00,2026-10-03 05:10 (Local Time),POLIS,,,,,1,11,19.0,,19.8,18.3,5.6,1.4,4.0,,154.0,,,,80.0,0.0,1011.0,,2.880886,,"{""Atmospheric Pressure (Mean Sea Level)"": {""unit"": ""hPa"", ""value"": 1013.7}}"
2026-10-03T02:10:00+00:00,2026-10-03T02:17:22.468805+00:00,2026-10-03T02:17:22.468805+00:00,2026-10-03 05:10 (Local Time),POLYSTYPOS,,,,,1,8,12.5,,13.2,12.0,3.6,1.3,,,234.0,,,,83.0,0.0,,,1.851998,,
2026-10-03T02:10:00+00:00,2026-10-03T02:17:22.468805+00:00,2026-10-03T02:17:22.468805+00:00,2026-10-03 05:10 (Local Time),PRODROMOS,,,,,1,9,9.1,,10.4,8.7,5.7,2.2,,0.0,245.0,,,,94.0,0.0,,,2.932331,,
2026-10-03T02:10:00+00:00,2026-10-03T02:17:22.468805+00:00,2026-10-03T02:17:22.468805+00:00,2026-10-03 05:10 (Local Time),PYRGOS,,,,,1,5,15.2,,,,5.4,,,,209.3,,,,85.0,0.0,,,2.777998,,
2026-10-03T02:10:00+00:00,2026-10-03T02:17:22.468805+00:00,2026-10-03T02:17:22.468805+00:00,2026-10-03 05:10 (Local Time),SAITTAS,,,,,1,5,11.7,,14.0,11.2,,,,,,,,,90.0,0.0,,,,,
2026-10-03T02:10:00+00:00,2026-10-03T02:17:22.468805+00:00,2026-10-03T02:17:22.468805+00:00,2026-10-03 05:10 (Local Time),TAMASOS,,,,,1,9,13.9,13.7,17.0,13.5,2.7,0.4,,,187.0,,,,90.0,0.0,,,1.388999,,
2026-10-03T02:10:00+00:00,2026-10-03T02:17:22.468805+00:00,2026-10-03T02:17:22.468805+00:00,2026-10-03 05:10 (Local Time),TEPAK,,,,,1,9,17.3,,19.6,17.2,1.7,0.0,,,332.0,,,,77.0,0.0,,,0.874555,,"{""Accumulated Rainfall (24 hours)"": {""unit"": ""mm"", ""value"": 5.76}}"
2026-10-03T02:10:00+00:00,2026-10-03T02:17:22.468805+00:00,2026-10-03T02:17:22.468805+00:00,2026-10-03 05:10 (Local Time),TRIPILOS,,,,,1,7,10.2,,10.9,10.2,3.7,,,,201.0,,,,100.0,0.0,,,1.903443,,
2026-10-03T02:10:00+00:00,2026-10-03T02:17:22.468805+00:00,2026-10-03T02:17:22.468805+00:00,2026-10-03 05:10 (Local Time),TROODOS,,,,,1,9,7.9,,8.5,7.3,6.7,2.4,,,220.0,,,,99.0,0.0,827.1,,3.446775,,
2026-10-03T02:10:00+00:00,2026-10-03T02:17:22.468805+00:00,2026-10-03T02:17:22.468805+00:00,2026-10-03 05:10 (Local Time),VISITOR,,,,,1,7,13.8,,19.0,13.7,1.1,,,,229.0,,,,100.0,0.0,,,0.565888,,
2026-10-03T02:10:00+00:00,2026-10-03T02:17:22.468805+00:00,2026-10-03T02:17:22.468805+00:00,2026-10-03 05:10 (Local Time),XYLIATOS,,,,,1,8,14.3,,16.2,13.9,0.0,,,4.0,163.0,,,,78.0,0.0,,,0.0,,
2026-10-03T02:10:00+00:00,2026-10-03T02:17:22.468805+00:00,2026-10-03T02:17:22.468805+00:00,2026-10-03 05:10 (Local Time),XYLOPHAGOU,,,,,1,9,16.5,16.6,20.2,16.2,1.8,0.0,,,299.0,,,,90.0,0.0,,,0.925999,,
2026-10-03T02:10:00+00:00,2026-10-03T02:17:22.468805+00:00,2026-10-03T02:17:22.468805+00:00,2026-10-03 05:10 (Local Time),ZYGI,,,,,1,9,15.0,14.6,19.0,14.8,2.2,0.3,,,326.0,,,,92.0,0.0,,,1.131777,,
2026-10-03T08:10:00+00:00,2026-10-03T08:13:25.441907+00:00,2026-10-03T08:13:25.441907+00:00,2026-10-03 11:00 (Local Time),ACHNA,,,,,1,8,26.9,,27.8,14.2,4.4,1.8,,,159.0,,,,50.0,0.0,,,2.263554,,
2026-10-03T08:10:00+00:00,2026-10-03T08:13:25.441907+00:00,2026-10-03T08:13:25.441907+00:00,2026-10-03 11:00 (Local Time),AGROS,,,,,1,10,16.1,,17.8,11.0,3.7,1.4,624.0,583.0,206.0,,,,71.0,0.0,,,1.903443,,
2026-10-03T08:10:00+00:00,2026-10-03T08:13:25.441907+00:00,2026-10-03T08:13:25.441907+00:00,2026-10-03 11:00 (Local Time),AKAMAS,,,,,1,7,19.5,,19.6,17.2,10.8,,,,252.0,,,,81.0,0.0,,,5.555995,,
2026-10-03T08:10:00+00:00,2026-10-03T08:13:25.441907+00:00,2026-10-03T08:13:25.441907+00:00,2026-10-03 11:00 (Local Time),ALONOUDI,,,,,1,5,19.3,,20.7,13.6,,,,,,,,,85.0,0.11,,,,,
2026-10-03T08:10:00+00:00,2026-10-03T08:13:25.441907+00:00,2026-10-03T08:13:25.441907+00:00,2026-10-03 11:00 (Local Time),AMARGETI,,,,,1,9,21.1,,21.4,15.8,2.3,1.0,,,227.0,,,,77.0,0.0,965.9,,1.183221,,
2026-10-03T08:10:00+00:00,2026-10-03T08:13:25.441907+00:00,2026-10-03T08:13:25.441907+00:00,2026-10-03 11:00 (Local Time),ASTROMERITIS,,,,,1,6,23.3,,,,5.4,2.0,,,330.0,,,,56.0,0.0,,,2.777998,,
2026-10-03T08:10:00+00:00,2026-10-03T08:13:25.441907+00:00,2026-10-03T08:13:25.441907+00:00,2026-10-03 11:00 (Local Time),ATHALASSA,,,,,1,11,25.0,28.7,25.2,12.8,3.7,2.0,,,354.0,,,,43.0,0.0,998.0,,1.903443,,"{""Atmospheric Pressure (Mean Sea Level)"": {""unit"": ""hPa"", ""value"": 1016.6}}"
2026-10-03T08:10:00+00:00,2026-10-03T08:13:25.441907+00:00,2026-10-03T08:13:25.441907+00:00,2026-10-03 11:00 (Local Time),ATHIENOU,,,,,1,9,24.1,32.4,24.5,15.5,6.1,1.9,,,219.0,,,,57.0,0.0,,,3.138108,,
2026-10-03T08:10:00+00:00,2026-10-03T08:13:25.441907+00:00,2026-10-03T08:13:25.441907+00:00,2026-10-03 11:00 (Local Time),AVDIMOU,,,,,1,11,25.5,36.7,25.8,15.9,3.5,1.9,886.0,888.0,190.0,,,,50.0,0.0,,,1.800554,,
2026-10-03T08:10:00+00:00,2026-10-03T08:13:25.441907+00:00,2026-10-03T08:13:25.441907+00:00,2026-10-03 11:00 (Local Time),CAVO_GRECO,,,,,1,9,25.6,,25.6,17.7,6.4,2.4,,,220.0,,,,59.0,0.0,1009.9,,3.292442,,
2026-10-03T08:10:00+00:00,2026-10-03T08:13:25.441907+00:00,2026-10-03T08:13:25.441907+00:00,2026-10-03 11:00 (Local Time),CHROMIO,,,,,1,9,10.3,,10.6,6.5,1.4,0.9,,,244.0,,,,84.0,0.0,,,0.720222,,"{""Snow Depth"": {""unit"": ""cm"", ""value"": 0.0}}"
2026-10-03T08:10:00+00:00,2026-10-03T08:13:25.441907+00:00,2026-10-03T08:13:25.441907+00:00,2026-10-03 11:00 (Local Time),CYTASAT,,,,,1,10,24.8,,25.7,14.1,4.9,1.8,,,195.0,,,,51.0,0.0,990.9,,2.520776,,"{""Atmospheric Pressure (Mean Sea Level)"": {""unit"": ""hPa"", ""value"": 1017.4}}"
2026-10-03T08:10:00+00:00,2026-10-03T08:13:25.441907+00:00,2026-10-03T08:13:25.441907+00:00,2026-10-03 11:00 (Local Time),EPTAGONEIA,,,,,1,8,18.7,,21.5,11.3,6.5,1.5,,,226.0,,,,67.0,0.0,,,3.343886,,
2026-10-03T08:10:00+00:00,2026-10-03T08:13:25.441907+00:00,2026-10-03T08:13:25.441907+00:00,2026-10-03 11:00 (Local Time),FANEROMENI,,,,,1,4,27.2,,,,,,,,,,,,52.0,0.0,,,,,"{""Rain Intensity (10 min.)"": {""unit"": ""mm/min"", ""value"": 0.0}}"
2026-10-03T08:10:00+00:00,2026-10-03T08:13:25.441907+00:00,2026-10-03T08:13:25.441907+00:00,2026-10-03 11:00 (Local Time),FARMAKAS,,,,,1,10,20.5,,20.7,12.8,6.2,2.5,868.0,825.0,350.0,,,,58.0,0.0,,,3.189553,,
2026-10-03T08:10:00+00:00,2026-10-03T08:13:25.441907+00:00,2026-10-03T08:13:25.441907+00:00,2026-10-03 11:00 (Local Time),FRENAROS,,,,,1,11,24.8,25.8,25.5,16.7,6.8,2.9,,220.0,190.0,,,,59.0,0.0,1006.8,,3.498219,,
2026-10-03T08:10:00+00:00,2026-10-03T08:13:25.441907+00:00,2026-10-03T08:13:25.441907+00:00,2026-10-03 11:00 (Local Time),KALAVASOS,,,,,1,5,25.3,,27.2,15.7,,,,,,,,,52.0,0.0,,,,,
2026-10-03T08:10:00+00:00,2026-10-03T08:13:25.441907+00:00,2026-10-03T08:13:25.441907+00:00,2026-10-03 11:00 (Local Time),KALOPANAYIOTIS,,,,,1,9,22.5,,22.7,11.9,5.6,1.0,,380.0,160.0,,,,55.0,0.0,,,2.880886,,
2026-10-03T08:10:00+00:00,2026-10-03T08:13:25.441907+00:00,2026-10-03T08:13:25.441907+00:00,2026-10-03 11:00 (Local Time),KAMPOS,,,,,1,11,21.5,23.1,22.9,15.2,3.2,1.2,131.0,239.0,271.0,,,,58.0,0.0,,,1.646221,,
2026-10-03T08:10:00+00:00,2026-10-03T08:13:25.441907+00:00,2026-10-03T08:13:25.441907+00:00,2026-10-03 11:00 (Local Time),KANNAVIOU,,,,,1,6,20.8,,22.7,15.9,,3.5,,,,,,,69.0,1.5,,,,,
2026-10-03T08:10:00+00:00,2026-10-03T08:13:25.441907+00:00,2026-10-03T08:13:25.441907+00:00,2026-10-03 11:00 (Local Time),KATHIKAS,,,,,1,6,16.5,,19.9,15.1,,,,,,,,,91.0,0.1,,,,,"{""Accumulated Rainfall (24 hours)"": {""unit"": ""mm"", ""value"": 1.7}}"
2026-10-03T08:10:00+00:00,2026-10-03T08:13:25.441907+00:00,2026-10-03T08:13:25.441907+00:00,2026-10-03 11:00 (Local Time),KEPNIC,,,,,1,1,,,,,,,,,,,,,,0.0,,,,,
2026-10-03T08:10:00+00:00,2026-10-03T08:13:25.441907+00:00,2026-10-03T08:13:25.441907+00:00,2026-10-03 11:00 (Local Time),KILANI,,,,,1,7,18.7,,19.4,11.4,,2.0,,382.0,,,,,64.0,0.0,,,,,
2026-10-03T08:10:00+00:00,2026-10-03T08:13:25.441907+00:00,2026-10-03T08:13:25.441907+00:00,2026-10-03 11:00 (Local Time),KORNOS,,,,,1,3,25.0,,,,,,,,,,,,51.0,0.0,,,,,
2026-10-03T08:10:00+00:00,2026-10-03T08:13:25.441907+00:00,2026-10-03T08:13:25.441907+00:00,2026-10-03 11:00 (Local Time),KOURIS,,,,,1,8,22.7,,24.6,16.6,5.3,2.1,,,269.0,,,,57.0,0.0,,,2.726553,,
2026-10-03T08:10:00+00:00,2026-10-03T08:13:25.441907+00:00,2026-10-03T08:13:25.441907+00:00,2026-10-03 11:00 (Local Time),KPYRGOS,,,,,1,8,21.4,,25.1,16.3,7.2,2.4,,,218.0,,,,70.0,0.1,,,3.703997,,
2026-10-03T08:10:00+00:00,2026-10-03T08:13:25.441907+00:00,2026-10-03T08:13:25.441907+00:00,2026-10-03 11:00 (Local Time),KYPEROUNTA,,,,,1,6,13.7,,15.6,9.6,,1.4,,567.0,,,,,82.0,,,,,,
2026-10-03T08:10:00+00:00,2026-10-03T08:13:25.441907+00:00,2026-10-03T08:13:25.441907+00:00,2026-10-03 11:00 (Local Time),LCLK,,,,,1,9,26.3,,26.6,15.7,,3.8,,,,,,,54.0,0.0,,,,,"{""Atmospheric Pressure (QNH)"": {""unit"": ""hPa"", ""value"": 1017.0}, ""Wind Direction (10m) at Runway 22"": {""unit"": ""Degrees"", ""value"": 229.0}, ""Wind Speed (10m) at Runway 22"": {""unit"": ""Knots"", ""value"": 9.4}}"
2026-10-03T08:10:00+00:00,2026-10-03T08:13:25.441907+00:00,2026-10-03T08:13:25.441907+00:00,2026-10-03 11:00 (Local Time),LCPH,,,,,1,9,24.2,,25.4,18.8,,3.2,,,,,,,60.0,0.0,,,,,"{""Atmospheric Pressure (QNH)"": {""unit"": ""hPa"", ""value"": 1017.1}, ""Wind Direction (10m) at Runway 29"": {""unit"": ""Degrees"", ""value"": 262.0}, ""Wind Speed (10m) at Runway 29"": {""unit"": ""Knots"", ""value"": 9.1}}"
2026-10-03T08:10:00+00:00,2026-10-03T08:13:25.441907+00:00,2026-10-03T08:13:25.441907+00:00,2026-10-03 11:00 (Local Time),LEFKARA,,,,,1,6,26.4,,26.8,13.3,,0.8,,,,,,,45.0,0.0,,,,,
2026-10-03T08:10:00+00:00,2026-10-03T08:13:25.441907+00:00,2026-10-03T08:13:25.441907+00:00,2026-10-03 11:00 (Local Time),LEFKOSIA,,,,,1,7,25.2,,26.5,13.6,,0.8,,,,,,,46.0,0.0,,,,,"{""Accumulated Rainfall (24 hours)"": {""unit"": ""mm"", ""value"": 0.0}}"
2026-10-03T08:10:00+00:00,2026-10-03T08:13:25.441907+00:00,2026-10-03T08:13:25.441907+00:00,2026-10-03 11:00 (Local Time),LIMASSOL,,,,,1,10,25.2,,25.4,17.2,,3.1,,730.0,,,,,59.0,0.0,1015.9,,,,"{""Wind Direction (10m) at Port Gate"": {""unit"": ""Degrees"", ""value"": 272.0}, ""Wind Speed (10m) at Port Gate"": {""unit"": ""Knots"", ""value"": 8.4}}"
2026-10-03T08:10:00+00:00,2026-10-03T08:13:25.441907+00:00,2026-10-03T08:13:25.441907+00:00,2026-10-03 11:00 (Local Time),LINOU,,,,,1,9,21.8,,23.9,14.6,5.4,2.5,,,39.0,,,,65.0,0.0,970.2,,2.777998,,
2026-10-03T08:10:00+00:00,2026-10-03T08:13:25.441907+00:00,2026-10-03T08:13:25.441907+00:00,2026-10-03 11:00 (Local Time),LYSOS,,,,,1,7,14.0,,21.1,13.2,3.5,,,,39.0,,,,88.0,0.0,,,1.800554,,
2026-10-03T08:10:00+00:00,2026-10-03T08:13:25.441907+00:00,2026-10-03T08:13:25.441907+00:00,2026-10-03 11:00 (Local Time),MALLIA,,,,,1,10,20.9,23.1,22.8,12.1,5.5,1.5,,758.0,222.0,,,,63.0,0.0,,,2.829442,,
2026-10-03T08:10:00+00:00,2026-10-03T08:13:25.441907+00:00,2026-10-03T08:13:25.441907+00:00,2026-10-03 11:00 (Local Time),MAMMARI,,,,,1,10,25.5,,25.7,15.0,,2.5,,765.0,,,,,44.0,0.0,,,,,"{""Atmospheric Pressure (QNH)"": {""unit"": ""hPa"", ""value"": 1017.6}, ""Wind Direction (10m) at Runway 12"": {""unit"": ""Degrees"", ""value"": 359.0}, ""Wind Speed (10m) at Runway 12"": {""unit"": ""Knots"", ""value"": 6.5}}"
2026-10-03T08:10:00+00:00,2026-10-03T08:13:25.441907+00:00,2026-10-03T08:13:25.441907+00:00,2026-10-03 11:00 (Local Time),MATHIATIS,,,,,1,10,22.9,,23.5,12.8,4.0,0.9,288.0,403.0,192.0,,,,50.0,0.0,,,2.057776,,
2026-10-03T08:10:00+00:00,2026-10-03T08:13:25.441907+00:00,2026-10-03T08:13:25.441907+00:00,2026-10-03 11:00 (Local Time),PANAGIA_BRIDGE,,,,,1,6,21.0,22.3,22.1,11.4,,,,,,,,,59.0,0.0,,,,,
2026-10-03T08:10:00+00:00,2026-10-03T08:13:25.441907+00:00,2026-10-03T08:13:25.441907+00:00,2026-10-03 11:00 (Local Time),PAPHOS,,,,,1,8,22.7,,24.7,16.8,4.5,1.8,,,249.0,,,,68.0,0.0,,,2.314998,,
2026-10-03T08:10:00+00:00,2026-10-03T08:13:25.441907+00:00,2026-10-03T08:13:25.441907+00:00,2026-10-03 11:00 (Local Time),PAREKLISIA,,,,,1,7,28.1,,28.4,16.2,2.9,,,,223.0,,,,49.0,0.0,,,1.491888,,
2026-10-03T08:10:00+00:00,2026-10-03T08:13:25.441907+00:00,2026-10-03T08:13:25.441907+00:00,2026-10-03 11:00 (Local Time),PENTAKOMO,,,,,1,8,25.0,,25.3,18.7,8.0,3.4,,,233.0,,,,59.0,0.0,,,4.115552,,
2026-10-03T08:10:00+00:00,2026-10-03T08:13:25.441907+00:00,2026-10-03T08:13:25.441907+00:00,2026-10-03 11:00 (Local Time),PLATANIA,,,,,1,6,17.8,,18.1,9.3,,0.4,,,,,,,64.0,0.0,,,,,
2026-10-03T08:10:00+00:00,2026-10-03T08:13:25.441907+00:00,2026-10-03T08:13:25.441907+00:00,2026-10-03 11:00 (Local Time),POLIS,,,,,1,11,18.1,,23.9,17.1,6.8,2.3,24.0,,113.0,,,,93.0,0.11,1014.0,,3.498219,,"{""Atmospheric Pressure (Mean Sea Level)"": {""unit"": ""hPa"", ""value"": 1016.7}}"
2026-10-03T08:10:00+00:00,2026-10-03T08:13:25.441907+00:00,2026-10-03T08:13:25.441907+00:00,2026-10-03 11:00 (Local Time),POLYSTYPOS,,,,,1,8,15.1,,17.1,12.0,3.2,1.2,,,228.0,,,,72.0,0.0,,,1.646221,,
2026-10-03T08:10:00+00:00,2026-10-03T08:13:25.441907+00:00,2026-10-03T08:13:25.441907+00:00,2026-10-03 11:00 (Local Time),PRODROMOS,,,,,1,9,11.3,,12.3,8.7,2.2,0.8,,499.0,260.0,,,,98.0,0.0,,,1.131777,,
2026-10-03T08:10:00+00:00,2026-10-03T08:13:25.441907+00:00,2026-10-03T08:13:25.441907+00:00,2026-10-03 11:00 (Local Time),PYRGOS,,,,,1,5,14.3,,,,9.5,,,,208.7,,,,95.0,0.2,,,4.887218,,
2026-10-03T08:10:00+00:00,2026-10-03T08:13:25.441907+00:00,2026-10-03T08:13:25.441907+00:00,2026-10-03 11:00 (Local Time),SAITTAS,,,,,1,5,21.2,,22.2,11.2,,,,,,,,,60.0,0.0,,,,,
2026-10-03T08:10:00+00:00,2026-10-03T08:13:25.441907+00:00,2026-10-03T08:13:25.441907+00:00,2026-10-03 11:00 (Local Time),TAMASOS,,,,,1,9,22.5,26.0,23.1,13.2,3.9,1.3,,,346.0,,,,51.0,0.0,,,2.006332,,
2026-10-03T08:10:00+00:00,2026-10-03T08:13:25.441907+00:00,2026-10-03T08:13:25.441907+00:00,2026-10-03 11:00 (Local Time),TEPAK,,,,,1,9,26.1,,26.2,17.2,1.4,1.2,,,234.0,,,,51.0,0.0,,,0.720222,,"{""Accumulated Rainfall (24 hours)"": {""unit"": ""mm"", ""value"": 0.0}}"
2026-10-03T08:10:00+00:00,2026-10-03T08:13:25.441907+00:00,2026-10-03T08:13:25.441907+00:00,2026-10-03 11:00 (Local Time),TRIPILOS,,,,,1,7,15.2,,15.6,10.2,2.5,,,,239.0,,,,84.0,0.0,,,1.28611,,
2026-10-03T08:10:00+00:00,2026-10-03T08:13:25.441907+00:00,2026-10-03T08:13:25.441907+00:00,2026-10-03 11:00 (Local Time),TROODOS,,,,,1,9,11.9,,12.2,7.3,4.7,1.5,,,200.0,,,,79.0,0.0,829.5,,2.417887,,
2026-10-03T08:10:00+00:00,2026-10-03T08:13:25.441907+00:00,2026-10-03T08:13:25.441907+00:00,2026-10-03 11:00 (Local Time),VISITOR,,,,,1,7,25.7,,26.1,13.2,1.1,,,,332.0,,,,45.0,0.0,,,0.565888,,
2026-10-03T08:10:00+00:00,2026-10-03T08:13:25.441907+00:00,2026-10-03T08:13:25.441907+00:00,2026-10-03 11:00 (Local Time),XYLIATOS,,,,,1,8,19.4,,22.0,13.9,2.7,,,380.0,346.0,,,,60.0,0.0,,,1.388999,,
2026-10-03T08:10:00+00:00,2026-10-03T08:13:25.441907+00:00,2026-10-03T08:13:25.441907+00:00,2026-10-03 11:00 (Local Time),XYLOPHAGOU,,,,,1,9,26.0,34.3,26.1,16.2,6.1,2.0,,,175.0,,,,59.0,0.0,,,3.138108,,
2026-10-03T08:10:00+00:00,2026-10-03T08:13:25.441907+00:00,2026-10-03T08:13:25.441907+00:00,2026-10-03 11:00 (Local Time),ZYGI,,,,,1,9,26.4,34.9,26.6,14.7,2.5,1.6,,,228.0,,,,53.0,0.0,,,1.28611,,
2026-10-03T13:20:00+00:00,2026-10-03T13:23:38.951406+00:00,2026-10-03T13:23:38.951406+00:00,2026-10-03 16:10 (Local Time),ACHNA,,,,,1,8,24.8,,28.8,14.2,2.0,0.5,,,68.0,,,,53.0,0.0,,,1.028888,,
2026-10-03T13:20:00+00:00,2026-10-03T13:23:38.951406+00:00,2026-10-03T13:23:38.951406+00:00,2026-10-03 16:10 (Local Time),AGROS,,,,,1,10,18.1,,22.0,11.0,4.0,1.6,57.0,135.0,161.0,,,,66.0,0.0,,,2.057776,,
2026-10-03T13:20:00+00:00,2026-10-03T13:23:38.951406+00:00,2026-10-03T13:23:38.951406+00:00,2026-10-03 16:10 (Local Time),AKAMAS,,,,,1,7,24.9,,25.3,17.2,2.4,,,,166.0,,,,54.0,0.0,,,1.234666,,
2026-10-03T13:20:00+00:00,2026-10-03T13:23:38.951406+00:00,2026-10-03T13:23:38.951406+00:00,2026-10-03 16:10 (Local Time),ALONOUDI,,,,,1,5,21.6,,23.9,13.6,,,,,,,,,59.0,0.0,,,,,
2026-10-03T13:20:00+00:00,2026-10-03T13:23:38.951406+00:00,2026-10-03T13:23:38.951406+00:00,2026-10-03 16:10 (Local Time),AMARGETI,,,,,1,9,24.5,,25.5,15.8,4.3,1.4,,,243.0,,,,50.0,0.0,965.6,,2.212109,,
2026-10-03T13:20:00+00:00,2026-10-03T13:23:38.951406+00:00,2026-10-03T13:23:38.951406+00:00,2026-10-03 16:10 (Local Time),ASTROMERITIS,,,,,1,6,24.2,,,,3.0,1.5,,,32.0,,,,55.0,0.0,,,1.543332,,
2026-10-03T13:20:00+00:00,2026-10-03T13:23:38.951406+00:00,2026-10-03T13:23:38.951406+00:00,2026-10-03 16:10 (Local Time),ATHALASSA,,,,,1,11,25.0,25.3,26.6,12.8,3.6,1.9,,,48.0,,,,47.0,0.0,998.3,,1.851998,,"{""Atmospheric Pressure (Mean Sea Level)"": {""unit"": ""hPa"", ""value"": 1017.0}}"
2026-10-03T13:20:00+00:00,2026-10-03T13:23:38.951406+00:00,2026-10-03T13:23:38.951406+00:00,2026-10-03 16:10 (Local Time),ATHIENOU,,,,,1,9,23.2,24.4,26.4,15.5,5.6,1.6,,,84.0,,,,64.0,0.0,,,2.880886,,
2026-10-03T13:20:00+00:00,2026-10-03T13:23:38.951406+00:00,2026-10-03T13:23:38.951406+00:00,2026-10-03 16:10 (Local Time),AVDIMOU,,,,,1,11,25.8,32.0,27.9,15.9,4.8,2.0,319.0,276.0,217.0,,,,48.0,0.0,,,2.469331,,
2026-10-03T13:20:00+00:00,2026-10-03T13:23:38.951406+00:00,2026-10-03T13:23:38.951406+00:00,2026-10-03 16:10 (Local Time),CAVO_GRECO,,,,,1,9,23.5,,27.2,17.7,4.3,1.6,,,40.0,,,,63.0,0.0,1010.4,,2.212109,,
2026-10-03T13:20:00+00:00,2026-10-03T13:23:38.951406+00:00,2026-10-03T13:23:38.951406+00:00,2026-10-03 16:10 (Local Time),CHROMIO,,,,,1,9,11.3,,13.3,6.5,2.3,0.9,,,193.0,,,,81.0,0.0,,,1.183221,,"{""Snow Depth"": {""unit"": ""cm"", ""value"": 0.0}}"
2026-10-03T13:20:00+00:00,2026-10-03T13:23:38.951406+00:00,2026-10-03T13:23:38.951406+00:00,2026-10-03 16:10 (Local Time),CYTASAT,,,,,1,10,22.5,,27.6,14.1,3.5,1.1,,,81.0,,,,59.0,0.0,991.4,,1.800554,,"{""Atmospheric Pressure (Mean Sea Level)"": {""unit"": ""hPa"", ""value"": 1018.1}}"
2026-10-03T13:20:00+00:00,2026-10-03T13:23:38.951406+00:00,2026-10-03T13:23:38.951406+00:00,2026-10-03 16:10 (Local Time),EPTAGONEIA,,,,,1,8,23.4,,25.3,11.3,8.6,2.9,,,250.0,,,,53.0,0.0,,,4.424218,,
2026-10-03T13:20:00+00:00,2026-10-03T13:23:38.951406+00:00,2026-10-03T13:23:38.951406+00:00,2026-10-03 16:10 (Local Time),FANEROMENI,,,,,1,4,25.1,,,,,,,,,,,,66.0,0.0,,,,,"{""Rain Intensity (10 min.)"": {""unit"": ""mm/min"", ""value"": 0.0}}"
2026-10-03T13:20:00+00:00,2026-10-03T13:23:38.951406+00:00,2026-10-03T13:23:38.951406+00:00,2026-10-03 16:10 (Local Time),FARMAKAS,,,,,1,10,19.5,,24.5,12.8,6.2,0.9,228.0,192.0,350.0,,,,63.0,0.0,,,3.189553,,
2026-10-03T13:20:00+00:00,2026-10-03T13:23:38.951406+00:00,2026-10-03T13:23:38.951406+00:00,2026-10-03 16:10 (Local Time),FRENAROS,,,,,1,11,25.3,29.0,27.9,16.7,5.3,2.4,,425.0,49.0,,,,62.0,0.0,1007.2,,2.726553,,
2026-10-03T13:20:00+00:00,2026-10-03T13:23:38.951406+00:00,2026-10-03T13:23:38.951406+00:00,2026-10-03 16:10 (Local Time),KALAVASOS,,,,,1,5,28.0,,29.5,15.7,,,,,,,,,48.0,0.0,,,,,
2026-10-03T13:20:00+00:00,2026-10-03T13:23:38.951406+00:00,2026-10-03T13:23:38.951406+00:00,2026-10-03 16:10 (Local Time),KALOPANAYIOTIS,,,,,1,9,20.5,,23.8,11.9,3.7,0.8,,51.0,12.0,,,,71.0,0.0,,,1.903443,,
2026-10-03T13:20:00+00:00,2026-10-03T13:23:38.951406+00:00,2026-10-03T13:23:38.951406+00:00,2026-10-03 16:10 (Local Time),KAMPOS,,,,,1,11,20.5,22.0,22.9,15.2,3.2,1.7,805.0,561.0,117.0,,,,71.0,0.0,,,1.646221,,
2026-10-03T13:20:00+00:00,2026-10-03T13:23:38.951406+00:00,2026-10-03T13:23:38.951406+00:00,,KANNAVIOU,,,,,0,0,,,,,,,,,,,,,,,,,,,
2026-10-03T13:20:00+00:00,2026-10-03T13:23:38.951406+00:00,2026-10-03T13:23:38.951406+00:00,2026-10-03 16:10 (Local Time),KATHIKAS,,,,,1,6,20.9,,23.7,15.1,,,,,,,,,71.0,0.0,,,,,"{""Accumulated Rainfall (24 hours)"": {""unit"": ""mm"", ""value"": 1.7}}"
2026-10-03T13:20:00+00:00,2026-10-03T13:23:38.951406+00:00,2026-10-03T13:23:38.951406+00:00,2026-10-03 16:10 (Local Time),KEPNIC,,,,,1,1,,,,,,,,,,,,,,0.0,,,,,
2026-10-03T13:20:00+00:00,2026-10-03T13:23:38.951406+00:00,2026-10-03T13:23:38.951406+00:00,2026-10-03 16:10 (Local Time),KILANI,,,,,1,7,18.9,,21.6,11.4,,2.0,,474.0,,,,,66.0,0.0,,,,,
2026-10-03T13:20:00+00:00,2026-10-03T13:23:38.951406+00:00,2026-10-03T13:23:38.951406+00:00,2026-10-03 16:10 (Local Time),KORNOS,,,,,1,3,22.3,,,,,,,,,,,,64.0,0.0,,,,,
2026-10-03T13:20:00+00:00,2026-10-03T13:23:38.951406+00:00,2026-10-03T13:23:38.951406+00:00,2026-10-03 16:10 (Local Time),KOURIS,,,,,1,8,25.5,,27.2,16.6,6.0,1.2,,,214.0,,,,51.0,0.0,,,3.086664,,
2026-10-03T13:20:00+00:00,2026-10-03T13:23:38.951406+00:00,2026-10-03T13:23:38.951406+00:00,2026-10-03 16:10 (Local Time),KPYRGOS,,,,,1,8,24.7,,25.1,16.3,4.2,1.9,,,52.0,,,,55.0,0.0,,,2.160665,,
2026-10-03T13:20:00+00:00,2026-10-03T13:23:38.951406+00:00,2026-10-03T13:23:38.951406+00:00,2026-10-03 16:10 (Local Time),KYPEROUNTA,,,,,1,6,15.7,,18.4,9.6,,1.2,,410.0,,,,,71.0,,,,,,
2026-10-03T13:20:00+00:00,2026-10-03T13:23:38.951406+00:00,2026-10-03T13:23:38.951406+00:00,2026-10-03 16:10 (Local Time),LCLK,,,,,1,9,25.0,,28.7,15.7,,1.7,,,,,,,64.0,0.0,,,,,"{""Atmospheric Pressure (QNH)"": {""unit"": ""hPa"", ""value"": 1017.4}, ""Wind Direction (10m) at Runway 22"": {""unit"": ""Degrees"", ""value"": 30.0}, ""Wind Speed (10m) at Runway 22"": {""unit"": ""Knots"", ""value"": 3.8}}"
2026-10-03T13:20:00+00:00,2026-10-03T13:23:38.951406+00:00,2026-10-03T13:23:38.951406+00:00,2026-10-03 16:10 (Local Time),LCPH,,,,,1,9,25.4,,26.5,18.8,,1.6,,,,,,,51.0,0.0,,,,,"{""Atmospheric Pressure (QNH)"": {""unit"": ""hPa"", ""value"": 1016.8}, ""Wind Direction (10m) at Runway 29"": {""unit"": ""Degrees"", ""value"": 257.0}, ""Wind Speed (10m) at Runway 29"": {""unit"": ""Knots"", ""value"": 4.9}}"
2026-10-03T13:20:00+00:00,2026-10-03T13:23:38.951406+00:00,2026-10-03T13:23:38.951406+00:00,2026-10-03 16:10 (Local Time),LEFKARA,,,,,1,6,22.5,,28.1,13.3,,0.3,,,,,,,56.0,0.0,,,,,
2026-10-03T13:20:00+00:00,2026-10-03T13:23:38.951406+00:00,2026-10-03T13:23:38.951406+00:00,2026-10-03 16:10 (Local Time),LEFKOSIA,,,,,1,7,23.8,,27.1,13.6,,0.7,,,,,,,51.0,0.0,,,,,"{""Accumulated Rainfall (24 hours)"": {""unit"": ""mm"", ""value"": 0.0}}"
2026-10-03T13:20:00+00:00,2026-10-03T13:23:38.951406+00:00,2026-10-03T13:23:38.951406+00:00,2026-10-03 16:10 (Local Time),LIMASSOL,,,,,1,10,26.9,,27.2,17.2,,2.9,,555.0,,,,,55.0,0.0,1016.0,,,,"{""Wind Direction (10m) at Port Gate"": {""unit"": ""Degrees"", ""value"": 250.0}, ""Wind Speed (10m) at Port Gate"": {""unit"": ""Knots"", ""value"": 7.5}}"
2026-10-03T13:20:00+00:00,2026-10-03T13:23:38.951406+00:00,2026-10-03T13:23:38.951406+00:00,2026-10-03 16:10 (Local Time),LINOU,,,,,1,9,21.3,,24.3,14.6,4.1,2.2,,,22.0,,,,65.0,0.0,970.2,,2.10922,,
2026-10-03T13:20:00+00:00,2026-10-03T13:23:38.951406+00:00,2026-10-03T13:23:38.951406+00:00,2026-10-03 16:10 (Local Time),LYSOS,,,,,1,7,24.2,,24.6,13.2,2.4,,,,333.0,,,,57.0,0.0,,,1.234666,,
2026-10-03T13:20:00+00:00,2026-10-03T13:23:38.951406+00:00,2026-10-03T13:23:38.951406+00:00,2026-10-03 16:10 (Local Time),MALLIA,,,,,1,10,22.0,27.4,24.7,12.1,7.5,1.7,,553.0,202.0,,,,53.0,0.0,,,3.85833,,
2026-10-03T13:20:00+00:00,2026-10-03T13:23:38.951406+00:00,2026-10-03T13:23:38.951406+00:00,2026-10-03 16:10 (Local Time),MAMMARI,,,,,1,10,24.7,,26.4,15.0,,1.4,,403.0,,,,,51.0,0.0,,,,,"{""Atmospheric Pressure (QNH)"": {""unit"": ""hPa"", ""value"": 1017.9}, ""Wind Direction (10m) at Runway 12"": {""unit"": ""Degrees"", ""value"": 308.0}, ""Wind Speed (10m) at Runway 12"": {""unit"": ""Knots"", ""value"": 2.3}}"
2026-10-03T13:20:00+00:00,2026-10-03T13:23:38.951406+00:00,2026-10-03T13:23:38.951406+00:00,2026-10-03 16:10 (Local Time),MATHIATIS,,,,,1,10,21.3,,25.4,12.8,2.5,0.6,4.0,83.0,107.0,,,,58.0,0.0,,,1.28611,,
2026-10-03T13:20:00+00:00,2026-10-03T13:23:38.951406+00:00,2026-10-03T13:23:38.951406+00:00,2026-10-03 16:10 (Local Time),PANAGIA_BRIDGE,,,,,1,6,22.1,24.1,23.5,11.4,,,,,,,,,61.0,0.0,,,,,
2026-10-03T13:20:00+00:00,2026-10-03T13:23:38.951406+00:00,2026-10-03T13:23:38.951406+00:00,2026-10-03 16:10 (Local Time),PAPHOS,,,,,1,8,25.4,,25.9,16.8,2.5,1.4,,,252.0,,,,50.0,0.0,,,1.28611,,
2026-10-03T13:20:00+00:00,2026-10-03T13:23:38.951406+00:00,2026-10-03T13:23:38.951406+00:00,2026-10-03 16:10 (Local Time),PAREKLISIA,,,,,1,7,25.5,,29.7,16.2,2.4,,,,210.0,,,,55.0,0.0,,,1.234666,,
2026-10-03T13:20:00+00:00,2026-10-03T13:23:38.951406+00:00,2026-10-03T13:23:38.951406+00:00,2026-10-03 16:10 (Local Time),PENTAKOMO,,,,,1,8,26.3,,27.0,18.7,7.8,3.2,,,211.0,,,,53.0,0.0,,,4.012663,,
2026-10-03T13:20:00+00:00,2026-10-03T13:23:38.951406+00:00,2026-10-03T13:23:38.951406+00:00,2026-10-03 16:10 (Local Time),PLATANIA,,,,,1,6,14.7,,18.9,9.3,,0.2,,,,,,,86.0,0.0,,,,,
2026-10-03T13:20:00+00:00,2026-10-03T13:23:38.951406+00:00,2026-10-03T13:23:38.951406+00:00,2026-10-03 16:10 (Local Time),POLIS,,,,,1,11,24.5,,25.9,17.1,3.7,1.8,978.0,,269.0,,,,59.0,0.0,1013.2,,1.903443,,"{""Atmospheric Pressure (Mean Sea Level)"": {""unit"": ""hPa"", ""value"": 1015.9}}"
2026-10-03T13:20:00+00:00,2026-10-03T13:23:38.951406+00:00,2026-10-03T13:23:38.951406+00:00,2026-10-03 16:10 (Local Time),POLYSTYPOS,,,,,1,8,17.7,,19.2,12.0,0.8,0.8,,,178.0,,,,59.0,0.0,,,0.411555,,
2026-10-03T13:20:00+00:00,2026-10-03T13:23:38.951406+00:00,2026-10-03T13:23:38.951406+00:00,2026-10-03 16:10 (Local Time),PRODROMOS,,,,,1,9,13.8,,17.1,8.7,2.6,0.9,,117.0,266.0,,,,80.0,0.0,,,1.337554,,
2026-10-03T13:20:00+00:00,2026-10-03T13:23:38.951406+00:00,2026-10-03T13:23:38.951406+00:00,2026-10-03 16:10 (Local Time),PYRGOS,,,,,1,5,21.1,,,,2.4,,,,41.0,,,,68.0,0.0,,,1.234666,,
2026-10-03T13:20:00+00:00,2026-10-03T13:23:38.951406+00:00,2026-10-03T13:23:38.951406+00:00,2026-10-03 16:10 (Local Time),SAITTAS,,,,,1,5,22.0,,25.0,11.2,,,,,,,,,57.0,0.0,,,,,
2026-10-03T13:20:00+00:00,2026-10-03T13:23:38.951406+00:00,2026-10-03T13:23:38.951406+00:00,2026-10-03 16:10 (Local Time),TAMASOS,,,,,1,9,22.0,23.4,24.2,13.2,0.0,0.2,,,87.0,,,,54.0,0.0,,,0.0,,
2026-10-03T13:20:00+00:00,2026-10-03T13:23:38.951406+00:00,2026-10-03T13:23:38.951406+00:00,2026-10-03 16:10 (Local Time),TEPAK,,,,,1,9,26.2,,28.0,17.2,3.2,1.1,,,255.0,,,,47.0,0.0,,,1.646221,,"{""Accumulated Rainfall (24 hours)"": {""unit"": ""mm"", ""value"": 0.0}}"
2026-10-03T13:20:00+00:00,2026-10-03T13:23:38.951406+00:00,2026-10-03T13:23:38.951406+00:00,2026-10-03 16:10 (Local Time),TRIPILOS,,,,,1,7,16.5,,18.7,10.2,2.4,,,,239.0,,,,76.0,0.0,,,1.234666,,
2026-10-03T13:20:00+00:00,2026-10-03T13:23:38.951406+00:00,2026-10-03T13:23:38.951406+00:00,2026-10-03 16:10 (Local Time),TROODOS,,,,,1,9,11.3,,14.3,7.3,3.6,1.7,,,200.0,,,,87.0,0.0,830.1,,1.851998,,
2026-10-03T13:20:00+00:00,2026-10-03T13:23:38.951406+00:00,2026-10-03T13:23:38.951406+00:00,2026-10-03 16:10 (Local Time),VISITOR,,,,,1,7,25.6,,27.0,13.2,3.1,,,,39.0,,,,49.0,0.0,,,1.594776,,
2026-10-03T13:20:00+00:00,2026-10-03T13:23:38.951406+00:00,2026-10-03T13:23:38.951406+00:00,2026-10-03 16:10 (Local Time),XYLIATOS,,,,,1,8,19.6,,22.8,13.9,3.0,,,138.0,5.0,,,,64.0,0.0,,,1.543332,,
2026-10-03T13:20:00+00:00,2026-10-03T13:23:38.951406+00:00,2026-10-03T13:23:38.951406+00:00,2026-10-03 16:10 (Local Time),XYLOPHAGOU,,,,,1,9,25.9,32.2,27.9,16.2,4.4,1.2,,,123.0,,,,56.0,0.0,,,2.263554,,
2026-10-03T13:20:00+00:00,2026-10-03T13:23:38.951406+00:00,2026-10-03T13:23:38.951406+00:00,2026-10-03 16:10 (Local Time),ZYGI,,,,,1,9,26.0,27.4,28.1,14.7,3.2,1.5,,,220.0,,,,48.0,0.0,,,1.646221,,
2026-10-03T17:20:00+00:00,2026-10-03T17:27:30.912373+00:00,2026-10-03T17:27:30.912373+00:00,2026-10-03 20:20 (Local Time),ACHNA,,,,,1,8,20.9,,28.8,14.2,1.5,0.3,,,293.0,,,,70.0,0.0,,,0.771666,,
2026-10-03T17:20:00+00:00,2026-10-03T17:27:30.912373+00:00,2026-10-03T17:27:30.912373+00:00,2026-10-03 20:20 (Local Time),AGROS,,,,,1,10,13.8,,22.0,11.0,0.8,0.2,3.0,0.0,320.0,,,,86.0,0.0,,,0.411555,,
2026-10-03T17:20:00+00:00,2026-10-03T17:27:30.912373+00:00,2026-10-03T17:27:30.912373+00:00,2026-10-03 20:20 (Local Time),AKAMAS,,,,,1,7,19.1,,25.6,17.2,5.6,,,,29.0,,,,74.0,0.0,,,2.880886,,
2026-10-03T17:20:00+00:00,2026-10-03T17:27:30.912373+00:00,2026-10-03T17:27:30.912373+00:00,2026-10-03 20:20 (Local Time),ALONOUDI,,,,,1,5,16.6,,23.9,13.6,,,,,,,,,87.0,0.0,,,,,
2026-10-03T17:20:00+00:00,2026-10-03T17:27:30.912373+00:00,2026-10-03T17:27:30.912373+00:00,2026-10-03 20:20 (Local Time),AMARGETI,,,,,1,9,18.6,,25.5,15.8,5.0,1.7,,,114.0,,,,71.0,0.0,966.7,,2.57222,,
2026-10-03T17:20:00+00:00,2026-10-03T17:27:30.912373+00:00,2026-10-03T17:27:30.912373+00:00,2026-10-03 20:20 (Local Time),ASTROMERITIS,,,,,1,6,19.6,,,,2.4,1.0,,,220.0,,,,79.0,0.0,,,1.234666,,
2026-10-03T17:20:00+00:00,2026-10-03T17:27:30.912373+00:00,2026-10-03T17:27:30.912373+00:00,2026-10-03 20:20 (Local Time),ATHALASSA,,,,,1,11,20.4,17.6,26.6,12.8,1.4,0.7,,,66.0,,,,71.0,0.0,999.4,,0.720222,,"{""Atmospheric Pressure (Mean Sea Level)"": {""unit"": ""hPa"", ""value"": 1018.4}}"
2026-10-03T17:20:00+00:00,2026-10-03T17:27:30.912373+00:00,2026-10-03T17:27:30.912373+00:00,2026-10-03 20:20 (Local Time),ATHIENOU,,,,,1,9,19.4,16.8,26.4,15.5,2.6,0.9,,,147.0,,,,81.0,0.0,,,1.337554,,
2026-10-03T17:20:00+00:00,2026-10-03T17:27:30.912373+00:00,2026-10-03T17:27:30.912373+00:00,2026-10-03 20:20 (Local Time),AVDIMOU,,,,,1,11,19.0,16.7,27.9,15.9,0.9,0.1,3.0,4.0,302.0,,,,78.0,0.0,,,0.463,,
2026-10-03T17:20:00+00:00,2026-10-03T17:27:30.912373+00:00,2026-10-03T17:27:30.912373+00:00,2026-10-03 20:20 (Local Time),CAVO_GRECO,,,,,1,9,21.8,,27.2,17.7,3.3,0.8,,,195.0,,,,66.0,0.0,1011.2,,1.697665,,
2026-10-03T17:20:00+00:00,2026-10-03T17:27:30.912373+00:00,2026-10-03T17:27:30.912373+00:00,2026-10-03 20:20 (Local Time),CHROMIO,,,,,1,9,9.4,,13.3,6.5,7.2,1.8,,,178.0,,,,68.0,0.0,,,3.703997,,"{""Snow Depth"": {""unit"": ""cm"", ""value"": 0.0}}"
2026-10-03T17:20:00+00:00,2026-10-03T17:27:30.912373+00:00,2026-10-03T17:27:30.912373+00:00,2026-10-03 20:20 (Local Time),CYTASAT,,,,,1,10,16.8,,27.6,14.1,0.0,0.4,,,274.0,,,,77.0,0.0,992.2,,0.0,,"{""Atmospheric Pressure (Mean Sea Level)"": {""unit"": ""hPa"", ""value"": 1019.5}}"
2026-10-03T17:20:00+00:00,2026-10-03T17:27:30.912373+00:00,2026-10-03T17:27:30.912373+00:00,2026-10-03 20:20 (Local Time),EPTAGONEIA,,,,,1,8,15.7,,25.3,11.3,0.0,0.0,,,64.0,,,,83.0,0.0,,,0.0,,
2026-10-03T17:20:00+00:00,2026-10-03T17:27:30.912373+00:00,2026-10-03T17:27:30.912373+00:00,2026-10-03 20:20 (Local Time),FANEROMENI,,,,,1,4,20.8,,,,,,,,,,,,81.0,0.0,,,,,"{""Rain Intensity (10 min.)"": {""unit"": ""mm/min"", ""value"": 0.0}}"
2026-10-03T17:20:00+00:00,2026-10-03T17:27:30.912373+00:00,2026-10-03T17:27:30.912373+00:00,2026-10-03 20:20 (Local Time),FARMAKAS,,,,,1,10,14.7,,24.5,12.8,6.2,1.4,2.0,0.0,351.0,,,,86.0,0.0,,,3.189553,,
2026-10-03T17:20:00+00:00,2026-10-03T17:27:30.912373+00:00,2026-10-03T17:27:30.912373+00:00,2026-10-03 20:20 (Local Time),FRENAROS,,,,,1,11,22.1,19.8,27.9,16.7,2.5,0.2,,0.0,199.0,,,,72.0,0.0,1008.0,,1.28611,,
2026-10-03T17:20:00+00:00,2026-10-03T17:27:30.912373+00:00,2026-10-03T17:27:30.912373+00:00,2026-10-03 20:20 (Local Time),KALAVASOS,,,,,1,5,19.8,,29.5,15.7,,,,,,,,,76.0,0.0,,,,,
2026-10-03T17:20:00+00:00,2026-10-03T17:27:30.912373+00:00,2026-10-03T17:27:30.912373+00:00,2026-10-03 20:20 (Local Time),KALOPANAYIOTIS,,,,,1,9,15.5,,23.8,11.9,2.7,0.6,,0.0,223.0,,,,91.0,0.0,,,1.388999,,
2026-10-03T17:20:00+00:00,2026-10-03T17:27:30.912373+00:00,2026-10-03T17:27:30.912373+00:00,2026-10-03 20:20 (Local Time),KAMPOS,,,,,1,11,17.3,17.1,22.9,15.2,1.1,0.0,4.0,0.0,150.0,,,,79.0,0.0,,,0.565888,,
2026-10-03T17:20:00+00:00,2026-10-03T17:27:30.912373+00:00,2026-10-03T17:27:30.912373+00:00,2026-10-03 20:20 (Local Time),KANNAVIOU,,,,,1,6,17.9,,22.9,15.9,,2.3,,,,,,,85.0,0.0,,,,,
2026-10-03T17:20:00+00:00,2026-10-03T17:27:30.912373+00:00,2026-10-03T17:27:30.912373+00:00,2026-10-03 20:20 (Local Time),KATHIKAS,,,,,1,6,17.1,,23.7,15.1,,,,,,,,,80.0,0.0,,,,,"{""Accumulated Rainfall (24 hours)"": {""unit"": ""mm"", ""value"": 1.7}}"
2026-10-03T17:20:00+00:00,2026-10-03T17:27:30.912373+00:00,2026-10-03T17:27:30.912373+00:00,2026-10-03 20:20 (Local Time),KEPNIC,,,,,1,1,,,,,,,,,,,,,,0.0,,,,,
2026-10-03T17:20:00+00:00,2026-10-03T17:27:30.912373+00:00,2026-10-03T17:27:30.912373+00:00,2026-10-03 20:20 (Local Time),KILANI,,,,,1,7,15.0,,21.6,11.4,,1.1,,2.0,,,,,82.0,0.0,,,,,
2026-10-03T17:20:00+00:00,2026-10-03T17:27:30.912373+00:00,2026-10-03T17:27:30.912373+00:00,2026-10-03 20:20 (Local Time),KORNOS,,,,,1,3,18.8,,,,,,,,,,,,78.0,0.0,,,,,
2026-10-03T17:20:00+00:00,2026-10-03T17:27:30.912373+00:00,2026-10-03T17:27:30.912373+00:00,2026-10-03 20:20 (Local Time),KOURIS,,,,,1,8,20.1,,27.2,16.6,3.6,1.6,,,56.0,,,,72.0,0.0,,,1.851998,,
2026-10-03T17:20:00+00:00,2026-10-03T17:27:30.912373+00:00,2026-10-03T17:27:30.912373+00:00,2026-10-03 20:20 (Local Time),KPYRGOS,,,,,1,8,19.8,,25.1,16.3,3.5,1.6,,,159.0,,,,85.0,0.0,,,1.800554,,
2026-10-03T17:20:00+00:00,2026-10-03T17:27:30.912373+00:00,2026-10-03T17:27:30.912373+00:00,2026-10-03 20:20 (Local Time),KYPEROUNTA,,,,,1,6,12.0,,18.4,9.6,,1.1,,0.0,,,,,88.0,,,,,,
2026-10-03T17:20:00+00:00,2026-10-03T17:27:30.912373+00:00,2026-10-03T17:27:30.912373+00:00,2026-10-03 20:20 (Local Time),LCLK,,,,,1,9,20.1,,28.7,15.7,,0.7,,,,,,,80.0,0.0,,,,,"{""Atmospheric Pressure (QNH)"": {""unit"": ""hPa"", ""value"": 1018.2}, ""Wind Direction (10m) at Runway 22"": {""unit"": ""Degrees"", ""value"": 317.0}, ""Wind Speed (10m) at Runway 22"": {""unit"": ""Knots"", ""value"": 2.4}}"
2026-10-03T17:20:00+00:00,2026-10-03T17:27:30.912373+00:00,2026-10-03T17:27:30.912373+00:00,2026-10-03 20:20 (Local Time),LCPH,,,,,1,9,23.4,,26.5,18.8,,0.5,,,,,,,62.0,0.0,,,,,"{""Atmospheric Pressure (QNH)"": {""unit"": ""hPa"", ""value"": 1017.8}, ""Wind Direction (10m) at Runway 29"": {""unit"": ""Degrees"", ""value"": 58.0}, ""Wind Speed (10m) at Runway 29"": {""unit"": ""Knots"", ""value"": 4.5}}"
2026-10-03T17:20:00+00:00,2026-10-03T17:27:30.912373+00:00,2026-10-03T17:27:30.912373+00:00,2026-10-03 20:20 (Local Time),LEFKARA,,,,,1,6,17.7,,28.1,13.3,,1.1,,,,,,,84.0,0.0,,,,,
2026-10-03T17:20:00+00:00,2026-10-03T17:27:30.912373+00:00,2026-10-03T17:27:30.912373+00:00,2026-10-03 20:20 (Local Time),LEFKOSIA,,,,,1,7,20.0,,27.1,13.6,,0.4,,,,,,,72.0,0.0,,,,,"{""Accumulated Rainfall (24 hours)"": {""unit"": ""mm"", ""value"": 0.2}}"
2026-10-03T17:20:00+00:00,2026-10-03T17:27:30.912373+00:00,2026-10-03T17:27:30.912373+00:00,2026-10-03 20:20 (Local Time),LIMASSOL,,,,,1,10,21.4,,27.3,17.2,,0.0,,0.0,,,,,72.0,0.0,1017.1,,,,"{""Wind Direction (10m) at Port Gate"": {""unit"": ""Degrees"", ""value"": 307.0}, ""Wind Speed (10m) at Port Gate"": {""unit"": ""Knots"", ""value"": 0.8}}"
2026-10-03T17:20:00+00:00,2026-10-03T17:27:30.912373+00:00,2026-10-03T17:27:30.912373+00:00,2026-10-03 20:20 (Local Time),LINOU,,,,,1,9,18.4,,24.3,14.6,2.6,1.3,,,284.0,,,,77.0,0.0,971.3,,1.337554,,
2026-10-03T17:20:00+00:00,2026-10-03T17:27:30.912373+00:00,2026-10-03T17:27:30.912373+00:00,2026-10-03 20:20 (Local Time),LYSOS,,,,,1,7,15.6,,24.6,13.2,3.2,,,,110.0,,,,73.0,0.0,,,1.646221,,
2026-10-03T17:20:00+00:00,2026-10-03T17:27:30.912373+00:00,2026-10-03T17:27:30.912373+00:00,2026-10-03 20:20 (Local Time),MALLIA,,,,,1,10,14.4,13.6,24.7,12.1,0.5,0.0,,11.0,207.0,,,,89.0,0.0,,,0.257222,,
2026-10-03T17:20:00+00:00,2026-10-03T17:27:30.912373+00:00,2026-10-03T17:27:30.912373+00:00,2026-10-03 20:20 (Local Time),MAMMARI,,,,,1,10,20.9,,26.4,15.0,,1.5,,4.0,,,,,74.0,0.0,,,,,"{""Atmospheric Pressure (QNH)"": {""unit"": ""hPa"", ""value"": 1018.8}, ""Wind Direction (10m) at Runway 12"": {""unit"": ""Degrees"", ""value"": 90.0}, ""Wind Speed (10m) at Runway 12"": {""unit"": ""Knots"", ""value"": 5.6}}"
2026-10-03T17:20:00+00:00,2026-10-03T17:27:30.912373+00:00,2026-10-03T17:27:30.912373+00:00,2026-10-03 20:20 (Local Time),MATHIATIS,,,,,1,10,16.4,,25.4,12.8,3.7,1.1,4.0,0.0,263.0,,,,86.0,0.0,,,1.903443,,
2026-10-03T17:20:00+00:00,2026-10-03T17:27:30.912373+00:00,2026-10-03T17:27:30.912373+00:00,2026-10-03 20:20 (Local Time),PANAGIA_BRIDGE,,,,,1,6,16.2,16.8,23.5,11.4,,,,,,,,,96.0,0.0,,,,,
2026-10-03T17:20:00+00:00,2026-10-03T17:27:30.912373+00:00,2026-10-03T17:27:30.912373+00:00,2026-10-03 20:20 (Local Time),PAPHOS,,,,,1,8,20.8,,25.9,16.8,1.4,0.9,,,41.0,,,,68.0,0.0,,,0.720222,,
2026-10-03T17:20:00+00:00,2026-10-03T17:27:30.912373+00:00,2026-10-03T17:27:30.912373+00:00,2026-10-03 20:20 (Local Time),PAREKLISIA,,,,,1,7,20.0,,29.7,16.2,1.1,,,,17.0,,,,73.0,0.0,,,0.565888,,
2026-10-03T17:20:00+00:00,2026-10-03T17:27:30.912373+00:00,2026-10-03T17:27:30.912373+00:00,2026-10-03 20:20 (Local Time),PENTAKOMO,,,,,1,8,22.0,,27.0,18.7,4.9,1.6,,,331.0,,,,69.0,0.0,,,2.520776,,
2026-10-03T17:20:00+00:00,2026-10-03T17:27:30.912373+00:00,2026-10-03T17:27:30.912373+00:00,2026-10-03 20:20 (Local Time),PLATANIA,,,,,1,6,12.3,,18.9,9.3,,0.3,,,,,,,94.0,0.0,,,,,
2026-10-03T17:20:00+00:00,2026-10-03T17:27:30.912373+00:00,2026-10-03T17:27:30.912373+00:00,2026-10-03 20:20 (Local Time),POLIS,,,,,1,11,20.6,,25.9,17.1,3.5,1.0,4.0,,163.0,,,,76.0,0.0,1014.2,,1.800554,,"{""Atmospheric Pressure (Mean Sea Level)"": {""unit"": ""hPa"", ""value"": 1016.9}}"
2026-10-03T17:20:00+00:00,2026-10-03T17:27:30.912373+00:00,2026-10-03T17:27:30.912373+00:00,2026-10-03 20:20 (Local Time),POLYSTYPOS,,,,,1,8,13.7,,19.2,12.0,1.3,0.3,,,213.0,,,,79.0,0.0,,,0.668777,,
2026-10-03T17:20:00+00:00,2026-10-03T17:27:30.912373+00:00,2026-10-03T17:27:30.912373+00:00,2026-10-03 20:20 (Local Time),PRODROMOS,,,,,1,9,10.4,,17.1,8.7,1.6,0.3,,0.0,250.0,,,,86.0,0.0,,,0.82311,,
2026-10-03T17:20:00+00:00,2026-10-03T17:27:30.912373+00:00,2026-10-03T17:27:30.912373+00:00,2026-10-03 20:20 (Local Time),PYRGOS,,,,,1,5,17.2,,,,3.9,,,,67.2,,,,85.0,0.0,,,2.006332,,
2026-10-03T17:20:00+00:00,2026-10-03T17:27:30.912373+00:00,2026-10-03T17:27:30.912373+00:00,2026-10-03 20:20 (Local Time),SAITTAS,,,,,1,5,15.8,,25.0,11.2,,,,,,,,,80.0,0.0,,,,,
2026-10-03T17:20:00+00:00,2026-10-03T17:27:30.912373+00:00,2026-10-03T17:27:30.912373+00:00,2026-10-03 20:20 (Local Time),TAMASOS,,,,,1,9,17.3,16.8,24.2,13.2,2.7,0.5,,,198.0,,,,100.0,0.0,,,1.388999,,
2026-10-03T17:20:00+00:00,2026-10-03T17:27:30.912373+00:00,2026-10-03T17:27:30.912373+00:00,2026-10-03 20:20 (Local Time),TEPAK,,,,,1,9,20.9,,28.0,17.2,0.0,0.0,,,291.0,,,,67.0,0.0,,,0.0,,"{""Accumulated Rainfall (24 hours)"": {""unit"": ""mm"", ""value"": 0.0}}"
2026-10-03T17:20:00+00:00,2026-10-03T17:27:30.912373+00:00,2026-10-03T17:27:30.912373+00:00,2026-10-03 20:20 (Local Time),TRIPILOS,,,,,1,7,11.1,,18.7,10.2,2.3,,,,88.0,,,,93.0,0.0,,,1.183221,,
2026-10-03T17:20:00+00:00,2026-10-03T17:27:30.912373+00:00,2026-10-03T17:27:30.912373+00:00,2026-10-03 20:20 (Local Time),TROODOS,,,,,1,9,9.9,,14.3,7.3,2.9,1.1,,,184.0,,,,68.0,0.0,830.8,,1.491888,,
2026-10-03T17:20:00+00:00,2026-10-03T17:27:30.912373+00:00,2026-10-03T17:27:30.912373+00:00,2026-10-03 20:20 (Local Time),VISITOR,,,,,1,7,21.2,,27.0,13.2,0.0,,,,29.0,,,,73.0,0.0,,,0.0,,
2026-10-03T17:20:00+00:00,2026-10-03T17:27:30.912373+00:00,2026-10-03T17:27:30.912373+00:00,2026-10-03 20:20 (Local Time),XYLIATOS,,,,,1,8,17.0,,22.8,13.9,1.1,,,5.0,1.0,,,,74.0,0.0,,,0.565888,,
2026-10-03T17:20:00+00:00,2026-10-03T17:27:30.912373+00:00,2026-10-03T17:27:30.912373+00:00,2026-10-03 20:20 (Local Time),XYLOPHAGOU,,,,,1,9,22.9,23.5,27.9,16.2,3.3,0.8,,,215.0,,,,67.0,0.0,,,1.697665,,
2026-10-03T17:20:00+00:00,2026-10-03T17:27:30.912373+00:00,2026-10-03T17:27:30.912373+00:00,2026-10-03 20:20 (Local Time),ZYGI,,,,,1,9,19.9,19.5,28.1,14.7,1.7,0.4,,,297.0,,,,75.0,0.0,,,0.874555,,
2026-10-03T20:00:00+00:00,2026-10-03T20:04:14.528701+00:00,2026-10-03T20:04:14.528701+00:00,2026-10-03 22:50 (Local Time),ACHNA,,,,,1,8,18.0,,19.8,17.9,1.2,0.2,,,333.0,,,,79.0,0.0,,,0.617333,,
2026-10-03T20:00:00+00:00,2026-10-03T20:04:14.528701+00:00,2026-10-03T20:04:14.528701+00:00,2026-10-03 22:50 (Local Time),AGROS,,,,,1,10,13.2,,14.1,12.9,0.0,0.3,3.0,0.0,78.0,,,,86.0,0.0,,,0.0,,
2026-10-03T20:00:00+00:00,2026-10-03T20:04:14.528701+00:00,2026-10-03T20:04:14.528701+00:00,2026-10-03 22:50 (Local Time),AKAMAS,,,,,1,7,19.4,,19.9,19.3,3.6,,,,75.0,,,,71.0,0.0,,,1.851998,,
2026-10-03T20:00:00+00:00,2026-10-03T20:04:14.528701+00:00,2026-10-03T20:04:14.528701+00:00,2026-10-03 22:50 (Local Time),ALONOUDI,,,,,1,5,14.2,,15.6,14.1,,,,,,,,,93.0,0.0,,,,,
2026-10-03T20:00:00+00:00,2026-10-03T20:04:14.528701+00:00,2026-10-03T20:04:14.528701+00:00,2026-10-03 22:50 (Local Time),AMARGETI,,,,,1,9,18.4,,18.6,17.4,8.2,2.9,,,96.0,,,,68.0,0.0,966.6,,4.218441,,
2026-10-03T20:00:00+00:00,2026-10-03T20:04:14.528701+00:00,2026-10-03T20:04:14.528701+00:00,2026-10-03 22:50 (Local Time),ASTROMERITIS,,,,,1,6,17.9,,,,7.3,2.2,,,131.0,,,,83.0,0.0,,,3.755441,,
2026-10-03T20:00:00+00:00,2026-10-03T20:04:14.528701+00:00,2026-10-03T20:04:14.528701+00:00,2026-10-03 22:50 (Local Time),ATHALASSA,,,,,1,11,18.5,15.0,19.3,18.0,1.9,0.5,,,122.0,,,,77.0,0.0,999.7,,0.977444,,"{""Atmospheric Pressure (Mean Sea Level)"": {""unit"": ""hPa"", ""value"": 1018.8}}"
2026-10-03T20:00:00+00:00,2026-10-03T20:04:14.528701+00:00,2026-10-03T20:04:14.528701+00:00,2026-10-03 22:50 (Local Time),ATHIENOU,,,,,1,9,18.0,16.4,19.1,17.4,4.3,0.9,,,138.0,,,,85.0,0.0,,,2.212109,,
2026-10-03T20:00:00+00:00,2026-10-03T20:04:14.528701+00:00,2026-10-03T20:04:14.528701+00:00,2026-10-03 22:50 (Local Time),AVDIMOU,,,,,1,11,18.7,17.5,18.8,18.1,0.7,0.0,3.0,2.0,263.0,,,,81.0,0.0,,,0.360111,,
2026-10-03T20:00:00+00:00,2026-10-03T20:04:14.528701+00:00,2026-10-03T20:04:14.528701+00:00,2026-10-03 22:50 (Local Time),CAVO_GRECO,,,,,1,9,20.5,,21.8,20.1,2.8,0.0,,,185.0,,,,72.0,0.0,1011.3,,1.440443,,
2026-10-03T20:00:00+00:00,2026-10-03T20:04:14.528701+00:00,2026-10-03T20:04:14.528701+00:00,2026-10-03 22:50 (Local Time),CHROMIO,,,,,1,9,8.7,,9.3,8.7,9.3,2.4,,,174.0,,,,78.0,0.0,,,4.784329,,"{""Snow Depth"": {""unit"": ""cm"", ""value"": 0.0}}"
2026-10-03T20:00:00+00:00,2026-10-03T20:04:14.528701+00:00,2026-10-03T20:04:14.528701+00:00,2026-10-03 22:50 (Local Time),CYTASAT,,,,,1,10,16.1,,16.5,16.0,0.0,0.5,,,4.0,,,,82.0,0.0,992.7,,0.0,,"{""Atmospheric Pressure (Mean Sea Level)"": {""unit"": ""hPa"", ""value"": 1020.0}}"
2026-10-03T20:00:00+00:00,2026-10-03T20:04:14.528701+00:00,2026-10-03T20:04:14.528701+00:00,2026-10-03 22:50 (Local Time),EPTAGONEIA,,,,,1,8,14.4,,15.4,14.4,1.3,0.4,,,352.0,,,,88.0,0.0,,,0.668777,,
2026-10-03T20:00:00+00:00,2026-10-03T20:04:14.528701+00:00,2026-10-03T20:04:14.528701+00:00,2026-10-03 22:50 (Local Time),FANEROMENI,,,,,1,4,19.5,,,,,,,,,,,,84.0,0.0,,,,,"{""Rain Intensity (10 min.)"": {""unit"": ""mm/min"", ""value"": 0.0}}"
2026-10-03T20:00:00+00:00,2026-10-03T20:04:14.528701+00:00,2026-10-03T20:04:14.528701+00:00,2026-10-03 22:50 (Local Time),FARMAKAS,,,,,1,10,15.8,,16.1,15.2,6.3,1.8,2.0,0.0,351.0,,,,68.0,0.0,,,3.240997,,
2026-10-03T20:00:00+00:00,2026-10-03T20:04:14.528701+00:00,2026-10-03T20:04:14.528701+00:00,2026-10-03 22:50 (Local Time),FRENAROS,,,,,1,11,20.2,17.4,21.6,20.2,2.6,0.2,,0.0,97.0,,,,80.0,0.0,1008.3,,1.337554,,
2026-10-03T20:00:00+00:00,2026-10-03T20:04:14.528701+00:00,2026-10-03T20:04:14.528701+00:00,2026-10-03 22:50 (Local Time),KALAVASOS,,,,,1,5,18.7,,19.4,18.7,,,,,,,,,80.0,0.0,,,,,
2026-10-03T20:00:00+00:00,2026-10-03T20:04:14.528701+00:00,2026-10-03T20:04:14.528701+00:00,2026-10-03 22:50 (Local Time),KALOPANAYIOTIS,,,,,1,9,14.1,,14.7,14.1,4.3,0.7,,0.0,167.0,,,,89.0,0.0,,,2.212109,,
2026-10-03T20:00:00+00:00,2026-10-03T20:04:14.528701+00:00,2026-10-03T20:04:14.528701+00:00,2026-10-03 22:50 (Local Time),KAMPOS,,,,,1,11,17.5,16.4,17.7,16.5,1.0,0.8,4.0,0.0,237.0,,,,66.0,0.0,,,0.514444,,
2026-10-03T20:00:00+00:00,2026-10-03T20:04:14.528701+00:00,2026-10-03T20:04:14.528701+00:00,2026-10-03 22:50 (Local Time),KANNAVIOU,,,,,1,6,16.3,,17.4,16.3,,2.9,,,,,,,85.0,0.0,,,,,
2026-10-03T20:00:00+00:00,2026-10-03T20:04:14.528701+00:00,2026-10-03T20:04:14.528701+00:00,2026-10-03 22:50 (Local Time),KATHIKAS,,,,,1,6,16.5,,17.4,16.3,,,,,,,,,77.0,0.0,,,,,"{""Accumulated Rainfall (24 hours)"": {""unit"": ""mm"", ""value"": 1.7}}"
2026-10-03T20:00:00+00:00,2026-10-03T20:04:14.528701+00:00,2026-10-03T20:04:14.528701+00:00,2026-10-03 22:50 (Local Time),KEPNIC,,,,,1,1,,,,,,,,,,,,,,0.0,,,,,
2026-10-03T20:00:00+00:00,2026-10-03T20:04:14.528701+00:00,2026-10-03T20:04:14.528701+00:00,2026-10-03 22:50 (Local Time),KILANI,,,,,1,7,14.4,,14.6,13.7,,1.3,,1.0,,,,,82.0,0.0,,,,,
2026-10-03T20:00:00+00:00,2026-10-03T20:04:14.528701+00:00,2026-10-03T20:04:14.528701+00:00,2026-10-03 22:50 (Local Time),KORNOS,,,,,1,3,17.0,,,,,,,,,,,,87.0,0.0,,,,,
2026-10-03T20:00:00+00:00,2026-10-03T20:04:14.528701+00:00,2026-10-03T20:04:14.528701+00:00,2026-10-03 22:50 (Local Time),KOURIS,,,,,1,8,19.3,,20.0,19.2,9.6,4.0,,,28.0,,,,70.0,0.0,,,4.938662,,
2026-10-03T20:00:00+00:00,2026-10-03T20:04:14.528701+00:00,2026-10-03T20:04:14.528701+00:00,2026-10-03 22:50 (Local Time),KPYRGOS,,,,,1,8,19.0,,20.0,18.9,3.9,1.5,,,153.0,,,,83.0,0.0,,,2.006332,,
2026-10-03T20:00:00+00:00,2026-10-03T20:04:14.528701+00:00,2026-10-03T20:04:14.528701+00:00,2026-10-03 22:50 (Local Time),KYPEROUNTA,,,,,1,6,11.3,,11.7,11.1,,1.9,,0.0,,,,,91.0,,,,,,
2026-10-03T20:00:00+00:00,2026-10-03T20:04:14.528701+00:00,2026-10-03T20:04:14.528701+00:00,2026-10-03 22:50 (Local Time),LCLK,,,,,1,9,18.3,,19.8,18.3,,0.8,,,,,,,85.0,0.0,,,,,"{""Atmospheric Pressure (QNH)"": {""unit"": ""hPa"", ""value"": 1018.5}, ""Wind Direction (10m) at Runway 22"": {""unit"": ""Degrees"", ""value"": 296.0}, ""Wind Speed (10m) at Runway 22"": {""unit"": ""Knots"", ""value"": 2.9}}"
2026-10-03T20:00:00+00:00,2026-10-03T20:04:14.528701+00:00,2026-10-03T20:04:14.528701+00:00,2026-10-03 22:50 (Local Time),LCPH,,,,,1,9,21.7,,22.4,21.6,,0.7,,,,,,,66.0,0.0,,,,,"{""Atmospheric Pressure (QNH)"": {""unit"": ""hPa"", ""value"": 1017.9}, ""Wind Direction (10m) at Runway 29"": {""unit"": ""Degrees"", ""value"": 44.0}, ""Wind Speed (10m) at Runway 29"": {""unit"": ""Knots"", ""value"": 4.1}}"
2026-10-03T20:00:00+00:00,2026-10-03T20:04:14.528701+00:00,2026-10-03T20:04:14.528701+00:00,2026-10-03 22:50 (Local Time),LEFKARA,,,,,1,6,15.8,,17.3,15.7,,1.2,,,,,,,87.0,0.0,,,,,
2026-10-03T20:00:00+00:00,2026-10-03T20:04:14.528701+00:00,2026-10-03T20:04:14.528701+00:00,2026-10-03 22:50 (Local Time),LEFKOSIA,,,,,1,7,19.3,,20.0,19.3,,0.9,,,,,,,72.0,0.0,,,,,"{""Accumulated Rainfall (24 hours)"": {""unit"": ""mm"", ""value"": 0.2}}"
2026-10-03T20:00:00+00:00,2026-10-03T20:04:14.528701+00:00,2026-10-03T20:04:14.528701+00:00,2026-10-03 22:50 (Local Time),LIMASSOL,,,,,1,10,20.6,,21.1,20.5,,0.8,,0.0,,,,,70.0,0.0,1017.1,,,,"{""Wind Direction (10m) at Port Gate"": {""unit"": ""Degrees"", ""value"": 9.0}, ""Wind Speed (10m) at Port Gate"": {""unit"": ""Knots"", ""value"": 2.4}}"
2026-10-03T20:00:00+00:00,2026-10-03T20:04:14.528701+00:00,2026-10-03T20:04:14.528701+00:00,2026-10-03 22:50 (Local Time),LINOU,,,,,1,9,18.2,,18.2,16.7,0.6,0.3,,,258.0,,,,75.0,0.0,971.3,,0.308666,,
2026-10-03T20:00:00+00:00,2026-10-03T20:04:14.528701+00:00,2026-10-03T20:04:14.528701+00:00,2026-10-03 22:50 (Local Time),LYSOS,,,,,1,7,14.3,,15.5,14.3,5.2,,,,123.0,,,,77.0,0.0,,,2.675109,,
2026-10-03T20:00:00+00:00,2026-10-03T20:04:14.528701+00:00,2026-10-03T20:04:14.528701+00:00,2026-10-03 22:50 (Local Time),MALLIA,,,,,1,10,14.4,13.0,14.5,13.4,3.8,0.6,,11.0,50.0,,,,82.0,0.0,,,1.954887,,
2026-10-03T20:00:00+00:00,2026-10-03T20:04:14.528701+00:00,2026-10-03T20:04:14.528701+00:00,2026-10-03 22:50 (Local Time),MAMMARI,,,,,1,10,20.0,,21.1,19.9,,3.1,,5.0,,,,,73.0,0.0,,,,,"{""Atmospheric Pressure (QNH)"": {""unit"": ""hPa"", ""value"": 1019.1}, ""Wind Direction (10m) at Runway 12"": {""unit"": ""Degrees"", ""value"": 109.0}, ""Wind Speed (10m) at Runway 12"": {""unit"": ""Knots"", ""value"": 9.0}}"
2026-10-03T20:00:00+00:00,2026-10-03T20:04:14.528701+00:00,2026-10-03T20:04:14.528701+00:00,2026-10-03 22:50 (Local Time),MATHIATIS,,,,,1,10,16.0,,16.5,15.3,2.6,0.6,4.0,0.0,190.0,,,,86.0,0.0,,,1.337554,,
2026-10-03T20:00:00+00:00,2026-10-03T20:04:14.528701+00:00,2026-10-03T20:04:14.528701+00:00,2026-10-03 22:50 (Local Time),PANAGIA_BRIDGE,,,,,1,6,14.6,15.1,16.1,14.6,,,,,,,,,96.0,0.0,,,,,
2026-10-03T20:00:00+00:00,2026-10-03T20:04:14.528701+00:00,2026-10-03T20:04:14.528701+00:00,2026-10-03 22:50 (Local Time),PAPHOS,,,,,1,8,20.2,,20.5,19.6,2.4,0.8,,,85.0,,,,65.0,0.0,,,1.234666,,
2026-10-03T20:00:00+00:00,2026-10-03T20:04:14.528701+00:00,2026-10-03T20:04:14.528701+00:00,2026-10-03 22:50 (Local Time),PAREKLISIA,,,,,1,7,19.4,,19.6,19.3,1.6,,,,40.0,,,,75.0,0.0,,,0.82311,,
2026-10-03T20:00:00+00:00,2026-10-03T20:04:14.528701+00:00,2026-10-03T20:04:14.528701+00:00,2026-10-03 22:50 (Local Time),PENTAKOMO,,,,,1,8,21.6,,21.9,21.5,4.6,1.5,,,14.0,,,,70.0,0.0,,,2.366442,,
2026-10-03T20:00:00+00:00,2026-10-03T20:04:14.528701+00:00,2026-10-03T20:04:14.528701+00:00,2026-10-03 22:50 (Local Time),PLATANIA,,,,,1,6,10.9,,11.9,10.7,,0.2,,,,,,,86.0,0.0,,,,,
2026-10-03T20:00:00+00:00,2026-10-03T20:04:14.528701+00:00,2026-10-03T20:04:14.528701+00:00,2026-10-03 22:50 (Local Time),POLIS,,,,,1,11,19.2,,20.5,19.1,4.1,0.9,4.0,,143.0,,,,82.0,0.0,1014.3,,2.10922,,"{""Atmospheric Pressure (Mean Sea Level)"": {""unit"": ""hPa"", ""value"": 1017.0}}"
2026-10-03T20:00:00+00:00,2026-10-03T20:04:14.528701+00:00,2026-10-03T20:04:14.528701+00:00,2026-10-03 22:50 (Local Time),POLYSTYPOS,,,,,1,8,13.7,,14.8,13.6,1.4,0.9,,,209.0,,,,75.0,0.0,,,0.720222,,
2026-10-03T20:00:00+00:00,2026-10-03T20:04:14.528701+00:00,2026-10-03T20:04:14.528701+00:00,2026-10-03 22:50 (Local Time),PRODROMOS,,,,,1,9,10.4,,11.2,9.8,3.3,0.8,,0.0,119.0,,,,79.0,0.0,,,1.697665,,
2026-10-03T20:00:00+00:00,2026-10-03T20:04:14.528701+00:00,2026-10-03T20:04:14.528701+00:00,2026-10-03 22:50 (Local Time),PYRGOS,,,,,1,5,18.4,,,,1.9,,,,226.7,,,,64.0,0.0,,,0.977444,,
2026-10-03T20:00:00+00:00,2026-10-03T20:04:14.528701+00:00,2026-10-03T20:04:14.528701+00:00,2026-10-03 22:50 (Local Time),SAITTAS,,,,,1,5,14.3,,15.5,14.1,,,,,,,,,81.0,0.0,,,,,
2026-10-03T20:00:00+00:00,2026-10-03T20:04:14.528701+00:00,2026-10-03T20:04:14.528701+00:00,2026-10-03 22:50 (Local Time),TAMASOS,,,,,1,9,15.9,15.4,17.0,15.8,2.8,0.3,,,183.0,,,,94.0,0.0,,,1.440443,,
2026-10-03T20:00:00+00:00,2026-10-03T20:04:14.528701+00:00,2026-10-03T20:04:14.528701+00:00,2026-10-03 22:50 (Local Time),TEPAK,,,,,1,9,20.5,,21.0,20.4,1.5,0.0,,,13.0,,,,64.0,0.0,,,0.771666,,"{""Accumulated Rainfall (24 hours)"": {""unit"": ""mm"", ""value"": 0.0}}"
2026-10-03T20:00:00+00:00,2026-10-03T20:04:14.528701+00:00,2026-10-03T20:04:14.528701+00:00,2026-10-03 22:50 (Local Time),TRIPILOS,,,,,1,7,10.2,,10.8,10.2,3.5,,,,100.0,,,,94.0,0.0,,,1.800554,,
2026-10-03T20:00:00+00:00,2026-10-03T20:04:14.528701+00:00,2026-10-03T20:04:14.528701+00:00,2026-10-03 22:50 (Local Time),TROODOS,,,,,1,9,9.2,,9.5,9.1,4.5,2.2,,,191.0,,,,72.0,0.0,830.8,,2.314998,,
2026-10-03T20:00:00+00:00,2026-10-03T20:04:14.528701+00:00,2026-10-03T20:04:14.528701+00:00,2026-10-03 22:50 (Local Time),VISITOR,,,,,1,7,19.5,,20.1,19.1,1.1,,,,88.0,,,,79.0,0.0,,,0.565888,,
2026-10-03T20:00:00+00:00,2026-10-03T20:04:14.528701+00:00,2026-10-03T20:04:14.528701+00:00,2026-10-03 22:50 (Local Time),XYLIATOS,,,,,1,8,16.6,,17.6,16.3,0.0,,,4.0,350.0,,,,60.0,0.0,,,0.0,,
2026-10-03T20:00:00+00:00,2026-10-03T20:04:14.528701+00:00,2026-10-03T20:04:14.528701+00:00,2026-10-03 22:50 (Local Time),XYLOPHAGOU,,,,,1,9,20.9,20.8,22.1,20.5,1.8,0.1,,,58.0,,,,74.0,0.0,,,0.925999,,
2026-10-03T20:00:00+00:00,2026-10-03T20:04:14.528701+00:00,2026-10-03T20:04:14.528701+00:00,2026-10-03 22:50 (Local Time),ZYGI,,,,,1,9,18.9,18.3,19.4,18.8,2.2,0.2,,,342.0,,,,79.0,0.0,,,1.131777,,
2026-10-03T22:50:00+00:00,2026-10-03T22:50:02.241065+00:00,2026-10-03T22:50:02.241065+00:00,2026-10-04 01:40 (Local Time),ACHNA,,,,,1,8,17.7,,19.8,17.4,1.5,0.1,,,16.0,,,,85.0,0.0,,,0.771666,,
2026-10-03T22:50:00+00:00,2026-10-03T22:50:02.241065+00:00,2026-10-03T22:50:02.241065+00:00,2026-10-04 01:40 (Local Time),AGROS,,,,,1,10,13.6,,14.1,12.8,2.0,0.4,3.0,0.0,216.0,,,,91.0,0.0,,,1.028888,,
2026-10-03T22:50:00+00:00,2026-10-03T22:50:02.241065+00:00,2026-10-03T22:50:02.241065+00:00,2026-10-04 01:40 (Local Time),AKAMAS,,,,,1,7,20.0,,20.5,19.2,6.8,,,,104.0,,,,75.0,0.0,,,3.498219,,
2026-10-03T22:50:00+00:00,2026-10-03T22:50:02.241065+00:00,2026-10-03T22:50:02.241065+00:00,2026-10-04 01:40 (Local Time),ALONOUDI,,,,,1,5,13.8,,15.6,13.8,,,,,,,,,93.0,0.0,,,,,
2026-10-03T22:50:00+00:00,2026-10-03T22:50:02.241065+00:00,2026-10-03T22:50:02.241065+00:00,2026-10-04 01:40 (Local Time),AMARGETI,,,,,1,9,18.6,,18.7,17.4,11.1,4.3,,,111.0,,,,73.0,0.0,966.1,,5.710328,,
2026-10-03T22:50:00+00:00,2026-10-03T22:50:02.241065+00:00,2026-10-03T22:50:02.241065+00:00,2026-10-04 01:40 (Local Time),ASTROMERITIS,,,,,1,6,17.5,,,,6.1,1.9,,,117.0,,,,77.0,0.0,,,3.138108,,
2026-10-03T22:50:00+00:00,2026-10-03T22:50:02.241065+00:00,2026-10-03T22:50:02.241065+00:00,2026-10-04 01:40 (Local Time),ATHALASSA,,,,,1,11,16.0,12.9,19.3,15.7,0.7,0.6,,,280.0,,,,89.0,0.0,999.6,,0.360111,,"{""Atmospheric Pressure (Mean Sea Level)"": {""unit"": ""hPa"", ""value"": 1018.9}}"
2026-10-03T22:50:00+00:00,2026-10-03T22:50:02.241065+00:00,2026-10-03T22:50:02.241065+00:00,2026-10-04 01:40 (Local Time),ATHIENOU,,,,,1,9,16.1,14.6,19.1,16.1,5.2,0.7,,,249.0,,,,92.0,0.0,,,2.675109,,
2026-10-03T22:50:00+00:00,2026-10-03T22:50:02.241065+00:00,2026-10-03T22:50:02.241065+00:00,2026-10-04 01:40 (Local Time),AVDIMOU,,,,,1,11,17.4,17.0,18.8,17.1,0.6,0.0,3.0,2.0,1.0,,,,91.0,0.0,,,0.308666,,
2026-10-03T22:50:00+00:00,2026-10-03T22:50:02.241065+00:00,2026-10-03T22:50:02.241065+00:00,2026-10-04 01:40 (Local Time),CAVO_GRECO,,,,,1,9,21.5,,21.8,20.1,3.5,1.0,,,111.0,,,,70.0,0.0,1010.8,,1.800554,,
2026-10-03T22:50:00+00:00,2026-10-03T22:50:02.241065+00:00,2026-10-03T22:50:02.241065+00:00,2026-10-04 01:40 (Local Time),CHROMIO,,,,,1,9,7.9,,9.3,7.8,9.5,2.4,,,181.0,,,,92.0,0.0,,,4.887218,,"{""Snow Depth"": {""unit"": ""cm"", ""value"": 0.0}}"
2026-10-03T22:50:00+00:00,2026-10-03T22:50:02.241065+00:00,2026-10-03T22:50:02.241065+00:00,2026-10-04 01:40 (Local Time),CYTASAT,,,,,1,10,14.6,,16.5,14.6,0.0,0.5,,,85.0,,,,88.0,0.0,992.2,,0.0,,"{""Atmospheric Pressure (Mean Sea Level)"": {""unit"": ""hPa"", ""value"": 1019.7}}"
2026-10-03T22:50:00+00:00,2026-10-03T22:50:02.241065+00:00,2026-10-03T22:50:02.241065+00:00,2026-10-04 01:40 (Local Time),EPTAGONEIA,,,,,1,8,14.2,,15.4,13.7,0.9,0.1,,,57.0,,,,90.0,0.0,,,0.463,,
2026-10-03T22:50:00+00:00,2026-10-03T22:50:02.241065+00:00,2026-10-03T22:50:02.241065+00:00,2026-10-04 01:40 (Local Time),FANEROMENI,,,,,1,4,18.8,,,,,,,,,,,,85.0,0.0,,,,,"{""Rain Intensity (10 min.)"": {""unit"": ""mm/min"", ""value"": 0.0}}"
2026-10-03T22:50:00+00:00,2026-10-03T22:50:02.241065+00:00,2026-10-03T22:50:02.241065+00:00,2026-10-04 01:40 (Local Time),FARMAKAS,,,,,1,10,15.7,,16.1,15.2,6.2,2.7,2.0,0.0,351.0,,,,81.0,0.0,,,3.189553,,
2026-10-03T22:50:00+00:00,2026-10-03T22:50:02.241065+00:00,2026-10-03T22:50:02.241065+00:00,2026-10-04 01:40 (Local Time),FRENAROS,,,,,1,11,19.9,17.7,21.6,19.3,4.0,0.3,,0.0,104.0,,,,78.0,0.0,1007.7,,2.057776,,
2026-10-03T22:50:00+00:00,2026-10-03T22:50:02.241065+00:00,2026-10-03T22:50:02.241065+00:00,2026-10-04 01:40 (Local Time),KALAVASOS,,,,,1,5,17.6,,19.4,17.6,,,,,,,,,83.0,0.0,,,,,
2026-10-03T22:50:00+00:00,2026-10-03T22:50:02.241065+00:00,2026-10-03T22:50:02.241065+00:00,2026-10-04 01:40 (Local Time),KALOPANAYIOTIS,,,,,1,9,14.2,,14.7,13.8,4.2,0.7,,0.0,164.0,,,,87.0,0.0,,,2.160665,,
2026-10-03T22:50:00+00:00,2026-10-03T22:50:02.241065+00:00,2026-10-03T22:50:02.241065+00:00,2026-10-04 01:40 (Local Time),KAMPOS,,,,,1,11,17.7,16.7,18.1,16.5,4.1,2.0,4.0,1.0,162.0,,,,65.0,0.0,,,2.10922,,
2026-10-03T22:50:00+00:00,2026-10-03T22:50:02.241065+00:00,2026-10-03T22:50:02.241065+00:00,2026-10-04 01:40 (Local Time),KANNAVIOU,,,,,1,6,19.4,,19.5,16.2,,2.5,,,,,,,72.0,0.0,,,,,
2026-10-03T22:50:00+00:00,2026-10-03T22:50:02.241065+00:00,2026-10-03T22:50:02.241065+00:00,2026-10-04 01:40 (Local Time),KATHIKAS,,,,,1,6,16.7,,17.4,16.3,,,,,,,,,86.0,0.0,,,,,"{""Accumulated Rainfall (24 hours)"": {""unit"": ""mm"", ""value"": 1.7}}"
2026-10-03T22:50:00+00:00,2026-10-03T22:50:02.241065+00:00,2026-10-03T22:50:02.241065+00:00,2026-10-04 01:40 (Local Time),KEPNIC,,,,,1,1,,,,,,,,,,,,,,0.0,,,,,
2026-10-03T22:50:00+00:00,2026-10-03T22:50:02.241065+00:00,2026-10-03T22:50:02.241065+00:00,2026-10-04 01:40 (Local Time),KILANI,,,,,1,7,14.4,,14.8,13.7,,1.4,,2.0,,,,,91.0,0.0,,,,,
2026-10-03T22:50:00+00:00,2026-10-03T22:50:02.241065+00:00,2026-10-03T22:50:02.241065+00:00,2026-10-04 01:40 (Local Time),KORNOS,,,,,1,3,17.0,,,,,,,,,,,,86.0,0.0,,,,,
2026-10-03T22:50:00+00:00,2026-10-03T22:50:02.241065+00:00,2026-10-03T22:50:02.241065+00:00,2026-10-04 01:40 (Local Time),KOURIS,,,,,1,8,18.6,,20.0,18.3,10.9,4.6,,,25.0,,,,73.0,0.0,,,5.60744,,
2026-10-03T22:50:00+00:00,2026-10-03T22:50:02.241065+00:00,2026-10-03T22:50:02.241065+00:00,2026-10-04 01:40 (Local Time),KPYRGOS,,,,,1,8,18.5,,20.0,18.4,6.1,2.0,,,144.0,,,,76.0,0.0,,,3.138108,,
2026-10-03T22:50:00+00:00,2026-10-03T22:50:02.241065+00:00,2026-10-03T22:50:02.241065+00:00,2026-10-04 01:40 (Local Time),KYPEROUNTA,,,,,1,6,11.6,,11.7,10.7,,1.8,,0.0,,,,,99.0,,,,,,
2026-10-03T22:50:00+00:00,2026-10-03T22:50:02.241065+00:00,2026-10-03T22:50:02.241065+00:00,2026-10-04 01:40 (Local Time),LCLK,,,,,1,9,17.6,,19.8,17.0,,0.7,,,,,,,86.0,0.0,,,,,"{""Atmospheric Pressure (QNH)"": {""unit"": ""hPa"", ""value"": 1018.0}, ""Wind Direction (10m) at Runway 22"": {""unit"": ""Degrees"", ""value"": 300.0}, ""Wind Speed (10m) at Runway 22"": {""unit"": ""Knots"", ""value"": 3.6}}"
2026-10-03T22:50:00+00:00,2026-10-03T22:50:02.241065+00:00,2026-10-03T22:50:02.241065+00:00,2026-10-04 01:40 (Local Time),LCPH,,,,,1,9,22.1,,22.4,21.2,,1.2,,,,,,,64.0,0.0,,,,,"{""Atmospheric Pressure (QNH)"": {""unit"": ""hPa"", ""value"": 1017.0}, ""Wind Direction (10m) at Runway 29"": {""unit"": ""Degrees"", ""value"": 64.0}, ""Wind Speed (10m) at Runway 29"": {""unit"": ""Knots"", ""value"": 8.6}}"
2026-10-03T22:50:00+00:00,2026-10-03T22:50:02.241065+00:00,2026-10-03T22:50:02.241065+00:00,2026-10-04 01:40 (Local Time),LEFKARA,,,,,1,6,14.5,,17.3,14.1,,0.9,,,,,,,93.0,0.0,,,,,
2026-10-03T22:50:00+00:00,2026-10-03T22:50:02.241065+00:00,2026-10-03T22:50:02.241065+00:00,2026-10-04 01:40 (Local Time),LEFKOSIA,,,,,1,7,16.3,,20.0,16.2,,0.5,,,,,,,86.0,0.0,,,,,"{""Accumulated Rainfall (24 hours)"": {""unit"": ""mm"", ""value"": 0.2}}"
2026-10-03T22:50:00+00:00,2026-10-03T22:50:02.241065+00:00,2026-10-03T22:50:02.241065+00:00,2026-10-04 01:40 (Local Time),LIMASSOL,,,,,1,10,20.2,,21.1,19.9,,0.8,,0.0,,,,,74.0,0.0,1016.6,,,,"{""Wind Direction (10m) at Port Gate"": {""unit"": ""Degrees"", ""value"": 11.0}, ""Wind Speed (10m) at Port Gate"": {""unit"": ""Knots"", ""value"": 2.6}}"
2026-10-03T22:50:00+00:00,2026-10-03T22:50:02.241065+00:00,2026-10-03T22:50:02.241065+00:00,2026-10-04 01:40 (Local Time),LINOU,,,,,1,9,18.0,,18.3,16.7,3.8,1.6,,,191.0,,,,68.0,0.0,970.6,,1.954887,,
2026-10-03T22:50:00+00:00,2026-10-03T22:50:02.241065+00:00,2026-10-03T22:50:02.241065+00:00,2026-10-04 01:40 (Local Time),LYSOS,,,,,1,7,15.0,,15.5,14.3,9.2,,,,118.0,,,,74.0,0.0,,,4.732885,,
2026-10-03T22:50:00+00:00,2026-10-03T22:50:02.241065+00:00,2026-10-03T22:50:02.241065+00:00,2026-10-04 01:40 (Local Time),MALLIA,,,,,1,10,15.1,13.6,15.4,13.4,6.0,0.8,,11.0,73.0,,,,88.0,0.0,,,3.086664,,
2026-10-03T22:50:00+00:00,2026-10-03T22:50:02.241065+00:00,2026-10-03T22:50:02.241065+00:00,2026-10-04 01:40 (Local Time),MAMMARI,,,,,1,10,18.4,,21.1,18.3,,1.7,,3.0,,,,,81.0,0.0,,,,,"{""Atmospheric Pressure (QNH)"": {""unit"": ""hPa"", ""value"": 1018.8}, ""Wind Direction (10m) at Runway 12"": {""unit"": ""Degrees"", ""value"": 81.0}, ""Wind Speed (10m) at Runway 12"": {""unit"": ""Knots"", ""value"": 6.1}}"
2026-10-03T22:50:00+00:00,2026-10-03T22:50:02.241065+00:00,2026-10-03T22:50:02.241065+00:00,2026-10-04 01:40 (Local Time),MATHIATIS,,,,,1,10,16.3,,16.6,14.9,2.2,0.4,4.0,0.0,170.0,,,,83.0,0.0,,,1.131777,,
2026-10-03T22:50:00+00:00,2026-10-03T22:50:02.241065+00:00,2026-10-03T22:50:02.241065+00:00,2026-10-04 01:40 (Local Time),PANAGIA_BRIDGE,,,,,1,6,15.0,14.4,16.1,13.1,,,,,,,,,87.0,0.0,,,,,
2026-10-03T22:50:00+00:00,2026-10-03T22:50:02.241065+00:00,2026-10-03T22:50:02.241065+00:00,2026-10-04 01:40 (Local Time),PAPHOS,,,,,1,8,20.4,,20.5,19.6,5.4,2.2,,,74.0,,,,68.0,0.0,,,2.777998,,
2026-10-03T22:50:00+00:00,2026-10-03T22:50:02.241065+00:00,2026-10-03T22:50:02.241065+00:00,2026-10-04 01:40 (Local Time),PAREKLISIA,,,,,1,7,18.2,,19.6,18.0,2.7,,,,26.0,,,,79.0,0.0,,,1.388999,,
2026-10-03T22:50:00+00:00,2026-10-03T22:50:02.241065+00:00,2026-10-03T22:50:02.241065+00:00,2026-10-04 01:40 (Local Time),PENTAKOMO,,,,,1,8,21.3,,21.9,21.0,4.5,1.6,,,18.0,,,,70.0,0.0,,,2.314998,,
2026-10-03T22:50:00+00:00,2026-10-03T22:50:02.241065+00:00,2026-10-03T22:50:02.241065+00:00,2026-10-04 01:40 (Local Time),PLATANIA,,,,,1,6,12.9,,13.1,10.7,,0.1,,,,,,,91.0,0.0,,,,,
2026-10-03T22:50:00+00:00,2026-10-03T22:50:02.241065+00:00,2026-10-03T22:50:02.241065+00:00,2026-10-04 01:40 (Local Time),POLIS,,,,,1,11,19.4,,20.5,18.5,4.3,1.1,4.0,,138.0,,,,76.0,0.0,1014.0,,2.212109,,"{""Atmospheric Pressure (Mean Sea Level)"": {""unit"": ""hPa"", ""value"": 1016.7}}"
2026-10-03T22:50:00+00:00,2026-10-03T22:50:02.241065+00:00,2026-10-03T22:50:02.241065+00:00,2026-10-04 01:40 (Local Time),POLYSTYPOS,,,,,1,8,13.9,,14.8,13.4,4.5,2.6,,,192.0,,,,83.0,0.0,,,2.314998,,
2026-10-03T22:50:00+00:00,2026-10-03T22:50:02.241065+00:00,2026-10-03T22:50:02.241065+00:00,2026-10-04 01:40 (Local Time),PRODROMOS,,,,,1,9,10.9,,11.4,9.8,3.7,0.7,,0.0,173.0,,,,81.0,0.0,,,1.903443,,
2026-10-03T22:50:00+00:00,2026-10-03T22:50:02.241065+00:00,2026-10-03T22:50:02.241065+00:00,,PYRGOS,,,,,0,0,,,,,,,,,,,,,,,,,,,
2026-10-03T22:50:00+00:00,2026-10-03T22:50:02.241065+00:00,2026-10-03T22:50:02.241065+00:00,2026-10-04 01:40 (Local Time),SAITTAS,,,,,1,5,14.3,,15.5,13.8,,,,,,,,,84.0,0.0,,,,,
2026-10-03T22:50:00+00:00,2026-10-03T22:50:02.241065+00:00,2026-10-03T22:50:02.241065+00:00,2026-10-04 01:40 (Local Time),TAMASOS,,,,,1,9,16.7,15.8,17.0,15.6,1.9,0.3,,,190.0,,,,93.0,0.0,,,0.977444,,
2026-10-03T22:50:00+00:00,2026-10-03T22:50:02.241065+00:00,2026-10-03T22:50:02.241065+00:00,2026-10-04 01:40 (Local Time),TEPAK,,,,,1,9,20.1,,21.0,19.6,1.5,0.2,,,14.0,,,,70.0,0.0,,,0.771666,,"{""Accumulated Rainfall (24 hours)"": {""unit"": ""mm"", ""value"": 0.0}}"
2026-10-03T22:50:00+00:00,2026-10-03T22:50:02.241065+00:00,2026-10-03T22:50:02.241065+00:00,2026-10-04 01:40 (Local Time),TRIPILOS,,,,,1,7,11.0,,11.0,10.0,2.1,,,,89.0,,,,97.0,0.0,,,1.080332,,
2026-10-03T22:50:00+00:00,2026-10-03T22:50:02.241065+00:00,2026-10-03T22:50:02.241065+00:00,2026-10-04 01:40 (Local Time),TROODOS,,,,,1,9,9.0,,9.5,8.5,4.2,1.9,,,183.0,,,,93.0,0.0,830.2,,2.160665,,
2026-10-03T22:50:00+00:00,2026-10-03T22:50:02.241065+00:00,2026-10-03T22:50:02.241065+00:00,2026-10-04 01:40 (Local Time),VISITOR,,,,,1,7,16.4,,20.1,16.4,0.0,,,,254.0,,,,100.0,0.0,,,0.0,,
2026-10-03T22:50:00+00:00,2026-10-03T22:50:02.241065+00:00,2026-10-03T22:50:02.241065+00:00,2026-10-04 01:40 (Local Time),XYLIATOS,,,,,1,8,17.3,,17.6,16.2,6.9,,,12.0,180.0,,,,66.0,0.0,,,3.549664,,
2026-10-03T22:50:00+00:00,2026-10-03T22:50:02.241065+00:00,2026-10-03T22:50:02.241065+00:00,2026-10-04 01:40 (Local Time),XYLOPHAGOU,,,,,1,9,18.3,18.6,22.1,18.2,3.0,0.1,,,26.0,,,,82.0,0.0,,,1.543332,,
2026-10-03T22:50:00+00:00,2026-10-03T22:50:02.241065+00:00,2026-10-03T22:50:02.241065+00:00,2026-10-04 01:40 (Local Time),ZYGI,,,,,1,9,17.5,17.2,19.4,17.4,3.7,0.7,,,344.0,,,,83.0,0.0,,,1.903443,,
2026-10-04T02:10:00+00:00,2026-10-04T02:11:31.550770+00:00,2026-10-04T02:11:31.550770+00:00,2026-10-04 05:00 (Local Time),ACHNA,,,,,1,8,17.0,,19.8,16.9,3.7,0.7,,,329.0,,,,93.0,0.3,,,1.903443,,
2026-10-04T02:10:00+00:00,2026-10-04T02:11:31.550770+00:00,2026-10-04T02:11:31.550770+00:00,2026-10-04 05:00 (Local Time),AGROS,,,,,1,10,13.6,,14.4,12.8,1.6,1.1,3.0,0.0,297.0,,,,89.0,0.0,,,0.82311,,
2026-10-04T02:10:00+00:00,2026-10-04T02:11:31.550770+00:00,2026-10-04T02:11:31.550770+00:00,2026-10-04 05:00 (Local Time),AKAMAS,,,,,1,7,16.0,,20.5,15.4,12.3,,,,45.0,,,,81.0,0.0,,,6.327661,,
2026-10-04T02:10:00+00:00,2026-10-04T02:11:31.550770+00:00,2026-10-04T02:11:31.550770+00:00,2026-10-04 05:00 (Local Time),ALONOUDI,,,,,1,5,14.5,,15.6,13.8,,,,,,,,,96.0,0.0,,,,,
2026-10-04T02:10:00+00:00,2026-10-04T02:11:31.550770+00:00,2026-10-04T02:11:31.550770+00:00,2026-10-04 05:00 (Local Time),AMARGETI,,,,,1,9,15.7,,18.9,14.1,5.2,1.7,,,73.0,,,,80.0,0.0,965.9,,2.675109,,
2026-10-04T02:10:00+00:00,2026-10-04T02:11:31.550770+00:00,2026-10-04T02:11:31.550770+00:00,2026-10-04 05:00 (Local Time),ASTROMERITIS,,,,,1,6,18.1,,,,11.7,4.2,,,226.0,,,,77.0,0.2,,,6.018995,,
2026-10-04T02:10:00+00:00,2026-10-04T02:11:31.550770+00:00,2026-10-04T02:11:31.550770+00:00,2026-10-04 05:00 (Local Time),ATHALASSA,,,,,1,11,16.3,14.9,19.3,15.7,2.4,0.8,,,215.0,,,,94.0,0.0,998.7,,1.234666,,"{""Atmospheric Pressure (Mean Sea Level)"": {""unit"": ""hPa"", ""value"": 1018.0}}"
2026-10-04T02:10:00+00:00,2026-10-04T02:11:31.550770+00:00,2026-10-04T02:11:31.550770+00:00,2026-10-04 05:00 (Local Time),ATHIENOU,,,,,1,9,17.1,16.0,19.1,16.1,4.4,0.9,,,94.0,,,,91.0,0.0,,,2.263554,,
2026-10-04T02:10:00+00:00,2026-10-04T02:11:31.550770+00:00,2026-10-04T02:11:31.550770+00:00,2026-10-04 05:00 (Local Time),AVDIMOU,,,,,1,11,16.5,16.6,20.7,16.4,3.0,1.0,3.0,0.0,317.0,,,,97.0,0.0,,,1.543332,,
2026-10-04T02:10:00+00:00,2026-10-04T02:11:31.550770+00:00,2026-10-04T02:11:31.550770+00:00,2026-10-04 05:00 (Local Time),CAVO_GRECO,,,,,1,9,22.1,,22.1,20.1,6.4,1.7,,,103.0,,,,72.0,0.0,1009.9,,3.292442,,
2026-10-04T02:10:00+00:00,2026-10-04T02:11:31.550770+00:00,2026-10-04T02:11:31.550770+00:00,2026-10-04 05:00 (Local Time),CHROMIO,,,,,1,9,7.3,,9.3,5.8,6.9,2.6,,,203.0,,,,98.0,0.4,,,3.549664,,"{""Snow Depth"": {""unit"": ""cm"", ""value"": 0.0}}"
2026-10-04T02:10:00+00:00,2026-10-04T02:11:31.550770+00:00,2026-10-04T02:11:31.550770+00:00,2026-10-04 05:00 (Local Time),CYTASAT,,,,,1,10,15.7,,16.5,14.2,1.1,0.6,,,80.0,,,,90.0,0.4,991.5,,0.565888,,"{""Atmospheric Pressure (Mean Sea Level)"": {""unit"": ""hPa"", ""value"": 1018.9}}"
2026-10-04T02:10:00+00:00,2026-10-04T02:11:31.550770+00:00,2026-10-04T02:11:31.550770+00:00,2026-10-04 05:00 (Local Time),EPTAGONEIA,,,,,1,8,14.4,,16.1,13.3,4.9,1.3,,,52.0,,,,92.0,0.1,,,2.520776,,
2026-10-04T02:10:00+00:00,2026-10-04T02:11:31.550770+00:00,2026-10-04T02:11:31.550770+00:00,2026-10-04 05:00 (Local Time),FANEROMENI,,,,,1,4,18.7,,,,,,,,,,,,94.0,0.0,,,,,"{""Rain Intensity (10 min.)"": {""unit"": ""mm/min"", ""value"": 0.0}}"
2026-10-04T02:10:00+00:00,2026-10-04T02:11:31.550770+00:00,2026-10-04T02:11:31.550770+00:00,2026-10-04 05:00 (Local Time),FARMAKAS,,,,,1,10,15.0,,16.1,14.9,6.2,0.6,2.0,0.0,351.0,,,,79.0,0.0,,,3.189553,,
2026-10-04T02:10:00+00:00,2026-10-04T02:11:31.550770+00:00,2026-10-04T02:11:31.550770+00:00,2026-10-04 05:00 (Local Time),FRENAROS,,,,,1,11,19.8,18.4,21.6,17.9,1.4,1.5,,0.0,3.0,,,,79.0,0.0,1006.8,,0.720222,,
2026-10-04T02:10:00+00:00,2026-10-04T02:11:31.550770+00:00,2026-10-04T02:11:31.550770+00:00,2026-10-04 05:00 (Local Time),KALAVASOS,,,,,1,5,17.5,,19.4,17.0,,,,,,,,,92.0,0.0,,,,,
2026-10-04T02:10:00+00:00,2026-10-04T02:11:31.550770+00:00,2026-10-04T02:11:31.550770+00:00,2026-10-04 05:00 (Local Time),KALOPANAYIOTIS,,,,,1,9,13.7,,14.7,13.7,5.2,0.5,,0.0,168.0,,,,95.0,0.11,,,2.675109,,
2026-10-04T02:10:00+00:00,2026-10-04T02:11:31.550770+00:00,2026-10-04T02:11:31.550770+00:00,2026-10-04 05:00 (Local Time),KAMPOS,,,,,1,11,15.1,14.6,18.1,15.0,3.1,1.1,4.0,0.0,131.0,,,,79.0,0.0,,,1.594776,,
2026-10-04T02:10:00+00:00,2026-10-04T02:11:31.550770+00:00,2026-10-04T02:11:31.550770+00:00,2026-10-04 05:00 (Local Time),KANNAVIOU,,,,,1,6,15.8,,19.6,14.9,,3.9,,,,,,,86.0,0.0,,,,,
2026-10-04T02:10:00+00:00,2026-10-04T02:11:31.550770+00:00,2026-10-04T02:11:31.550770+00:00,2026-10-04 05:00 (Local Time),KATHIKAS,,,,,1,6,15.6,,17.4,13.6,,,,,,,,,69.0,0.0,,,,,"{""Accumulated Rainfall (24 hours)"": {""unit"": ""mm"", ""value"": 16.9}}"
2026-10-04T02:10:00+00:00,2026-10-04T02:11:31.550770+00:00,2026-10-04T02:11:31.550770+00:00,2026-10-04 05:00 (Local Time),KEPNIC,,,,,1,1,,,,,,,,,,,,,,0.0,,,,,
2026-10-04T02:10:00+00:00,2026-10-04T02:11:31.550770+00:00,2026-10-04T02:11:31.550770+00:00,2026-10-04 05:00 (Local Time),KILANI,,,,,1,7,12.4,,15.1,12.2,,0.9,,2.0,,,,,89.0,0.0,,,,,
2026-10-04T02:10:00+00:00,2026-10-04T02:11:31.550770+00:00,2026-10-04T02:11:31.550770+00:00,2026-10-04 05:00 (Local Time),KORNOS,,,,,1,3,16.3,,,,,,,,,,,,94.0,0.0,,,,,
2026-10-04T02:10:00+00:00,2026-10-04T02:11:31.550770+00:00,2026-10-04T02:11:31.550770+00:00,2026-10-04 05:00 (Local Time),KOURIS,,,,,1,8,17.0,,20.4,16.9,11.1,4.7,,,31.0,,,,82.0,0.7,,,5.710328,,
2026-10-04T02:10:00+00:00,2026-10-04T02:11:31.550770+00:00,2026-10-04T02:11:31.550770+00:00,2026-10-04 05:00 (Local Time),KPYRGOS,,,,,1,8,17.7,,20.0,17.6,3.8,1.3,,,168.0,,,,92.0,0.0,,,1.954887,,
2026-10-04T02:10:00+00:00,2026-10-04T02:11:31.550770+00:00,2026-10-04T02:11:31.550770+00:00,2026-10-04 05:00 (Local Time),KYPEROUNTA,,,,,1,6,10.2,,11.7,10.1,,2.2,,6.0,,,,,96.0,,,,,,
2026-10-04T02:10:00+00:00,2026-10-04T02:11:31.550770+00:00,2026-10-04T02:11:31.550770+00:00,2026-10-04 05:00 (Local Time),LCLK,,,,,1,9,18.6,,19.8,17.0,,1.3,,,,,,,87.0,0.0,,,,,"{""Atmospheric Pressure (QNH)"": {""unit"": ""hPa"", ""value"": 1017.3}, ""Wind Direction (10m) at Runway 22"": {""unit"": ""Degrees"", ""value"": 328.0}, ""Wind Speed (10m) at Runway 22"": {""unit"": ""Knots"", ""value"": 4.0}}"
2026-10-04T02:10:00+00:00,2026-10-04T02:11:31.550770+00:00,2026-10-04T02:11:31.550770+00:00,2026-10-04 05:00 (Local Time),LCPH,,,,,1,9,18.7,,22.5,18.3,,3.0,,,,,,,73.0,0.0,,,,,"{""Atmospheric Pressure (QNH)"": {""unit"": ""hPa"", ""value"": 1017.0}, ""Wind Direction (10m) at Runway 29"": {""unit"": ""Degrees"", ""value"": 51.0}, ""Wind Speed (10m) at Runway 29"": {""unit"": ""Knots"", ""value"": 10.3}}"
2026-10-04T02:10:00+00:00,2026-10-04T02:11:31.550770+00:00,2026-10-04T02:11:31.550770+00:00,2026-10-04 05:00 (Local Time),LEFKARA,,,,,1,6,16.2,,17.3,14.0,,2.0,,,,,,,94.0,1.32,,,,,
2026-10-04T02:10:00+00:00,2026-10-04T02:11:31.550770+00:00,2026-10-04T02:11:31.550770+00:00,2026-10-04 05:00 (Local Time),LEFKOSIA,,,,,1,7,16.5,,20.0,15.9,,0.5,,,,,,,89.0,0.0,,,,,"{""Accumulated Rainfall (24 hours)"": {""unit"": ""mm"", ""value"": 0.2}}"
2026-10-04T02:10:00+00:00,2026-10-04T02:11:31.550770+00:00,2026-10-04T02:11:31.550770+00:00,2026-10-04 05:00 (Local Time),LIMASSOL,,,,,1,10,16.9,,21.2,16.6,,1.6,,1.0,,,,,89.0,5.6,1016.8,,,,"{""Wind Direction (10m) at Port Gate"": {""unit"": ""Degrees"", ""value"": 260.0}, ""Wind Speed (10m) at Port Gate"": {""unit"": ""Knots"", ""value"": 3.8}}"
2026-10-04T02:10:00+00:00,2026-10-04T02:11:31.550770+00:00,2026-10-04T02:11:31.550770+00:00,2026-10-04 05:00 (Local Time),LINOU,,,,,1,9,14.1,,18.3,14.1,12.9,5.3,,,165.0,,,,88.0,0.3,970.9,,6.636328,,
2026-10-04T02:10:00+00:00,2026-10-04T02:11:31.550770+00:00,2026-10-04T02:11:31.550770+00:00,2026-10-04 05:00 (Local Time),LYSOS,,,,,1,7,12.5,,15.5,11.3,10.4,,,,128.0,,,,87.0,0.0,,,5.350218,,
2026-10-04T02:10:00+00:00,2026-10-04T02:11:31.550770+00:00,2026-10-04T02:11:31.550770+00:00,2026-10-04 05:00 (Local Time),MALLIA,,,,,1,10,12.1,12.1,16.1,11.9,5.1,0.9,,11.0,22.0,,,,94.0,0.0,,,2.623664,,
2026-10-04T02:10:00+00:00,2026-10-04T02:11:31.550770+00:00,2026-10-04T02:11:31.550770+00:00,2026-10-04 05:00 (Local Time),MAMMARI,,,,,1,10,18.4,,21.1,18.3,,0.7,,3.0,,,,,81.0,0.0,,,,,"{""Atmospheric Pressure (QNH)"": {""unit"": ""hPa"", ""value"": 1018.3}, ""Wind Direction (10m) at Runway 12"": {""unit"": ""Degrees"", ""value"": 82.0}, ""Wind Speed (10m) at Runway 12"": {""unit"": ""Knots"", ""value"": 2.6}}"
2026-10-04T02:10:00+00:00,2026-10-04T02:11:31.550770+00:00,2026-10-04T02:11:31.550770+00:00,2026-10-04 05:00 (Local Time),MATHIATIS,,,,,1,10,15.2,,16.6,14.4,3.1,0.8,4.0,1.0,269.0,,,,90.0,0.1,,,1.594776,,
2026-10-04T02:10:00+00:00,2026-10-04T02:11:31.550770+00:00,2026-10-04T02:11:31.550770+00:00,2026-10-04 05:00 (Local Time),PANAGIA_BRIDGE,,,,,1,6,14.8,15.2,16.1,13.1,,,,,,,,,96.0,0.1,,,,,
2026-10-04T02:10:00+00:00,2026-10-04T02:11:31.550770+00:00,2026-10-04T02:11:31.550770+00:00,2026-10-04 05:00 (Local Time),PAPHOS,,,,,1,8,17.1,,20.6,16.8,2.9,1.3,,,45.0,,,,72.0,0.0,,,1.491888,,
2026-10-04T02:10:00+00:00,2026-10-04T02:11:31.550770+00:00,2026-10-04T02:11:31.550770+00:00,2026-10-04 05:00 (Local Time),PAREKLISIA,,,,,1,7,17.1,,19.6,17.0,4.6,,,,20.0,,,,89.0,0.0,,,2.366442,,
2026-10-04T02:10:00+00:00,2026-10-04T02:11:31.550770+00:00,2026-10-04T02:11:31.550770+00:00,2026-10-04 05:00 (Local Time),PENTAKOMO,,,,,1,8,18.5,,21.9,18.5,5.9,2.1,,,40.0,,,,88.0,1.32,,,3.03522,,
2026-10-04T02:10:00+00:00,2026-10-04T02:11:31.550770+00:00,2026-10-04T02:11:31.550770+00:00,2026-10-04 05:00 (Local Time),PLATANIA,,,,,1,6,10.6,,13.4,10.5,,0.2,,,,,,,96.0,0.4,,,,,
2026-10-04T02:10:00+00:00,2026-10-04T02:11:31.550770+00:00,2026-10-04T02:11:31.550770+00:00,2026-10-04 05:00 (Local Time),POLIS,,,,,1,11,16.6,,20.5,16.5,0.0,0.7,4.0,,203.0,,,,91.0,0.0,1014.1,,0.0,,"{""Atmospheric Pressure (Mean Sea Level)"": {""unit"": ""hPa"", ""value"": 1016.9}}"
2026-10-04T02:10:00+00:00,2026-10-04T02:11:31.550770+00:00,2026-10-04T02:11:31.550770+00:00,2026-10-04 05:00 (Local Time),POLYSTYPOS,,,,,1,8,12.6,,14.8,12.5,2.0,0.7,,,276.0,,,,86.0,0.0,,,1.028888,,
2026-10-04T02:10:00+00:00,2026-10-04T02:11:31.550770+00:00,2026-10-04T02:11:31.550770+00:00,2026-10-04 05:00 (Local Time),PRODROMOS,,,,,1,9,8.7,,11.4,8.7,3.4,1.0,,0.0,208.0,,,,96.0,0.1,,,1.74911,,
2026-10-04T02:10:00+00:00,2026-10-04T02:11:31.550770+00:00,2026-10-04T02:11:31.550770+00:00,2026-10-04 05:00 (Local Time),PYRGOS,,,,,1,5,14.7,,,,2.3,,,,286.2,,,,91.0,0.0,,,1.183221,,
2026-10-04T02:10:00+00:00,2026-10-04T02:11:31.550770+00:00,2026-10-04T02:11:31.550770+00:00,2026-10-04 05:00 (Local Time),SAITTAS,,,,,1,5,14.0,,16.1,13.8,,,,,,,,,91.0,0.0,,,,,
2026-10-04T02:10:00+00:00,2026-10-04T02:11:31.550770+00:00,2026-10-04T02:11:31.550770+00:00,2026-10-04 05:00 (Local Time),TAMASOS,,,,,1,9,16.8,16.4,17.0,15.6,2.4,0.5,,,196.0,,,,97.0,0.0,,,1.234666,,
2026-10-04T02:10:00+00:00,2026-10-04T02:11:31.550770+00:00,2026-10-04T02:11:31.550770+00:00,2026-10-04 05:00 (Local Time),TEPAK,,,,,1,9,18.6,,21.0,18.4,1.8,1.0,,,269.0,,,,77.0,0.1,,,0.925999,,"{""Accumulated Rainfall (24 hours)"": {""unit"": ""mm"", ""value"": 0.24}}"
2026-10-04T02:10:00+00:00,2026-10-04T02:11:31.550770+00:00,2026-10-04T02:11:31.550770+00:00,2026-10-04 05:00 (Local Time),TRIPILOS,,,,,1,7,8.7,,11.2,8.6,5.1,,,,76.0,,,,96.0,0.0,,,2.623664,,
2026-10-04T02:10:00+00:00,2026-10-04T02:11:31.550770+00:00,2026-10-04T02:11:31.550770+00:00,2026-10-04 05:00 (Local Time),TROODOS,,,,,1,9,8.4,,9.5,7.3,6.3,2.3,,,204.0,,,,97.0,0.4,829.8,,3.240997,,
2026-10-04T02:10:00+00:00,2026-10-04T02:11:31.550770+00:00,2026-10-04T02:11:31.550770+00:00,2026-10-04 05:00 (Local Time),VISITOR,,,,,1,7,16.7,,20.1,16.2,0.7,,,,242.0,,,,100.0,0.0,,,0.360111,,
2026-10-04T02:10:00+00:00,2026-10-04T02:11:31.550770+00:00,2026-10-04T02:11:31.550770+00:00,2026-10-04 05:00 (Local Time),XYLIATOS,,,,,1,8,15.0,,17.6,14.9,2.4,,,8.0,182.0,,,,83.0,0.2,,,1.234666,,
2026-10-04T02:10:00+00:00,2026-10-04T02:11:31.550770+00:00,2026-10-04T02:11:31.550770+00:00,2026-10-04 05:00 (Local Time),XYLOPHAGOU,,,,,1,9,19.2,19.9,22.1,17.6,2.5,0.1,,,50.0,,,,81.0,0.0,,,1.28611,,
2026-10-04T02:10:00+00:00,2026-10-04T02:11:31.550770+00:00,2026-10-04T02:11:31.550770+00:00,2026-10-04 05:00 (Local Time),ZYGI,,,,,1,9,17.4,17.3,19.4,17.2,2.9,0.4,,,312.0,,,,92.0,0.33,,,1.491888,,
2026-10-04T08:20:00+00:00,2026-10-04T08:26:48.125828+00:00,2026-10-04T08:26:48.125828+00:00,2026-10-04 11:20 (Local Time),ACHNA,,,,,1,8,25.5,,25.7,16.4,0.8,0.6,,,349.0,,,,64.0,0.0,,,0.411555,,
2026-10-04T08:20:00+00:00,2026-10-04T08:26:48.125828+00:00,2026-10-04T08:26:48.125828+00:00,2026-10-04 11:20 (Local Time),AGROS,,,,,1,10,18.2,,19.5,11.5,3.4,1.2,541.0,589.0,193.0,,,,65.0,0.0,,,1.74911,,
2026-10-04T08:20:00+00:00,2026-10-04T08:26:48.125828+00:00,2026-10-04T08:26:48.125828+00:00,2026-10-04 11:20 (Local Time),AKAMAS,,,,,1,7,24.4,,24.7,15.4,9.5,,,,190.0,,,,59.0,0.0,,,4.887218,,
2026-10-04T08:20:00+00:00,2026-10-04T08:26:48.125828+00:00,2026-10-04T08:26:48.125828+00:00,2026-10-04 11:20 (Local Time),ALONOUDI,,,,,1,5,24.1,,24.4,12.6,,,,,,,,,53.0,0.0,,,,,
2026-10-04T08:20:00+00:00,2026-10-04T08:26:48.125828+00:00,2026-10-04T08:26:48.125828+00:00,2026-10-04 11:20 (Local Time),AMARGETI,,,,,1,9,24.4,,24.9,14.1,8.3,2.6,,,137.0,,,,53.0,0.0,967.2,,4.269885,,
2026-10-04T08:20:00+00:00,2026-10-04T08:26:48.125828+00:00,2026-10-04T08:26:48.125828+00:00,2026-10-04 11:20 (Local Time),ASTROMERITIS,,,,,1,6,24.4,,,,6.5,2.4,,,107.0,,,,55.0,0.0,,,3.343886,,
2026-10-04T08:20:00+00:00,2026-10-04T08:26:48.125828+00:00,2026-10-04T08:26:48.125828+00:00,2026-10-04 11:20 (Local Time),ATHALASSA,,,,,1,11,24.0,27.4,24.2,15.7,3.7,2.2,,,56.0,,,,61.0,0.0,1000.2,,1.903443,,"{""Atmospheric Pressure (Mean Sea Level)"": {""unit"": ""hPa"", ""value"": 1019.0}}"
2026-10-04T08:20:00+00:00,2026-10-04T08:26:48.125828+00:00,2026-10-04T08:26:48.125828+00:00,2026-10-04 11:20 (Local Time),ATHIENOU,,,,,1,9,23.7,36.1,23.8,16.1,2.3,0.4,,,328.0,,,,71.0,0.0,,,1.183221,,
2026-10-04T08:20:00+00:00,2026-10-04T08:26:48.125828+00:00,2026-10-04T08:26:48.125828+00:00,2026-10-04 11:20 (Local Time),AVDIMOU,,,,,1,11,25.5,36.7,26.0,15.7,3.4,1.8,965.0,749.0,123.0,,,,56.0,0.0,,,1.74911,,
2026-10-04T08:20:00+00:00,2026-10-04T08:26:48.125828+00:00,2026-10-04T08:26:48.125828+00:00,2026-10-04 11:20 (Local Time),CAVO_GRECO,,,,,1,9,26.1,,26.3,18.3,2.2,1.5,,,180.0,,,,52.0,0.0,1011.8,,1.131777,,
2026-10-04T08:20:00+00:00,2026-10-04T08:26:48.125828+00:00,2026-10-04T08:26:48.125828+00:00,2026-10-04 11:20 (Local Time),CHROMIO,,,,,1,9,10.7,,11.8,5.8,1.4,1.0,,,203.0,,,,80.0,0.0,,,0.720222,,"{""Snow Depth"": {""unit"": ""cm"", ""value"": 0.0}}"
2026-10-04T08:20:00+00:00,2026-10-04T08:26:48.125828+00:00,2026-10-04T08:26:48.125828+00:00,2026-10-04 11:20 (Local Time),CYTASAT,,,,,1,10,24.9,,25.0,14.2,1.7,1.1,,,199.0,,,,53.0,0.0,992.7,,0.874555,,"{""Atmospheric Pressure (Mean Sea Level)"": {""unit"": ""hPa"", ""value"": 1019.4}}"
2026-10-04T08:20:00+00:00,2026-10-04T08:26:48.125828+00:00,2026-10-04T08:26:48.125828+00:00,2026-10-04 11:20 (Local Time),EPTAGONEIA,,,,,1,8,23.4,,23.6,13.1,3.4,1.3,,,204.0,,,,52.0,0.0,,,1.74911,,
2026-10-04T08:20:00+00:00,2026-10-04T08:26:48.125828+00:00,2026-10-04T08:26:48.125828+00:00,2026-10-04 11:20 (Local Time),FANEROMENI,,,,,1,4,24.6,,,,,,,,,,,,68.0,0.0,,,,,"{""Rain Intensity (10 min.)"": {""unit"": ""mm/min"", ""value"": 0.0}}"
2026-10-04T08:20:00+00:00,2026-10-04T08:26:48.125828+00:00,2026-10-04T08:26:48.125828+00:00,2026-10-04 11:20 (Local Time),FARMAKAS,,,,,1,10,19.9,,20.3,12.3,6.2,1.8,738.0,702.0,350.0,,,,61.0,0.0,,,3.189553,,
2026-10-04T08:20:00+00:00,2026-10-04T08:26:48.125828+00:00,2026-10-04T08:26:48.125828+00:00,2026-10-04 11:20 (Local Time),FRENAROS,,,,,1,11,26.9,29.5,27.1,16.6,3.5,1.6,,663.0,136.0,,,,55.0,0.0,1008.6,,1.800554,,
2026-10-04T08:20:00+00:00,2026-10-04T08:26:48.125828+00:00,2026-10-04T08:26:48.125828+00:00,2026-10-04 11:20 (Local Time),KALAVASOS,,,,,1,5,27.2,,27.7,16.8,,,,,,,,,47.0,0.0,,,,,
2026-10-04T08:20:00+00:00,2026-10-04T08:26:48.125828+00:00,2026-10-04T08:26:48.125828+00:00,2026-10-04 11:20 (Local Time),KALOPANAYIOTIS,,,,,1,9,21.9,,22.1,12.6,4.9,1.1,,738.0,318.0,,,,64.0,0.0,,,2.520776,,
2026-10-04T08:20:00+00:00,2026-10-04T08:26:48.125828+00:00,2026-10-04T08:26:48.125828+00:00,2026-10-04 11:20 (Local Time),KAMPOS,,,,,1,11,24.5,26.5,24.7,14.5,4.9,2.1,905.0,722.0,124.0,,,,54.0,0.0,,,2.520776,,
2026-10-04T08:20:00+00:00,2026-10-04T08:26:48.125828+00:00,2026-10-04T08:26:48.125828+00:00,2026-10-04 11:20 (Local Time),KANNAVIOU,,,,,1,6,24.2,,24.4,14.5,,1.4,,,,,,,51.0,0.0,,,,,
2026-10-04T08:20:00+00:00,2026-10-04T08:26:48.125828+00:00,2026-10-04T08:26:48.125828+00:00,2026-10-04 11:20 (Local Time),KATHIKAS,,,,,1,6,20.7,,21.1,13.6,,,,,,,,,68.0,0.0,,,,,"{""Accumulated Rainfall (24 hours)"": {""unit"": ""mm"", ""value"": 0.0}}"
2026-10-04T08:20:00+00:00,2026-10-04T08:26:48.125828+00:00,2026-10-04T08:26:48.125828+00:00,2026-10-04 11:20 (Local Time),KEPNIC,,,,,1,1,,,,,,,,,,,,,,0.0,,,,,
2026-10-04T08:20:00+00:00,2026-10-04T08:26:48.125828+00:00,2026-10-04T08:26:48.125828+00:00,2026-10-04 11:20 (Local Time),KILANI,,,,,1,7,19.6,,19.7,11.7,,1.4,,801.0,,,,,63.0,0.0,,,,,
2026-10-04T08:20:00+00:00,2026-10-04T08:26:48.125828+00:00,2026-10-04T08:26:48.125828+00:00,2026-10-04 11:20 (Local Time),KORNOS,,,,,1,3,23.9,,,,,,,,,,,,58.0,0.0,,,,,
2026-10-04T08:20:00+00:00,2026-10-04T08:26:48.125828+00:00,2026-10-04T08:26:48.125828+00:00,2026-10-04 11:20 (Local Time),KOURIS,,,,,1,8,25.2,,25.8,16.6,2.9,1.1,,,193.0,,,,56.0,0.0,,,1.491888,,
2026-10-04T08:20:00+00:00,2026-10-04T08:26:48.125828+00:00,2026-10-04T08:26:48.125828+00:00,2026-10-04 11:20 (Local Time),KPYRGOS,,,,,1,8,24.4,,24.8,15.8,7.5,2.8,,,73.0,,,,61.0,0.0,,,3.85833,,
2026-10-04T08:20:00+00:00,2026-10-04T08:26:48.125828+00:00,2026-10-04T08:26:48.125828+00:00,2026-10-04 11:20 (Local Time),KYPEROUNTA,,,,,1,6,16.9,,17.4,9.9,,2.4,,808.0,,,,,68.0,,,,,,
2026-10-04T08:20:00+00:00,2026-10-04T08:26:48.125828+00:00,2026-10-04T08:26:48.125828+00:00,2026-10-04 11:20 (Local Time),LCLK,,,,,1,9,26.1,,26.8,17.0,,1.1,,,,,,,62.0,0.0,,,,,"{""Atmospheric Pressure (QNH)"": {""unit"": ""hPa"", ""value"": 1018.8}, ""Wind Direction (10m) at Runway 22"": {""unit"": ""Degrees"", ""value"": 46.0}, ""Wind Speed (10m) at Runway 22"": {""unit"": ""Knots"", ""value"": 1.9}}"
2026-10-04T08:20:00+00:00,2026-10-04T08:26:48.125828+00:00,2026-10-04T08:26:48.125828+00:00,2026-10-04 11:20 (Local Time),LCPH,,,,,1,9,25.6,,25.7,18.3,,2.2,,,,,,,56.0,0.0,,,,,"{""Atmospheric Pressure (QNH)"": {""unit"": ""hPa"", ""value"": 1018.5}, ""Wind Direction (10m) at Runway 29"": {""unit"": ""Degrees"", ""value"": 148.0}, ""Wind Speed (10m) at Runway 29"": {""unit"": ""Knots"", ""value"": 6.2}}"
2026-10-04T08:20:00+00:00,2026-10-04T08:26:48.125828+00:00,2026-10-04T08:26:48.125828+00:00,2026-10-04 11:20 (Local Time),LEFKARA,,,,,1,6,25.5,,25.8,14.0,,0.7,,,,,,,53.0,0.0,,,,,
2026-10-04T08:20:00+00:00,2026-10-04T08:26:48.125828+00:00,2026-10-04T08:26:48.125828+00:00,2026-10-04 11:20 (Local Time),LEFKOSIA,,,,,1,7,24.6,,24.9,15.9,,0.9,,,,,,,58.0,0.0,,,,,"{""Accumulated Rainfall (24 hours)"": {""unit"": ""mm"", ""value"": 0.1}}"
2026-10-04T08:20:00+00:00,2026-10-04T08:26:48.125828+00:00,2026-10-04T08:26:48.125828+00:00,2026-10-04 11:20 (Local Time),LIMASSOL,,,,,1,10,25.6,,25.7,16.4,,2.1,,735.0,,,,,59.0,0.0,1017.7,,,,"{""Wind Direction (10m) at Port Gate"": {""unit"": ""Degrees"", ""value"": 111.0}, ""Wind Speed (10m) at Port Gate"": {""unit"": ""Knots"", ""value"": 5.6}}"
2026-10-04T08:20:00+00:00,2026-10-04T08:26:48.125828+00:00,2026-10-04T08:26:48.125828+00:00,2026-10-04 11:20 (Local Time),LINOU,,,,,1,9,23.8,,24.3,13.9,3.9,1.6,,,76.0,,,,52.0,0.0,971.8,,2.006332,,
2026-10-04T08:20:00+00:00,2026-10-04T08:26:48.125828+00:00,2026-10-04T08:26:48.125828+00:00,2026-10-04 11:20 (Local Time),LYSOS,,,,,1,7,21.6,,22.3,11.3,1.6,,,,193.0,,,,54.0,0.0,,,0.82311,,
2026-10-04T08:20:00+00:00,2026-10-04T08:26:48.125828+00:00,2026-10-04T08:26:48.125828+00:00,2026-10-04 11:20 (Local Time),MALLIA,,,,,1,10,20.7,23.4,22.2,11.9,2.7,1.1,,304.0,173.0,,,,61.0,0.0,,,1.388999,,
2026-10-04T08:20:00+00:00,2026-10-04T08:26:48.125828+00:00,2026-10-04T08:26:48.125828+00:00,2026-10-04 11:20 (Local Time),MAMMARI,,,,,1,10,24.4,,24.6,17.4,,3.6,,785.0,,,,,61.0,0.0,,,,,"{""Atmospheric Pressure (QNH)"": {""unit"": ""hPa"", ""value"": 1019.5}, ""Wind Direction (10m) at Runway 12"": {""unit"": ""Degrees"", ""value"": 69.0}, ""Wind Speed (10m) at Runway 12"": {""unit"": ""Knots"", ""value"": 10.6}}"
2026-10-04T08:20:00+00:00,2026-10-04T08:26:48.125828+00:00,2026-10-04T08:26:48.125828+00:00,2026-10-04 11:20 (Local Time),MATHIATIS,,,,,1,10,23.4,,23.6,14.4,6.8,1.4,696.0,781.0,155.0,,,,54.0,0.0,,,3.498219,,
2026-10-04T08:20:00+00:00,2026-10-04T08:26:48.125828+00:00,2026-10-04T08:26:48.125828+00:00,2026-10-04 11:20 (Local Time),PANAGIA_BRIDGE,,,,,1,6,21.5,30.7,21.8,13.1,,,,,,,,,70.0,0.0,,,,,
2026-10-04T08:20:00+00:00,2026-10-04T08:26:48.125828+00:00,2026-10-04T08:26:48.125828+00:00,2026-10-04 11:20 (Local Time),PAPHOS,,,,,1,8,25.7,,26.7,16.8,2.8,1.8,,,139.0,,,,53.0,0.0,,,1.440443,,
2026-10-04T08:20:00+00:00,2026-10-04T08:26:48.125828+00:00,2026-10-04T08:26:48.125828+00:00,2026-10-04 11:20 (Local Time),PAREKLISIA,,,,,1,7,27.3,,27.7,16.2,0.8,,,,196.0,,,,49.0,0.0,,,0.411555,,
2026-10-04T08:20:00+00:00,2026-10-04T08:26:48.125828+00:00,2026-10-04T08:26:48.125828+00:00,2026-10-04 11:20 (Local Time),PENTAKOMO,,,,,1,8,25.5,,25.7,17.7,5.6,2.1,,,107.0,,,,61.0,0.0,,,2.880886,,
2026-10-04T08:20:00+00:00,2026-10-04T08:26:48.125828+00:00,2026-10-04T08:26:48.125828+00:00,2026-10-04 11:20 (Local Time),PLATANIA,,,,,1,6,17.2,,17.3,10.5,,0.4,,,,,,,68.0,0.0,,,,,
2026-10-04T08:20:00+00:00,2026-10-04T08:26:48.125828+00:00,2026-10-04T08:26:48.125828+00:00,2026-10-04 11:20 (Local Time),POLIS,,,,,1,11,24.0,,24.5,16.3,1.1,0.9,952.0,,242.0,,,,63.0,0.0,1014.7,,0.565888,,"{""Atmospheric Pressure (Mean Sea Level)"": {""unit"": ""hPa"", ""value"": 1017.4}}"
2026-10-04T08:20:00+00:00,2026-10-04T08:26:48.125828+00:00,2026-10-04T08:26:48.125828+00:00,2026-10-04 11:20 (Local Time),POLYSTYPOS,,,,,1,8,18.5,,19.0,11.3,3.2,2.2,,,177.0,,,,55.0,0.0,,,1.646221,,
2026-10-04T08:20:00+00:00,2026-10-04T08:26:48.125828+00:00,2026-10-04T08:26:48.125828+00:00,2026-10-04 11:20 (Local Time),PRODROMOS,,,,,1,9,15.3,,15.7,8.7,2.6,1.0,,784.0,263.0,,,,70.0,0.0,,,1.337554,,
2026-10-04T08:20:00+00:00,2026-10-04T08:26:48.125828+00:00,2026-10-04T08:26:48.125828+00:00,2026-10-04 11:20 (Local Time),PYRGOS,,,,,1,5,22.1,,,,1.6,,,,49.1,,,,65.0,0.0,,,0.82311,,
2026-10-04T08:20:00+00:00,2026-10-04T08:26:48.125828+00:00,2026-10-04T08:26:48.125828+00:00,2026-10-04 11:20 (Local Time),SAITTAS,,,,,1,5,23.2,,23.6,13.4,,,,,,,,,56.0,0.0,,,,,
2026-10-04T08:20:00+00:00,2026-10-04T08:26:48.125828+00:00,2026-10-04T08:26:48.125828+00:00,2026-10-04 11:20 (Local Time),TAMASOS,,,,,1,9,22.6,25.2,22.8,15.6,6.1,2.4,,,63.0,,,,67.0,0.0,,,3.138108,,
2026-10-04T08:20:00+00:00,2026-10-04T08:26:48.125828+00:00,2026-10-04T08:26:48.125828+00:00,2026-10-04 11:20 (Local Time),TEPAK,,,,,1,9,26.2,,26.4,16.5,3.0,1.1,,,122.0,,,,54.0,0.0,,,1.543332,,"{""Accumulated Rainfall (24 hours)"": {""unit"": ""mm"", ""value"": 0.0}}"
2026-10-04T08:20:00+00:00,2026-10-04T08:26:48.125828+00:00,2026-10-04T08:26:48.125828+00:00,2026-10-04 11:20 (Local Time),TRIPILOS,,,,,1,7,18.7,,19.2,8.3,2.5,,,,188.0,,,,71.0,0.0,,,1.28611,,
2026-10-04T08:20:00+00:00,2026-10-04T08:26:48.125828+00:00,2026-10-04T08:26:48.125828+00:00,2026-10-04 11:20 (Local Time),TROODOS,,,,,1,9,11.6,,11.9,7.3,5.7,2.2,,,184.0,,,,79.0,0.0,831.1,,2.932331,,
2026-10-04T08:20:00+00:00,2026-10-04T08:26:48.125828+00:00,2026-10-04T08:26:48.125828+00:00,2026-10-04 11:20 (Local Time),VISITOR,,,,,1,7,23.9,,24.0,16.2,3.3,,,,40.0,,,,67.0,0.0,,,1.697665,,
2026-10-04T08:20:00+00:00,2026-10-04T08:26:48.125828+00:00,2026-10-04T08:26:48.125828+00:00,2026-10-04 11:20 (Local Time),XYLIATOS,,,,,1,8,20.5,,22.0,13.4,3.1,,,717.0,18.0,,,,65.0,0.0,,,1.594776,,
2026-10-04T08:20:00+00:00,2026-10-04T08:26:48.125828+00:00,2026-10-04T08:26:48.125828+00:00,2026-10-04 11:20 (Local Time),XYLOPHAGOU,,,,,1,9,26.1,34.0,26.9,17.2,3.0,1.0,,,172.0,,,,56.0,0.0,,,1.543332,,
2026-10-04T08:20:00+00:00,2026-10-04T08:26:48.125828+00:00,2026-10-04T08:26:48.125828+00:00,2026-10-04 11:20 (Local Time),ZYGI,,,,,1,9,25.8,33.5,26.0,17.2,1.7,0.6,,,83.0,,,,56.0,0.0,,,0.874555,,
2026-10-04T14:10:00+00:00,2026-10-04T14:14:05.199001+00:00,2026-10-04T14:14:05.199001+00:00,2026-10-04 17:00 (Local Time),ACHNA,,,,,1,8,25.2,,28.1,16.4,4.6,1.7,,,174.0,,,,58.0,0.0,,,2.366442,,
2026-10-04T14:10:00+00:00,2026-10-04T14:14:05.199001+00:00,2026-10-04T14:14:05.199001+00:00,2026-10-04 17:00 (Local Time),AGROS,,,,,1,10,17.6,,20.5,11.5,2.9,1.0,549.0,212.0,151.0,,,,52.0,0.0,,,1.491888,,
2026-10-04T14:10:00+00:00,2026-10-04T14:14:05.199001+00:00,2026-10-04T14:14:05.199001+00:00,2026-10-04 17:00 (Local Time),AKAMAS,,,,,1,7,21.4,,25.9,15.4,14.4,,,,234.0,,,,70.0,0.0,,,7.407994,,
2026-10-04T14:10:00+00:00,2026-10-04T14:14:05.199001+00:00,2026-10-04T14:14:05.199001+00:00,2026-10-04 17:00 (Local Time),ALONOUDI,,,,,1,5,20.9,,26.0,12.6,,,,,,,,,59.0,0.0,,,,,
2026-10-04T14:10:00+00:00,2026-10-04T14:14:05.199001+00:00,2026-10-04T14:14:05.199001+00:00,2026-10-04 17:00 (Local Time),AMARGETI,,,,,1,9,22.2,,26.5,14.1,5.2,1.5,,,226.0,,,,57.0,0.0,966.5,,2.675109,,
2026-10-04T14:10:00+00:00,2026-10-04T14:14:05.199001+00:00,2026-10-04T14:14:05.199001+00:00,2026-10-04 17:00 (Local Time),ASTROMERITIS,,,,,1,6,23.0,,,,6.5,2.2,,,314.0,,,,59.0,0.0,,,3.343886,,
2026-10-04T14:10:00+00:00,2026-10-04T14:14:05.199001+00:00,2026-10-04T14:14:05.199001+00:00,2026-10-04 17:00 (Local Time),ATHALASSA,,,,,1,11,26.8,30.2,28.9,15.7,6.3,1.7,,,168.0,,,,37.0,0.0,998.0,,3.240997,,"{""Atmospheric Pressure (Mean Sea Level)"": {""unit"": ""hPa"", ""value"": 1016.6}}"
2026-10-04T14:10:00+00:00,2026-10-04T14:14:05.199001+00:00,2026-10-04T14:14:05.199001+00:00,2026-10-04 17:00 (Local Time),ATHIENOU,,,,,1,9,23.9,27.9,27.3,16.1,8.5,4.1,,,144.0,,,,60.0,0.0,,,4.372774,,
2026-10-04T14:10:00+00:00,2026-10-04T14:14:05.199001+00:00,2026-10-04T14:14:05.199001+00:00,2026-10-04 17:00 (Local Time),AVDIMOU,,,,,1,11,25.2,31.7,26.6,15.7,4.2,1.5,820.0,288.0,211.0,,,,57.0,0.0,,,2.160665,,
2026-10-04T14:10:00+00:00,2026-10-04T14:14:05.199001+00:00,2026-10-04T14:14:05.199001+00:00,2026-10-04 17:00 (Local Time),CAVO_GRECO,,,,,1,9,26.9,,28.0,18.3,4.9,1.5,,,94.0,,,,55.0,0.0,1010.1,,2.520776,,
2026-10-04T14:10:00+00:00,2026-10-04T14:14:05.199001+00:00,2026-10-04T14:14:05.199001+00:00,2026-10-04 17:00 (Local Time),CHROMIO,,,,,1,9,9.5,,12.9,5.8,5.9,2.2,,,196.0,,,,85.0,0.0,,,3.03522,,"{""Snow Depth"": {""unit"": ""cm"", ""value"": 0.0}}"
2026-10-04T14:10:00+00:00,2026-10-04T14:14:05.199001+00:00,2026-10-04T14:14:05.199001+00:00,2026-10-04 17:00 (Local Time),CYTASAT,,,,,1,10,24.6,,27.0,14.2,4.9,1.6,,,186.0,,,,50.0,0.0,991.2,,2.520776,,"{""Atmospheric Pressure (Mean Sea Level)"": {""unit"": ""hPa"", ""value"": 1017.8}}"
2026-10-04T14:10:00+00:00,2026-10-04T14:14:05.199001+00:00,2026-10-04T14:14:05.199001+00:00,2026-10-04 17:00 (Local Time),EPTAGONEIA,,,,,1,8,22.6,,25.0,13.1,8.4,2.9,,,246.0,,,,48.0,0.0,,,4.32133,,
2026-10-04T14:10:00+00:00,2026-10-04T14:14:05.199001+00:00,2026-10-04T14:14:05.199001+00:00,2026-10-04 17:00 (Local Time),FANEROMENI,,,,,1,4,26.6,,,,,,,,,,,,53.0,0.0,,,,,"{""Rain Intensity (10 min.)"": {""unit"": ""mm/min"", ""value"": 0.0}}"
2026-10-04T14:10:00+00:00,2026-10-04T14:14:05.199001+00:00,2026-10-04T14:14:05.199001+00:00,2026-10-04 17:00 (Local Time),FARMAKAS,,,,,1,10,18.6,,23.3,12.3,6.2,4.2,467.0,111.0,351.0,,,,64.0,0.0,,,3.189553,,
2026-10-04T14:10:00+00:00,2026-10-04T14:14:05.199001+00:00,2026-10-04T14:14:05.199001+00:00,2026-10-04 17:00 (Local Time),FRENAROS,,,,,1,11,26.9,29.1,28.1,16.6,4.6,1.7,,268.0,168.0,,,,55.0,0.0,1007.1,,2.366442,,
2026-10-04T14:10:00+00:00,2026-10-04T14:14:05.199001+00:00,2026-10-04T14:14:05.199001+00:00,2026-10-04 17:00 (Local Time),KALAVASOS,,,,,1,5,26.3,,29.5,16.8,,,,,,,,,50.0,0.0,,,,,
2026-10-04T14:10:00+00:00,2026-10-04T14:14:05.199001+00:00,2026-10-04T14:14:05.199001+00:00,2026-10-04 17:00 (Local Time),KALOPANAYIOTIS,,,,,1,9,18.8,,26.8,12.6,6.0,1.2,,64.0,179.0,,,,71.0,0.0,,,3.086664,,
2026-10-04T14:10:00+00:00,2026-10-04T14:14:05.199001+00:00,2026-10-04T14:14:05.199001+00:00,2026-10-04 17:00 (Local Time),KAMPOS,,,,,1,11,21.6,22.2,25.9,14.5,4.7,1.5,531.0,318.0,326.0,,,,64.0,0.0,,,2.417887,,
2026-10-04T14:10:00+00:00,2026-10-04T14:14:05.199001+00:00,2026-10-04T14:14:05.199001+00:00,2026-10-04 17:00 (Local Time),KANNAVIOU,,,,,1,6,21.0,,25.7,14.5,,2.8,,,,,,,68.0,0.0,,,,,
2026-10-04T14:10:00+00:00,2026-10-04T14:14:05.199001+00:00,2026-10-04T14:14:05.199001+00:00,2026-10-04 17:00 (Local Time),KATHIKAS,,,,,1,6,19.7,,22.4,13.6,,,,,,,,,75.0,0.0,,,,,"{""Accumulated Rainfall (24 hours)"": {""unit"": ""mm"", ""value"": 0.0}}"
2026-10-04T14:10:00+00:00,2026-10-04T14:14:05.199001+00:00,2026-10-04T14:14:05.199001+00:00,2026-10-04 17:00 (Local Time),KEPNIC,,,,,1,1,,,,,,,,,,,,,,0.0,,,,,
2026-10-04T14:10:00+00:00,2026-10-04T14:14:05.199001+00:00,2026-10-04T14:14:05.199001+00:00,2026-10-04 17:00 (Local Time),KILANI,,,,,1,7,17.5,,22.0,11.7,,1.3,,77.0,,,,,71.0,0.0,,,,,
2026-10-04T14:10:00+00:00,2026-10-04T14:14:05.199001+00:00,2026-10-04T14:14:05.199001+00:00,2026-10-04 17:00 (Local Time),KORNOS,,,,,1,3,23.7,,,,,,,,,,,,54.0,0.0,,,,,
2026-10-04T14:10:00+00:00,2026-10-04T14:14:05.199001+00:00,2026-10-04T14:14:05.199001+00:00,2026-10-04 17:00 (Local Time),KOURIS,,,,,1,8,25.1,,27.6,16.6,6.2,1.2,,,221.0,,,,58.0,0.0,,,3.189553,,
2026-10-04T14:10:00+00:00,2026-10-04T14:14:05.199001+00:00,2026-10-04T14:14:05.199001+00:00,2026-10-04 17:00 (Local Time),KPYRGOS,,,,,1,8,20.7,,26.4,15.8,14.1,4.6,,,345.0,,,,81.0,0.0,,,7.25366,,
2026-10-04T14:10:00+00:00,2026-10-04T14:14:05.199001+00:00,2026-10-04T14:14:05.199001+00:00,2026-10-04 17:00 (Local Time),KYPEROUNTA,,,,,1,6,15.4,,17.9,9.9,,2.5,,299.0,,,,,63.0,,,,,,
2026-10-04T14:10:00+00:00,2026-10-04T14:14:05.199001+00:00,2026-10-04T14:14:05.199001+00:00,2026-10-04 17:00 (Local Time),LCLK,,,,,1,9,26.4,,27.8,17.0,,2.8,,,,,,,54.0,0.0,,,,,"{""Atmospheric Pressure (QNH)"": {""unit"": ""hPa"", ""value"": 1017.3}, ""Wind Direction (10m) at Runway 22"": {""unit"": ""Degrees"", ""value"": 182.0}, ""Wind Speed (10m) at Runway 22"": {""unit"": ""Knots"", ""value"": 6.9}}"
2026-10-04T14:10:00+00:00,2026-10-04T14:14:05.199001+00:00,2026-10-04T14:14:05.199001+00:00,2026-10-04 17:00 (Local Time),LCPH,,,,,1,9,25.8,,26.9,18.3,,1.1,,,,,,,56.0,0.0,,,,,"{""Atmospheric Pressure (QNH)"": {""unit"": ""hPa"", ""value"": 1017.6}, ""Wind Direction (10m) at Runway 29"": {""unit"": ""Degrees"", ""value"": 225.0}, ""Wind Speed (10m) at Runway 29"": {""unit"": ""Knots"", ""value"": 3.7}}"
2026-10-04T14:10:00+00:00,2026-10-04T14:14:05.199001+00:00,2026-10-04T14:14:05.199001+00:00,2026-10-04 17:00 (Local Time),LEFKARA,,,,,1,6,24.0,,27.6,14.0,,1.1,,,,,,,51.0,0.0,,,,,
2026-10-04T14:10:00+00:00,2026-10-04T14:14:05.199001+00:00,2026-10-04T14:14:05.199001+00:00,2026-10-04 17:00 (Local Time),LEFKOSIA,,,,,1,7,24.3,,28.3,15.9,,0.7,,,,,,,45.0,0.0,,,,,"{""Accumulated Rainfall (24 hours)"": {""unit"": ""mm"", ""value"": 0.1}}"
2026-10-04T14:10:00+00:00,2026-10-04T14:14:05.199001+00:00,2026-10-04T14:14:05.199001+00:00,2026-10-04 17:00 (Local Time),LIMASSOL,,,,,1,10,24.4,,27.6,16.4,,2.3,,88.0,,,,,59.0,0.0,1016.3,,,,"{""Wind Direction (10m) at Port Gate"": {""unit"": ""Degrees"", ""value"": 239.0}, ""Wind Speed (10m) at Port Gate"": {""unit"": ""Knots"", ""value"": 6.8}}"
2026-10-04T14:10:00+00:00,2026-10-04T14:14:05.199001+00:00,2026-10-04T14:14:05.199001+00:00,2026-10-04 17:00 (Local Time),LINOU,,,,,1,9,21.3,,25.6,13.9,15.6,4.5,,,324.0,,,,71.0,0.0,970.2,,8.025326,,
2026-10-04T14:10:00+00:00,2026-10-04T14:14:05.199001+00:00,2026-10-04T14:14:05.199001+00:00,2026-10-04 17:00 (Local Time),LYSOS,,,,,1,7,20.0,,24.3,11.3,9.6,,,,247.0,,,,63.0,0.0,,,4.938662,,
2026-10-04T14:10:00+00:00,2026-10-04T14:14:05.199001+00:00,2026-10-04T14:14:05.199001+00:00,2026-10-04 17:00 (Local Time),MALLIA,,,,,1,10,20.3,20.9,24.7,11.9,6.9,1.7,,121.0,231.0,,,,63.0,0.0,,,3.549664,,
2026-10-04T14:10:00+00:00,2026-10-04T14:14:05.199001+00:00,2026-10-04T14:14:05.199001+00:00,2026-10-04 17:00 (Local Time),MAMMARI,,,,,1,10,25.0,,27.7,17.4,,4.9,,313.0,,,,,56.0,0.0,,,,,"{""Atmospheric Pressure (QNH)"": {""unit"": ""hPa"", ""value"": 1017.6}, ""Wind Direction (10m) at Runway 12"": {""unit"": ""Degrees"", ""value"": 272.0}, ""Wind Speed (10m) at Runway 12"": {""unit"": ""Knots"", ""value"": 11.2}}"
2026-10-04T14:10:00+00:00,2026-10-04T14:14:05.199001+00:00,2026-10-04T14:14:05.199001+00:00,2026-10-04 17:00 (Local Time),MATHIATIS,,,,,1,10,23.0,,25.0,14.4,7.3,1.6,630.0,119.0,210.0,,,,49.0,0.0,,,3.755441,,
2026-10-04T14:10:00+00:00,2026-10-04T14:14:05.199001+00:00,2026-10-04T14:14:05.199001+00:00,2026-10-04 17:00 (Local Time),PANAGIA_BRIDGE,,,,,1,6,23.2,23.8,25.3,13.1,,,,,,,,,40.0,0.0,,,,,
2026-10-04T14:10:00+00:00,2026-10-04T14:14:05.199001+00:00,2026-10-04T14:14:05.199001+00:00,2026-10-04 17:00 (Local Time),PAPHOS,,,,,1,8,24.9,,26.8,16.8,3.7,1.4,,,248.0,,,,55.0,0.0,,,1.903443,,
2026-10-04T14:10:00+00:00,2026-10-04T14:14:05.199001+00:00,2026-10-04T14:14:05.199001+00:00,2026-10-04 17:00 (Local Time),PAREKLISIA,,,,,1,7,24.0,,29.3,16.2,3.6,,,,228.0,,,,60.0,0.0,,,1.851998,,
2026-10-04T14:10:00+00:00,2026-10-04T14:14:05.199001+00:00,2026-10-04T14:14:05.199001+00:00,2026-10-04 17:00 (Local Time),PENTAKOMO,,,,,1,8,25.8,,27.5,17.7,8.8,3.5,,,203.0,,,,56.0,0.0,,,4.527107,,
2026-10-04T14:10:00+00:00,2026-10-04T14:14:05.199001+00:00,2026-10-04T14:14:05.199001+00:00,2026-10-04 17:00 (Local Time),PLATANIA,,,,,1,6,14.9,,18.6,10.5,,0.3,,,,,,,71.0,0.0,,,,,
2026-10-04T14:10:00+00:00,2026-10-04T14:14:05.199001+00:00,2026-10-04T14:14:05.199001+00:00,2026-10-04 17:00 (Local Time),POLIS,,,,,1,11,24.6,,27.1,16.3,8.0,3.1,662.0,,238.0,,,,59.0,0.0,1014.1,,4.115552,,"{""Atmospheric Pressure (Mean Sea Level)"": {""unit"": ""hPa"", ""value"": 1016.8}}"
2026-10-04T14:10:00+00:00,2026-10-04T14:14:05.199001+00:00,2026-10-04T14:14:05.199001+00:00,2026-10-04 17:00 (Local Time),POLYSTYPOS,,,,,1,8,16.8,,20.1,11.3,5.7,2.8,,,168.0,,,,50.0,0.0,,,2.932331,,
2026-10-04T14:10:00+00:00,2026-10-04T14:14:05.199001+00:00,2026-10-04T14:14:05.199001+00:00,2026-10-04 17:00 (Local Time),PRODROMOS,,,,,1,9,12.5,,17.8,8.7,4.5,1.8,,19.0,265.0,,,,81.0,0.0,,,2.314998,,
2026-10-04T14:10:00+00:00,2026-10-04T14:14:05.199001+00:00,2026-10-04T14:14:05.199001+00:00,2026-10-04 17:00 (Local Time),PYRGOS,,,,,1,5,17.2,,,,5.3,,,,280.0,,,,90.0,0.4,,,2.726553,,
2026-10-04T14:10:00+00:00,2026-10-04T14:14:05.199001+00:00,2026-10-04T14:14:05.199001+00:00,2026-10-04 17:00 (Local Time),SAITTAS,,,,,1,5,20.7,,25.2,13.4,,,,,,,,,58.0,0.0,,,,,
2026-10-04T14:10:00+00:00,2026-10-04T14:14:05.199001+00:00,2026-10-04T14:14:05.199001+00:00,2026-10-04 17:00 (Local Time),TAMASOS,,,,,1,9,23.6,24.2,26.5,15.6,3.9,1.3,,,194.0,,,,46.0,0.0,,,2.006332,,
2026-10-04T14:10:00+00:00,2026-10-04T14:14:05.199001+00:00,2026-10-04T14:14:05.199001+00:00,2026-10-04 17:00 (Local Time),TEPAK,,,,,1,9,24.3,,27.0,16.5,3.2,1.0,,,248.0,,,,50.0,0.0,,,1.646221,,"{""Accumulated Rainfall (24 hours)"": {""unit"": ""mm"", ""value"": 0.0}}"
2026-10-04T14:10:00+00:00,2026-10-04T14:14:05.199001+00:00,2026-10-04T14:14:05.199001+00:00,2026-10-04 17:00 (Local Time),TRIPILOS,,,,,1,7,15.1,,21.4,8.3,8.3,,,,240.0,,,,82.0,0.0,,,4.269885,,
2026-10-04T14:10:00+00:00,2026-10-04T14:14:05.199001+00:00,2026-10-04T14:14:05.199001+00:00,2026-10-04 17:00 (Local Time),TROODOS,,,,,1,9,11.0,,13.7,7.3,7.0,2.3,,,211.0,,,,83.0,0.0,830.3,,3.601108,,
2026-10-04T14:10:00+00:00,2026-10-04T14:14:05.199001+00:00,2026-10-04T14:14:05.199001+00:00,2026-10-04 17:00 (Local Time),VISITOR,,,,,1,7,26.5,,28.0,16.2,4.7,,,,164.0,,,,40.0,0.0,,,2.417887,,
2026-10-04T14:10:00+00:00,2026-10-04T14:14:05.199001+00:00,2026-10-04T14:14:05.199001+00:00,2026-10-04 17:00 (Local Time),XYLIATOS,,,,,1,8,21.8,,26.4,13.4,3.3,,,117.0,223.0,,,,44.0,0.0,,,1.697665,,
2026-10-04T14:10:00+00:00,2026-10-04T14:14:05.199001+00:00,2026-10-04T14:14:05.199001+00:00,2026-10-04 17:00 (Local Time),XYLOPHAGOU,,,,,1,9,25.6,28.5,27.6,17.2,5.4,1.3,,,122.0,,,,65.0,0.0,,,2.777998,,
2026-10-04T14:10:00+00:00,2026-10-04T14:14:05.199001+00:00,2026-10-04T14:14:05.199001+00:00,2026-10-04 17:00 (Local Time),ZYGI,,,,,1,9,24.9,24.6,26.6,17.2,2.2,0.8,,,219.0,,,,57.0,0.0,,,1.131777,,
2026-10-04T18:00:00+00:00,2026-10-04T18:09:57.958202+00:00,2026-10-04T18:09:57.958202+00:00,2026-10-04 21:00 (Local Time),ACHNA,,,,,1,8,19.8,,19.8,19.8,4.6,1.4,,,303.0,,,,73.0,0.0,,,2.366442,,
2026-10-04T18:00:00+00:00,2026-10-04T18:09:57.958202+00:00,2026-10-04T18:09:57.958202+00:00,2026-10-04 21:00 (Local Time),AGROS,,,,,1,10,13.3,,13.3,13.2,1.3,0.4,3.0,0.0,330.0,,,,87.0,0.0,,,0.668777,,
2026-10-04T18:00:00+00:00,2026-10-04T18:09:57.958202+00:00,2026-10-04T18:09:57.958202+00:00,2026-10-04 21:00 (Local Time),AKAMAS,,,,,1,7,18.7,,18.8,18.7,4.9,,,,73.0,,,,69.0,0.0,,,2.520776,,
2026-10-04T18:00:00+00:00,2026-10-04T18:09:57.958202+00:00,2026-10-04T18:09:57.958202+00:00,,ALONOUDI,,,,,0,0,,,,,,,,,,,,,,,,,,,
2026-10-04T18:00:00+00:00,2026-10-04T18:09:57.958202+00:00,2026-10-04T18:09:57.958202+00:00,2026-10-04 21:00 (Local Time),AMARGETI,,,,,1,9,17.2,,17.2,17.1,1.6,0.6,,,336.0,,,,84.0,0.0,967.2,,0.82311,,
2026-10-04T18:00:00+00:00,2026-10-04T18:09:57.958202+00:00,2026-10-04T18:09:57.958202+00:00,2026-10-04 21:00 (Local Time),ASTROMERITIS,,,,,1,6,16.7,,,,8.0,2.2,,,172.0,,,,91.0,0.0,,,4.115552,,
2026-10-04T18:00:00+00:00,2026-10-04T18:09:57.958202+00:00,2026-10-04T18:09:57.958202+00:00,2026-10-04 21:00 (Local Time),ATHALASSA,,,,,1,11,18.4,16.5,18.4,18.4,2.9,1.0,,,254.0,,,,77.0,0.0,1000.0,,1.491888,,"{""Atmospheric Pressure (Mean Sea Level)"": {""unit"": ""hPa"", ""value"": 1019.1}}"
2026-10-04T18:00:00+00:00,2026-10-04T18:09:57.958202+00:00,2026-10-04T18:09:57.958202+00:00,2026-10-04 21:00 (Local Time),ATHIENOU,,,,,1,9,18.0,16.5,18.1,18.1,7.6,1.8,,,231.0,,,,79.0,0.0,,,3.909774,,
2026-10-04T18:00:00+00:00,2026-10-04T18:09:57.958202+00:00,2026-10-04T18:09:57.958202+00:00,2026-10-04 21:00 (Local Time),AVDIMOU,,,,,1,11,17.4,15.8,17.4,17.4,0.6,0.4,3.0,3.0,355.0,,,,91.0,0.0,,,0.308666,,
2026-10-04T18:00:00+00:00,2026-10-04T18:09:57.958202+00:00,2026-10-04T18:09:57.958202+00:00,2026-10-04 21:00 (Local Time),CAVO_GRECO,,,,,1,9,21.7,,21.4,21.4,7.4,2.5,,,294.0,,,,67.0,0.0,1011.3,,3.806886,,
2026-10-04T18:00:00+00:00,2026-10-04T18:09:57.958202+00:00,2026-10-04T18:09:57.958202+00:00,2026-10-04 21:00 (Local Time),CHROMIO,,,,,1,9,8.2,,8.0,8.0,2.7,0.6,,,238.0,,,,70.0,0.0,,,1.388999,,"{""Snow Depth"": {""unit"": ""cm"", ""value"": 0.0}}"
2026-10-04T18:00:00+00:00,2026-10-04T18:09:57.958202+00:00,2026-10-04T18:09:57.958202+00:00,2026-10-04 21:00 (Local Time),CYTASAT,,,,,1,10,18.0,,18.0,17.9,2.2,0.7,,,334.0,,,,67.0,0.0,992.8,,1.131777,,"{""Atmospheric Pressure (Mean Sea Level)"": {""unit"": ""hPa"", ""value"": 1020.0}}"
2026-10-04T18:00:00+00:00,2026-10-04T18:09:57.958202+00:00,2026-10-04T18:09:57.958202+00:00,2026-10-04 21:00 (Local Time),EPTAGONEIA,,,,,1,8,15.0,,14.9,14.9,0.9,0.3,,,71.0,,,,85.0,0.0,,,0.463,,
2026-10-04T18:00:00+00:00,2026-10-04T18:09:57.958202+00:00,2026-10-04T18:09:57.958202+00:00,2026-10-04 21:00 (Local Time),FANEROMENI,,,,,1,4,20.8,,,,,,,,,,,,69.0,0.0,,,,,"{""Rain Intensity (10 min.)"": {""unit"": ""mm/min"", ""value"": 0.0}}"
2026-10-04T18:00:00+00:00,2026-10-04T18:09:57.958202+00:00,2026-10-04T18:09:57.958202+00:00,2026-10-04 21:00 (Local Time),FARMAKAS,,,,,1,10,12.7,,12.7,12.7,6.3,1.3,2.0,0.0,351.0,,,,91.0,0.0,,,3.240997,,
2026-10-04T18:00:00+00:00,2026-10-04T18:09:57.958202+00:00,2026-10-04T18:09:57.958202+00:00,2026-10-04 21:00 (Local Time),FRENAROS,,,,,1,11,19.4,18.1,19.3,19.3,5.6,2.3,,0.0,295.0,,,,82.0,0.0,1008.5,,2.880886,,
2026-10-04T18:00:00+00:00,2026-10-04T18:09:57.958202+00:00,2026-10-04T18:09:57.958202+00:00,2026-10-04 21:00 (Local Time),KALAVASOS,,,,,1,5,19.0,,18.9,18.9,,,,,,,,,80.0,0.0,,,,,
2026-10-04T18:00:00+00:00,2026-10-04T18:09:57.958202+00:00,2026-10-04T18:09:57.958202+00:00,2026-10-04 21:00 (Local Time),KALOPANAYIOTIS,,,,,1,9,14.2,,14.2,14.2,4.3,0.7,,0.0,169.0,,,,94.0,0.0,,,2.212109,,
2026-10-04T18:00:00+00:00,2026-10-04T18:09:57.958202+00:00,2026-10-04T18:09:57.958202+00:00,2026-10-04 21:00 (Local Time),KAMPOS,,,,,1,11,16.7,15.7,16.9,16.8,2.8,0.9,4.0,0.0,249.0,,,,68.0,0.0,,,1.440443,,
2026-10-04T18:00:00+00:00,2026-10-04T18:09:57.958202+00:00,2026-10-04T18:09:57.958202+00:00,2026-10-04 21:00 (Local Time),KANNAVIOU,,,,,1,6,17.1,,17.1,17.0,,2.6,,,,,,,80.0,0.0,,,,,
2026-10-04T18:00:00+00:00,2026-10-04T18:09:57.958202+00:00,2026-10-04T18:09:57.958202+00:00,2026-10-04 21:00 (Local Time),KATHIKAS,,,,,1,6,16.8,,16.8,16.8,,,,,,,,,78.0,0.0,,,,,"{""Accumulated Rainfall (24 hours)"": {""unit"": ""mm"", ""value"": 0.0}}"
2026-10-04T18:00:00+00:00,2026-10-04T18:09:57.958202+00:00,2026-10-04T18:09:57.958202+00:00,2026-10-04 21:00 (Local Time),KEPNIC,,,,,1,1,,,,,,,,,,,,,,0.0,,,,,
2026-10-04T18:00:00+00:00,2026-10-04T18:09:57.958202+00:00,2026-10-04T18:09:57.958202+00:00,2026-10-04 21:00 (Local Time),KILANI,,,,,1,7,13.9,,14.0,13.9,,1.0,,2.0,,,,,82.0,0.0,,,,,
2026-10-04T18:00:00+00:00,2026-10-04T18:09:57.958202+00:00,2026-10-04T18:09:57.958202+00:00,2026-10-04 21:00 (Local Time),KORNOS,,,,,1,3,17.1,,,,,,,,,,,,77.0,0.0,,,,,
2026-10-04T18:00:00+00:00,2026-10-04T18:09:57.958202+00:00,2026-10-04T18:09:57.958202+00:00,2026-10-04 21:00 (Local Time),KOURIS,,,,,1,8,19.7,,19.8,19.8,6.7,2.4,,,21.0,,,,72.0,0.0,,,3.446775,,
2026-10-04T18:00:00+00:00,2026-10-04T18:09:57.958202+00:00,2026-10-04T18:09:57.958202+00:00,2026-10-04 21:00 (Local Time),KPYRGOS,,,,,1,8,17.1,,17.1,17.1,4.4,1.6,,,158.0,,,,90.0,0.0,,,2.263554,,
2026-10-04T18:00:00+00:00,2026-10-04T18:09:57.958202+00:00,2026-10-04T18:09:57.958202+00:00,2026-10-04 21:00 (Local Time),KYPEROUNTA,,,,,1,6,12.0,,12.1,12.0,,1.5,,0.0,,,,,78.0,,,,,,
2026-10-04T18:00:00+00:00,2026-10-04T18:09:57.958202+00:00,2026-10-04T18:09:57.958202+00:00,2026-10-04 21:00 (Local Time),LCLK,,,,,1,9,20.2,,20.2,20.2,,2.3,,,,,,,67.0,0.0,,,,,"{""Atmospheric Pressure (QNH)"": {""unit"": ""hPa"", ""value"": 1018.6}, ""Wind Direction (10m) at Runway 22"": {""unit"": ""Degrees"", ""value"": 302.0}, ""Wind Speed (10m) at Runway 22"": {""unit"": ""Knots"", ""value"": 6.7}}"
2026-10-04T18:00:00+00:00,2026-10-04T18:09:57.958202+00:00,2026-10-04T18:09:57.958202+00:00,2026-10-04 21:00 (Local Time),LCPH,,,,,1,9,21.7,,21.7,21.6,,1.1,,,,,,,68.0,0.0,,,,,"{""Atmospheric Pressure (QNH)"": {""unit"": ""hPa"", ""value"": 1018.5}, ""Wind Direction (10m) at Runway 29"": {""unit"": ""Degrees"", ""value"": 24.0}, ""Wind Speed (10m) at Runway 29"": {""unit"": ""Knots"", ""value"": 5.0}}"
2026-10-04T18:00:00+00:00,2026-10-04T18:09:57.958202+00:00,2026-10-04T18:09:57.958202+00:00,2026-10-04 21:00 (Local Time),LEFKARA,,,,,1,6,17.1,,17.2,17.1,,1.7,,,,,,,75.0,0.0,,,,,
2026-10-04T18:00:00+00:00,2026-10-04T18:09:57.958202+00:00,2026-10-04T18:09:57.958202+00:00,2026-10-04 21:00 (Local Time),LEFKOSIA,,,,,1,7,16.6,,16.6,16.6,,0.7,,,,,,,85.0,0.0,,,,,"{""Accumulated Rainfall (24 hours)"": {""unit"": ""mm"", ""value"": 0.8}}"
2026-10-04T18:00:00+00:00,2026-10-04T18:09:57.958202+00:00,2026-10-04T18:09:57.958202+00:00,2026-10-04 21:00 (Local Time),LIMASSOL,,,,,1,10,20.3,,20.2,20.2,,1.1,,0.0,,,,,75.0,0.0,1017.3,,,,"{""Wind Direction (10m) at Port Gate"": {""unit"": ""Degrees"", ""value"": 275.0}, ""Wind Speed (10m) at Port Gate"": {""unit"": ""Knots"", ""value"": 3.5}}"
2026-10-04T18:00:00+00:00,2026-10-04T18:09:57.958202+00:00,2026-10-04T18:09:57.958202+00:00,2026-10-04 21:00 (Local Time),LINOU,,,,,1,9,16.6,,16.6,16.6,9.2,3.6,,,163.0,,,,80.0,0.0,971.7,,4.732885,,
2026-10-04T18:00:00+00:00,2026-10-04T18:09:57.958202+00:00,2026-10-04T18:09:57.958202+00:00,2026-10-04 21:00 (Local Time),LYSOS,,,,,1,7,14.5,,14.5,14.5,2.1,,,,0.0,,,,71.0,0.0,,,1.080332,,
2026-10-04T18:00:00+00:00,2026-10-04T18:09:57.958202+00:00,2026-10-04T18:09:57.958202+00:00,2026-10-04 21:00 (Local Time),MALLIA,,,,,1,10,14.2,12.8,14.1,14.1,1.4,0.1,,10.0,278.0,,,,87.0,0.0,,,0.720222,,
2026-10-04T18:00:00+00:00,2026-10-04T18:09:57.958202+00:00,2026-10-04T18:09:57.958202+00:00,2026-10-04 21:00 (Local Time),MAMMARI,,,,,1,10,18.1,,18.1,18.0,,3.0,,4.0,,,,,79.0,0.0,,,,,"{""Atmospheric Pressure (QNH)"": {""unit"": ""hPa"", ""value"": 1019.4}, ""Wind Direction (10m) at Runway 12"": {""unit"": ""Degrees"", ""value"": 222.0}, ""Wind Speed (10m) at Runway 12"": {""unit"": ""Knots"", ""value"": 7.7}}"
2026-10-04T18:00:00+00:00,2026-10-04T18:09:57.958202+00:00,2026-10-04T18:09:57.958202+00:00,2026-10-04 21:00 (Local Time),MATHIATIS,,,,,1,10,15.0,,15.1,15.0,1.8,0.5,4.0,0.0,273.0,,,,81.0,0.0,,,0.925999,,
2026-10-04T18:00:00+00:00,2026-10-04T18:09:57.958202+00:00,2026-10-04T18:09:57.958202+00:00,2026-10-04 21:00 (Local Time),PANAGIA_BRIDGE,,,,,1,6,15.2,15.6,15.2,15.2,,,,,,,,,87.0,0.0,,,,,
2026-10-04T18:00:00+00:00,2026-10-04T18:09:57.958202+00:00,2026-10-04T18:09:57.958202+00:00,2026-10-04 21:00 (Local Time),PAPHOS,,,,,1,8,20.1,,20.1,20.1,2.0,1.0,,,36.0,,,,68.0,0.0,,,1.028888,,
2026-10-04T18:00:00+00:00,2026-10-04T18:09:57.958202+00:00,2026-10-04T18:09:57.958202+00:00,2026-10-04 21:00 (Local Time),PAREKLISIA,,,,,1,7,18.9,,18.9,18.9,1.1,,,,32.0,,,,80.0,0.0,,,0.565888,,
2026-10-04T18:00:00+00:00,2026-10-04T18:09:57.958202+00:00,2026-10-04T18:09:57.958202+00:00,2026-10-04 21:00 (Local Time),PENTAKOMO,,,,,1,8,21.0,,21.0,21.0,5.8,1.9,,,310.0,,,,70.0,0.0,,,2.983775,,
2026-10-04T18:00:00+00:00,2026-10-04T18:09:57.958202+00:00,2026-10-04T18:09:57.958202+00:00,2026-10-04 21:00 (Local Time),PLATANIA,,,,,1,6,10.4,,10.4,10.4,,0.4,,,,,,,95.0,0.0,,,,,
2026-10-04T18:00:00+00:00,2026-10-04T18:09:57.958202+00:00,2026-10-04T18:09:57.958202+00:00,2026-10-04 21:00 (Local Time),POLIS,,,,,1,11,19.3,,19.3,19.3,4.8,1.1,4.0,,151.0,,,,81.0,0.0,1015.2,,2.469331,,"{""Atmospheric Pressure (Mean Sea Level)"": {""unit"": ""hPa"", ""value"": 1017.9}}"
2026-10-04T18:00:00+00:00,2026-10-04T18:09:57.958202+00:00,2026-10-04T18:09:57.958202+00:00,2026-10-04 21:00 (Local Time),POLYSTYPOS,,,,,1,8,12.6,,12.6,12.6,2.0,0.3,,,235.0,,,,83.0,0.0,,,1.028888,,
2026-10-04T18:00:00+00:00,2026-10-04T18:09:57.958202+00:00,2026-10-04T18:09:57.958202+00:00,2026-10-04 21:00 (Local Time),PRODROMOS,,,,,1,9,9.8,,9.8,9.7,2.3,0.3,,0.0,100.0,,,,93.0,0.0,,,1.183221,,
2026-10-04T18:00:00+00:00,2026-10-04T18:09:57.958202+00:00,2026-10-04T18:09:57.958202+00:00,2026-10-04 21:00 (Local Time),PYRGOS,,,,,1,5,15.2,,,,6.7,,,,231.0,,,,86.0,0.0,,,3.446775,,
2026-10-04T18:00:00+00:00,2026-10-04T18:09:57.958202+00:00,2026-10-04T18:09:57.958202+00:00,2026-10-04 21:00 (Local Time),SAITTAS,,,,,1,5,14.9,,14.9,14.9,,,,,,,,,81.0,0.0,,,,,
2026-10-04T18:00:00+00:00,2026-10-04T18:09:57.958202+00:00,2026-10-04T18:09:57.958202+00:00,2026-10-04 21:00 (Local Time),TAMASOS,,,,,1,9,16.3,15.8,16.3,16.3,0.7,0.3,,,192.0,,,,83.0,0.0,,,0.360111,,
2026-10-04T18:00:00+00:00,2026-10-04T18:09:57.958202+00:00,2026-10-04T18:09:57.958202+00:00,2026-10-04 21:00 (Local Time),TEPAK,,,,,1,9,20.0,,19.9,19.9,0.7,0.0,,,271.0,,,,71.0,0.0,,,0.360111,,"{""Accumulated Rainfall (24 hours)"": {""unit"": ""mm"", ""value"": 0.0}}"
2026-10-04T18:00:00+00:00,2026-10-04T18:09:57.958202+00:00,2026-10-04T18:09:57.958202+00:00,2026-10-04 21:00 (Local Time),TRIPILOS,,,,,1,7,10.4,,10.4,10.4,2.4,,,,10.0,,,,89.0,0.0,,,1.234666,,
2026-10-04T18:00:00+00:00,2026-10-04T18:09:57.958202+00:00,2026-10-04T18:09:57.958202+00:00,2026-10-04 21:00 (Local Time),TROODOS,,,,,1,9,8.3,,8.3,8.2,1.4,0.7,,,240.0,,,,82.0,0.0,831.1,,0.720222,,
2026-10-04T18:00:00+00:00,2026-10-04T18:09:57.958202+00:00,2026-10-04T18:09:57.958202+00:00,2026-10-04 21:00 (Local Time),VISITOR,,,,,1,7,19.0,,19.1,19.0,1.7,,,,241.0,,,,81.0,0.0,,,0.874555,,
2026-10-04T18:00:00+00:00,2026-10-04T18:09:57.958202+00:00,2026-10-04T18:09:57.958202+00:00,2026-10-04 21:00 (Local Time),XYLIATOS,,,,,1,8,15.7,,15.8,15.8,3.5,,,8.0,173.0,,,,75.0,0.0,,,1.800554,,
2026-10-04T18:00:00+00:00,2026-10-04T18:09:57.958202+00:00,2026-10-04T18:09:57.958202+00:00,2026-10-04 21:00 (Local Time),XYLOPHAGOU,,,,,1,9,19.6,20.3,19.6,19.6,4.0,1.1,,,326.0,,,,79.0,0.0,,,2.057776,,
2026-10-04T18:00:00+00:00,2026-10-04T18:09:57.958202+00:00,2026-10-04T18:09:57.958202+00:00,2026-10-04 21:00 (Local Time),ZYGI,,,,,1,9,19.9,19.3,19.9,19.9,3.2,0.6,,,353.0,,,,77.0,0.0,,,1.646221,,
2026-10-04T21:20:00+00:00,2026-10-04T21:23:57.253943+00:00,2026-10-04T21:23:57.253943+00:00,2026-10-05 00:10 (Local Time),ACHNA,,,,,1,8,18.3,,19.8,18.2,3.9,1.1,,,289.0,,,,74.0,0.0,,,2.006332,,
2026-10-04T21:20:00+00:00,2026-10-04T21:23:57.253943+00:00,2026-10-04T21:23:57.253943+00:00,2026-10-05 00:10 (Local Time),AGROS,,,,,1,10,12.1,,13.3,11.8,3.2,0.9,3.0,0.0,323.0,,,,79.0,0.0,,,1.646221,,
2026-10-04T21:20:00+00:00,2026-10-04T21:23:57.253943+00:00,2026-10-04T21:23:57.253943+00:00,2026-10-05 00:10 (Local Time),AKAMAS,,,,,1,7,18.9,,19.6,18.6,3.1,,,,250.0,,,,77.0,0.0,,,1.594776,,
2026-10-04T21:20:00+00:00,2026-10-04T21:23:57.253943+00:00,2026-10-04T21:23:57.253943+00:00,2026-10-05 00:10 (Local Time),ALONOUDI,,,,,1,5,12.7,,14.4,12.6,,,,,,,,,97.0,0.0,,,,,
2026-10-04T21:20:00+00:00,2026-10-04T21:23:57.253943+00:00,2026-10-04T21:23:57.253943+00:00,2026-10-05 00:10 (Local Time),AMARGETI,,,,,1,9,16.5,,17.8,16.3,4.4,1.7,,,307.0,,,,79.0,0.0,966.7,,2.263554,,
2026-10-04T21:20:00+00:00,2026-10-04T21:23:57.253943+00:00,2026-10-04T21:23:57.253943+00:00,2026-10-05 00:10 (Local Time),ASTROMERITIS,,,,,1,6,15.6,,,,5.4,1.3,,,178.0,,,,84.0,0.0,,,2.777998,,
2026-10-04T21:20:00+00:00,2026-10-04T21:23:57.253943+00:00,2026-10-04T21:23:57.253943+00:00,2026-10-05 00:10 (Local Time),ATHALASSA,,,,,1,11,16.0,13.1,18.5,15.9,2.5,0.7,,,206.0,,,,80.0,0.0,999.0,,1.28611,,"{""Atmospheric Pressure (Mean Sea Level)"": {""unit"": ""hPa"", ""value"": 1018.3}}"
2026-10-04T21:20:00+00:00,2026-10-04T21:23:57.253943+00:00,2026-10-04T21:23:57.253943+00:00,2026-10-05 00:10 (Local Time),ATHIENOU,,,,,1,9,16.4,14.1,18.2,16.3,3.9,0.6,,,229.0,,,,82.0,0.0,,,2.006332,,
2026-10-04T21:20:00+00:00,2026-10-04T21:23:57.253943+00:00,2026-10-04T21:23:57.253943+00:00,2026-10-05 00:10 (Local Time),AVDIMOU,,,,,1,11,15.1,13.3,17.4,15.1,1.9,0.0,3.0,1.0,319.0,,,,92.0,0.0,,,0.977444,,
2026-10-04T21:20:00+00:00,2026-10-04T21:23:57.253943+00:00,2026-10-04T21:23:57.253943+00:00,2026-10-05 00:10 (Local Time),CAVO_GRECO,,,,,1,9,18.5,,21.4,18.4,2.3,0.7,,,269.0,,,,78.0,0.0,1010.3,,1.183221,,
2026-10-04T21:20:00+00:00,2026-10-04T21:23:57.253943+00:00,2026-10-04T21:23:57.253943+00:00,2026-10-05 00:10 (Local Time),CHROMIO,,,,,1,9,8.0,,8.9,7.5,8.5,3.8,,,236.0,,,,74.0,0.0,,,4.372774,,"{""Snow Depth"": {""unit"": ""cm"", ""value"": 0.0}}"
2026-10-04T21:20:00+00:00,2026-10-04T21:23:57.253943+00:00,2026-10-04T21:23:57.253943+00:00,2026-10-05 00:10 (Local Time),CYTASAT,,,,,1,10,14.1,,18.0,14.1,0.0,0.2,,,---,,,,84.0,0.0,991.8,,0.0,,"{""Atmospheric Pressure (Mean Sea Level)"": {""unit"": ""hPa"", ""value"": 1019.4}}"
2026-10-04T21:20:00+00:00,2026-10-04T21:23:57.253943+00:00,2026-10-04T21:23:57.253943+00:00,2026-10-05 00:10 (Local Time),EPTAGONEIA,,,,,1,8,12.4,,14.9,12.4,2.4,0.0,,,256.0,,,,90.0,0.0,,,1.234666,,
2026-10-04T21:20:00+00:00,2026-10-04T21:23:57.253943+00:00,2026-10-04T21:23:57.253943+00:00,2026-10-05 00:10 (Local Time),FANEROMENI,,,,,1,4,18.9,,,,,,,,,,,,73.0,0.0,,,,,"{""Rain Intensity (10 min.)"": {""unit"": ""mm/min"", ""value"": 0.0}}"
2026-10-04T21:20:00+00:00,2026-10-04T21:23:57.253943+00:00,2026-10-04T21:23:57.253943+00:00,2026-10-05 00:10 (Local Time),FARMAKAS,,,,,1,10,15.1,,15.2,12.0,6.3,2.8,2.0,0.0,351.0,,,,72.0,0.0,,,3.240997,,
2026-10-04T21:20:00+00:00,2026-10-04T21:23:57.253943+00:00,2026-10-04T21:23:57.253943+00:00,2026-10-05 00:10 (Local Time),FRENAROS,,,,,1,11,17.6,16.0,19.3,17.4,3.9,1.4,,0.0,295.0,,,,85.0,0.0,1007.3,,2.006332,,
2026-10-04T21:20:00+00:00,2026-10-04T21:23:57.253943+00:00,2026-10-04T21:23:57.253943+00:00,2026-10-05 00:10 (Local Time),KALAVASOS,,,,,1,5,17.3,,18.9,17.3,,,,,,,,,79.0,0.0,,,,,
2026-10-04T21:20:00+00:00,2026-10-04T21:23:57.253943+00:00,2026-10-04T21:23:57.253943+00:00,2026-10-05 00:10 (Local Time),KALOPANAYIOTIS,,,,,1,9,12.7,,14.2,12.7,5.2,0.8,,0.0,172.0,,,,88.0,0.0,,,2.675109,,
2026-10-04T21:20:00+00:00,2026-10-04T21:23:57.253943+00:00,2026-10-04T21:23:57.253943+00:00,2026-10-05 00:10 (Local Time),KAMPOS,,,,,1,11,17.6,16.3,17.7,15.4,5.4,1.4,4.0,0.0,229.0,,,,59.0,0.0,,,2.777998,,
2026-10-04T21:20:00+00:00,2026-10-04T21:23:57.253943+00:00,2026-10-04T21:23:57.253943+00:00,2026-10-05 00:10 (Local Time),KANNAVIOU,,,,,1,6,15.1,,17.1,15.0,,4.0,,,,,,,79.0,0.0,,,,,
2026-10-04T21:20:00+00:00,2026-10-04T21:23:57.253943+00:00,2026-10-04T21:23:57.253943+00:00,2026-10-05 00:10 (Local Time),KATHIKAS,,,,,1,6,16.2,,17.0,16.0,,,,,,,,,77.0,0.0,,,,,"{""Accumulated Rainfall (24 hours)"": {""unit"": ""mm"", ""value"": 0.0}}"
2026-10-04T21:20:00+00:00,2026-10-04T21:23:57.253943+00:00,2026-10-04T21:23:57.253943+00:00,2026-10-05 00:10 (Local Time),KEPNIC,,,,,1,1,,,,,,,,,,,,,,0.0,,,,,
2026-10-04T21:20:00+00:00,2026-10-04T21:23:57.253943+00:00,2026-10-04T21:23:57.253943+00:00,2026-10-05 00:10 (Local Time),KILANI,,,,,1,7,12.4,,14.0,11.9,,1.5,,3.0,,,,,84.0,0.0,,,,,
2026-10-04T21:20:00+00:00,2026-10-04T21:23:57.253943+00:00,2026-10-04T21:23:57.253943+00:00,2026-10-05 00:10 (Local Time),KORNOS,,,,,1,3,15.2,,,,,,,,,,,,82.0,0.0,,,,,
2026-10-04T21:20:00+00:00,2026-10-04T21:23:57.253943+00:00,2026-10-04T21:23:57.253943+00:00,2026-10-05 00:10 (Local Time),KOURIS,,,,,1,8,17.9,,19.9,17.7,11.9,5.0,,,21.0,,,,68.0,0.0,,,6.121884,,
2026-10-04T21:20:00+00:00,2026-10-04T21:23:57.253943+00:00,2026-10-04T21:23:57.253943+00:00,2026-10-05 00:10 (Local Time),KPYRGOS,,,,,1,8,16.3,,17.2,16.1,4.9,1.7,,,157.0,,,,89.0,0.0,,,2.520776,,
2026-10-04T21:20:00+00:00,2026-10-04T21:23:57.253943+00:00,2026-10-04T21:23:57.253943+00:00,2026-10-05 00:10 (Local Time),KYPEROUNTA,,,,,1,6,10.6,,12.3,10.5,,0.8,,0.0,,,,,81.0,,,,,,
2026-10-04T21:20:00+00:00,2026-10-04T21:23:57.253943+00:00,2026-10-04T21:23:57.253943+00:00,2026-10-05 00:10 (Local Time),LCLK,,,,,1,9,18.4,,20.2,18.3,,0.8,,,,,,,74.0,0.0,,,,,"{""Atmospheric Pressure (QNH)"": {""unit"": ""hPa"", ""value"": 1017.7}, ""Wind Direction (10m) at Runway 22"": {""unit"": ""Degrees"", ""value"": 298.0}, ""Wind Speed (10m) at Runway 22"": {""unit"": ""Knots"", ""value"": 2.7}}"
2026-10-04T21:20:00+00:00,2026-10-04T21:23:57.253943+00:00,2026-10-04T21:23:57.253943+00:00,2026-10-05 00:10 (Local Time),LCPH,,,,,1,9,19.7,,21.7,19.6,,1.1,,,,,,,73.0,0.0,,,,,"{""Atmospheric Pressure (QNH)"": {""unit"": ""hPa"", ""value"": 1018.0}, ""Wind Direction (10m) at Runway 29"": {""unit"": ""Degrees"", ""value"": 33.0}, ""Wind Speed (10m) at Runway 29"": {""unit"": ""Knots"", ""value"": 5.4}}"
2026-10-04T21:20:00+00:00,2026-10-04T21:23:57.253943+00:00,2026-10-04T21:23:57.253943+00:00,2026-10-05 00:10 (Local Time),LEFKARA,,,,,1,6,14.6,,17.2,14.5,,1.7,,,,,,,85.0,0.0,,,,,
2026-10-04T21:20:00+00:00,2026-10-04T21:23:57.253943+00:00,2026-10-04T21:23:57.253943+00:00,2026-10-05 00:10 (Local Time),LEFKOSIA,,,,,1,7,15.1,,16.7,15.1,,0.6,,,,,,,88.0,0.0,,,,,"{""Accumulated Rainfall (24 hours)"": {""unit"": ""mm"", ""value"": 0.8}}"
2026-10-04T21:20:00+00:00,2026-10-04T21:23:57.253943+00:00,2026-10-04T21:23:57.253943+00:00,2026-10-05 00:10 (Local Time),LIMASSOL,,,,,1,10,17.9,,20.2,17.8,,1.3,,0.0,,,,,80.0,0.0,1016.7,,,,"{""Wind Direction (10m) at Port Gate"": {""unit"": ""Degrees"", ""value"": 333.0}, ""Wind Speed (10m) at Port Gate"": {""unit"": ""Knots"", ""value"": 3.5}}"
2026-10-04T21:20:00+00:00,2026-10-04T21:23:57.253943+00:00,2026-10-04T21:23:57.253943+00:00,2026-10-05 00:10 (Local Time),LINOU,,,,,1,9,16.6,,17.2,15.6,6.2,2.7,,,160.0,,,,68.0,0.0,970.7,,3.189553,,
2026-10-04T21:20:00+00:00,2026-10-04T21:23:57.253943+00:00,2026-10-04T21:23:57.253943+00:00,2026-10-05 00:10 (Local Time),LYSOS,,,,,1,7,14.3,,14.7,14.0,3.5,,,,269.0,,,,74.0,0.0,,,1.800554,,
2026-10-04T21:20:00+00:00,2026-10-04T21:23:57.253943+00:00,2026-10-04T21:23:57.253943+00:00,2026-10-05 00:10 (Local Time),MALLIA,,,,,1,10,12.1,10.9,14.1,12.0,0.0,0.0,,10.0,25.0,,,,89.0,0.0,,,0.0,,
2026-10-04T21:20:00+00:00,2026-10-04T21:23:57.253943+00:00,2026-10-04T21:23:57.253943+00:00,2026-10-05 00:10 (Local Time),MAMMARI,,,,,1,10,16.8,,18.7,16.5,,3.3,,5.0,,,,,83.0,0.0,,,,,"{""Atmospheric Pressure (QNH)"": {""unit"": ""hPa"", ""value"": 1018.4}, ""Wind Direction (10m) at Runway 12"": {""unit"": ""Degrees"", ""value"": 212.0}, ""Wind Speed (10m) at Runway 12"": {""unit"": ""Knots"", ""value"": 8.8}}"
2026-10-04T21:20:00+00:00,2026-10-04T21:23:57.253943+00:00,2026-10-04T21:23:57.253943+00:00,2026-10-05 00:10 (Local Time),MATHIATIS,,,,,1,10,15.1,,15.3,14.1,4.2,1.1,4.0,0.0,254.0,,,,77.0,0.0,,,2.160665,,
2026-10-04T21:20:00+00:00,2026-10-04T21:23:57.253943+00:00,2026-10-04T21:23:57.253943+00:00,2026-10-05 00:10 (Local Time),PANAGIA_BRIDGE,,,,,1,6,12.8,13.2,15.2,12.7,,,,,,,,,93.0,0.0,,,,,
2026-10-04T21:20:00+00:00,2026-10-04T21:23:57.253943+00:00,2026-10-04T21:23:57.253943+00:00,2026-10-05 00:10 (Local Time),PAPHOS,,,,,1,8,18.1,,20.1,18.1,2.3,1.3,,,31.0,,,,71.0,0.0,,,1.183221,,
2026-10-04T21:20:00+00:00,2026-10-04T21:23:57.253943+00:00,2026-10-04T21:23:57.253943+00:00,2026-10-05 00:10 (Local Time),PAREKLISIA,,,,,1,7,17.1,,18.9,17.0,1.2,,,,47.0,,,,83.0,0.0,,,0.617333,,
2026-10-04T21:20:00+00:00,2026-10-04T21:23:57.253943+00:00,2026-10-04T21:23:57.253943+00:00,2026-10-05 00:10 (Local Time),PENTAKOMO,,,,,1,8,20.0,,21.2,19.9,4.8,1.8,,,313.0,,,,71.0,0.0,,,2.469331,,
2026-10-04T21:20:00+00:00,2026-10-04T21:23:57.253943+00:00,2026-10-04T21:23:57.253943+00:00,2026-10-05 00:10 (Local Time),PLATANIA,,,,,1,6,9.3,,10.8,9.2,,0.3,,,,,,,93.0,0.0,,,,,
2026-10-04T21:20:00+00:00,2026-10-04T21:23:57.253943+00:00,2026-10-04T21:23:57.253943+00:00,2026-10-05 00:10 (Local Time),POLIS,,,,,1,11,17.7,,19.4,17.6,6.3,1.6,4.0,,150.0,,,,82.0,0.0,1014.5,,3.240997,,"{""Atmospheric Pressure (Mean Sea Level)"": {""unit"": ""hPa"", ""value"": 1017.3}}"
2026-10-04T21:20:00+00:00,2026-10-04T21:23:57.253943+00:00,2026-10-04T21:23:57.253943+00:00,2026-10-05 00:10 (Local Time),POLYSTYPOS,,,,,1,8,13.3,,14.0,12.5,2.6,0.8,,,221.0,,,,65.0,0.0,,,1.337554,,
2026-10-04T21:20:00+00:00,2026-10-04T21:23:57.253943+00:00,2026-10-04T21:23:57.253943+00:00,2026-10-05 00:10 (Local Time),PRODROMOS,,,,,1,9,10.6,,10.8,9.6,3.5,1.1,,0.0,251.0,,,,68.0,0.0,,,1.800554,,
2026-10-04T21:20:00+00:00,2026-10-04T21:23:57.253943+00:00,2026-10-04T21:23:57.253943+00:00,2026-10-05 00:10 (Local Time),PYRGOS,,,,,1,5,16.0,,,,6.3,,,,226.6,,,,77.0,0.0,,,3.240997,,
2026-10-04T21:20:00+00:00,2026-10-04T21:23:57.253943+00:00,2026-10-04T21:23:57.253943+00:00,2026-10-05 00:10 (Local Time),SAITTAS,,,,,1,5,13.2,,14.9,12.9,,,,,,,,,78.0,0.0,,,,,
2026-10-04T21:20:00+00:00,2026-10-04T21:23:57.253943+00:00,2026-10-04T21:23:57.253943+00:00,2026-10-05 00:10 (Local Time),TAMASOS,,,,,1,9,14.2,14.2,16.3,14.2,3.0,0.2,,,181.0,,,,85.0,0.0,,,1.543332,,
2026-10-04T21:20:00+00:00,2026-10-04T21:23:57.253943+00:00,2026-10-04T21:23:57.253943+00:00,2026-10-05 00:10 (Local Time),TEPAK,,,,,1,9,18.6,,20.1,18.5,2.5,0.2,,,325.0,,,,73.0,0.0,,,1.28611,,"{""Accumulated Rainfall (24 hours)"": {""unit"": ""mm"", ""value"": 0.0}}"
2026-10-04T21:20:00+00:00,2026-10-04T21:23:57.253943+00:00,2026-10-04T21:23:57.253943+00:00,2026-10-05 00:10 (Local Time),TRIPILOS,,,,,1,7,9.7,,11.0,9.6,3.3,,,,240.0,,,,87.0,0.0,,,1.697665,,
2026-10-04T21:20:00+00:00,2026-10-04T21:23:57.253943+00:00,2026-10-04T21:23:57.253943+00:00,2026-10-05 00:10 (Local Time),TROODOS,,,,,1,9,8.5,,8.6,7.1,4.8,1.7,,,205.0,,,,79.0,0.0,830.2,,2.469331,,
2026-10-04T21:20:00+00:00,2026-10-04T21:23:57.253943+00:00,2026-10-04T21:23:57.253943+00:00,2026-10-05 00:10 (Local Time),VISITOR,,,,,1,7,16.1,,19.1,16.0,1.0,,,,222.0,,,,93.0,0.0,,,0.514444,,
2026-10-04T21:20:00+00:00,2026-10-04T21:23:57.253943+00:00,2026-10-04T21:23:57.253943+00:00,2026-10-05 00:10 (Local Time),XYLIATOS,,,,,1,8,14.6,,15.9,14.5,2.0,,,6.0,174.0,,,,71.0,0.0,,,1.028888,,
2026-10-04T21:20:00+00:00,2026-10-04T21:23:57.253943+00:00,2026-10-04T21:23:57.253943+00:00,2026-10-05 00:10 (Local Time),XYLOPHAGOU,,,,,1,9,17.5,17.8,19.7,17.5,2.6,0.0,,,321.0,,,,85.0,0.0,,,1.337554,,
2026-10-04T21:20:00+00:00,2026-10-04T21:23:57.253943+00:00,2026-10-04T21:23:57.253943+00:00,2026-10-05 00:10 (Local Time),ZYGI,,,,,1,9,17.0,16.7,19.9,16.8,2.3,0.6,,,339.0,,,,85.0,0.0,,,1.183221,,
2026-10-05T00:00:00+00:00,2026-10-05T00:01:29.826299+00:00,2026-10-05T00:01:29.826299+00:00,2026-10-05 02:50 (Local Time),ACHNA,,,,,1,8,17.0,,19.8,16.8,1.7,0.2,,,322.0,,,,83.0,0.0,,,0.874555,,
2026-10-05T00:00:00+00:00,2026-10-05T00:01:29.826299+00:00,2026-10-05T00:01:29.826299+00:00,2026-10-05 02:50 (Local Time),AGROS,,,,,1,10,11.4,,13.3,11.2,3.7,1.5,3.0,0.0,338.0,,,,80.0,0.0,,,1.903443,,
2026-10-05T00:00:00+00:00,2026-10-05T00:01:29.826299+00:00,2026-10-05T00:01:29.826299+00:00,2026-10-05 02:50 (Local Time),AKAMAS,,,,,1,7,18.7,,19.6,18.6,6.5,,,,223.0,,,,79.0,0.0,,,3.343886,,
2026-10-05T00:00:00+00:00,2026-10-05T00:01:29.826299+00:00,2026-10-05T00:01:29.826299+00:00,,ALONOUDI,,,,,0,0,,,,,,,,,,,,,,,,,,,
2026-10-05T00:00:00+00:00,2026-10-05T00:01:29.826299+00:00,2026-10-05T00:01:29.826299+00:00,2026-10-05 02:50 (Local Time),AMARGETI,,,,,1,9,16.9,,17.8,15.6,1.6,0.3,,,97.0,,,,72.0,0.0,966.1,,0.82311,,
2026-10-05T00:00:00+00:00,2026-10-05T00:01:29.826299+00:00,2026-10-05T00:01:29.826299+00:00,2026-10-05 02:50 (Local Time),ASTROMERITIS,,,,,1,6,15.0,,,,5.9,1.9,,,181.0,,,,79.0,0.0,,,3.03522,,
2026-10-05T00:00:00+00:00,2026-10-05T00:01:29.826299+00:00,2026-10-05T00:01:29.826299+00:00,2026-10-05 02:50 (Local Time),ATHALASSA,,,,,1,11,15.0,12.6,18.5,14.8,2.6,0.7,,,248.0,,,,86.0,0.0,998.6,,1.337554,,"{""Atmospheric Pressure (Mean Sea Level)"": {""unit"": ""hPa"", ""value"": 1018.0}}"
2026-10-05T00:00:00+00:00,2026-10-05T00:01:29.826299+00:00,2026-10-05T00:01:29.826299+00:00,2026-10-05 02:50 (Local Time),ATHIENOU,,,,,1,9,16.9,13.6,18.2,16.3,3.9,0.5,,,233.0,,,,76.0,0.0,,,2.006332,,
2026-10-05T00:00:00+00:00,2026-10-05T00:01:29.826299+00:00,2026-10-05T00:01:29.826299+00:00,2026-10-05 02:50 (Local Time),AVDIMOU,,,,,1,11,15.2,13.2,17.4,15.0,0.8,0.2,3.0,2.0,283.0,,,,88.0,0.0,,,0.411555,,
2026-10-05T00:00:00+00:00,2026-10-05T00:01:29.826299+00:00,2026-10-05T00:01:29.826299+00:00,2026-10-05 02:50 (Local Time),CAVO_GRECO,,,,,1,9,17.9,,21.4,17.4,2.9,0.7,,,281.0,,,,78.0,0.0,1009.9,,1.491888,,
2026-10-05T00:00:00+00:00,2026-10-05T00:01:29.826299+00:00,2026-10-05T00:01:29.826299+00:00,2026-10-05 02:50 (Local Time),CHROMIO,,,,,1,9,7.5,,8.9,6.9,3.6,1.0,,,267.0,,,,67.0,0.0,,,1.851998,,"{""Snow Depth"": {""unit"": ""cm"", ""value"": 0.0}}"
2026-10-05T00:00:00+00:00,2026-10-05T00:01:29.826299+00:00,2026-10-05T00:01:29.826299+00:00,2026-10-05 02:50 (Local Time),CYTASAT,,,,,1,10,13.5,,18.0,13.4,0.7,0.5,,,51.0,,,,87.0,0.0,991.3,,0.360111,,"{""Atmospheric Pressure (Mean Sea Level)"": {""unit"": ""hPa"", ""value"": 1018.9}}"
2026-10-05T00:00:00+00:00,2026-10-05T00:01:29.826299+00:00,2026-10-05T00:01:29.826299+00:00,2026-10-05 02:50 (Local Time),EPTAGONEIA,,,,,1,8,11.6,,14.9,11.5,1.9,0.0,,,271.0,,,,90.0,0.0,,,0.977444,,
2026-10-05T00:00:00+00:00,2026-10-05T00:01:29.826299+00:00,2026-10-05T00:01:29.826299+00:00,2026-10-05 02:50 (Local Time),FANEROMENI,,,,,1,4,17.6,,,,,,,,,,,,79.0,0.0,,,,,"{""Rain Intensity (10 min.)"": {""unit"": ""mm/min"", ""value"": 0.0}}"
2026-10-05T00:00:00+00:00,2026-10-05T00:01:29.826299+00:00,2026-10-05T00:01:29.826299+00:00,2026-10-05 02:50 (Local Time),FARMAKAS,,,,,1,10,12.8,,15.2,11.8,6.3,1.5,2.0,0.0,351.0,,,,70.0,0.0,,,3.240997,,
2026-10-05T00:00:00+00:00,2026-10-05T00:01:29.826299+00:00,2026-10-05T00:01:29.826299+00:00,2026-10-05 02:50 (Local Time),FRENAROS,,,,,1,11,17.3,15.6,19.3,17.1,3.9,1.5,,0.0,294.0,,,,82.0,0.0,1007.1,,2.006332,,
2026-10-05T00:00:00+00:00,2026-10-05T00:01:29.826299+00:00,2026-10-05T00:01:29.826299+00:00,2026-10-05 02:50 (Local Time),KALAVASOS,,,,,1,5,17.3,,18.9,16.7,,,,,,,,,75.0,0.0,,,,,
2026-10-05T00:00:00+00:00,2026-10-05T00:01:29.826299+00:00,2026-10-05T00:01:29.826299+00:00,2026-10-05 02:50 (Local Time),KALOPANAYIOTIS,,,,,1,9,12.3,,14.2,12.2,4.3,1.3,,0.0,148.0,,,,84.0,0.0,,,2.212109,,
2026-10-05T00:00:00+00:00,2026-10-05T00:01:29.826299+00:00,2026-10-05T00:01:29.826299+00:00,2026-10-05 02:50 (Local Time),KAMPOS,,,,,1,11,16.5,14.5,18.0,15.4,0.0,0.1,4.0,0.0,5.0,,,,60.0,0.0,,,0.0,,
2026-10-05T00:00:00+00:00,2026-10-05T00:01:29.826299+00:00,2026-10-05T00:01:29.826299+00:00,2026-10-05 02:50 (Local Time),KANNAVIOU,,,,,1,6,14.5,,17.1,14.4,,4.2,,,,,,,79.0,0.0,,,,,
2026-10-05T00:00:00+00:00,2026-10-05T00:01:29.826299+00:00,2026-10-05T00:01:29.826299+00:00,2026-10-05 02:50 (Local Time),KATHIKAS,,,,,1,6,15.7,,17.0,15.6,,,,,,,,,86.0,0.0,,,,,"{""Accumulated Rainfall (24 hours)"": {""unit"": ""mm"", ""value"": 0.0}}"
2026-10-05T00:00:00+00:00,2026-10-05T00:01:29.826299+00:00,2026-10-05T00:01:29.826299+00:00,2026-10-05 02:50 (Local Time),KEPNIC,,,,,1,1,,,,,,,,,,,,,,0.0,,,,,
2026-10-05T00:00:00+00:00,2026-10-05T00:01:29.826299+00:00,2026-10-05T00:01:29.826299+00:00,2026-10-05 02:50 (Local Time),KILANI,,,,,1,7,12.4,,14.0,11.1,,0.9,,2.0,,,,,76.0,0.0,,,,,
2026-10-05T00:00:00+00:00,2026-10-05T00:01:29.826299+00:00,2026-10-05T00:01:29.826299+00:00,2026-10-05 02:50 (Local Time),KORNOS,,,,,1,3,14.6,,,,,,,,,,,,87.0,0.0,,,,,
2026-10-05T00:00:00+00:00,2026-10-05T00:01:29.826299+00:00,2026-10-05T00:01:29.826299+00:00,2026-10-05 02:50 (Local Time),KOURIS,,,,,1,8,17.3,,19.9,16.9,12.3,5.3,,,21.0,,,,68.0,0.0,,,6.327661,,
2026-10-05T00:00:00+00:00,2026-10-05T00:01:29.826299+00:00,2026-10-05T00:01:29.826299+00:00,2026-10-05 02:50 (Local Time),KPYRGOS,,,,,1,8,15.9,,17.2,15.7,6.2,2.2,,,147.0,,,,87.0,0.0,,,3.189553,,
2026-10-05T00:00:00+00:00,2026-10-05T00:01:29.826299+00:00,2026-10-05T00:01:29.826299+00:00,2026-10-05 02:50 (Local Time),KYPEROUNTA,,,,,1,6,11.7,,12.3,10.2,,1.2,,0.0,,,,,63.0,,,,,,
2026-10-05T00:00:00+00:00,2026-10-05T00:01:29.826299+00:00,2026-10-05T00:01:29.826299+00:00,2026-10-05 02:50 (Local Time),LCLK,,,,,1,9,17.0,,20.2,17.0,,0.3,,,,,,,79.0,0.0,,,,,"{""Atmospheric Pressure (QNH)"": {""unit"": ""hPa"", ""value"": 1017.2}, ""Wind Direction (10m) at Runway 22"": {""unit"": ""Degrees"", ""value"": 317.0}, ""Wind Speed (10m) at Runway 22"": {""unit"": ""Knots"", ""value"": 2.0}}"
2026-10-05T00:00:00+00:00,2026-10-05T00:01:29.826299+00:00,2026-10-05T00:01:29.826299+00:00,2026-10-05 02:50 (Local Time),LCPH,,,,,1,9,18.5,,21.7,18.4,,1.6,,,,,,,72.0,0.0,,,,,"{""Atmospheric Pressure (QNH)"": {""unit"": ""hPa"", ""value"": 1017.3}, ""Wind Direction (10m) at Runway 29"": {""unit"": ""Degrees"", ""value"": 38.0}, ""Wind Speed (10m) at Runway 29"": {""unit"": ""Knots"", ""value"": 7.3}}"
2026-10-05T00:00:00+00:00,2026-10-05T00:01:29.826299+00:00,2026-10-05T00:01:29.826299+00:00,2026-10-05 02:50 (Local Time),LEFKARA,,,,,1,6,14.0,,17.2,13.1,,1.9,,,,,,,81.0,0.0,,,,,
2026-10-05T00:00:00+00:00,2026-10-05T00:01:29.826299+00:00,2026-10-05T00:01:29.826299+00:00,2026-10-05 02:50 (Local Time),LEFKOSIA,,,,,1,7,14.0,,16.7,14.0,,0.7,,,,,,,89.0,0.0,,,,,"{""Accumulated Rainfall (24 hours)"": {""unit"": ""mm"", ""value"": 0.8}}"
2026-10-05T00:00:00+00:00,2026-10-05T00:01:29.826299+00:00,2026-10-05T00:01:29.826299+00:00,2026-10-05 02:50 (Local Time),LIMASSOL,,,,,1,10,17.0,,20.2,16.9,,0.9,,0.0,,,,,78.0,0.0,1016.2,,,,"{""Wind Direction (10m) at Port Gate"": {""unit"": ""Degrees"", ""value"": 326.0}, ""Wind Speed (10m) at Port Gate"": {""unit"": ""Knots"", ""value"": 3.3}}"
2026-10-05T00:00:00+00:00,2026-10-05T00:01:29.826299+00:00,2026-10-05T00:01:29.826299+00:00,2026-10-05 02:50 (Local Time),LINOU,,,,,1,9,16.7,,17.2,15.6,2.4,1.0,,,191.0,,,,65.0,0.0,970.5,,1.234666,,
2026-10-05T00:00:00+00:00,2026-10-05T00:01:29.826299+00:00,2026-10-05T00:01:29.826299+00:00,2026-10-05 02:50 (Local Time),LYSOS,,,,,1,7,14.0,,14.7,13.8,0.7,,,,193.0,,,,73.0,0.0,,,0.360111,,
2026-10-05T00:00:00+00:00,2026-10-05T00:01:29.826299+00:00,2026-10-05T00:01:29.826299+00:00,2026-10-05 02:50 (Local Time),MALLIA,,,,,1,10,11.6,10.1,14.1,11.6,2.6,0.6,,10.0,79.0,,,,88.0,0.0,,,1.337554,,
2026-10-05T00:00:00+00:00,2026-10-05T00:01:29.826299+00:00,2026-10-05T00:01:29.826299+00:00,2026-10-05 02:50 (Local Time),MAMMARI,,,,,1,10,16.8,,18.7,16.0,,2.1,,5.0,,,,,75.0,0.0,,,,,"{""Atmospheric Pressure (QNH)"": {""unit"": ""hPa"", ""value"": 1018.0}, ""Wind Direction (10m) at Runway 12"": {""unit"": ""Degrees"", ""value"": 249.0}, ""Wind Speed (10m) at Runway 12"": {""unit"": ""Knots"", ""value"": 4.8}}"
2026-10-05T00:00:00+00:00,2026-10-05T00:01:29.826299+00:00,2026-10-05T00:01:29.826299+00:00,2026-10-05 02:50 (Local Time),MATHIATIS,,,,,1,10,13.4,,16.3,12.7,3.8,0.9,4.0,0.0,280.0,,,,78.0,0.0,,,1.954887,,
2026-10-05T00:00:00+00:00,2026-10-05T00:01:29.826299+00:00,2026-10-05T00:01:29.826299+00:00,2026-10-05 02:50 (Local Time),PANAGIA_BRIDGE,,,,,1,6,11.3,11.8,15.2,11.3,,,,,,,,,92.0,0.0,,,,,
2026-10-05T00:00:00+00:00,2026-10-05T00:01:29.826299+00:00,2026-10-05T00:01:29.826299+00:00,2026-10-05 02:50 (Local Time),PAPHOS,,,,,1,8,17.5,,20.1,17.5,2.2,1.2,,,34.0,,,,77.0,0.0,,,1.131777,,
2026-10-05T00:00:00+00:00,2026-10-05T00:01:29.826299+00:00,2026-10-05T00:01:29.826299+00:00,2026-10-05 02:50 (Local Time),PAREKLISIA,,,,,1,7,15.8,,18.9,15.7,0.0,,,,180.0,,,,84.0,0.0,,,0.0,,
2026-10-05T00:00:00+00:00,2026-10-05T00:01:29.826299+00:00,2026-10-05T00:01:29.826299+00:00,2026-10-05 02:50 (Local Time),PENTAKOMO,,,,,1,8,19.7,,21.2,18.9,6.8,2.3,,,290.0,,,,73.0,0.0,,,3.498219,,
2026-10-05T00:00:00+00:00,2026-10-05T00:01:29.826299+00:00,2026-10-05T00:01:29.826299+00:00,2026-10-05 02:50 (Local Time),PLATANIA,,,,,1,6,10.2,,10.8,9.2,,0.4,,,,,,,75.0,0.0,,,,,
2026-10-05T00:00:00+00:00,2026-10-05T00:01:29.826299+00:00,2026-10-05T00:01:29.826299+00:00,2026-10-05 02:50 (Local Time),POLIS,,,,,1,11,17.6,,19.4,17.3,6.3,1.5,4.0,,149.0,,,,77.0,0.0,1014.0,,3.240997,,"{""Atmospheric Pressure (Mean Sea Level)"": {""unit"": ""hPa"", ""value"": 1016.7}}"
2026-10-05T00:00:00+00:00,2026-10-05T00:01:29.826299+00:00,2026-10-05T00:01:29.826299+00:00,2026-10-05 02:50 (Local Time),POLYSTYPOS,,,,,1,8,12.6,,14.0,12.2,0.0,0.1,,,290.0,,,,59.0,0.0,,,0.0,,
2026-10-05T00:00:00+00:00,2026-10-05T00:01:29.826299+00:00,2026-10-05T00:01:29.826299+00:00,2026-10-05 02:50 (Local Time),PRODROMOS,,,,,1,9,10.5,,10.9,9.6,4.1,1.1,,0.0,223.0,,,,68.0,0.0,,,2.10922,,
2026-10-05T00:00:00+00:00,2026-10-05T00:01:29.826299+00:00,2026-10-05T00:01:29.826299+00:00,2026-10-05 02:50 (Local Time),PYRGOS,,,,,1,5,15.1,,,,10.1,,,,227.1,,,,85.0,0.0,,,5.195884,,
2026-10-05T00:00:00+00:00,2026-10-05T00:01:29.826299+00:00,2026-10-05T00:01:29.826299+00:00,2026-10-05 02:50 (Local Time),SAITTAS,,,,,1,5,12.1,,14.9,11.9,,,,,,,,,81.0,0.0,,,,,
2026-10-05T00:00:00+00:00,2026-10-05T00:01:29.826299+00:00,2026-10-05T00:01:29.826299+00:00,2026-10-05 02:50 (Local Time),TAMASOS,,,,,1,9,13.4,13.2,16.3,13.3,2.8,0.5,,,181.0,,,,82.0,0.0,,,1.440443,,
2026-10-05T00:00:00+00:00,2026-10-05T00:01:29.826299+00:00,2026-10-05T00:01:29.826299+00:00,2026-10-05 02:50 (Local Time),TEPAK,,,,,1,9,17.9,,20.1,17.9,2.2,0.4,,,324.0,,,,69.0,0.0,,,1.131777,,"{""Accumulated Rainfall (24 hours)"": {""unit"": ""mm"", ""value"": 0.0}}"
2026-10-05T00:00:00+00:00,2026-10-05T00:01:29.826299+00:00,2026-10-05T00:01:29.826299+00:00,2026-10-05 02:50 (Local Time),TRIPILOS,,,,,1,7,10.0,,11.0,9.3,3.7,,,,297.0,,,,80.0,0.0,,,1.903443,,
2026-10-05T00:00:00+00:00,2026-10-05T00:01:29.826299+00:00,2026-10-05T00:01:29.826299+00:00,2026-10-05 02:50 (Local Time),TROODOS,,,,,1,9,7.6,,8.6,7.1,1.5,0.7,,,281.0,,,,75.0,0.0,829.7,,0.771666,,
2026-10-05T00:00:00+00:00,2026-10-05T00:01:29.826299+00:00,2026-10-05T00:01:29.826299+00:00,2026-10-05 02:50 (Local Time),VISITOR,,,,,1,7,14.8,,19.1,14.8,0.8,,,,243.0,,,,100.0,0.0,,,0.411555,,
2026-10-05T00:00:00+00:00,2026-10-05T00:01:29.826299+00:00,2026-10-05T00:01:29.826299+00:00,2026-10-05 02:50 (Local Time),XYLIATOS,,,,,1,8,15.3,,16.3,14.5,1.6,,,6.0,198.0,,,,60.0,0.0,,,0.82311,,
2026-10-05T00:00:00+00:00,2026-10-05T00:01:29.826299+00:00,2026-10-05T00:01:29.826299+00:00,2026-10-05 02:50 (Local Time),XYLOPHAGOU,,,,,1,9,16.6,17.0,19.7,16.6,2.8,0.4,,,8.0,,,,87.0,0.0,,,1.440443,,
2026-10-05T00:00:00+00:00,2026-10-05T00:01:29.826299+00:00,2026-10-05T00:01:29.826299+00:00,2026-10-05 02:50 (Local Time),ZYGI,,,,,1,9,16.1,15.4,19.9,16.0,2.7,0.2,,,340.0,,,,85.0,0.0,,,1.388999,,
2026-10-05T05:20:00+00:00,2026-10-05T05:24:11.793945+00:00,2026-10-05T05:24:11.793945+00:00,2026-10-05 08:10 (Local Time),ACHNA,,,,,1,8,20.1,,20.2,16.1,3.5,1.0,,,307.0,,,,72.0,0.0,,,1.800554,,
2026-10-05T05:20:00+00:00,2026-10-05T05:24:11.793945+00:00,2026-10-05T05:24:11.793945+00:00,2026-10-05 08:10 (Local Time),AGROS,,,,,1,10,15.1,,15.3,11.1,1.7,0.7,674.0,236.0,59.0,,,,61.0,0.0,,,0.874555,,
2026-10-05T05:20:00+00:00,2026-10-05T05:24:11.793945+00:00,2026-10-05T05:24:11.793945+00:00,2026-10-05 08:10 (Local Time),AKAMAS,,,,,1,7,21.4,,21.7,18.3,1.4,,,,346.0,,,,67.0,0.0,,,0.720222,,
2026-10-05T05:20:00+00:00,2026-10-05T05:24:11.793945+00:00,2026-10-05T05:24:11.793945+00:00,,ALONOUDI,,,,,0,0,,,,,,,,,,,,,,,,,,,
2026-10-05T05:20:00+00:00,2026-10-05T05:24:11.793945+00:00,2026-10-05T05:24:11.793945+00:00,2026-10-05 08:10 (Local Time),AMARGETI,,,,,1,9,19.3,,19.4,15.0,4.0,1.1,,,2.0,,,,71.0,0.0,965.9,,2.057776,,
2026-10-05T05:20:00+00:00,2026-10-05T05:24:11.793945+00:00,2026-10-05T05:24:11.793945+00:00,2026-10-05 08:10 (Local Time),ASTROMERITIS,,,,,1,6,19.6,,,,3.5,1.5,,,181.0,,,,70.0,0.0,,,1.800554,,
2026-10-05T05:20:00+00:00,2026-10-05T05:24:11.793945+00:00,2026-10-05T05:24:11.793945+00:00,2026-10-05 08:10 (Local Time),ATHALASSA,,,,,1,11,19.0,16.9,19.2,14.4,2.5,1.2,,,248.0,,,,72.0,0.0,998.8,,1.28611,,"{""Atmospheric Pressure (Mean Sea Level)"": {""unit"": ""hPa"", ""value"": 1017.9}}"
2026-10-05T05:20:00+00:00,2026-10-05T05:24:11.793945+00:00,2026-10-05T05:24:11.793945+00:00,2026-10-05 08:10 (Local Time),ATHIENOU,,,,,1,9,18.5,24.6,18.7,15.9,5.4,1.2,,,250.0,,,,78.0,0.0,,,2.777998,,
2026-10-05T05:20:00+00:00,2026-10-05T05:24:11.793945+00:00,2026-10-05T05:24:11.793945+00:00,2026-10-05 08:10 (Local Time),AVDIMOU,,,,,1,11,20.6,18.1,21.0,14.4,1.1,0.3,831.0,231.0,263.0,,,,72.0,0.0,,,0.565888,,
2026-10-05T05:20:00+00:00,2026-10-05T05:24:11.793945+00:00,2026-10-05T05:24:11.793945+00:00,2026-10-05 08:10 (Local Time),CAVO_GRECO,,,,,1,9,22.3,,22.4,16.4,4.2,1.7,,,317.0,,,,64.0,0.0,1010.1,,2.160665,,
2026-10-05T05:20:00+00:00,2026-10-05T05:24:11.793945+00:00,2026-10-05T05:24:11.793945+00:00,2026-10-05 08:10 (Local Time),CHROMIO,,,,,1,9,11.5,,11.7,6.9,0.0,0.1,,,86.0,,,,59.0,0.0,,,0.0,,"{""Snow Depth"": {""unit"": ""cm"", ""value"": 0.0}}"
2026-10-05T05:20:00+00:00,2026-10-05T05:24:11.793945+00:00,2026-10-05T05:24:11.793945+00:00,2026-10-05 08:10 (Local Time),CYTASAT,,,,,1,10,17.9,,18.1,12.4,2.3,0.9,,,354.0,,,,66.0,0.0,991.5,,1.183221,,"{""Atmospheric Pressure (Mean Sea Level)"": {""unit"": ""hPa"", ""value"": 1018.6}}"
2026-10-05T05:20:00+00:00,2026-10-05T05:24:11.793945+00:00,2026-10-05T05:24:11.793945+00:00,2026-10-05 08:10 (Local Time),EPTAGONEIA,,,,,1,8,13.5,,14.9,10.0,1.4,0.2,,,268.0,,,,73.0,0.0,,,0.720222,,
2026-10-05T05:20:00+00:00,2026-10-05T05:24:11.793945+00:00,2026-10-05T05:24:11.793945+00:00,2026-10-05 08:10 (Local Time),FANEROMENI,,,,,1,4,19.5,,,,,,,,,,,,76.0,0.0,,,,,"{""Rain Intensity (10 min.)"": {""unit"": ""mm/min"", ""value"": 0.0}}"
2026-10-05T05:20:00+00:00,2026-10-05T05:24:11.793945+00:00,2026-10-05T05:24:11.793945+00:00,2026-10-05 08:10 (Local Time),FARMAKAS,,,,,1,10,11.5,,15.2,10.3,6.3,1.4,258.0,73.0,351.0,,,,86.0,0.0,,,3.240997,,
2026-10-05T05:20:00+00:00,2026-10-05T05:24:11.793945+00:00,2026-10-05T05:24:11.793945+00:00,2026-10-05 08:10 (Local Time),FRENAROS,,,,,1,11,18.7,17.9,19.3,16.5,4.6,2.2,,239.0,300.0,,,,75.0,0.0,1007.3,,2.366442,,
2026-10-05T05:20:00+00:00,2026-10-05T05:24:11.793945+00:00,2026-10-05T05:24:11.793945+00:00,2026-10-05 08:10 (Local Time),KALAVASOS,,,,,1,5,20.2,,20.5,14.7,,,,,,,,,58.0,0.0,,,,,
2026-10-05T05:20:00+00:00,2026-10-05T05:24:11.793945+00:00,2026-10-05T05:24:11.793945+00:00,2026-10-05 08:10 (Local Time),KALOPANAYIOTIS,,,,,1,9,12.4,,14.2,11.4,3.7,0.9,,3.0,159.0,,,,81.0,0.0,,,1.903443,,
2026-10-05T05:20:00+00:00,2026-10-05T05:24:11.793945+00:00,2026-10-05T05:24:11.793945+00:00,2026-10-05 08:10 (Local Time),KAMPOS,,,,,1,11,17.3,15.6,18.0,15.2,1.1,0.6,286.0,180.0,153.0,,,,70.0,0.0,,,0.565888,,
2026-10-05T05:20:00+00:00,2026-10-05T05:24:11.793945+00:00,2026-10-05T05:24:11.793945+00:00,2026-10-05 08:10 (Local Time),KANNAVIOU,,,,,1,6,15.7,,17.1,13.9,,3.8,,,,,,,74.0,0.0,,,,,
2026-10-05T05:20:00+00:00,2026-10-05T05:24:11.793945+00:00,2026-10-05T05:24:11.793945+00:00,2026-10-05 08:10 (Local Time),KATHIKAS,,,,,1,6,17.6,,17.7,15.4,,,,,,,,,78.0,0.0,,,,,"{""Accumulated Rainfall (24 hours)"": {""unit"": ""mm"", ""value"": 0.0}}"
2026-10-05T05:20:00+00:00,2026-10-05T05:24:11.793945+00:00,2026-10-05T05:24:11.793945+00:00,2026-10-05 08:10 (Local Time),KEPNIC,,,,,1,1,,,,,,,,,,,,,,0.0,,,,,
2026-10-05T05:20:00+00:00,2026-10-05T05:24:11.793945+00:00,2026-10-05T05:24:11.793945+00:00,2026-10-05 08:10 (Local Time),KILANI,,,,,1,7,17.3,,17.4,11.1,,1.5,,253.0,,,,,52.0,0.0,,,,,
2026-10-05T05:20:00+00:00,2026-10-05T05:24:11.793945+00:00,2026-10-05T05:24:11.793945+00:00,2026-10-05 08:10 (Local Time),KORNOS,,,,,1,3,20.2,,,,,,,,,,,,66.0,0.0,,,,,
2026-10-05T05:20:00+00:00,2026-10-05T05:24:11.793945+00:00,2026-10-05T05:24:11.793945+00:00,2026-10-05 08:10 (Local Time),KOURIS,,,,,1,8,18.4,,19.9,16.2,10.4,4.1,,,18.0,,,,54.0,0.0,,,5.350218,,
2026-10-05T05:20:00+00:00,2026-10-05T05:24:11.793945+00:00,2026-10-05T05:24:11.793945+00:00,2026-10-05 08:10 (Local Time),KPYRGOS,,,,,1,8,18.5,,18.6,15.7,5.7,2.1,,,141.0,,,,77.0,0.0,,,2.932331,,
2026-10-05T05:20:00+00:00,2026-10-05T05:24:11.793945+00:00,2026-10-05T05:24:11.793945+00:00,2026-10-05 08:10 (Local Time),KYPEROUNTA,,,,,1,6,14.3,,14.5,10.2,,0.3,,255.0,,,,,56.0,,,,,,
2026-10-05T05:20:00+00:00,2026-10-05T05:24:11.793945+00:00,2026-10-05T05:24:11.793945+00:00,2026-10-05 08:10 (Local Time),LCLK,,,,,1,9,21.7,,22.0,15.8,,1.2,,,,,,,67.0,0.0,,,,,"{""Atmospheric Pressure (QNH)"": {""unit"": ""hPa"", ""value"": 1017.6}, ""Wind Direction (10m) at Runway 22"": {""unit"": ""Degrees"", ""value"": 326.0}, ""Wind Speed (10m) at Runway 22"": {""unit"": ""Knots"", ""value"": 2.6}}"
2026-10-05T05:20:00+00:00,2026-10-05T05:24:11.793945+00:00,2026-10-05T05:24:11.793945+00:00,2026-10-05 08:10 (Local Time),LCPH,,,,,1,9,20.2,,21.7,17.9,,2.2,,,,,,,67.0,0.0,,,,,"{""Atmospheric Pressure (QNH)"": {""unit"": ""hPa"", ""value"": 1017.2}, ""Wind Direction (10m) at Runway 29"": {""unit"": ""Degrees"", ""value"": 35.0}, ""Wind Speed (10m) at Runway 29"": {""unit"": ""Knots"", ""value"": 8.1}}"
2026-10-05T05:20:00+00:00,2026-10-05T05:24:11.793945+00:00,2026-10-05T05:24:11.793945+00:00,2026-10-05 08:10 (Local Time),LEFKARA,,,,,1,6,15.8,,17.2,12.6,,0.2,,,,,,,70.0,0.0,,,,,
2026-10-05T05:20:00+00:00,2026-10-05T05:24:11.793945+00:00,2026-10-05T05:24:11.793945+00:00,2026-10-05 08:10 (Local Time),LEFKOSIA,,,,,1,7,17.6,,18.3,13.1,,0.5,,,,,,,81.0,0.0,,,,,"{""Accumulated Rainfall (24 hours)"": {""unit"": ""mm"", ""value"": 0.8}}"
2026-10-05T05:20:00+00:00,2026-10-05T05:24:11.793945+00:00,2026-10-05T05:24:11.793945+00:00,2026-10-05 08:10 (Local Time),LIMASSOL,,,,,1,10,19.1,,20.2,15.8,,0.7,,230.0,,,,,63.0,0.0,1016.2,,,,"{""Wind Direction (10m) at Port Gate"": {""unit"": ""Degrees"", ""value"": 2.0}, ""Wind Speed (10m) at Port Gate"": {""unit"": ""Knots"", ""value"": 1.5}}"
2026-10-05T05:20:00+00:00,2026-10-05T05:24:11.793945+00:00,2026-10-05T05:24:11.793945+00:00,2026-10-05 08:10 (Local Time),LINOU,,,,,1,9,19.0,,19.2,14.7,3.2,1.6,,,174.0,,,,65.0,0.0,970.8,,1.646221,,
2026-10-05T05:20:00+00:00,2026-10-05T05:24:11.793945+00:00,2026-10-05T05:24:11.793945+00:00,2026-10-05 08:10 (Local Time),LYSOS,,,,,1,7,17.5,,17.7,13.5,3.5,,,,61.0,,,,75.0,0.0,,,1.800554,,
2026-10-05T05:20:00+00:00,2026-10-05T05:24:11.793945+00:00,2026-10-05T05:24:11.793945+00:00,2026-10-05 08:10 (Local Time),MALLIA,,,,,1,10,18.1,17.0,18.4,11.2,0.6,0.6,,269.0,102.0,,,,62.0,0.0,,,0.308666,,
2026-10-05T05:20:00+00:00,2026-10-05T05:24:11.793945+00:00,2026-10-05T05:24:11.793945+00:00,2026-10-05 08:10 (Local Time),MAMMARI,,,,,1,10,18.5,,18.8,15.2,,3.1,,240.0,,,,,75.0,0.0,,,,,"{""Atmospheric Pressure (QNH)"": {""unit"": ""hPa"", ""value"": 1018.3}, ""Wind Direction (10m) at Runway 12"": {""unit"": ""Degrees"", ""value"": 211.0}, ""Wind Speed (10m) at Runway 12"": {""unit"": ""Knots"", ""value"": 7.4}}"
2026-10-05T05:20:00+00:00,2026-10-05T05:24:11.793945+00:00,2026-10-05T05:24:11.793945+00:00,2026-10-05 08:10 (Local Time),MATHIATIS,,,,,1,10,18.7,,19.0,12.4,3.2,0.7,627.0,159.0,293.0,,,,68.0,0.0,,,1.646221,,
2026-10-05T05:20:00+00:00,2026-10-05T05:24:11.793945+00:00,2026-10-05T05:24:11.793945+00:00,2026-10-05 08:10 (Local Time),PANAGIA_BRIDGE,,,,,1,6,12.7,12.9,15.2,10.2,,,,,,,,,85.0,0.0,,,,,
2026-10-05T05:20:00+00:00,2026-10-05T05:24:11.793945+00:00,2026-10-05T05:24:11.793945+00:00,2026-10-05 08:10 (Local Time),PAPHOS,,,,,1,8,22.3,,22.5,17.3,1.4,0.8,,,42.0,,,,62.0,0.0,,,0.720222,,
2026-10-05T05:20:00+00:00,2026-10-05T05:24:11.793945+00:00,2026-10-05T05:24:11.793945+00:00,2026-10-05 08:10 (Local Time),PAREKLISIA,,,,,1,7,20.9,,21.3,15.0,1.7,,,,61.0,,,,57.0,0.0,,,0.874555,,
2026-10-05T05:20:00+00:00,2026-10-05T05:24:11.793945+00:00,2026-10-05T05:24:11.793945+00:00,2026-10-05 08:10 (Local Time),PENTAKOMO,,,,,1,8,22.7,,22.9,18.6,3.9,1.5,,,42.0,,,,52.0,0.0,,,2.006332,,
2026-10-05T05:20:00+00:00,2026-10-05T05:24:11.793945+00:00,2026-10-05T05:24:11.793945+00:00,2026-10-05 08:10 (Local Time),PLATANIA,,,,,1,6,11.6,,11.8,9.1,,0.1,,,,,,,77.0,0.0,,,,,
2026-10-05T05:20:00+00:00,2026-10-05T05:24:11.793945+00:00,2026-10-05T05:24:11.793945+00:00,2026-10-05 08:10 (Local Time),POLIS,,,,,1,11,19.8,,20.0,17.2,4.6,1.3,812.0,,148.0,,,,73.0,0.0,1013.9,,2.366442,,"{""Atmospheric Pressure (Mean Sea Level)"": {""unit"": ""hPa"", ""value"": 1016.6}}"
2026-10-05T05:20:00+00:00,2026-10-05T05:24:11.793945+00:00,2026-10-05T05:24:11.793945+00:00,2026-10-05 08:10 (Local Time),POLYSTYPOS,,,,,1,8,15.8,,16.0,11.9,0.9,0.7,,,21.0,,,,55.0,0.0,,,0.463,,
2026-10-05T05:20:00+00:00,2026-10-05T05:24:11.793945+00:00,2026-10-05T05:24:11.793945+00:00,2026-10-05 08:10 (Local Time),PRODROMOS,,,,,1,9,10.8,,10.9,8.5,3.0,1.1,,0.0,35.0,,,,68.0,0.0,,,1.543332,,
2026-10-05T05:20:00+00:00,2026-10-05T05:24:11.793945+00:00,2026-10-05T05:24:11.793945+00:00,2026-10-05 08:10 (Local Time),PYRGOS,,,,,1,5,17.9,,,,1.3,,,,50.2,,,,82.0,0.0,,,0.668777,,
2026-10-05T05:20:00+00:00,2026-10-05T05:24:11.793945+00:00,2026-10-05T05:24:11.793945+00:00,2026-10-05 08:10 (Local Time),SAITTAS,,,,,1,5,15.0,,15.2,11.3,,,,,,,,,66.0,0.0,,,,,
2026-10-05T05:20:00+00:00,2026-10-05T05:24:11.793945+00:00,2026-10-05T05:24:11.793945+00:00,2026-10-05 08:10 (Local Time),TAMASOS,,,,,1,9,18.5,18.7,18.7,13.2,1.6,0.6,,,282.0,,,,72.0,0.0,,,0.82311,,
2026-10-05T05:20:00+00:00,2026-10-05T05:24:11.793945+00:00,2026-10-05T05:24:11.793945+00:00,2026-10-05 08:10 (Local Time),TEPAK,,,,,1,9,18.9,,20.1,16.1,0.0,0.0,,,324.0,,,,61.0,0.0,,,0.0,,"{""Accumulated Rainfall (24 hours)"": {""unit"": ""mm"", ""value"": 0.0}}"
2026-10-05T05:20:00+00:00,2026-10-05T05:24:11.793945+00:00,2026-10-05T05:24:11.793945+00:00,2026-10-05 08:10 (Local Time),TRIPILOS,,,,,1,7,12.1,,12.2,9.3,2.3,,,,59.0,,,,77.0,0.0,,,1.183221,,
2026-10-05T05:20:00+00:00,2026-10-05T05:24:11.793945+00:00,2026-10-05T05:24:11.793945+00:00,2026-10-05 08:10 (Local Time),TROODOS,,,,,1,9,10.3,,10.4,6.9,2.2,0.6,,,89.0,,,,65.0,0.0,829.7,,1.131777,,
2026-10-05T05:20:00+00:00,2026-10-05T05:24:11.793945+00:00,2026-10-05T05:24:11.793945+00:00,2026-10-05 08:10 (Local Time),VISITOR,,,,,1,7,19.4,,19.9,13.6,1.8,,,,248.0,,,,86.0,0.0,,,0.925999,,
2026-10-05T05:20:00+00:00,2026-10-05T05:24:11.793945+00:00,2026-10-05T05:24:11.793945+00:00,2026-10-05 08:10 (Local Time),XYLIATOS,,,,,1,8,15.5,,16.3,13.9,1.3,,,40.0,348.0,,,,71.0,0.0,,,0.668777,,
2026-10-05T05:20:00+00:00,2026-10-05T05:24:11.793945+00:00,2026-10-05T05:24:11.793945+00:00,2026-10-05 08:10 (Local Time),XYLOPHAGOU,,,,,1,9,18.7,19.6,19.7,16.3,2.7,0.8,,,341.0,,,,80.0,0.0,,,1.388999,,
2026-10-05T05:20:00+00:00,2026-10-05T05:24:11.793945+00:00,2026-10-05T05:24:11.793945+00:00,2026-10-05 08:10 (Local Time),ZYGI,,,,,1,9,19.5,21.1,19.9,14.9,2.2,0.3,,,345.0,,,,65.0,0.0,,,1.131777,,
2026-10-05T12:20:00+00:00,2026-10-05T12:24:59.097657+00:00,2026-10-05T12:24:59.097657+00:00,2026-10-05 15:10 (Local Time),ACHNA,,,,,1,8,26.2,,28.2,16.1,6.4,2.0,,,164.0,,,,45.0,0.0,,,3.292442,,
2026-10-05T12:20:00+00:00,2026-10-05T12:24:59.097657+00:00,2026-10-05T12:24:59.097657+00:00,2026-10-05 15:10 (Local Time),AGROS,,,,,1,10,18.5,,22.4,11.1,3.1,1.5,19.0,217.0,245.0,,,,60.0,0.0,,,1.594776,,
2026-10-05T12:20:00+00:00,2026-10-05T12:24:59.097657+00:00,2026-10-05T12:24:59.097657+00:00,2026-10-05 15:10 (Local Time),AKAMAS,,,,,1,7,25.9,,26.5,18.3,7.2,,,,245.0,,,,53.0,0.0,,,3.703997,,
2026-10-05T12:20:00+00:00,2026-10-05T12:24:59.097657+00:00,2026-10-05T12:24:59.097657+00:00,2026-10-05 15:10 (Local Time),ALONOUDI,,,,,1,5,21.8,,26.6,10.9,,,,,,,,,63.0,0.0,,,,,
2026-10-05T12:20:00+00:00,2026-10-05T12:24:59.097657+00:00,2026-10-05T12:24:59.097657+00:00,2026-10-05 15:10 (Local Time),AMARGETI,,,,,1,9,24.3,,26.2,15.0,7.9,2.0,,,254.0,,,,51.0,0.0,965.0,,4.064108,,
2026-10-05T12:20:00+00:00,2026-10-05T12:24:59.097657+00:00,2026-10-05T12:24:59.097657+00:00,2026-10-05 15:10 (Local Time),ASTROMERITIS,,,,,1,6,25.7,,,,7.6,2.9,,,304.0,,,,55.0,0.0,,,3.909774,,
2026-10-05T12:20:00+00:00,2026-10-05T12:24:59.097657+00:00,2026-10-05T12:24:59.097657+00:00,2026-10-05 15:10 (Local Time),ATHALASSA,,,,,1,11,28.2,31.8,28.5,14.4,4.5,1.7,,,125.0,,,,36.0,0.0,996.6,,2.314998,,"{""Atmospheric Pressure (Mean Sea Level)"": {""unit"": ""hPa"", ""value"": 1015.0}}"
2026-10-05T12:20:00+00:00,2026-10-05T12:24:59.097657+00:00,2026-10-05T12:24:59.097657+00:00,2026-10-05 15:10 (Local Time),ATHIENOU,,,,,1,9,26.0,33.3,27.8,15.9,7.8,3.0,,,162.0,,,,48.0,0.0,,,4.012663,,
2026-10-05T12:20:00+00:00,2026-10-05T12:24:59.097657+00:00,2026-10-05T12:24:59.097657+00:00,2026-10-05 15:10 (Local Time),AVDIMOU,,,,,1,11,26.3,36.8,27.1,14.4,4.6,1.9,966.0,623.0,185.0,,,,51.0,0.0,,,2.366442,,
2026-10-05T12:20:00+00:00,2026-10-05T12:24:59.097657+00:00,2026-10-05T12:24:59.097657+00:00,2026-10-05 15:10 (Local Time),CAVO_GRECO,,,,,1,9,27.2,,27.6,16.4,5.1,2.2,,,207.0,,,,48.0,0.0,1008.9,,2.623664,,
2026-10-05T12:20:00+00:00,2026-10-05T12:24:59.097657+00:00,2026-10-05T12:24:59.097657+00:00,2026-10-05 15:10 (Local Time),CHROMIO,,,,,1,9,10.4,,12.9,6.9,4.3,1.6,,,259.0,,,,94.0,0.0,,,2.212109,,"{""Snow Depth"": {""unit"": ""cm"", ""value"": 0.0}}"
2026-10-05T12:20:00+00:00,2026-10-05T12:24:59.097657+00:00,2026-10-05T12:24:59.097657+00:00,2026-10-05 15:10 (Local Time),CYTASAT,,,,,1,10,25.8,,27.2,12.4,5.8,1.5,,,196.0,,,,46.0,0.0,989.8,,2.983775,,"{""Atmospheric Pressure (Mean Sea Level)"": {""unit"": ""hPa"", ""value"": 1016.3}}"
2026-10-05T12:20:00+00:00,2026-10-05T12:24:59.097657+00:00,2026-10-05T12:24:59.097657+00:00,2026-10-05 15:10 (Local Time),EPTAGONEIA,,,,,1,8,23.9,,25.0,10.0,9.5,3.4,,,250.0,,,,48.0,0.0,,,4.887218,,
2026-10-05T12:20:00+00:00,2026-10-05T12:24:59.097657+00:00,2026-10-05T12:24:59.097657+00:00,2026-10-05 15:10 (Local Time),FANEROMENI,,,,,1,4,27.9,,,,,,,,,,,,44.0,0.0,,,,,"{""Rain Intensity (10 min.)"": {""unit"": ""mm/min"", ""value"": 0.0}}"
2026-10-05T12:20:00+00:00,2026-10-05T12:24:59.097657+00:00,2026-10-05T12:24:59.097657+00:00,2026-10-05 15:10 (Local Time),FARMAKAS,,,,,1,10,19.6,,25.1,10.3,6.2,1.3,24.0,80.0,350.0,,,,60.0,0.0,,,3.189553,,
2026-10-05T12:20:00+00:00,2026-10-05T12:24:59.097657+00:00,2026-10-05T12:24:59.097657+00:00,2026-10-05 15:10 (Local Time),FRENAROS,,,,,1,11,26.9,30.2,28.8,16.5,6.4,2.6,,581.0,178.0,,,,52.0,0.0,1005.8,,3.292442,,
2026-10-05T12:20:00+00:00,2026-10-05T12:24:59.097657+00:00,2026-10-05T12:24:59.097657+00:00,2026-10-05 15:10 (Local Time),KALAVASOS,,,,,1,5,27.9,,29.2,14.7,,,,,,,,,46.0,0.0,,,,,
2026-10-05T12:20:00+00:00,2026-10-05T12:24:59.097657+00:00,2026-10-05T12:24:59.097657+00:00,2026-10-05 15:10 (Local Time),KALOPANAYIOTIS,,,,,1,9,20.8,,24.5,11.4,4.2,0.8,,141.0,308.0,,,,71.0,0.0,,,2.160665,,
2026-10-05T12:20:00+00:00,2026-10-05T12:24:59.097657+00:00,2026-10-05T12:24:59.097657+00:00,2026-10-05 15:10 (Local Time),KAMPOS,,,,,1,11,19.6,20.4,25.6,15.2,4.4,1.8,12.0,44.0,345.0,,,,74.0,0.0,,,2.263554,,
2026-10-05T12:20:00+00:00,2026-10-05T12:24:59.097657+00:00,2026-10-05T12:24:59.097657+00:00,2026-10-05 15:10 (Local Time),KANNAVIOU,,,,,1,6,22.1,,24.8,13.9,,2.4,,,,,,,62.0,0.0,,,,,
2026-10-05T12:20:00+00:00,2026-10-05T12:24:59.097657+00:00,2026-10-05T12:24:59.097657+00:00,2026-10-05 15:10 (Local Time),KATHIKAS,,,,,1,6,21.4,,22.0,15.4,,,,,,,,,68.0,0.0,,,,,"{""Accumulated Rainfall (24 hours)"": {""unit"": ""mm"", ""value"": 0.0}}"
2026-10-05T12:20:00+00:00,2026-10-05T12:24:59.097657+00:00,2026-10-05T12:24:59.097657+00:00,2026-10-05 15:10 (Local Time),KEPNIC,,,,,1,1,,,,,,,,,,,,,,0.0,,,,,
2026-10-05T12:20:00+00:00,2026-10-05T12:24:59.097657+00:00,2026-10-05T12:24:59.097657+00:00,2026-10-05 15:10 (Local Time),KILANI,,,,,1,7,20.8,,22.2,11.1,,2.3,,311.0,,,,,58.0,0.0,,,,,
2026-10-05T12:20:00+00:00,2026-10-05T12:24:59.097657+00:00,2026-10-05T12:24:59.097657+00:00,2026-10-05 15:10 (Local Time),KORNOS,,,,,1,3,25.5,,,,,,,,,,,,46.0,0.0,,,,,
2026-10-05T12:20:00+00:00,2026-10-05T12:24:59.097657+00:00,2026-10-05T12:24:59.097657+00:00,2026-10-05 15:10 (Local Time),KOURIS,,,,,1,8,26.5,,27.0,16.2,7.5,1.6,,,219.0,,,,49.0,0.0,,,3.85833,,
2026-10-05T12:20:00+00:00,2026-10-05T12:24:59.097657+00:00,2026-10-05T12:24:59.097657+00:00,2026-10-05 15:10 (Local Time),KPYRGOS,,,,,1,8,24.6,,25.7,15.7,1.5,0.6,,,305.0,,,,62.0,0.0,,,0.771666,,
2026-10-05T12:20:00+00:00,2026-10-05T12:24:59.097657+00:00,2026-10-05T12:24:59.097657+00:00,2026-10-05 15:10 (Local Time),KYPEROUNTA,,,,,1,6,16.0,,19.6,10.2,,1.2,,174.0,,,,,71.0,,,,,,
2026-10-05T12:20:00+00:00,2026-10-05T12:24:59.097657+00:00,2026-10-05T12:24:59.097657+00:00,2026-10-05 15:10 (Local Time),LCLK,,,,,1,9,27.8,,28.3,15.8,,3.3,,,,,,,45.0,0.0,,,,,"{""Atmospheric Pressure (QNH)"": {""unit"": ""hPa"", ""value"": 1015.9}, ""Wind Direction (10m) at Runway 22"": {""unit"": ""Degrees"", ""value"": 215.0}, ""Wind Speed (10m) at Runway 22"": {""unit"": ""Knots"", ""value"": 8.2}}"
2026-10-05T12:20:00+00:00,2026-10-05T12:24:59.097657+00:00,2026-10-05T12:24:59.097657+00:00,2026-10-05 15:10 (Local Time),LCPH,,,,,1,9,26.6,,27.1,17.9,,2.4,,,,,,,50.0,0.0,,,,,"{""Atmospheric Pressure (QNH)"": {""unit"": ""hPa"", ""value"": 1016.2}, ""Wind Direction (10m) at Runway 29"": {""unit"": ""Degrees"", ""value"": 242.0}, ""Wind Speed (10m) at Runway 29"": {""unit"": ""Knots"", ""value"": 6.3}}"
2026-10-05T12:20:00+00:00,2026-10-05T12:24:59.097657+00:00,2026-10-05T12:24:59.097657+00:00,2026-10-05 15:10 (Local Time),LEFKARA,,,,,1,6,24.1,,28.6,12.6,,0.5,,,,,,,52.0,0.0,,,,,
2026-10-05T12:20:00+00:00,2026-10-05T12:24:59.097657+00:00,2026-10-05T12:24:59.097657+00:00,2026-10-05 15:10 (Local Time),LEFKOSIA,,,,,1,7,26.3,,29.2,13.1,,0.7,,,,,,,38.0,0.0,,,,,"{""Accumulated Rainfall (24 hours)"": {""unit"": ""mm"", ""value"": 0.0}}"
2026-10-05T12:20:00+00:00,2026-10-05T12:24:59.097657+00:00,2026-10-05T12:24:59.097657+00:00,2026-10-05 15:10 (Local Time),LIMASSOL,,,,,1,10,26.4,,27.2,15.8,,3.1,,613.0,,,,,54.0,0.0,1015.1,,,,"{""Wind Direction (10m) at Port Gate"": {""unit"": ""Degrees"", ""value"": 235.0}, ""Wind Speed (10m) at Port Gate"": {""unit"": ""Knots"", ""value"": 8.8}}"
2026-10-05T12:20:00+00:00,2026-10-05T12:24:59.097657+00:00,2026-10-05T12:24:59.097657+00:00,2026-10-05 15:10 (Local Time),LINOU,,,,,1,9,20.9,,25.4,14.7,7.7,3.3,,,316.0,,,,73.0,0.0,969.2,,3.961219,,
2026-10-05T12:20:00+00:00,2026-10-05T12:24:59.097657+00:00,2026-10-05T12:24:59.097657+00:00,2026-10-05 15:10 (Local Time),LYSOS,,,,,1,7,19.9,,22.7,13.5,5.5,,,,289.0,,,,67.0,0.0,,,2.829442,,
2026-10-05T12:20:00+00:00,2026-10-05T12:24:59.097657+00:00,2026-10-05T12:24:59.097657+00:00,2026-10-05 15:10 (Local Time),MALLIA,,,,,1,10,20.3,21.9,24.6,11.2,7.3,1.5,,186.0,242.0,,,,63.0,0.0,,,3.755441,,
2026-10-05T12:20:00+00:00,2026-10-05T12:24:59.097657+00:00,2026-10-05T12:24:59.097657+00:00,2026-10-05 15:10 (Local Time),MAMMARI,,,,,1,10,26.5,,27.7,15.2,,0.8,,204.0,,,,,36.0,0.0,,,,,"{""Atmospheric Pressure (QNH)"": {""unit"": ""hPa"", ""value"": 1016.1}, ""Wind Direction (10m) at Runway 12"": {""unit"": ""Degrees"", ""value"": 70.0}, ""Wind Speed (10m) at Runway 12"": {""unit"": ""Knots"", ""value"": 1.7}}"
2026-10-05T12:20:00+00:00,2026-10-05T12:24:59.097657+00:00,2026-10-05T12:24:59.097657+00:00,2026-10-05 15:10 (Local Time),MATHIATIS,,,,,1,10,22.6,,25.8,12.4,4.4,1.6,197.0,331.0,228.0,,,,52.0,0.0,,,2.263554,,
2026-10-05T12:20:00+00:00,2026-10-05T12:24:59.097657+00:00,2026-10-05T12:24:59.097657+00:00,2026-10-05 15:10 (Local Time),PANAGIA_BRIDGE,,,,,1,6,23.3,29.1,25.1,10.2,,,,,,,,,60.0,0.0,,,,,
2026-10-05T12:20:00+00:00,2026-10-05T12:24:59.097657+00:00,2026-10-05T12:24:59.097657+00:00,2026-10-05 15:10 (Local Time),PAPHOS,,,,,1,8,25.1,,26.0,17.3,2.2,1.4,,,254.0,,,,52.0,0.0,,,1.131777,,
2026-10-05T12:20:00+00:00,2026-10-05T12:24:59.097657+00:00,2026-10-05T12:24:59.097657+00:00,2026-10-05 15:10 (Local Time),PAREKLISIA,,,,,1,7,27.4,,29.0,15.0,2.7,,,,216.0,,,,51.0,0.0,,,1.388999,,
2026-10-05T12:20:00+00:00,2026-10-05T12:24:59.097657+00:00,2026-10-05T12:24:59.097657+00:00,2026-10-05 15:10 (Local Time),PENTAKOMO,,,,,1,8,25.9,,26.7,18.6,10.7,4.5,,,219.0,,,,56.0,0.0,,,5.504551,,
2026-10-05T12:20:00+00:00,2026-10-05T12:24:59.097657+00:00,2026-10-05T12:24:59.097657+00:00,2026-10-05 15:10 (Local Time),PLATANIA,,,,,1,6,16.8,,18.4,9.1,,0.1,,,,,,,71.0,0.0,,,,,
2026-10-05T12:20:00+00:00,2026-10-05T12:24:59.097657+00:00,2026-10-05T12:24:59.097657+00:00,2026-10-05 15:10 (Local Time),POLIS,,,,,1,11,24.4,,26.0,17.2,3.2,1.7,78.0,,301.0,,,,63.0,0.0,1012.6,,1.646221,,"{""Atmospheric Pressure (Mean Sea Level)"": {""unit"": ""hPa"", ""value"": 1015.3}}"
2026-10-05T12:20:00+00:00,2026-10-05T12:24:59.097657+00:00,2026-10-05T12:24:59.097657+00:00,2026-10-05 15:10 (Local Time),POLYSTYPOS,,,,,1,8,18.1,,19.8,11.9,1.3,0.9,,,184.0,,,,55.0,0.0,,,0.668777,,
2026-10-05T12:20:00+00:00,2026-10-05T12:24:59.097657+00:00,2026-10-05T12:24:59.097657+00:00,2026-10-05 15:10 (Local Time),PRODROMOS,,,,,1,9,14.4,,19.3,8.5,5.1,0.9,,172.0,284.0,,,,80.0,0.0,,,2.623664,,
2026-10-05T12:20:00+00:00,2026-10-05T12:24:59.097657+00:00,2026-10-05T12:24:59.097657+00:00,2026-10-05 15:10 (Local Time),PYRGOS,,,,,1,5,19.7,,,,0.6,,,,300.8,,,,80.0,0.0,,,0.308666,,
2026-10-05T12:20:00+00:00,2026-10-05T12:24:59.097657+00:00,2026-10-05T12:24:59.097657+00:00,2026-10-05 15:10 (Local Time),SAITTAS,,,,,1,5,24.2,,25.4,11.3,,,,,,,,,51.0,0.0,,,,,
2026-10-05T12:20:00+00:00,2026-10-05T12:24:59.097657+00:00,2026-10-05T12:24:59.097657+00:00,2026-10-05 15:10 (Local Time),TAMASOS,,,,,1,9,23.9,26.8,25.3,13.2,0.6,0.6,,,34.0,,,,45.0,0.0,,,0.308666,,
2026-10-05T12:20:00+00:00,2026-10-05T12:24:59.097657+00:00,2026-10-05T12:24:59.097657+00:00,2026-10-05 15:10 (Local Time),TEPAK,,,,,1,9,27.4,,28.1,16.1,4.6,1.3,,,212.0,,,,48.0,0.0,,,2.366442,,"{""Accumulated Rainfall (24 hours)"": {""unit"": ""mm"", ""value"": 0.0}}"
2026-10-05T12:20:00+00:00,2026-10-05T12:24:59.097657+00:00,2026-10-05T12:24:59.097657+00:00,2026-10-05 15:10 (Local Time),TRIPILOS,,,,,1,7,13.4,,21.4,9.3,4.8,,,,282.0,,,,92.0,0.0,,,2.469331,,
2026-10-05T12:20:00+00:00,2026-10-05T12:24:59.097657+00:00,2026-10-05T12:24:59.097657+00:00,2026-10-05 15:10 (Local Time),TROODOS,,,,,1,9,11.7,,14.9,6.9,1.2,0.7,,,156.0,,,,84.0,0.0,829.2,,0.617333,,
2026-10-05T12:20:00+00:00,2026-10-05T12:24:59.097657+00:00,2026-10-05T12:24:59.097657+00:00,2026-10-05 15:10 (Local Time),VISITOR,,,,,1,7,28.2,,28.6,13.6,3.0,,,,115.0,,,,37.0,0.0,,,1.543332,,
2026-10-05T12:20:00+00:00,2026-10-05T12:24:59.097657+00:00,2026-10-05T12:24:59.097657+00:00,2026-10-05 15:10 (Local Time),XYLIATOS,,,,,1,8,21.6,,23.9,13.9,3.3,,,247.0,355.0,,,,63.0,0.0,,,1.697665,,
2026-10-05T12:20:00+00:00,2026-10-05T12:24:59.097657+00:00,2026-10-05T12:24:59.097657+00:00,2026-10-05 15:10 (Local Time),XYLOPHAGOU,,,,,1,9,26.4,31.8,26.7,16.3,7.8,2.3,,,181.0,,,,48.0,0.0,,,4.012663,,
2026-10-05T12:20:00+00:00,2026-10-05T12:24:59.097657+00:00,2026-10-05T12:24:59.097657+00:00,2026-10-05 15:10 (Local Time),ZYGI,,,,,1,9,26.3,32.0,27.2,14.9,2.8,1.4,,,237.0,,,,55.0,0.0,,,1.440443,,
2026-10-06T01:20:00+00:00,2026-10-06T01:25:53.888186+00:00,2026-10-06T01:25:53.888186+00:00,2026-10-06 04:20 (Local Time),ACHNA,,,,,1,8,18.9,,19.6,16.6,3.8,0.9,,,262.0,,,,81.0,0.0,,,1.954887,,
2026-10-06T01:20:00+00:00,2026-10-06T01:25:53.888186+00:00,2026-10-06T01:25:53.888186+00:00,2026-10-06 04:20 (Local Time),AGROS,,,,,1,10,11.3,,13.6,11.2,3.3,1.3,3.0,0.0,334.0,,,,80.0,0.0,,,1.697665,,
2026-10-06T01:20:00+00:00,2026-10-06T01:25:53.888186+00:00,2026-10-06T01:25:53.888186+00:00,2026-10-06 04:20 (Local Time),AKAMAS,,,,,1,7,19.1,,19.9,18.4,3.1,,,,288.0,,,,77.0,0.0,,,1.594776,,
2026-10-06T01:20:00+00:00,2026-10-06T01:25:53.888186+00:00,2026-10-06T01:25:53.888186+00:00,2026-10-06 04:20 (Local Time),ALONOUDI,,,,,1,5,12.5,,15.6,12.3,,,,,,,,,97.0,0.0,,,,,
2026-10-06T01:20:00+00:00,2026-10-06T01:25:53.888186+00:00,2026-10-06T01:25:53.888186+00:00,2026-10-06 04:20 (Local Time),AMARGETI,,,,,1,9,15.2,,18.1,15.1,4.5,1.4,,,325.0,,,,82.0,0.0,963.9,,2.314998,,
2026-10-06T01:20:00+00:00,2026-10-06T01:25:53.888186+00:00,2026-10-06T01:25:53.888186+00:00,2026-10-06 04:20 (Local Time),ASTROMERITIS,,,,,1,6,16.1,,,,7.0,2.0,,,174.0,,,,82.0,0.0,,,3.601108,,
2026-10-06T01:20:00+00:00,2026-10-06T01:25:53.888186+00:00,2026-10-06T01:25:53.888186+00:00,2026-10-06 04:20 (Local Time),ATHALASSA,,,,,1,11,17.1,14.0,21.3,17.0,2.5,0.8,,,254.0,,,,80.0,0.0,996.3,,1.28611,,"{""Atmospheric Pressure (Mean Sea Level)"": {""unit"": ""hPa"", ""value"": 1015.5}}"
2026-10-06T01:20:00+00:00,2026-10-06T01:25:53.888186+00:00,2026-10-06T01:25:53.888186+00:00,2026-10-06 04:20 (Local Time),ATHIENOU,,,,,1,9,18.5,16.0,20.1,17.9,6.6,1.3,,,221.0,,,,78.0,0.0,,,3.39533,,
2026-10-06T01:20:00+00:00,2026-10-06T01:25:53.888186+00:00,2026-10-06T01:25:53.888186+00:00,2026-10-06 04:20 (Local Time),AVDIMOU,,,,,1,11,15.1,12.9,17.5,14.7,2.3,0.3,3.0,3.0,351.0,,,,91.0,0.0,,,1.183221,,
2026-10-06T01:20:00+00:00,2026-10-06T01:25:53.888186+00:00,2026-10-06T01:25:53.888186+00:00,2026-10-06 04:20 (Local Time),CAVO_GRECO,,,,,1,9,18.8,,22.5,18.6,5.6,1.6,,,271.0,,,,78.0,0.0,1007.6,,2.880886,,
2026-10-06T01:20:00+00:00,2026-10-06T01:25:53.888186+00:00,2026-10-06T01:25:53.888186+00:00,2026-10-06 04:20 (Local Time),CHROMIO,,,,,1,9,7.2,,8.6,6.7,3.8,0.4,,,329.0,,,,68.0,0.0,,,1.954887,,"{""Snow Depth"": {""unit"": ""cm"", ""value"": 0.0}}"
2026-10-06T01:20:00+00:00,2026-10-06T01:25:53.888186+00:00,2026-10-06T01:25:53.888186+00:00,2026-10-06 04:20 (Local Time),CYTASAT,,,,,1,10,13.2,,16.8,13.2,0.8,0.5,,,73.0,,,,90.0,0.0,989.2,,0.411555,,"{""Atmospheric Pressure (Mean Sea Level)"": {""unit"": ""hPa"", ""value"": 1016.8}}"
2026-10-06T01:20:00+00:00,2026-10-06T01:25:53.888186+00:00,2026-10-06T01:25:53.888186+00:00,2026-10-06 04:20 (Local Time),EPTAGONEIA,,,,,1,8,11.0,,15.1,10.9,1.4,0.1,,,287.0,,,,93.0,0.0,,,0.720222,,
2026-10-06T01:20:00+00:00,2026-10-06T01:25:53.888186+00:00,2026-10-06T01:25:53.888186+00:00,2026-10-06 04:20 (Local Time),FANEROMENI,,,,,1,4,17.5,,,,,,,,,,,,84.0,0.0,,,,,"{""Rain Intensity (10 min.)"": {""unit"": ""mm/min"", ""value"": 0.0}}"
2026-10-06T01:20:00+00:00,2026-10-06T01:25:53.888186+00:00,2026-10-06T01:25:53.888186+00:00,2026-10-06 04:20 (Local Time),FARMAKAS,,,,,1,10,10.5,,13.7,10.4,6.3,1.3,2.0,0.0,351.0,,,,84.0,0.0,,,3.240997,,
2026-10-06T01:20:00+00:00,2026-10-06T01:25:53.888186+00:00,2026-10-06T01:25:53.888186+00:00,2026-10-06 04:20 (Local Time),FRENAROS,,,,,1,11,19.0,17.1,21.2,18.9,4.8,1.5,,0.0,258.0,,,,83.0,0.0,1004.6,,2.469331,,
2026-10-06T01:20:00+00:00,2026-10-06T01:25:53.888186+00:00,2026-10-06T01:25:53.888186+00:00,2026-10-06 04:20 (Local Time),KALAVASOS,,,,,1,5,15.7,,18.7,15.6,,,,,,,,,82.0,0.0,,,,,
2026-10-06T01:20:00+00:00,2026-10-06T01:25:53.888186+00:00,2026-10-06T01:25:53.888186+00:00,2026-10-06 04:20 (Local Time),KALOPANAYIOTIS,,,,,1,9,12.3,,15.2,12.2,6.2,0.7,,0.0,176.0,,,,87.0,0.0,,,3.189553,,
2026-10-06T01:20:00+00:00,2026-10-06T01:25:53.888186+00:00,2026-10-06T01:25:53.888186+00:00,2026-10-06 04:20 (Local Time),KAMPOS,,,,,1,11,15.5,14.1,17.1,15.4,2.0,0.6,4.0,0.0,292.0,,,,82.0,0.0,,,1.028888,,
2026-10-06T01:20:00+00:00,2026-10-06T01:25:53.888186+00:00,2026-10-06T01:25:53.888186+00:00,2026-10-06 04:20 (Local Time),KANNAVIOU,,,,,1,6,14.6,,17.7,14.5,,4.0,,,,,,,86.0,0.0,,,,,
2026-10-06T01:20:00+00:00,2026-10-06T01:25:53.888186+00:00,2026-10-06T01:25:53.888186+00:00,2026-10-06 04:20 (Local Time),KATHIKAS,,,,,1,6,15.8,,16.7,15.7,,,,,,,,,84.0,0.0,,,,,"{""Accumulated Rainfall (24 hours)"": {""unit"": ""mm"", ""value"": 0.0}}"
2026-10-06T01:20:00+00:00,2026-10-06T01:25:53.888186+00:00,2026-10-06T01:25:53.888186+00:00,2026-10-06 04:20 (Local Time),KEPNIC,,,,,1,1,,,,,,,,,,,,,,0.0,,,,,
2026-10-06T01:20:00+00:00,2026-10-06T01:25:53.888186+00:00,2026-10-06T01:25:53.888186+00:00,2026-10-06 04:20 (Local Time),KILANI,,,,,1,7,11.2,,14.3,10.2,,1.7,,3.0,,,,,75.0,0.0,,,,,
2026-10-06T01:20:00+00:00,2026-10-06T01:25:53.888186+00:00,2026-10-06T01:25:53.888186+00:00,2026-10-06 04:20 (Local Time),KORNOS,,,,,1,3,14.2,,,,,,,,,,,,91.0,0.0,,,,,
2026-10-06T01:20:00+00:00,2026-10-06T01:25:53.888186+00:00,2026-10-06T01:25:53.888186+00:00,2026-10-06 04:20 (Local Time),KOURIS,,,,,1,8,17.3,,20.1,16.8,9.2,3.6,,,21.0,,,,63.0,0.0,,,4.732885,,
2026-10-06T01:20:00+00:00,2026-10-06T01:25:53.888186+00:00,2026-10-06T01:25:53.888186+00:00,2026-10-06 04:20 (Local Time),KPYRGOS,,,,,1,8,17.5,,20.6,17.4,4.4,1.7,,,155.0,,,,84.0,0.0,,,2.263554,,
2026-10-06T01:20:00+00:00,2026-10-06T01:25:53.888186+00:00,2026-10-06T01:25:53.888186+00:00,2026-10-06 04:20 (Local Time),KYPEROUNTA,,,,,1,6,10.6,,12.8,10.6,,1.3,,0.0,,,,,72.0,,,,,,
2026-10-06T01:20:00+00:00,2026-10-06T01:25:53.888186+00:00,2026-10-06T01:25:53.888186+00:00,2026-10-06 04:20 (Local Time),LCLK,,,,,1,9,17.8,,20.9,17.0,,0.3,,,,,,,82.0,0.0,,,,,"{""Atmospheric Pressure (QNH)"": {""unit"": ""hPa"", ""value"": 1015.0}, ""Wind Direction (10m) at Runway 22"": {""unit"": ""Degrees"", ""value"": 301.0}, ""Wind Speed (10m) at Runway 22"": {""unit"": ""Knots"", ""value"": 2.1}}"
2026-10-06T01:20:00+00:00,2026-10-06T01:25:53.888186+00:00,2026-10-06T01:25:53.888186+00:00,2026-10-06 04:20 (Local Time),LCPH,,,,,1,9,18.5,,22.0,18.4,,1.1,,,,,,,76.0,0.0,,,,,"{""Atmospheric Pressure (QNH)"": {""unit"": ""hPa"", ""value"": 1015.0}, ""Wind Direction (10m) at Runway 29"": {""unit"": ""Degrees"", ""value"": 37.0}, ""Wind Speed (10m) at Runway 29"": {""unit"": ""Knots"", ""value"": 6.6}}"
2026-10-06T01:20:00+00:00,2026-10-06T01:25:53.888186+00:00,2026-10-06T01:25:53.888186+00:00,2026-10-06 04:20 (Local Time),LEFKARA,,,,,1,6,13.9,,17.6,13.7,,2.6,,,,,,,86.0,0.0,,,,,
2026-10-06T01:20:00+00:00,2026-10-06T01:25:53.888186+00:00,2026-10-06T01:25:53.888186+00:00,2026-10-06 04:20 (Local Time),LEFKOSIA,,,,,1,7,15.3,,18.9,15.3,,0.7,,,,,,,89.0,0.0,,,,,"{""Accumulated Rainfall (24 hours)"": {""unit"": ""mm"", ""value"": 0.0}}"
2026-10-06T01:20:00+00:00,2026-10-06T01:25:53.888186+00:00,2026-10-06T01:25:53.888186+00:00,2026-10-06 04:20 (Local Time),LIMASSOL,,,,,1,10,16.8,,20.2,16.7,,0.3,,0.0,,,,,76.0,0.0,1013.9,,,,"{""Wind Direction (10m) at Port Gate"": {""unit"": ""Degrees"", ""value"": 358.0}, ""Wind Speed (10m) at Port Gate"": {""unit"": ""Knots"", ""value"": 3.2}}"
2026-10-06T01:20:00+00:00,2026-10-06T01:25:53.888186+00:00,2026-10-06T01:25:53.888186+00:00,2026-10-06 04:20 (Local Time),LINOU,,,,,1,9,16.3,,17.9,15.8,4.3,1.7,,,165.0,,,,73.0,0.0,968.4,,2.212109,,
2026-10-06T01:20:00+00:00,2026-10-06T01:25:53.888186+00:00,2026-10-06T01:25:53.888186+00:00,2026-10-06 04:20 (Local Time),LYSOS,,,,,1,7,14.3,,15.2,14.0,3.2,,,,312.0,,,,81.0,0.0,,,1.646221,,
2026-10-06T01:20:00+00:00,2026-10-06T01:25:53.888186+00:00,2026-10-06T01:25:53.888186+00:00,2026-10-06 04:20 (Local Time),MALLIA,,,,,1,10,11.3,9.0,14.0,11.2,0.0,0.4,,11.0,---,,,,91.0,0.0,,,0.0,,
2026-10-06T01:20:00+00:00,2026-10-06T01:25:53.888186+00:00,2026-10-06T01:25:53.888186+00:00,2026-10-06 04:20 (Local Time),MAMMARI,,,,,1,10,16.5,,21.3,16.4,,2.6,,4.0,,,,,83.0,0.0,,,,,"{""Atmospheric Pressure (QNH)"": {""unit"": ""hPa"", ""value"": 1015.7}, ""Wind Direction (10m) at Runway 12"": {""unit"": ""Degrees"", ""value"": 202.0}, ""Wind Speed (10m) at Runway 12"": {""unit"": ""Knots"", ""value"": 7.2}}"
2026-10-06T01:20:00+00:00,2026-10-06T01:25:53.888186+00:00,2026-10-06T01:25:53.888186+00:00,2026-10-06 04:20 (Local Time),MATHIATIS,,,,,1,10,14.3,,16.9,14.2,4.1,1.4,4.0,0.0,263.0,,,,80.0,0.0,,,2.10922,,
2026-10-06T01:20:00+00:00,2026-10-06T01:25:53.888186+00:00,2026-10-06T01:25:53.888186+00:00,2026-10-06 04:20 (Local Time),PANAGIA_BRIDGE,,,,,1,6,12.1,12.6,16.0,12.1,,,,,,,,,98.0,0.0,,,,,
2026-10-06T01:20:00+00:00,2026-10-06T01:25:53.888186+00:00,2026-10-06T01:25:53.888186+00:00,2026-10-06 04:20 (Local Time),PAPHOS,,,,,1,8,17.6,,19.3,17.6,1.6,0.7,,,40.0,,,,73.0,0.0,,,0.82311,,
2026-10-06T01:20:00+00:00,2026-10-06T01:25:53.888186+00:00,2026-10-06T01:25:53.888186+00:00,2026-10-06 04:20 (Local Time),PAREKLISIA,,,,,1,7,15.5,,19.2,15.4,2.1,,,,44.0,,,,82.0,0.0,,,1.080332,,
2026-10-06T01:20:00+00:00,2026-10-06T01:25:53.888186+00:00,2026-10-06T01:25:53.888186+00:00,2026-10-06 04:20 (Local Time),PENTAKOMO,,,,,1,8,19.4,,21.9,18.6,1.8,1.2,,,283.0,,,,70.0,0.0,,,0.925999,,
2026-10-06T01:20:00+00:00,2026-10-06T01:25:53.888186+00:00,2026-10-06T01:25:53.888186+00:00,2026-10-06 04:20 (Local Time),PLATANIA,,,,,1,6,9.6,,11.4,9.4,,0.4,,,,,,,76.0,0.0,,,,,
2026-10-06T01:20:00+00:00,2026-10-06T01:25:53.888186+00:00,2026-10-06T01:25:53.888186+00:00,2026-10-06 04:20 (Local Time),POLIS,,,,,1,11,17.9,,19.8,17.6,6.4,1.5,4.0,,153.0,,,,82.0,0.0,1011.7,,3.292442,,"{""Atmospheric Pressure (Mean Sea Level)"": {""unit"": ""hPa"", ""value"": 1014.4}}"
2026-10-06T01:20:00+00:00,2026-10-06T01:25:53.888186+00:00,2026-10-06T01:25:53.888186+00:00,2026-10-06 04:20 (Local Time),POLYSTYPOS,,,,,1,8,12.5,,13.6,11.9,0.7,0.5,,,345.0,,,,64.0,0.0,,,0.360111,,
2026-10-06T01:20:00+00:00,2026-10-06T01:25:53.888186+00:00,2026-10-06T01:25:53.888186+00:00,2026-10-06 04:20 (Local Time),PRODROMOS,,,,,1,9,9.9,,11.2,9.2,1.6,0.4,,0.0,212.0,,,,63.0,0.0,,,0.82311,,
2026-10-06T01:20:00+00:00,2026-10-06T01:25:53.888186+00:00,2026-10-06T01:25:53.888186+00:00,2026-10-06 04:20 (Local Time),PYRGOS,,,,,1,5,16.4,,,,4.2,,,,219.7,,,,89.0,0.0,,,2.160665,,
2026-10-06T01:20:00+00:00,2026-10-06T01:25:53.888186+00:00,2026-10-06T01:25:53.888186+00:00,2026-10-06 04:20 (Local Time),SAITTAS,,,,,1,5,11.9,,15.0,11.9,,,,,,,,,78.0,0.0,,,,,
2026-10-06T01:20:00+00:00,2026-10-06T01:25:53.888186+00:00,2026-10-06T01:25:53.888186+00:00,2026-10-06 04:20 (Local Time),TAMASOS,,,,,1,9,14.4,14.2,19.2,14.4,3.2,0.4,,,183.0,,,,90.0,0.0,,,1.646221,,
2026-10-06T01:20:00+00:00,2026-10-06T01:25:53.888186+00:00,2026-10-06T01:25:53.888186+00:00,2026-10-06 04:20 (Local Time),TEPAK,,,,,1,9,17.0,,20.5,17.0,1.9,0.0,,,336.0,,,,72.0,0.0,,,0.977444,,"{""Accumulated Rainfall (24 hours)"": {""unit"": ""mm"", ""value"": 0.0}}"
2026-10-06T01:20:00+00:00,2026-10-06T01:25:53.888186+00:00,2026-10-06T01:25:53.888186+00:00,2026-10-06 04:20 (Local Time),TRIPILOS,,,,,1,7,9.6,,11.1,9.5,2.1,,,,5.0,,,,87.0,0.0,,,1.080332,,
2026-10-06T01:20:00+00:00,2026-10-06T01:25:53.888186+00:00,2026-10-06T01:25:53.888186+00:00,2026-10-06 04:20 (Local Time),TROODOS,,,,,1,9,7.4,,9.2,5.9,2.5,1.1,,,233.0,,,,77.0,0.0,827.8,,1.28611,,
2026-10-06T01:20:00+00:00,2026-10-06T01:25:53.888186+00:00,2026-10-06T01:25:53.888186+00:00,2026-10-06 04:20 (Local Time),VISITOR,,,,,1,7,16.6,,21.8,16.6,1.1,,,,234.0,,,,100.0,0.0,,,0.565888,,
2026-10-06T01:20:00+00:00,2026-10-06T01:25:53.888186+00:00,2026-10-06T01:25:53.888186+00:00,2026-10-06 04:20 (Local Time),XYLIATOS,,,,,1,8,14.6,,16.3,14.5,1.8,,,6.0,172.0,,,,82.0,0.0,,,0.925999,,
2026-10-06T01:20:00+00:00,2026-10-06T01:25:53.888186+00:00,2026-10-06T01:25:53.888186+00:00,2026-10-06 04:20 (Local Time),XYLOPHAGOU,,,,,1,9,19.2,19.0,21.6,19.0,3.4,0.1,,,259.0,,,,80.0,0.0,,,1.74911,,
2026-10-06T01:20:00+00:00,2026-10-06T01:25:53.888186+00:00,2026-10-06T01:25:53.888186+00:00,2026-10-06 04:20 (Local Time),ZYGI,,,,,1,9,15.7,14.8,19.3,15.6,2.6,0.1,,,350.0,,,,85.0,0.0,,,1.337554,,
2026-10-06T07:40:00+00:00,2026-10-06T07:44:55.571418+00:00,2026-10-06T07:44:55.571418+00:00,2026-10-06 10:30 (Local Time),ACHNA,,,,,1,8,26.3,,26.5,16.6,1.9,1.0,,,217.0,,,,47.0,0.0,,,0.977444,,
2026-10-06T07:40:00+00:00,2026-10-06T07:44:55.571418+00:00,2026-10-06T07:44:55.571418+00:00,2026-10-06 10:30 (Local Time),AGROS,,,,,1,10,15.7,,18.0,11.0,1.1,0.4,14.0,183.0,202.0,,,,64.0,0.0,,,0.565888,,
2026-10-06T07:40:00+00:00,2026-10-06T07:44:55.571418+00:00,2026-10-06T07:44:55.571418+00:00,2026-10-06 10:30 (Local Time),AKAMAS,,,,,1,7,22.9,,23.1,17.7,6.7,,,,214.0,,,,65.0,0.0,,,3.446775,,
2026-10-06T07:40:00+00:00,2026-10-06T07:44:55.571418+00:00,2026-10-06T07:44:55.571418+00:00,,ALONOUDI,,,,,0,0,,,,,,,,,,,,,,,,,,,
2026-10-06T07:40:00+00:00,2026-10-06T07:44:55.571418+00:00,2026-10-06T07:44:55.571418+00:00,2026-10-06 10:30 (Local Time),AMARGETI,,,,,1,9,21.3,,21.9,14.7,3.8,1.5,,,261.0,,,,58.0,0.0,964.7,,1.954887,,
2026-10-06T07:40:00+00:00,2026-10-06T07:44:55.571418+00:00,2026-10-06T07:44:55.571418+00:00,2026-10-06 10:30 (Local Time),ASTROMERITIS,,,,,1,6,22.9,,,,5.9,2.1,,,347.0,,,,58.0,0.0,,,3.03522,,
2026-10-06T07:40:00+00:00,2026-10-06T07:44:55.571418+00:00,2026-10-06T07:44:55.571418+00:00,2026-10-06 10:30 (Local Time),ATHALASSA,,,,,1,11,24.2,27.2,24.4,15.7,1.5,1.4,,,286.0,,,,50.0,0.0,996.6,,0.771666,,"{""Atmospheric Pressure (Mean Sea Level)"": {""unit"": ""hPa"", ""value"": 1015.3}}"
2026-10-06T07:40:00+00:00,2026-10-06T07:44:55.571418+00:00,2026-10-06T07:44:55.571418+00:00,2026-10-06 10:30 (Local Time),ATHIENOU,,,,,1,9,23.9,35.9,24.1,16.8,3.7,1.0,,,222.0,,,,54.0,0.0,,,1.903443,,
2026-10-06T07:40:00+00:00,2026-10-06T07:44:55.571418+00:00,2026-10-06T07:44:55.571418+00:00,2026-10-06 10:30 (Local Time),AVDIMOU,,,,,1,11,21.0,25.7,21.5,14.6,1.3,0.8,555.0,400.0,306.0,,,,86.0,0.0,,,0.668777,,
2026-10-06T07:40:00+00:00,2026-10-06T07:44:55.571418+00:00,2026-10-06T07:44:55.571418+00:00,2026-10-06 10:30 (Local Time),CAVO_GRECO,,,,,1,9,24.7,,24.8,18.2,5.7,2.4,,,237.0,,,,56.0,0.0,1008.2,,2.932331,,
2026-10-06T07:40:00+00:00,2026-10-06T07:44:55.571418+00:00,2026-10-06T07:44:55.571418+00:00,2026-10-06 10:30 (Local Time),CHROMIO,,,,,1,9,10.2,,11.9,6.0,3.1,0.5,,,333.0,,,,61.0,0.1,,,1.594776,,"{""Snow Depth"": {""unit"": ""cm"", ""value"": 0.0}}"
2026-10-06T07:40:00+00:00,2026-10-06T07:44:55.571418+00:00,2026-10-06T07:44:55.571418+00:00,2026-10-06 10:30 (Local Time),CYTASAT,,,,,1,10,23.5,,24.4,12.7,3.2,1.4,,,194.0,,,,51.0,0.0,989.6,,1.646221,,"{""Atmospheric Pressure (Mean Sea Level)"": {""unit"": ""hPa"", ""value"": 1016.2}}"
2026-10-06T07:40:00+00:00,2026-10-06T07:44:55.571418+00:00,2026-10-06T07:44:55.571418+00:00,2026-10-06 10:30 (Local Time),EPTAGONEIA,,,,,1,8,19.3,,19.5,10.5,2.9,1.2,,,273.0,,,,57.0,0.0,,,1.491888,,
2026-10-06T07:40:00+00:00,2026-10-06T07:44:55.571418+00:00,2026-10-06T07:44:55.571418+00:00,2026-10-06 10:30 (Local Time),FANEROMENI,,,,,1,4,25.5,,,,,,,,,,,,58.0,0.0,,,,,"{""Rain Intensity (10 min.)"": {""unit"": ""mm/min"", ""value"": 0.0}}"
2026-10-06T07:40:00+00:00,2026-10-06T07:44:55.571418+00:00,2026-10-06T07:44:55.571418+00:00,2026-10-06 10:30 (Local Time),FARMAKAS,,,,,1,10,18.1,,18.6,10.3,6.2,1.1,164.0,340.0,350.0,,,,56.0,0.0,,,3.189553,,
2026-10-06T07:40:00+00:00,2026-10-06T07:44:55.571418+00:00,2026-10-06T07:44:55.571418+00:00,2026-10-06 10:30 (Local Time),FRENAROS,,,,,1,11,24.8,27.9,24.9,17.3,7.4,2.9,,668.0,219.0,,,,58.0,0.0,1005.2,,3.806886,,
2026-10-06T07:40:00+00:00,2026-10-06T07:44:55.571418+00:00,2026-10-06T07:44:55.571418+00:00,2026-10-06 10:30 (Local Time),KALAVASOS,,,,,1,5,24.8,,26.0,15.6,,,,,,,,,50.0,0.0,,,,,
2026-10-06T07:40:00+00:00,2026-10-06T07:44:55.571418+00:00,2026-10-06T07:44:55.571418+00:00,2026-10-06 10:30 (Local Time),KALOPANAYIOTIS,,,,,1,9,20.3,,20.7,12.0,1.4,0.3,,495.0,285.0,,,,59.0,0.0,,,0.720222,,
2026-10-06T07:40:00+00:00,2026-10-06T07:44:55.571418+00:00,2026-10-06T07:44:55.571418+00:00,2026-10-06 10:30 (Local Time),KAMPOS,,,,,1,11,20.3,21.7,21.4,15.1,4.1,1.5,1116.0,651.0,2.0,,,,70.0,0.0,,,2.10922,,
2026-10-06T07:40:00+00:00,2026-10-06T07:44:55.571418+00:00,2026-10-06T07:44:55.571418+00:00,2026-10-06 10:30 (Local Time),KANNAVIOU,,,,,1,6,22.1,,22.3,14.5,,1.0,,,,,,,56.0,0.0,,,,,
2026-10-06T07:40:00+00:00,2026-10-06T07:44:55.571418+00:00,2026-10-06T07:44:55.571418+00:00,2026-10-06 10:30 (Local Time),KATHIKAS,,,,,1,6,20.1,,20.4,15.5,,,,,,,,,72.0,0.0,,,,,"{""Accumulated Rainfall (24 hours)"": {""unit"": ""mm"", ""value"": 0.0}}"
2026-10-06T07:40:00+00:00,2026-10-06T07:44:55.571418+00:00,2026-10-06T07:44:55.571418+00:00,2026-10-06 10:30 (Local Time),KEPNIC,,,,,1,1,,,,,,,,,,,,,,0.0,,,,,
2026-10-06T07:40:00+00:00,2026-10-06T07:44:55.571418+00:00,2026-10-06T07:44:55.571418+00:00,2026-10-06 10:30 (Local Time),KILANI,,,,,1,7,16.4,,18.2,10.2,,0.9,,370.0,,,,,63.0,0.0,,,,,
2026-10-06T07:40:00+00:00,2026-10-06T07:44:55.571418+00:00,2026-10-06T07:44:55.571418+00:00,2026-10-06 10:30 (Local Time),KORNOS,,,,,1,3,23.4,,,,,,,,,,,,50.0,0.0,,,,,
2026-10-06T07:40:00+00:00,2026-10-06T07:44:55.571418+00:00,2026-10-06T07:44:55.571418+00:00,2026-10-06 10:30 (Local Time),KOURIS,,,,,1,8,21.2,,21.3,16.4,3.3,1.3,,,343.0,,,,71.0,0.0,,,1.697665,,
2026-10-06T07:40:00+00:00,2026-10-06T07:44:55.571418+00:00,2026-10-06T07:44:55.571418+00:00,2026-10-06 10:30 (Local Time),KPYRGOS,,,,,1,8,24.5,,25.4,17.4,2.9,1.3,,,8.0,,,,62.0,0.0,,,1.491888,,
2026-10-06T07:40:00+00:00,2026-10-06T07:44:55.571418+00:00,2026-10-06T07:44:55.571418+00:00,2026-10-06 10:30 (Local Time),KYPEROUNTA,,,,,1,6,13.2,,15.4,10.5,,0.4,,236.0,,,,,66.0,,,,,,
2026-10-06T07:40:00+00:00,2026-10-06T07:44:55.571418+00:00,2026-10-06T07:44:55.571418+00:00,2026-10-06 10:30 (Local Time),LCLK,,,,,1,9,26.3,,26.4,16.6,,2.5,,,,,,,49.0,0.0,,,,,"{""Atmospheric Pressure (QNH)"": {""unit"": ""hPa"", ""value"": 1015.6}, ""Wind Direction (10m) at Runway 22"": {""unit"": ""Degrees"", ""value"": 169.0}, ""Wind Speed (10m) at Runway 22"": {""unit"": ""Knots"", ""value"": 6.0}}"
2026-10-06T07:40:00+00:00,2026-10-06T07:44:55.571418+00:00,2026-10-06T07:44:55.571418+00:00,2026-10-06 10:30 (Local Time),LCPH,,,,,1,9,23.2,,23.4,18.3,,1.7,,,,,,,65.0,0.0,,,,,"{""Atmospheric Pressure (QNH)"": {""unit"": ""hPa"", ""value"": 1016.0}, ""Wind Direction (10m) at Runway 29"": {""unit"": ""Degrees"", ""value"": 266.0}, ""Wind Speed (10m) at Runway 29"": {""unit"": ""Knots"", ""value"": 4.9}}"
2026-10-06T07:40:00+00:00,2026-10-06T07:44:55.571418+00:00,2026-10-06T07:44:55.571418+00:00,2026-10-06 10:30 (Local Time),LEFKARA,,,,,1,6,22.7,,23.3,13.4,,1.3,,,,,,,51.0,0.0,,,,,
2026-10-06T07:40:00+00:00,2026-10-06T07:44:55.571418+00:00,2026-10-06T07:44:55.571418+00:00,2026-10-06 10:30 (Local Time),LEFKOSIA,,,,,1,7,23.4,,25.4,14.5,,1.0,,,,,,,57.0,0.0,,,,,"{""Accumulated Rainfall (24 hours)"": {""unit"": ""mm"", ""value"": 0.0}}"
2026-10-06T07:40:00+00:00,2026-10-06T07:44:55.571418+00:00,2026-10-06T07:44:55.571418+00:00,2026-10-06 10:30 (Local Time),LIMASSOL,,,,,1,10,23.8,,24.2,16.5,,0.7,,516.0,,,,,64.0,0.0,1014.5,,,,"{""Wind Direction (10m) at Port Gate"": {""unit"": ""Degrees"", ""value"": 284.0}, ""Wind Speed (10m) at Port Gate"": {""unit"": ""Knots"", ""value"": 1.7}}"
2026-10-06T07:40:00+00:00,2026-10-06T07:44:55.571418+00:00,2026-10-06T07:44:55.571418+00:00,2026-10-06 10:30 (Local Time),LINOU,,,,,1,9,21.3,,22.7,15.8,4.8,1.8,,,358.0,,,,64.0,0.0,968.9,,2.469331,,
2026-10-06T07:40:00+00:00,2026-10-06T07:44:55.571418+00:00,2026-10-06T07:44:55.571418+00:00,2026-10-06 10:30 (Local Time),LYSOS,,,,,1,7,20.8,,21.1,13.7,5.9,,,,308.0,,,,53.0,0.0,,,3.03522,,
2026-10-06T07:40:00+00:00,2026-10-06T07:44:55.571418+00:00,2026-10-06T07:44:55.571418+00:00,2026-10-06 10:30 (Local Time),MALLIA,,,,,1,10,17.9,20.5,20.5,10.7,0.6,0.4,,291.0,348.0,,,,68.0,0.0,,,0.308666,,
2026-10-06T07:40:00+00:00,2026-10-06T07:44:55.571418+00:00,2026-10-06T07:44:55.571418+00:00,2026-10-06 10:30 (Local Time),MAMMARI,,,,,1,10,23.6,,23.9,16.3,,1.6,,413.0,,,,,57.0,0.0,,,,,"{""Atmospheric Pressure (QNH)"": {""unit"": ""hPa"", ""value"": 1016.2}, ""Wind Direction (10m) at Runway 12"": {""unit"": ""Degrees"", ""value"": 314.0}, ""Wind Speed (10m) at Runway 12"": {""unit"": ""Knots"", ""value"": 3.3}}"
2026-10-06T07:40:00+00:00,2026-10-06T07:44:55.571418+00:00,2026-10-06T07:44:55.571418+00:00,2026-10-06 10:30 (Local Time),MATHIATIS,,,,,1,10,21.9,,22.8,13.4,6.2,2.1,58.0,317.0,152.0,,,,51.0,0.0,,,3.189553,,
2026-10-06T07:40:00+00:00,2026-10-06T07:44:55.571418+00:00,2026-10-06T07:44:55.571418+00:00,2026-10-06 10:30 (Local Time),PANAGIA_BRIDGE,,,,,1,6,19.2,21.2,19.4,11.3,,,,,,,,,78.0,0.0,,,,,
2026-10-06T07:40:00+00:00,2026-10-06T07:44:55.571418+00:00,2026-10-06T07:44:55.571418+00:00,2026-10-06 10:30 (Local Time),PAPHOS,,,,,1,8,24.2,,24.3,17.3,1.3,1.0,,,224.0,,,,62.0,0.0,,,0.668777,,
2026-10-06T07:40:00+00:00,2026-10-06T07:44:55.571418+00:00,2026-10-06T07:44:55.571418+00:00,2026-10-06 10:30 (Local Time),PAREKLISIA,,,,,1,7,23.6,,23.7,15.2,2.6,,,,270.0,,,,52.0,0.0,,,1.337554,,
2026-10-06T07:40:00+00:00,2026-10-06T07:44:55.571418+00:00,2026-10-06T07:44:55.571418+00:00,2026-10-06 10:30 (Local Time),PENTAKOMO,,,,,1,8,24.8,,25.0,18.6,8.8,3.7,,,230.0,,,,59.0,0.0,,,4.527107,,
2026-10-06T07:40:00+00:00,2026-10-06T07:44:55.571418+00:00,2026-10-06T07:44:55.571418+00:00,2026-10-06 10:30 (Local Time),PLATANIA,,,,,1,6,14.4,,14.5,9.4,,0.3,,,,,,,71.0,0.0,,,,,
2026-10-06T07:40:00+00:00,2026-10-06T07:44:55.571418+00:00,2026-10-06T07:44:55.571418+00:00,2026-10-06 10:30 (Local Time),POLIS,,,,,1,11,24.7,,25.3,17.5,3.9,2.0,1037.0,,315.0,,,,60.0,0.0,1012.5,,2.006332,,"{""Atmospheric Pressure (Mean Sea Level)"": {""unit"": ""hPa"", ""value"": 1015.2}}"
2026-10-06T07:40:00+00:00,2026-10-06T07:44:55.571418+00:00,2026-10-06T07:44:55.571418+00:00,2026-10-06 10:30 (Local Time),POLYSTYPOS,,,,,1,8,15.9,,18.4,11.6,1.0,1.0,,,200.0,,,,55.0,0.0,,,0.514444,,
2026-10-06T07:40:00+00:00,2026-10-06T07:44:55.571418+00:00,2026-10-06T07:44:55.571418+00:00,2026-10-06 10:30 (Local Time),PRODROMOS,,,,,1,9,12.2,,12.4,8.5,4.3,1.1,,365.0,64.0,,,,68.0,0.0,,,2.212109,,
2026-10-06T07:40:00+00:00,2026-10-06T07:44:55.571418+00:00,2026-10-06T07:44:55.571418+00:00,2026-10-06 10:30 (Local Time),PYRGOS,,,,,1,5,19.3,,,,1.9,,,,302.4,,,,81.0,0.0,,,0.977444,,
2026-10-06T07:40:00+00:00,2026-10-06T07:44:55.571418+00:00,2026-10-06T07:44:55.571418+00:00,2026-10-06 10:30 (Local Time),SAITTAS,,,,,1,5,19.0,,19.0,11.2,,,,,,,,,60.0,0.0,,,,,
2026-10-06T07:40:00+00:00,2026-10-06T07:44:55.571418+00:00,2026-10-06T07:44:55.571418+00:00,2026-10-06 10:30 (Local Time),TAMASOS,,,,,1,9,23.1,30.1,23.2,13.9,2.7,1.0,,,131.0,,,,49.0,0.0,,,1.388999,,
2026-10-06T07:40:00+00:00,2026-10-06T07:44:55.571418+00:00,2026-10-06T07:44:55.571418+00:00,2026-10-06 10:30 (Local Time),TEPAK,,,,,1,9,23.5,,24.1,16.6,1.3,0.4,,,255.0,,,,61.0,0.0,,,0.668777,,"{""Accumulated Rainfall (24 hours)"": {""unit"": ""mm"", ""value"": 0.0}}"
2026-10-06T07:40:00+00:00,2026-10-06T07:44:55.571418+00:00,2026-10-06T07:44:55.571418+00:00,2026-10-06 10:30 (Local Time),TRIPILOS,,,,,1,7,15.3,,15.4,9.5,3.4,,,,250.0,,,,64.0,0.0,,,1.74911,,
2026-10-06T07:40:00+00:00,2026-10-06T07:44:55.571418+00:00,2026-10-06T07:44:55.571418+00:00,2026-10-06 10:30 (Local Time),TROODOS,,,,,1,9,10.9,,11.5,5.9,3.9,1.2,,,353.0,,,,65.0,0.0,828.5,,2.006332,,
2026-10-06T07:40:00+00:00,2026-10-06T07:44:55.571418+00:00,2026-10-06T07:44:55.571418+00:00,2026-10-06 10:30 (Local Time),VISITOR,,,,,1,7,24.7,,25.1,15.5,3.9,,,,303.0,,,,54.0,0.0,,,2.006332,,
2026-10-06T07:40:00+00:00,2026-10-06T07:44:55.571418+00:00,2026-10-06T07:44:55.571418+00:00,2026-10-06 10:30 (Local Time),XYLIATOS,,,,,1,8,19.2,,20.6,14.1,2.7,,,237.0,332.0,,,,65.0,0.0,,,1.388999,,
2026-10-06T07:40:00+00:00,2026-10-06T07:44:55.571418+00:00,2026-10-06T07:44:55.571418+00:00,2026-10-06 10:30 (Local Time),XYLOPHAGOU,,,,,1,9,24.5,29.9,24.5,17.3,5.5,2.1,,,218.0,,,,62.0,0.0,,,2.829442,,
2026-10-06T07:40:00+00:00,2026-10-06T07:44:55.571418+00:00,2026-10-06T07:44:55.571418+00:00,2026-10-06 10:30 (Local Time),ZYGI,,,,,1,9,25.8,33.5,26.1,15.3,4.6,2.0,,,207.0,,,,53.0,0.0,,,2.366442,,
2026-10-06T14:20:00+00:00,2026-10-06T14:29:25.545690+00:00,2026-10-06T14:29:25.545690+00:00,2026-10-06 17:20 (Local Time),ACHNA,,,,,1,8,20.4,,27.8,16.6,1.0,0.2,,,240.0,,,,84.0,0.0,,,0.514444,,
2026-10-06T14:20:00+00:00,2026-10-06T14:29:25.545690+00:00,2026-10-06T14:29:25.545690+00:00,2026-10-06 17:20 (Local Time),AGROS,,,,,1,10,15.0,,21.2,11.0,2.6,1.1,7.0,31.0,0.0,,,,78.0,0.0,,,1.337554,,
2026-10-06T14:20:00+00:00,2026-10-06T14:29:25.545690+00:00,2026-10-06T14:29:25.545690+00:00,2026-10-06 17:20 (Local Time),AKAMAS,,,,,1,7,23.8,,25.2,17.7,2.9,,,,2.0,,,,57.0,0.0,,,1.491888,,
2026-10-06T14:20:00+00:00,2026-10-06T14:29:25.545690+00:00,2026-10-06T14:29:25.545690+00:00,2026-10-06 17:20 (Local Time),ALONOUDI,,,,,1,5,18.8,,26.0,11.6,,,,,,,,,83.0,0.0,,,,,
2026-10-06T14:20:00+00:00,2026-10-06T14:29:25.545690+00:00,2026-10-06T14:29:25.545690+00:00,2026-10-06 17:20 (Local Time),AMARGETI,,,,,1,9,21.5,,25.2,14.7,8.1,2.7,,,310.0,,,,63.0,0.0,963.6,,4.166996,,
2026-10-06T14:20:00+00:00,2026-10-06T14:29:25.545690+00:00,2026-10-06T14:29:25.545690+00:00,2026-10-06 17:20 (Local Time),ASTROMERITIS,,,,,1,6,22.8,,,,3.9,1.2,,,29.0,,,,58.0,0.0,,,2.006332,,
2026-10-06T14:20:00+00:00,2026-10-06T14:29:25.545690+00:00,2026-10-06T14:29:25.545690+00:00,2026-10-06 17:20 (Local Time),ATHALASSA,,,,,1,11,24.0,25.1,27.0,15.7,4.4,2.1,,,266.0,,,,53.0,0.0,995.8,,2.263554,,"{""Atmospheric Pressure (Mean Sea Level)"": {""unit"": ""hPa"", ""value"": 1014.5}}"
2026-10-06T14:20:00+00:00,2026-10-06T14:29:25.545690+00:00,2026-10-06T14:29:25.545690+00:00,2026-10-06 17:20 (Local Time),ATHIENOU,,,,,1,9,24.2,28.5,28.2,16.8,1.6,0.1,,,51.0,,,,51.0,0.0,,,0.82311,,
2026-10-06T14:20:00+00:00,2026-10-06T14:29:25.545690+00:00,2026-10-06T14:29:25.545690+00:00,2026-10-06 17:20 (Local Time),AVDIMOU,,,,,1,11,26.9,31.8,27.6,14.6,1.3,0.8,724.0,188.0,280.0,,,,42.0,0.0,,,0.668777,,
2026-10-06T14:20:00+00:00,2026-10-06T14:29:25.545690+00:00,2026-10-06T14:29:25.545690+00:00,2026-10-06 17:20 (Local Time),CAVO_GRECO,,,,,1,9,22.3,,26.8,17.6,1.8,0.6,,,230.0,,,,70.0,0.0,1006.8,,0.925999,,
2026-10-06T14:20:00+00:00,2026-10-06T14:29:25.545690+00:00,2026-10-06T14:29:25.545690+00:00,2026-10-06 17:20 (Local Time),CHROMIO,,,,,1,9,9.5,,12.9,6.0,0.0,0.0,,,343.0,,,,80.0,0.0,,,0.0,,"{""Snow Depth"": {""unit"": ""cm"", ""value"": 0.0}}"
2026-10-06T14:20:00+00:00,2026-10-06T14:29:25.545690+00:00,2026-10-06T14:29:25.545690+00:00,2026-10-06 17:20 (Local Time),CYTASAT,,,,,1,10,21.6,,26.8,12.7,2.9,1.1,,,324.0,,,,63.0,0.0,988.8,,1.491888,,"{""Atmospheric Pressure (Mean Sea Level)"": {""unit"": ""hPa"", ""value"": 1015.6}}"
2026-10-06T14:20:00+00:00,2026-10-06T14:29:25.545690+00:00,2026-10-06T14:29:25.545690+00:00,2026-10-06 17:20 (Local Time),EPTAGONEIA,,,,,1,8,21.4,,24.4,10.5,3.6,0.9,,,312.0,,,,59.0,0.0,,,1.851998,,
2026-10-06T14:20:00+00:00,2026-10-06T14:29:25.545690+00:00,2026-10-06T14:29:25.545690+00:00,2026-10-06 17:20 (Local Time),FANEROMENI,,,,,1,4,22.6,,,,,,,,,,,,72.0,0.0,,,,,"{""Rain Intensity (10 min.)"": {""unit"": ""mm/min"", ""value"": 0.0}}"
2026-10-06T14:20:00+00:00,2026-10-06T14:29:25.545690+00:00,2026-10-06T14:29:25.545690+00:00,2026-10-06 17:20 (Local Time),FARMAKAS,,,,,1,10,16.3,,25.1,10.3,6.2,0.3,13.0,33.0,350.0,,,,82.0,0.0,,,3.189553,,
2026-10-06T14:20:00+00:00,2026-10-06T14:29:25.545690+00:00,2026-10-06T14:29:25.545690+00:00,2026-10-06 17:20 (Local Time),FRENAROS,,,,,1,11,23.3,24.2,27.3,17.3,3.1,1.4,,149.0,261.0,,,,68.0,0.0,1004.1,,1.594776,,
2026-10-06T14:20:00+00:00,2026-10-06T14:29:25.545690+00:00,2026-10-06T14:29:25.545690+00:00,2026-10-06 17:20 (Local Time),KALAVASOS,,,,,1,5,24.2,,29.7,15.6,,,,,,,,,61.0,0.0,,,,,
2026-10-06T14:20:00+00:00,2026-10-06T14:29:25.545690+00:00,2026-10-06T14:29:25.545690+00:00,2026-10-06 17:20 (Local Time),KALOPANAYIOTIS,,,,,1,9,19.4,,24.8,12.0,2.3,0.3,,23.0,305.0,,,,76.0,0.0,,,1.183221,,
2026-10-06T14:20:00+00:00,2026-10-06T14:29:25.545690+00:00,2026-10-06T14:29:25.545690+00:00,2026-10-06 17:20 (Local Time),KAMPOS,,,,,1,11,19.4,19.4,23.5,15.1,4.0,0.6,415.0,190.0,309.0,,,,75.0,0.0,,,2.057776,,
2026-10-06T14:20:00+00:00,2026-10-06T14:29:25.545690+00:00,2026-10-06T14:29:25.545690+00:00,2026-10-06 17:20 (Local Time),KANNAVIOU,,,,,1,6,22.2,,24.6,14.5,,3.0,,,,,,,60.0,0.0,,,,,
2026-10-06T14:20:00+00:00,2026-10-06T14:29:25.545690+00:00,2026-10-06T14:29:25.545690+00:00,2026-10-06 17:20 (Local Time),KATHIKAS,,,,,1,6,18.7,,22.6,15.5,,,,,,,,,75.0,0.0,,,,,"{""Accumulated Rainfall (24 hours)"": {""unit"": ""mm"", ""value"": 1.0}}"
2026-10-06T14:20:00+00:00,2026-10-06T14:29:25.545690+00:00,2026-10-06T14:29:25.545690+00:00,2026-10-06 17:20 (Local Time),KEPNIC,,,,,1,1,,,,,,,,,,,,,,0.0,,,,,
2026-10-06T14:20:00+00:00,2026-10-06T14:29:25.545690+00:00,2026-10-06T14:29:25.545690+00:00,2026-10-06 17:20 (Local Time),KILANI,,,,,1,7,18.2,,22.8,10.2,,1.4,,58.0,,,,,62.0,0.0,,,,,
2026-10-06T14:20:00+00:00,2026-10-06T14:29:25.545690+00:00,2026-10-06T14:29:25.545690+00:00,2026-10-06 17:20 (Local Time),KORNOS,,,,,1,3,21.5,,,,,,,,,,,,60.0,0.0,,,,,
2026-10-06T14:20:00+00:00,2026-10-06T14:29:25.545690+00:00,2026-10-06T14:29:25.545690+00:00,2026-10-06 17:20 (Local Time),KOURIS,,,,,1,8,26.0,,27.2,16.4,4.6,0.9,,,220.0,,,,47.0,0.0,,,2.366442,,
2026-10-06T14:20:00+00:00,2026-10-06T14:29:25.545690+00:00,2026-10-06T14:29:25.545690+00:00,2026-10-06 17:20 (Local Time),KPYRGOS,,,,,1,8,25.6,,26.2,17.4,3.4,1.4,,,256.0,,,,55.0,0.0,,,1.74911,,
2026-10-06T14:20:00+00:00,2026-10-06T14:29:25.545690+00:00,2026-10-06T14:29:25.545690+00:00,2026-10-06 17:20 (Local Time),KYPEROUNTA,,,,,1,6,13.1,,16.6,10.5,,4.9,,198.0,,,,,77.0,,,,,,
2026-10-06T14:20:00+00:00,2026-10-06T14:29:25.545690+00:00,2026-10-06T14:29:25.545690+00:00,2026-10-06 17:20 (Local Time),LCLK,,,,,1,9,24.9,,28.1,16.6,,0.6,,,,,,,62.0,0.0,,,,,"{""Atmospheric Pressure (QNH)"": {""unit"": ""hPa"", ""value"": 1014.4}, ""Wind Direction (10m) at Runway 22"": {""unit"": ""Degrees"", ""value"": 289.0}, ""Wind Speed (10m) at Runway 22"": {""unit"": ""Knots"", ""value"": 1.8}}"
2026-10-06T14:20:00+00:00,2026-10-06T14:29:25.545690+00:00,2026-10-06T14:29:25.545690+00:00,2026-10-06 17:20 (Local Time),LCPH,,,,,1,9,25.2,,26.3,18.3,,4.5,,,,,,,58.0,0.0,,,,,"{""Atmospheric Pressure (QNH)"": {""unit"": ""hPa"", ""value"": 1014.6}, ""Wind Direction (10m) at Runway 29"": {""unit"": ""Degrees"", ""value"": 290.0}, ""Wind Speed (10m) at Runway 29"": {""unit"": ""Knots"", ""value"": 11.3}}"
2026-10-06T14:20:00+00:00,2026-10-06T14:29:25.545690+00:00,2026-10-06T14:29:25.545690+00:00,2026-10-06 17:20 (Local Time),LEFKARA,,,,,1,6,20.0,,28.1,13.4,,1.4,,,,,,,66.0,0.0,,,,,
2026-10-06T14:20:00+00:00,2026-10-06T14:29:25.545690+00:00,2026-10-06T14:29:25.545690+00:00,2026-10-06 17:20 (Local Time),LEFKOSIA,,,,,1,7,21.3,,28.7,14.5,,0.7,,,,,,,69.0,0.0,,,,,"{""Accumulated Rainfall (24 hours)"": {""unit"": ""mm"", ""value"": 5.8}}"
2026-10-06T14:20:00+00:00,2026-10-06T14:29:25.545690+00:00,2026-10-06T14:29:25.545690+00:00,2026-10-06 17:20 (Local Time),LIMASSOL,,,,,1,10,25.5,,27.5,16.5,,2.9,,187.0,,,,,54.0,0.0,1013.2,,,,"{""Wind Direction (10m) at Port Gate"": {""unit"": ""Degrees"", ""value"": 258.0}, ""Wind Speed (10m) at Port Gate"": {""unit"": ""Knots"", ""value"": 8.6}}"
2026-10-06T14:20:00+00:00,2026-10-06T14:29:25.545690+00:00,2026-10-06T14:29:25.545690+00:00,2026-10-06 17:20 (Local Time),LINOU,,,,,1,9,20.7,,24.4,15.8,5.5,2.4,,,303.0,,,,68.0,0.0,968.3,,2.829442,,
2026-10-06T14:20:00+00:00,2026-10-06T14:29:25.545690+00:00,2026-10-06T14:29:25.545690+00:00,2026-10-06 17:20 (Local Time),LYSOS,,,,,1,7,20.1,,24.4,13.7,5.7,,,,296.0,,,,64.0,0.0,,,2.932331,,
2026-10-06T14:20:00+00:00,2026-10-06T14:29:25.545690+00:00,2026-10-06T14:29:25.545690+00:00,2026-10-06 17:20 (Local Time),MALLIA,,,,,1,10,20.3,18.7,23.9,10.7,4.3,1.2,,65.0,339.0,,,,60.0,0.0,,,2.212109,,
2026-10-06T14:20:00+00:00,2026-10-06T14:29:25.545690+00:00,2026-10-06T14:29:25.545690+00:00,2026-10-06 17:20 (Local Time),MAMMARI,,,,,1,10,21.7,,27.2,16.3,,3.8,,52.0,,,,,65.0,0.0,,,,,"{""Atmospheric Pressure (QNH)"": {""unit"": ""hPa"", ""value"": 1015.3}, ""Wind Direction (10m) at Runway 12"": {""unit"": ""Degrees"", ""value"": 234.0}, ""Wind Speed (10m) at Runway 12"": {""unit"": ""Knots"", ""value"": 9.3}}"
2026-10-06T14:20:00+00:00,2026-10-06T14:29:25.545690+00:00,2026-10-06T14:29:25.545690+00:00,2026-10-06 17:20 (Local Time),MATHIATIS,,,,,1,10,18.3,,25.9,13.4,3.2,0.6,49.0,44.0,281.0,,,,65.0,0.0,,,1.646221,,
2026-10-06T14:20:00+00:00,2026-10-06T14:29:25.545690+00:00,2026-10-06T14:29:25.545690+00:00,2026-10-06 17:20 (Local Time),PANAGIA_BRIDGE,,,,,1,6,16.0,16.2,23.8,11.3,,,,,,,,,91.0,0.0,,,,,
2026-10-06T14:20:00+00:00,2026-10-06T14:29:25.545690+00:00,2026-10-06T14:29:25.545690+00:00,2026-10-06 17:20 (Local Time),PAPHOS,,,,,1,8,24.4,,26.0,17.3,3.4,1.5,,,296.0,,,,60.0,0.0,,,1.74911,,
2026-10-06T14:20:00+00:00,2026-10-06T14:29:25.545690+00:00,2026-10-06T14:29:25.545690+00:00,2026-10-06 17:20 (Local Time),PAREKLISIA,,,,,1,7,24.0,,29.6,15.2,2.4,,,,151.0,,,,45.0,0.0,,,1.234666,,
2026-10-06T14:20:00+00:00,2026-10-06T14:29:25.545690+00:00,2026-10-06T14:29:25.545690+00:00,2026-10-06 17:20 (Local Time),PENTAKOMO,,,,,1,8,25.5,,26.3,18.6,5.4,1.8,,,122.0,,,,50.0,0.0,,,2.777998,,
2026-10-06T14:20:00+00:00,2026-10-06T14:29:25.545690+00:00,2026-10-06T14:29:25.545690+00:00,2026-10-06 17:20 (Local Time),PLATANIA,,,,,1,6,13.7,,17.8,9.4,,0.1,,,,,,,93.0,0.0,,,,,
2026-10-06T14:20:00+00:00,2026-10-06T14:29:25.545690+00:00,2026-10-06T14:29:25.545690+00:00,2026-10-06 17:20 (Local Time),POLIS,,,,,1,11,24.8,,25.7,17.5,3.9,1.4,767.0,,266.0,,,,58.0,0.0,1011.5,,2.006332,,"{""Atmospheric Pressure (Mean Sea Level)"": {""unit"": ""hPa"", ""value"": 1014.1}}"
2026-10-06T14:20:00+00:00,2026-10-06T14:29:25.545690+00:00,2026-10-06T14:29:25.545690+00:00,2026-10-06 17:20 (Local Time),POLYSTYPOS,,,,,1,8,14.6,,19.4,11.6,0.0,0.2,,,325.0,,,,85.0,0.0,,,0.0,,
2026-10-06T14:20:00+00:00,2026-10-06T14:29:25.545690+00:00,2026-10-06T14:29:25.545690+00:00,2026-10-06 17:20 (Local Time),PRODROMOS,,,,,1,9,11.2,,16.3,8.5,4.6,1.2,,10.0,64.0,,,,95.0,0.0,,,2.366442,,
2026-10-06T14:20:00+00:00,2026-10-06T14:29:25.545690+00:00,2026-10-06T14:29:25.545690+00:00,2026-10-06 17:20 (Local Time),PYRGOS,,,,,1,5,20.3,,,,1.7,,,,329.3,,,,73.0,0.0,,,0.874555,,
2026-10-06T14:20:00+00:00,2026-10-06T14:29:25.545690+00:00,2026-10-06T14:29:25.545690+00:00,2026-10-06 17:20 (Local Time),SAITTAS,,,,,1,5,20.6,,25.9,11.2,,,,,,,,,57.0,0.0,,,,,
2026-10-06T14:20:00+00:00,2026-10-06T14:29:25.545690+00:00,2026-10-06T14:29:25.545690+00:00,2026-10-06 17:20 (Local Time),TAMASOS,,,,,1,9,19.5,19.7,25.3,13.9,3.1,1.0,,,239.0,,,,60.0,0.0,,,1.594776,,
2026-10-06T14:20:00+00:00,2026-10-06T14:29:25.545690+00:00,2026-10-06T14:29:25.545690+00:00,2026-10-06 17:20 (Local Time),TEPAK,,,,,1,9,24.1,,28.7,16.6,3.5,1.1,,,234.0,,,,51.0,0.0,,,1.800554,,"{""Accumulated Rainfall (24 hours)"": {""unit"": ""mm"", ""value"": 0.0}}"
2026-10-06T14:20:00+00:00,2026-10-06T14:29:25.545690+00:00,2026-10-06T14:29:25.545690+00:00,2026-10-06 17:20 (Local Time),TRIPILOS,,,,,1,7,12.5,,17.9,9.5,3.5,,,,30.0,,,,94.0,0.0,,,1.800554,,
2026-10-06T14:20:00+00:00,2026-10-06T14:29:25.545690+00:00,2026-10-06T14:29:25.545690+00:00,2026-10-06 17:20 (Local Time),TROODOS,,,,,1,9,10.2,,13.1,5.9,2.7,1.0,,,318.0,,,,88.0,0.0,828.2,,1.388999,,
2026-10-06T14:20:00+00:00,2026-10-06T14:29:25.545690+00:00,2026-10-06T14:29:25.545690+00:00,2026-10-06 17:20 (Local Time),VISITOR,,,,,1,7,24.6,,28.2,15.5,2.0,,,,241.0,,,,55.0,0.0,,,1.028888,,
2026-10-06T14:20:00+00:00,2026-10-06T14:29:25.545690+00:00,2026-10-06T14:29:25.545690+00:00,2026-10-06 17:20 (Local Time),XYLIATOS,,,,,1,8,15.6,,23.3,14.1,2.6,,,68.0,193.0,,,,91.0,0.0,,,1.337554,,
2026-10-06T14:20:00+00:00,2026-10-06T14:29:25.545690+00:00,2026-10-06T14:29:25.545690+00:00,2026-10-06 17:20 (Local Time),XYLOPHAGOU,,,,,1,9,22.4,24.1,26.9,17.3,2.8,0.8,,,236.0,,,,73.0,0.0,,,1.440443,,
2026-10-06T14:20:00+00:00,2026-10-06T14:29:25.545690+00:00,2026-10-06T14:29:25.545690+00:00,2026-10-06 17:20 (Local Time),ZYGI,,,,,1,9,24.4,23.8,27.3,15.3,1.5,0.5,,,13.0,,,,51.0,0.0,,,0.771666,,
2026-10-06T19:40:00+00:00,2026-10-06T19:47:19.619664+00:00,2026-10-06T19:47:19.619664+00:00,2026-10-06 22:40 (Local Time),ACHNA,,,,,1,8,17.8,,18.0,17.1,2.2,0.4,,,271.0,,,,88.0,0.0,,,1.131777,,
2026-10-06T19:40:00+00:00,2026-10-06T19:47:19.619664+00:00,2026-10-06T19:47:19.619664+00:00,2026-10-06 22:40 (Local Time),AGROS,,,,,1,10,13.2,,13.9,12.9,2.4,1.0,3.0,0.0,323.0,,,,83.0,0.0,,,1.234666,,
2026-10-06T19:40:00+00:00,2026-10-06T19:47:19.619664+00:00,2026-10-06T19:47:19.619664+00:00,2026-10-06 22:40 (Local Time),AKAMAS,,,,,1,7,18.9,,19.3,18.8,4.7,,,,355.0,,,,75.0,0.0,,,2.417887,,
2026-10-06T19:40:00+00:00,2026-10-06T19:47:19.619664+00:00,2026-10-06T19:47:19.619664+00:00,,ALONOUDI,,,,,0,0,,,,,,,,,,,,,,,,,,,
2026-10-06T19:40:00+00:00,2026-10-06T19:47:19.619664+00:00,2026-10-06T19:47:19.619664+00:00,2026-10-06 22:40 (Local Time),AMARGETI,,,,,1,9,17.2,,18.7,16.9,5.2,1.6,,,327.0,,,,74.0,0.0,965.7,,2.675109,,
2026-10-06T19:40:00+00:00,2026-10-06T19:47:19.619664+00:00,2026-10-06T19:47:19.619664+00:00,2026-10-06 22:40 (Local Time),ASTROMERITIS,,,,,1,6,18.3,,,,6.6,1.8,,,191.0,,,,79.0,0.0,,,3.39533,,
2026-10-06T19:40:00+00:00,2026-10-06T19:47:19.619664+00:00,2026-10-06T19:47:19.619664+00:00,2026-10-06 22:40 (Local Time),ATHALASSA,,,,,1,11,19.2,16.9,19.5,18.7,3.3,1.1,,,262.0,,,,73.0,0.0,998.0,,1.697665,,"{""Atmospheric Pressure (Mean Sea Level)"": {""unit"": ""hPa"", ""value"": 1017.0}}"
2026-10-06T19:40:00+00:00,2026-10-06T19:47:19.619664+00:00,2026-10-06T19:47:19.619664+00:00,2026-10-06 22:40 (Local Time),ATHIENOU,,,,,1,9,18.0,15.9,19.0,17.9,4.5,0.7,,,236.0,,,,80.0,0.0,,,2.314998,,
2026-10-06T19:40:00+00:00,2026-10-06T19:47:19.619664+00:00,2026-10-06T19:47:19.619664+00:00,2026-10-06 22:40 (Local Time),AVDIMOU,,,,,1,11,17.5,14.6,17.8,16.8,1.7,0.6,3.0,3.0,317.0,,,,77.0,0.0,,,0.874555,,
2026-10-06T19:40:00+00:00,2026-10-06T19:47:19.619664+00:00,2026-10-06T19:47:19.619664+00:00,2026-10-06 22:40 (Local Time),CAVO_GRECO,,,,,1,9,18.6,,18.6,18.4,5.4,1.4,,,273.0,,,,73.0,0.0,1009.3,,2.777998,,
2026-10-06T19:40:00+00:00,2026-10-06T19:47:19.619664+00:00,2026-10-06T19:47:19.619664+00:00,2026-10-06 22:40 (Local Time),CHROMIO,,,,,1,9,7.0,,7.9,6.9,0.0,0.0,,,95.0,,,,92.0,0.0,,,0.0,,"{""Snow Depth"": {""unit"": ""cm"", ""value"": 0.0}}"
2026-10-06T19:40:00+00:00,2026-10-06T19:47:19.619664+00:00,2026-10-06T19:47:19.619664+00:00,2026-10-06 22:40 (Local Time),CYTASAT,,,,,1,10,15.8,,17.9,15.6,1.5,0.7,,,84.0,,,,84.0,0.0,990.8,,0.771666,,"{""Atmospheric Pressure (Mean Sea Level)"": {""unit"": ""hPa"", ""value"": 1018.1}}"
2026-10-06T19:40:00+00:00,2026-10-06T19:47:19.619664+00:00,2026-10-06T19:47:19.619664+00:00,2026-10-06 22:40 (Local Time),EPTAGONEIA,,,,,1,8,13.5,,14.2,13.3,2.3,0.6,,,284.0,,,,90.0,0.0,,,1.183221,,
2026-10-06T19:40:00+00:00,2026-10-06T19:47:19.619664+00:00,2026-10-06T19:47:19.619664+00:00,2026-10-06 22:40 (Local Time),FANEROMENI,,,,,1,4,19.5,,,,,,,,,,,,78.0,0.0,,,,,"{""Rain Intensity (10 min.)"": {""unit"": ""mm/min"", ""value"": 0.0}}"
2026-10-06T19:40:00+00:00,2026-10-06T19:47:19.619664+00:00,2026-10-06T19:47:19.619664+00:00,2026-10-06 22:40 (Local Time),FARMAKAS,,,,,1,10,13.7,,14.4,13.6,6.3,1.2,2.0,0.0,351.0,,,,95.0,0.0,,,3.240997,,
2026-10-06T19:40:00+00:00,2026-10-06T19:47:19.619664+00:00,2026-10-06T19:47:19.619664+00:00,2026-10-06 22:40 (Local Time),FRENAROS,,,,,1,11,19.2,16.8,19.4,19.1,3.2,1.1,,0.0,253.0,,,,80.0,0.0,1006.4,,1.646221,,
2026-10-06T19:40:00+00:00,2026-10-06T19:47:19.619664+00:00,2026-10-06T19:47:19.619664+00:00,2026-10-06 22:40 (Local Time),KALAVASOS,,,,,1,5,17.4,,17.5,16.9,,,,,,,,,82.0,0.0,,,,,
2026-10-06T19:40:00+00:00,2026-10-06T19:47:19.619664+00:00,2026-10-06T19:47:19.619664+00:00,2026-10-06 22:40 (Local Time),KALOPANAYIOTIS,,,,,1,9,14.5,,15.9,14.2,3.9,0.7,,0.0,179.0,,,,86.0,0.0,,,2.006332,,
2026-10-06T19:40:00+00:00,2026-10-06T19:47:19.619664+00:00,2026-10-06T19:47:19.619664+00:00,2026-10-06 22:40 (Local Time),KAMPOS,,,,,1,11,16.8,15.9,17.0,16.0,4.5,1.8,4.0,0.0,267.0,,,,79.0,0.0,,,2.314998,,
2026-10-06T19:40:00+00:00,2026-10-06T19:47:19.619664+00:00,2026-10-06T19:47:19.619664+00:00,2026-10-06 22:40 (Local Time),KANNAVIOU,,,,,1,6,16.2,,17.3,16.2,,2.7,,,,,,,81.0,0.0,,,,,
2026-10-06T19:40:00+00:00,2026-10-06T19:47:19.619664+00:00,2026-10-06T19:47:19.619664+00:00,2026-10-06 22:40 (Local Time),KATHIKAS,,,,,1,6,16.5,,16.7,16.3,,,,,,,,,84.0,0.0,,,,,"{""Accumulated Rainfall (24 hours)"": {""unit"": ""mm"", ""value"": 1.0}}"
2026-10-06T19:40:00+00:00,2026-10-06T19:47:19.619664+00:00,2026-10-06T19:47:19.619664+00:00,2026-10-06 22:40 (Local Time),KEPNIC,,,,,1,1,,,,,,,,,,,,,,0.0,,,,,
2026-10-06T19:40:00+00:00,2026-10-06T19:47:19.619664+00:00,2026-10-06T19:47:19.619664+00:00,2026-10-06 22:40 (Local Time),KILANI,,,,,1,7,13.0,,13.3,12.2,,1.0,,3.0,,,,,77.0,0.0,,,,,
2026-10-06T19:40:00+00:00,2026-10-06T19:47:19.619664+00:00,2026-10-06T19:47:19.619664+00:00,2026-10-06 22:40 (Local Time),KORNOS,,,,,1,3,16.9,,,,,,,,,,,,86.0,0.0,,,,,
2026-10-06T19:40:00+00:00,2026-10-06T19:47:19.619664+00:00,2026-10-06T19:47:19.619664+00:00,2026-10-06 22:40 (Local Time),KOURIS,,,,,1,8,18.9,,20.5,18.8,10.7,4.6,,,26.0,,,,64.0,0.0,,,5.504551,,
2026-10-06T19:40:00+00:00,2026-10-06T19:47:19.619664+00:00,2026-10-06T19:47:19.619664+00:00,2026-10-06 22:40 (Local Time),KPYRGOS,,,,,1,8,18.6,,18.8,18.4,5.2,1.9,,,148.0,,,,82.0,0.0,,,2.675109,,
2026-10-06T19:40:00+00:00,2026-10-06T19:47:19.619664+00:00,2026-10-06T19:47:19.619664+00:00,2026-10-06 22:40 (Local Time),KYPEROUNTA,,,,,1,6,12.7,,13.1,11.4,,2.0,,0.0,,,,,61.0,,,,,,
2026-10-06T19:40:00+00:00,2026-10-06T19:47:19.619664+00:00,2026-10-06T19:47:19.619664+00:00,2026-10-06 22:40 (Local Time),LCLK,,,,,1,9,18.5,,20.0,18.4,,0.4,,,,,,,79.0,0.0,,,,,"{""Atmospheric Pressure (QNH)"": {""unit"": ""hPa"", ""value"": 1016.6}, ""Wind Direction (10m) at Runway 22"": {""unit"": ""Degrees"", ""value"": 294.0}, ""Wind Speed (10m) at Runway 22"": {""unit"": ""Knots"", ""value"": 1.8}}"
2026-10-06T19:40:00+00:00,2026-10-06T19:47:19.619664+00:00,2026-10-06T19:47:19.619664+00:00,2026-10-06 22:40 (Local Time),LCPH,,,,,1,9,20.9,,21.8,20.8,,1.3,,,,,,,69.0,0.0,,,,,"{""Atmospheric Pressure (QNH)"": {""unit"": ""hPa"", ""value"": 1016.8}, ""Wind Direction (10m) at Runway 29"": {""unit"": ""Degrees"", ""value"": 48.0}, ""Wind Speed (10m) at Runway 29"": {""unit"": ""Knots"", ""value"": 6.1}}"
2026-10-06T19:40:00+00:00,2026-10-06T19:47:19.619664+00:00,2026-10-06T19:47:19.619664+00:00,2026-10-06 22:40 (Local Time),LEFKARA,,,,,1,6,16.5,,17.1,15.9,,1.4,,,,,,,80.0,0.0,,,,,
2026-10-06T19:40:00+00:00,2026-10-06T19:47:19.619664+00:00,2026-10-06T19:47:19.619664+00:00,2026-10-06 22:40 (Local Time),LEFKOSIA,,,,,1,7,16.8,,17.2,16.7,,0.7,,,,,,,85.0,0.0,,,,,"{""Accumulated Rainfall (24 hours)"": {""unit"": ""mm"", ""value"": 5.8}}"
2026-10-06T19:40:00+00:00,2026-10-06T19:47:19.619664+00:00,2026-10-06T19:47:19.619664+00:00,2026-10-06 22:40 (Local Time),LIMASSOL,,,,,1,10,20.5,,22.0,20.5,,1.2,,0.0,,,,,65.0,0.0,1015.4,,,,"{""Wind Direction (10m) at Port Gate"": {""unit"": ""Degrees"", ""value"": 15.0}, ""Wind Speed (10m) at Port Gate"": {""unit"": ""Knots"", ""value"": 3.3}}"
2026-10-06T19:40:00+00:00,2026-10-06T19:47:19.619664+00:00,2026-10-06T19:47:19.619664+00:00,2026-10-06 22:40 (Local Time),LINOU,,,,,1,9,16.7,,17.2,16.7,8.7,3.4,,,172.0,,,,80.0,0.0,970.1,,4.475663,,
2026-10-06T19:40:00+00:00,2026-10-06T19:47:19.619664+00:00,2026-10-06T19:47:19.619664+00:00,2026-10-06 22:40 (Local Time),LYSOS,,,,,1,7,14.5,,14.9,14.5,4.7,,,,59.0,,,,80.0,0.0,,,2.417887,,
2026-10-06T19:40:00+00:00,2026-10-06T19:47:19.619664+00:00,2026-10-06T19:47:19.619664+00:00,2026-10-06 22:40 (Local Time),MALLIA,,,,,1,10,12.7,10.4,14.1,12.7,0.0,0.0,,11.0,347.0,,,,84.0,0.0,,,0.0,,
2026-10-06T19:40:00+00:00,2026-10-06T19:47:19.619664+00:00,2026-10-06T19:47:19.619664+00:00,2026-10-06 22:40 (Local Time),MAMMARI,,,,,1,10,18.3,,19.1,18.2,,3.4,,4.0,,,,,81.0,0.0,,,,,"{""Atmospheric Pressure (QNH)"": {""unit"": ""hPa"", ""value"": 1017.5}, ""Wind Direction (10m) at Runway 12"": {""unit"": ""Degrees"", ""value"": 223.0}, ""Wind Speed (10m) at Runway 12"": {""unit"": ""Knots"", ""value"": 9.9}}"
2026-10-06T19:40:00+00:00,2026-10-06T19:47:19.619664+00:00,2026-10-06T19:47:19.619664+00:00,2026-10-06 22:40 (Local Time),MATHIATIS,,,,,1,10,15.3,,15.7,14.7,2.3,0.1,4.0,0.0,290.0,,,,85.0,0.0,,,1.183221,,
2026-10-06T19:40:00+00:00,2026-10-06T19:47:19.619664+00:00,2026-10-06T19:47:19.619664+00:00,2026-10-06 22:40 (Local Time),PANAGIA_BRIDGE,,,,,1,6,14.3,14.6,15.6,14.3,,,,,,,,,97.0,0.0,,,,,
2026-10-06T19:40:00+00:00,2026-10-06T19:47:19.619664+00:00,2026-10-06T19:47:19.619664+00:00,2026-10-06 22:40 (Local Time),PAPHOS,,,,,1,8,20.0,,20.3,20.0,0.7,0.6,,,298.0,,,,69.0,0.0,,,0.360111,,
2026-10-06T19:40:00+00:00,2026-10-06T19:47:19.619664+00:00,2026-10-06T19:47:19.619664+00:00,2026-10-06 22:40 (Local Time),PAREKLISIA,,,,,1,7,18.4,,19.6,18.4,2.3,,,,47.0,,,,70.0,0.0,,,1.183221,,
2026-10-06T19:40:00+00:00,2026-10-06T19:47:19.619664+00:00,2026-10-06T19:47:19.619664+00:00,2026-10-06 22:40 (Local Time),PENTAKOMO,,,,,1,8,21.4,,22.1,21.2,2.7,1.1,,,11.0,,,,65.0,0.0,,,1.388999,,
2026-10-06T19:40:00+00:00,2026-10-06T19:47:19.619664+00:00,2026-10-06T19:47:19.619664+00:00,2026-10-06 22:40 (Local Time),PLATANIA,,,,,1,6,10.3,,10.9,10.2,,0.3,,,,,,,96.0,0.0,,,,,
2026-10-06T19:40:00+00:00,2026-10-06T19:47:19.619664+00:00,2026-10-06T19:47:19.619664+00:00,2026-10-06 22:40 (Local Time),POLIS,,,,,1,11,18.6,,19.3,18.5,5.6,1.5,4.0,,146.0,,,,82.0,0.0,1013.5,,2.880886,,"{""Atmospheric Pressure (Mean Sea Level)"": {""unit"": ""hPa"", ""value"": 1016.2}}"
2026-10-06T19:40:00+00:00,2026-10-06T19:47:19.619664+00:00,2026-10-06T19:47:19.619664+00:00,2026-10-06 22:40 (Local Time),POLYSTYPOS,,,,,1,8,12.5,,13.3,12.4,1.7,0.5,,,274.0,,,,88.0,0.0,,,0.874555,,
2026-10-06T19:40:00+00:00,2026-10-06T19:47:19.619664+00:00,2026-10-06T19:47:19.619664+00:00,2026-10-06 22:40 (Local Time),PRODROMOS,,,,,1,9,9.3,,9.7,9.2,3.6,0.3,,0.0,115.0,,,,94.0,0.0,,,1.851998,,
2026-10-06T19:40:00+00:00,2026-10-06T19:47:19.619664+00:00,2026-10-06T19:47:19.619664+00:00,2026-10-06 22:40 (Local Time),PYRGOS,,,,,1,5,17.6,,,,2.0,,,,259.0,,,,80.0,0.0,,,1.028888,,
2026-10-06T19:40:00+00:00,2026-10-06T19:47:19.619664+00:00,2026-10-06T19:47:19.619664+00:00,2026-10-06 22:40 (Local Time),SAITTAS,,,,,1,5,14.2,,14.9,13.8,,,,,,,,,77.0,0.0,,,,,
2026-10-06T19:40:00+00:00,2026-10-06T19:47:19.619664+00:00,2026-10-06T19:47:19.619664+00:00,2026-10-06 22:40 (Local Time),TAMASOS,,,,,1,9,18.5,17.9,18.7,18.0,2.7,0.9,,,230.0,,,,78.0,0.0,,,1.388999,,
2026-10-06T19:40:00+00:00,2026-10-06T19:47:19.619664+00:00,2026-10-06T19:47:19.619664+00:00,2026-10-06 22:40 (Local Time),TEPAK,,,,,1,9,20.5,,21.7,20.4,2.0,0.5,,,20.0,,,,61.0,0.0,,,1.028888,,"{""Accumulated Rainfall (24 hours)"": {""unit"": ""mm"", ""value"": 0.0}}"
2026-10-06T19:40:00+00:00,2026-10-06T19:47:19.619664+00:00,2026-10-06T19:47:19.619664+00:00,2026-10-06 22:40 (Local Time),TRIPILOS,,,,,1,7,10.6,,11.1,10.6,5.5,,,,49.0,,,,99.0,0.0,,,2.829442,,
2026-10-06T19:40:00+00:00,2026-10-06T19:47:19.619664+00:00,2026-10-06T19:47:19.619664+00:00,2026-10-06 22:40 (Local Time),TROODOS,,,,,1,9,7.8,,8.5,7.7,2.5,0.7,,,303.0,,,,89.0,0.0,829.8,,1.28611,,
2026-10-06T19:40:00+00:00,2026-10-06T19:47:19.619664+00:00,2026-10-06T19:47:19.619664+00:00,2026-10-06 22:40 (Local Time),VISITOR,,,,,1,7,18.8,,18.9,18.2,0.9,,,,247.0,,,,83.0,0.0,,,0.463,,
2026-10-06T19:40:00+00:00,2026-10-06T19:47:19.619664+00:00,2026-10-06T19:47:19.619664+00:00,2026-10-06 22:40 (Local Time),XYLIATOS,,,,,1,8,15.5,,15.7,15.0,4.8,,,10.0,197.0,,,,84.0,0.0,,,2.469331,,
2026-10-06T19:40:00+00:00,2026-10-06T19:47:19.619664+00:00,2026-10-06T19:47:19.619664+00:00,2026-10-06 22:40 (Local Time),XYLOPHAGOU,,,,,1,9,19.3,19.0,19.6,18.4,3.1,0.1,,,276.0,,,,79.0,0.0,,,1.594776,,
2026-10-06T19:40:00+00:00,2026-10-06T19:47:19.619664+00:00,2026-10-06T19:47:19.619664+00:00,2026-10-06 22:40 (Local Time),ZYGI,,,,,1,9,18.0,17.2,18.9,18.0,1.8,0.5,,,339.0,,,,77.0,0.0,,,0.925999,,
2026-10-06T23:20:00+00:00,2026-10-06T23:20:47.875898+00:00,2026-10-06T23:20:47.875898+00:00,2026-10-07 02:10 (Local Time),ACHNA,,,,,1,8,19.2,,19.3,17.1,4.1,1.1,,,274.0,,,,78.0,0.0,,,2.10922,,
2026-10-06T23:20:00+00:00,2026-10-06T23:20:47.875898+00:00,2026-10-06T23:20:47.875898+00:00,2026-10-07 02:10 (Local Time),AGROS,,,,,1,10,12.2,,13.9,12.0,5.0,1.9,3.0,0.0,332.0,,,,83.0,0.0,,,2.57222,,
2026-10-06T23:20:00+00:00,2026-10-06T23:20:47.875898+00:00,2026-10-06T23:20:47.875898+00:00,2026-10-07 02:10 (Local Time),AKAMAS,,,,,1,7,19.8,,20.0,18.7,3.1,,,,297.0,,,,67.0,0.0,,,1.594776,,
2026-10-06T23:20:00+00:00,2026-10-06T23:20:47.875898+00:00,2026-10-06T23:20:47.875898+00:00,2026-10-07 02:10 (Local Time),ALONOUDI,,,,,1,5,12.3,,14.4,12.3,,,,,,,,,97.0,0.0,,,,,
2026-10-06T23:20:00+00:00,2026-10-06T23:20:47.875898+00:00,2026-10-06T23:20:47.875898+00:00,2026-10-07 02:10 (Local Time),AMARGETI,,,,,1,9,17.2,,18.7,16.4,4.2,1.0,,,348.0,,,,71.0,0.0,965.6,,2.160665,,
2026-10-06T23:20:00+00:00,2026-10-06T23:20:47.875898+00:00,2026-10-06T23:20:47.875898+00:00,2026-10-07 02:10 (Local Time),ASTROMERITIS,,,,,1,6,17.6,,,,7.0,1.9,,,195.0,,,,74.0,0.0,,,3.601108,,
2026-10-06T23:20:00+00:00,2026-10-06T23:20:47.875898+00:00,2026-10-06T23:20:47.875898+00:00,2026-10-07 02:10 (Local Time),ATHALASSA,,,,,1,11,17.1,14.3,19.5,17.1,2.8,0.8,,,281.0,,,,82.0,0.0,998.2,,1.440443,,"{""Atmospheric Pressure (Mean Sea Level)"": {""unit"": ""hPa"", ""value"": 1017.4}}"
2026-10-06T23:20:00+00:00,2026-10-06T23:20:47.875898+00:00,2026-10-06T23:20:47.875898+00:00,2026-10-07 02:10 (Local Time),ATHIENOU,,,,,1,9,18.7,16.8,19.7,17.5,5.4,1.0,,,246.0,,,,72.0,0.0,,,2.777998,,
2026-10-06T23:20:00+00:00,2026-10-06T23:20:47.875898+00:00,2026-10-06T23:20:47.875898+00:00,2026-10-07 02:10 (Local Time),AVDIMOU,,,,,1,11,15.8,13.2,18.0,15.8,1.6,0.0,3.0,7.0,302.0,,,,82.0,0.0,,,0.82311,,
2026-10-06T23:20:00+00:00,2026-10-06T23:20:47.875898+00:00,2026-10-06T23:20:47.875898+00:00,2026-10-07 02:10 (Local Time),CAVO_GRECO,,,,,1,9,18.2,,18.7,18.1,5.3,1.4,,,341.0,,,,81.0,0.0,1009.6,,2.726553,,
2026-10-06T23:20:00+00:00,2026-10-06T23:20:47.875898+00:00,2026-10-06T23:20:47.875898+00:00,2026-10-07 02:10 (Local Time),CHROMIO,,,,,1,9,6.5,,7.9,6.4,2.8,0.0,,,55.0,,,,85.0,0.0,,,1.440443,,"{""Snow Depth"": {""unit"": ""cm"", ""value"": 0.0}}"
2026-10-06T23:20:00+00:00,2026-10-06T23:20:47.875898+00:00,2026-10-06T23:20:47.875898+00:00,2026-10-07 02:10 (Local Time),CYTASAT,,,,,1,10,14.1,,17.9,14.1,0.0,0.2,,,37.0,,,,88.0,0.0,991.0,,0.0,,"{""Atmospheric Pressure (Mean Sea Level)"": {""unit"": ""hPa"", ""value"": 1018.6}}"
2026-10-06T23:20:00+00:00,2026-10-06T23:20:47.875898+00:00,2026-10-06T23:20:47.875898+00:00,2026-10-07 02:10 (Local Time),EPTAGONEIA,,,,,1,8,11.7,,14.2,11.6,1.0,0.2,,,277.0,,,,89.0,0.0,,,0.514444,,
2026-10-06T23:20:00+00:00,2026-10-06T23:20:47.875898+00:00,2026-10-06T23:20:47.875898+00:00,2026-10-07 02:10 (Local Time),FANEROMENI,,,,,1,4,19.2,,,,,,,,,,,,79.0,0.0,,,,,"{""Rain Intensity (10 min.)"": {""unit"": ""mm/min"", ""value"": 0.0}}"
2026-10-06T23:20:00+00:00,2026-10-06T23:20:47.875898+00:00,2026-10-06T23:20:47.875898+00:00,2026-10-07 02:10 (Local Time),FARMAKAS,,,,,1,10,11.6,,14.4,11.6,6.3,1.7,2.0,0.0,351.0,,,,87.0,0.0,,,3.240997,,
2026-10-06T23:20:00+00:00,2026-10-06T23:20:47.875898+00:00,2026-10-06T23:20:47.875898+00:00,2026-10-07 02:10 (Local Time),FRENAROS,,,,,1,11,18.6,16.0,19.4,18.3,2.9,0.8,,0.0,292.0,,,,84.0,0.0,1006.6,,1.491888,,
2026-10-06T23:20:00+00:00,2026-10-06T23:20:47.875898+00:00,2026-10-06T23:20:47.875898+00:00,2026-10-07 02:10 (Local Time),KALAVASOS,,,,,1,5,17.4,,17.9,16.9,,,,,,,,,76.0,0.0,,,,,
2026-10-06T23:20:00+00:00,2026-10-06T23:20:47.875898+00:00,2026-10-06T23:20:47.875898+00:00,2026-10-07 02:10 (Local Time),KALOPANAYIOTIS,,,,,1,9,13.2,,15.9,12.8,4.0,1.0,,0.0,161.0,,,,83.0,0.0,,,2.057776,,
2026-10-06T23:20:00+00:00,2026-10-06T23:20:47.875898+00:00,2026-10-06T23:20:47.875898+00:00,2026-10-07 02:10 (Local Time),KAMPOS,,,,,1,11,16.4,15.2,17.7,16.0,4.8,1.6,4.0,0.0,282.0,,,,71.0,0.0,,,2.469331,,
2026-10-06T23:20:00+00:00,2026-10-06T23:20:47.875898+00:00,2026-10-06T23:20:47.875898+00:00,2026-10-07 02:10 (Local Time),KANNAVIOU,,,,,1,6,15.1,,17.3,15.1,,4.4,,,,,,,76.0,0.0,,,,,
2026-10-06T23:20:00+00:00,2026-10-06T23:20:47.875898+00:00,2026-10-06T23:20:47.875898+00:00,2026-10-07 02:10 (Local Time),KATHIKAS,,,,,1,6,16.1,,17.0,16.0,,,,,,,,,81.0,0.0,,,,,"{""Accumulated Rainfall (24 hours)"": {""unit"": ""mm"", ""value"": 1.0}}"
2026-10-06T23:20:00+00:00,2026-10-06T23:20:47.875898+00:00,2026-10-06T23:20:47.875898+00:00,2026-10-07 02:10 (Local Time),KEPNIC,,,,,1,1,,,,,,,,,,,,,,0.0,,,,,
2026-10-06T23:20:00+00:00,2026-10-06T23:20:47.875898+00:00,2026-10-06T23:20:47.875898+00:00,2026-10-07 02:10 (Local Time),KILANI,,,,,1,7,12.8,,13.3,12.2,,0.8,,2.0,,,,,80.0,0.0,,,,,
2026-10-06T23:20:00+00:00,2026-10-06T23:20:47.875898+00:00,2026-10-06T23:20:47.875898+00:00,2026-10-07 02:10 (Local Time),KORNOS,,,,,1,3,15.6,,,,,,,,,,,,84.0,0.0,,,,,
2026-10-06T23:20:00+00:00,2026-10-06T23:20:47.875898+00:00,2026-10-06T23:20:47.875898+00:00,2026-10-07 02:10 (Local Time),KOURIS,,,,,1,8,18.2,,20.5,17.8,14.3,4.9,,,16.0,,,,62.0,0.0,,,7.356549,,
2026-10-06T23:20:00+00:00,2026-10-06T23:20:47.875898+00:00,2026-10-06T23:20:47.875898+00:00,2026-10-07 02:10 (Local Time),KPYRGOS,,,,,1,8,18.0,,18.8,17.8,6.3,2.3,,,144.0,,,,81.0,0.0,,,3.240997,,
2026-10-06T23:20:00+00:00,2026-10-06T23:20:47.875898+00:00,2026-10-06T23:20:47.875898+00:00,2026-10-07 02:10 (Local Time),KYPEROUNTA,,,,,1,6,11.6,,13.7,11.4,,4.0,,0.0,,,,,71.0,,,,,,
2026-10-06T23:20:00+00:00,2026-10-06T23:20:47.875898+00:00,2026-10-06T23:20:47.875898+00:00,2026-10-07 02:10 (Local Time),LCLK,,,,,1,9,18.4,,20.0,18.3,,1.3,,,,,,,77.0,0.0,,,,,"{""Atmospheric Pressure (QNH)"": {""unit"": ""hPa"", ""value"": 1016.8}, ""Wind Direction (10m) at Runway 22"": {""unit"": ""Degrees"", ""value"": 306.0}, ""Wind Speed (10m) at Runway 22"": {""unit"": ""Knots"", ""value"": 4.4}}"
2026-10-06T23:20:00+00:00,2026-10-06T23:20:47.875898+00:00,2026-10-06T23:20:47.875898+00:00,2026-10-07 02:10 (Local Time),LCPH,,,,,1,9,19.3,,21.8,18.9,,1.3,,,,,,,72.0,0.0,,,,,"{""Atmospheric Pressure (QNH)"": {""unit"": ""hPa"", ""value"": 1016.9}, ""Wind Direction (10m) at Runway 29"": {""unit"": ""Degrees"", ""value"": 40.0}, ""Wind Speed (10m) at Runway 29"": {""unit"": ""Knots"", ""value"": 6.4}}"
2026-10-06T23:20:00+00:00,2026-10-06T23:20:47.875898+00:00,2026-10-06T23:20:47.875898+00:00,2026-10-07 02:10 (Local Time),LEFKARA,,,,,1,6,14.2,,17.1,14.0,,2.3,,,,,,,84.0,0.0,,,,,
2026-10-06T23:20:00+00:00,2026-10-06T23:20:47.875898+00:00,2026-10-06T23:20:47.875898+00:00,2026-10-07 02:10 (Local Time),LEFKOSIA,,,,,1,7,15.1,,17.2,15.1,,0.8,,,,,,,90.0,0.0,,,,,"{""Accumulated Rainfall (24 hours)"": {""unit"": ""mm"", ""value"": 5.8}}"
2026-10-06T23:20:00+00:00,2026-10-06T23:20:47.875898+00:00,2026-10-06T23:20:47.875898+00:00,2026-10-07 02:10 (Local Time),LIMASSOL,,,,,1,10,19.2,,22.0,19.1,,1.3,,0.0,,,,,68.0,0.0,1015.5,,,,"{""Wind Direction (10m) at Port Gate"": {""unit"": ""Degrees"", ""value"": 348.0}, ""Wind Speed (10m) at Port Gate"": {""unit"": ""Knots"", ""value"": 4.0}}"
2026-10-06T23:20:00+00:00,2026-10-06T23:20:47.875898+00:00,2026-10-06T23:20:47.875898+00:00,2026-10-07 02:10 (Local Time),LINOU,,,,,1,9,16.9,,17.2,16.6,4.2,1.7,,,176.0,,,,68.0,0.0,970.2,,2.160665,,
2026-10-06T23:20:00+00:00,2026-10-06T23:20:47.875898+00:00,2026-10-06T23:20:47.875898+00:00,2026-10-07 02:10 (Local Time),LYSOS,,,,,1,7,14.3,,14.9,14.2,3.0,,,,1.0,,,,80.0,0.0,,,1.543332,,
2026-10-06T23:20:00+00:00,2026-10-06T23:20:47.875898+00:00,2026-10-06T23:20:47.875898+00:00,2026-10-07 02:10 (Local Time),MALLIA,,,,,1,10,12.3,9.7,14.1,12.2,2.3,0.5,,11.0,76.0,,,,85.0,0.0,,,1.183221,,
2026-10-06T23:20:00+00:00,2026-10-06T23:20:47.875898+00:00,2026-10-06T23:20:47.875898+00:00,2026-10-07 02:10 (Local Time),MAMMARI,,,,,1,10,17.0,,19.1,17.0,,3.5,,5.0,,,,,81.0,0.0,,,,,"{""Atmospheric Pressure (QNH)"": {""unit"": ""hPa"", ""value"": 1017.7}, ""Wind Direction (10m) at Runway 12"": {""unit"": ""Degrees"", ""value"": 214.0}, ""Wind Speed (10m) at Runway 12"": {""unit"": ""Knots"", ""value"": 10.3}}"
2026-10-06T23:20:00+00:00,2026-10-06T23:20:47.875898+00:00,2026-10-06T23:20:47.875898+00:00,2026-10-07 02:10 (Local Time),MATHIATIS,,,,,1,10,14.7,,15.8,14.0,3.5,1.0,4.0,0.0,261.0,,,,76.0,0.0,,,1.800554,,
2026-10-06T23:20:00+00:00,2026-10-06T23:20:47.875898+00:00,2026-10-06T23:20:47.875898+00:00,2026-10-07 02:10 (Local Time),PANAGIA_BRIDGE,,,,,1,6,12.2,12.7,15.6,12.1,,,,,,,,,98.0,0.0,,,,,
2026-10-06T23:20:00+00:00,2026-10-06T23:20:47.875898+00:00,2026-10-06T23:20:47.875898+00:00,2026-10-07 02:10 (Local Time),PAPHOS,,,,,1,8,17.7,,20.3,17.7,1.5,0.6,,,33.0,,,,72.0,0.0,,,0.771666,,
2026-10-06T23:20:00+00:00,2026-10-06T23:20:47.875898+00:00,2026-10-06T23:20:47.875898+00:00,2026-10-07 02:10 (Local Time),PAREKLISIA,,,,,1,7,17.4,,19.6,17.4,2.2,,,,43.0,,,,78.0,0.0,,,1.131777,,
2026-10-06T23:20:00+00:00,2026-10-06T23:20:47.875898+00:00,2026-10-06T23:20:47.875898+00:00,2026-10-07 02:10 (Local Time),PENTAKOMO,,,,,1,8,21.4,,22.1,20.9,3.3,1.4,,,6.0,,,,71.0,0.0,,,1.697665,,
2026-10-06T23:20:00+00:00,2026-10-06T23:20:47.875898+00:00,2026-10-06T23:20:47.875898+00:00,2026-10-07 02:10 (Local Time),PLATANIA,,,,,1,6,10.0,,10.9,9.8,,0.4,,,,,,,83.0,0.0,,,,,
2026-10-06T23:20:00+00:00,2026-10-06T23:20:47.875898+00:00,2026-10-06T23:20:47.875898+00:00,2026-10-07 02:10 (Local Time),POLIS,,,,,1,11,17.9,,19.3,17.6,5.5,1.4,4.0,,148.0,,,,81.0,0.0,1013.5,,2.829442,,"{""Atmospheric Pressure (Mean Sea Level)"": {""unit"": ""hPa"", ""value"": 1016.3}}"
2026-10-06T23:20:00+00:00,2026-10-06T23:20:47.875898+00:00,2026-10-06T23:20:47.875898+00:00,2026-10-07 02:10 (Local Time),POLYSTYPOS,,,,,1,8,13.4,,13.7,12.1,1.4,0.5,,,297.0,,,,61.0,0.0,,,0.720222,,
2026-10-06T23:20:00+00:00,2026-10-06T23:20:47.875898+00:00,2026-10-06T23:20:47.875898+00:00,2026-10-07 02:10 (Local Time),PRODROMOS,,,,,1,9,9.6,,10.8,9.2,3.6,0.6,,0.0,81.0,,,,82.0,0.0,,,1.851998,,
2026-10-06T23:20:00+00:00,2026-10-06T23:20:47.875898+00:00,2026-10-06T23:20:47.875898+00:00,2026-10-07 02:10 (Local Time),PYRGOS,,,,,1,5,16.0,,,,6.6,,,,228.3,,,,88.0,0.0,,,3.39533,,
2026-10-06T23:20:00+00:00,2026-10-06T23:20:47.875898+00:00,2026-10-06T23:20:47.875898+00:00,2026-10-07 02:10 (Local Time),SAITTAS,,,,,1,5,12.8,,14.9,12.7,,,,,,,,,80.0,0.0,,,,,
2026-10-06T23:20:00+00:00,2026-10-06T23:20:47.875898+00:00,2026-10-06T23:20:47.875898+00:00,2026-10-07 02:10 (Local Time),TAMASOS,,,,,1,9,14.7,14.4,18.8,14.5,2.5,0.6,,,197.0,,,,85.0,0.0,,,1.28611,,
2026-10-06T23:20:00+00:00,2026-10-06T23:20:47.875898+00:00,2026-10-06T23:20:47.875898+00:00,2026-10-07 02:10 (Local Time),TEPAK,,,,,1,9,18.8,,21.7,18.8,2.0,0.0,,,334.0,,,,68.0,0.0,,,1.028888,,"{""Accumulated Rainfall (24 hours)"": {""unit"": ""mm"", ""value"": 0.0}}"
2026-10-06T23:20:00+00:00,2026-10-06T23:20:47.875898+00:00,2026-10-06T23:20:47.875898+00:00,2026-10-07 02:10 (Local Time),TRIPILOS,,,,,1,7,11.6,,11.6,9.8,3.2,,,,4.0,,,,68.0,0.0,,,1.646221,,
2026-10-06T23:20:00+00:00,2026-10-06T23:20:47.875898+00:00,2026-10-06T23:20:47.875898+00:00,2026-10-07 02:10 (Local Time),TROODOS,,,,,1,9,7.3,,8.5,6.7,2.6,0.7,,,345.0,,,,83.0,0.0,829.8,,1.337554,,
2026-10-06T23:20:00+00:00,2026-10-06T23:20:47.875898+00:00,2026-10-06T23:20:47.875898+00:00,2026-10-07 02:10 (Local Time),VISITOR,,,,,1,7,16.5,,18.9,16.5,1.1,,,,261.0,,,,100.0,0.0,,,0.565888,,
2026-10-06T23:20:00+00:00,2026-10-06T23:20:47.875898+00:00,2026-10-06T23:20:47.875898+00:00,2026-10-07 02:10 (Local Time),XYLIATOS,,,,,1,8,15.2,,15.8,14.6,2.2,,,6.0,193.0,,,,69.0,0.0,,,1.131777,,
2026-10-06T23:20:00+00:00,2026-10-06T23:20:47.875898+00:00,2026-10-06T23:20:47.875898+00:00,2026-10-07 02:10 (Local Time),XYLOPHAGOU,,,,,1,9,19.9,20.0,20.0,18.3,5.5,1.5,,,285.0,,,,78.0,0.0,,,2.829442,,
2026-10-06T23:20:00+00:00,2026-10-06T23:20:47.875898+00:00,2026-10-06T23:20:47.875898+00:00,2026-10-07 02:10 (Local Time),ZYGI,,,,,1,9,17.7,16.7,18.9,17.6,3.4,0.4,,,350.0,,,,77.0,0.0,,,1.74911,,
2026-10-07T02:30:00+00:00,2026-10-07T02:30:13.415225+00:00,2026-10-07T02:30:13.415225+00:00,2026-10-07 05:20 (Local Time),ACHNA,,,,,1,8,17.9,,19.5,17.1,2.3,0.6,,,271.0,,,,81.0,0.0,,,1.183221,,
2026-10-07T02:30:00+00:00,2026-10-07T02:30:13.415225+00:00,2026-10-07T02:30:13.415225+00:00,2026-10-07 05:20 (Local Time),AGROS,,,,,1,10,12.6,,13.9,11.5,0.6,0.7,3.0,0.0,281.0,,,,65.0,0.0,,,0.308666,,
2026-10-07T02:30:00+00:00,2026-10-07T02:30:13.415225+00:00,2026-10-07T02:30:13.415225+00:00,2026-10-07 05:20 (Local Time),AKAMAS,,,,,1,7,19.2,,20.0,18.7,2.9,,,,322.0,,,,78.0,0.0,,,1.491888,,
2026-10-07T02:30:00+00:00,2026-10-07T02:30:13.415225+00:00,2026-10-07T02:30:13.415225+00:00,,ALONOUDI,,,,,0,0,,,,,,,,,,,,,,,,,,,
2026-10-07T02:30:00+00:00,2026-10-07T02:30:13.415225+00:00,2026-10-07T02:30:13.415225+00:00,2026-10-07 05:20 (Local Time),AMARGETI,,,,,1,9,16.8,,18.7,16.2,3.2,1.0,,,314.0,,,,64.0,0.0,965.7,,1.646221,,
2026-10-07T02:30:00+00:00,2026-10-07T02:30:13.415225+00:00,2026-10-07T02:30:13.415225+00:00,2026-10-07 05:20 (Local Time),ASTROMERITIS,,,,,1,6,16.8,,,,6.2,1.7,,,198.0,,,,76.0,0.0,,,3.189553,,
2026-10-07T02:30:00+00:00,2026-10-07T02:30:13.415225+00:00,2026-10-07T02:30:13.415225+00:00,2026-10-07 05:20 (Local Time),ATHALASSA,,,,,1,11,16.3,13.7,19.5,16.0,3.1,0.8,,,273.0,,,,81.0,0.0,998.2,,1.594776,,"{""Atmospheric Pressure (Mean Sea Level)"": {""unit"": ""hPa"", ""value"": 1017.5}}"
2026-10-07T02:30:00+00:00,2026-10-07T02:30:13.415225+00:00,2026-10-07T02:30:13.415225+00:00,2026-10-07 05:20 (Local Time),ATHIENOU,,,,,1,9,18.5,16.1,19.7,17.5,7.4,1.6,,,229.0,,,,76.0,0.0,,,3.806886,,
2026-10-07T02:30:00+00:00,2026-10-07T02:30:13.415225+00:00,2026-10-07T02:30:13.415225+00:00,2026-10-07 05:20 (Local Time),AVDIMOU,,,,,1,11,16.2,12.5,18.0,15.6,2.3,0.6,3.0,5.0,301.0,,,,79.0,0.0,,,1.183221,,
2026-10-07T02:30:00+00:00,2026-10-07T02:30:13.415225+00:00,2026-10-07T02:30:13.415225+00:00,2026-10-07 05:20 (Local Time),CAVO_GRECO,,,,,1,9,19.6,,19.8,18.1,6.0,2.0,,,295.0,,,,75.0,0.0,1009.6,,3.086664,,
2026-10-07T02:30:00+00:00,2026-10-07T02:30:13.415225+00:00,2026-10-07T02:30:13.415225+00:00,2026-10-07 05:20 (Local Time),CHROMIO,,,,,1,9,7.0,,7.9,6.4,2.4,0.0,,,84.0,,,,82.0,0.0,,,1.234666,,"{""Snow Depth"": {""unit"": ""cm"", ""value"": 0.0}}"
2026-10-07T02:30:00+00:00,2026-10-07T02:30:13.415225+00:00,2026-10-07T02:30:13.415225+00:00,2026-10-07 05:20 (Local Time),CYTASAT,,,,,1,10,13.3,,17.9,13.2,0.0,0.3,,,41.0,,,,89.0,0.0,991.2,,0.0,,"{""Atmospheric Pressure (Mean Sea Level)"": {""unit"": ""hPa"", ""value"": 1018.8}}"
2026-10-07T02:30:00+00:00,2026-10-07T02:30:13.415225+00:00,2026-10-07T02:30:13.415225+00:00,2026-10-07 05:20 (Local Time),EPTAGONEIA,,,,,1,8,11.4,,14.2,11.3,1.4,0.0,,,285.0,,,,93.0,0.0,,,0.720222,,
2026-10-07T02:30:00+00:00,2026-10-07T02:30:13.415225+00:00,2026-10-07T02:30:13.415225+00:00,2026-10-07 05:20 (Local Time),FANEROMENI,,,,,1,4,17.5,,,,,,,,,,,,85.0,0.0,,,,,"{""Rain Intensity (10 min.)"": {""unit"": ""mm/min"", ""value"": 0.0}}"
2026-10-07T02:30:00+00:00,2026-10-07T02:30:13.415225+00:00,2026-10-07T02:30:13.415225+00:00,2026-10-07 05:20 (Local Time),FARMAKAS,,,,,1,10,11.0,,14.4,11.0,6.3,2.0,2.0,0.0,351.0,,,,84.0,0.0,,,3.240997,,
2026-10-07T02:30:00+00:00,2026-10-07T02:30:13.415225+00:00,2026-10-07T02:30:13.415225+00:00,2026-10-07 05:20 (Local Time),FRENAROS,,,,,1,11,18.6,16.3,19.4,18.3,5.1,1.4,,0.0,269.0,,,,82.0,0.0,1006.5,,2.623664,,
2026-10-07T02:30:00+00:00,2026-10-07T02:30:13.415225+00:00,2026-10-07T02:30:13.415225+00:00,2026-10-07 05:20 (Local Time),KALAVASOS,,,,,1,5,16.3,,17.9,16.2,,,,,,,,,81.0,0.0,,,,,
2026-10-07T02:30:00+00:00,2026-10-07T02:30:13.415225+00:00,2026-10-07T02:30:13.415225+00:00,2026-10-07 05:20 (Local Time),KALOPANAYIOTIS,,,,,1,9,12.2,,15.9,12.2,5.8,0.8,,0.0,175.0,,,,83.0,0.0,,,2.983775,,
2026-10-07T02:30:00+00:00,2026-10-07T02:30:13.415225+00:00,2026-10-07T02:30:13.415225+00:00,2026-10-07 05:20 (Local Time),KAMPOS,,,,,1,11,16.2,13.7,17.7,16.0,2.0,0.5,4.0,0.0,304.0,,,,68.0,0.0,,,1.028888,,
2026-10-07T02:30:00+00:00,2026-10-07T02:30:13.415225+00:00,2026-10-07T02:30:13.415225+00:00,2026-10-07 05:20 (Local Time),KANNAVIOU,,,,,1,6,14.6,,17.3,14.4,,4.5,,,,,,,72.0,0.0,,,,,
2026-10-07T02:30:00+00:00,2026-10-07T02:30:13.415225+00:00,2026-10-07T02:30:13.415225+00:00,2026-10-07 05:20 (Local Time),KATHIKAS,,,,,1,6,16.2,,17.0,15.8,,,,,,,,,78.0,0.0,,,,,"{""Accumulated Rainfall (24 hours)"": {""unit"": ""mm"", ""value"": 1.0}}"
2026-10-07T02:30:00+00:00,2026-10-07T02:30:13.415225+00:00,2026-10-07T02:30:13.415225+00:00,2026-10-07 05:20 (Local Time),KEPNIC,,,,,1,1,,,,,,,,,,,,,,0.0,,,,,
2026-10-07T02:30:00+00:00,2026-10-07T02:30:13.415225+00:00,2026-10-07T02:30:13.415225+00:00,2026-10-07 05:20 (Local Time),KILANI,,,,,1,7,11.5,,13.6,11.4,,1.3,,3.0,,,,,75.0,0.0,,,,,
2026-10-07T02:30:00+00:00,2026-10-07T02:30:13.415225+00:00,2026-10-07T02:30:13.415225+00:00,2026-10-07 05:20 (Local Time),KORNOS,,,,,1,3,14.1,,,,,,,,,,,,92.0,0.0,,,,,
2026-10-07T02:30:00+00:00,2026-10-07T02:30:13.415225+00:00,2026-10-07T02:30:13.415225+00:00,2026-10-07 05:20 (Local Time),KOURIS,,,,,1,8,17.1,,20.5,16.9,12.2,5.8,,,20.0,,,,63.0,0.0,,,6.276217,,
2026-10-07T02:30:00+00:00,2026-10-07T02:30:13.415225+00:00,2026-10-07T02:30:13.415225+00:00,2026-10-07 05:20 (Local Time),KPYRGOS,,,,,1,8,17.5,,18.8,17.5,5.6,2.1,,,158.0,,,,75.0,0.0,,,2.880886,,
2026-10-07T02:30:00+00:00,2026-10-07T02:30:13.415225+00:00,2026-10-07T02:30:13.415225+00:00,2026-10-07 05:20 (Local Time),KYPEROUNTA,,,,,1,6,12.7,,13.7,11.4,,4.1,,0.0,,,,,60.0,,,,,,
2026-10-07T02:30:00+00:00,2026-10-07T02:30:13.415225+00:00,2026-10-07T02:30:13.415225+00:00,2026-10-07 05:20 (Local Time),LCLK,,,,,1,9,18.0,,20.0,17.8,,1.5,,,,,,,79.0,0.0,,,,,"{""Atmospheric Pressure (QNH)"": {""unit"": ""hPa"", ""value"": 1017.0}, ""Wind Direction (10m) at Runway 22"": {""unit"": ""Degrees"", ""value"": 308.0}, ""Wind Speed (10m) at Runway 22"": {""unit"": ""Knots"", ""value"": 5.7}}"
2026-10-07T02:30:00+00:00,2026-10-07T02:30:13.415225+00:00,2026-10-07T02:30:13.415225+00:00,2026-10-07 05:20 (Local Time),LCPH,,,,,1,9,18.4,,21.8,18.0,,0.9,,,,,,,70.0,0.0,,,,,"{""Atmospheric Pressure (QNH)"": {""unit"": ""hPa"", ""value"": 1017.0}, ""Wind Direction (10m) at Runway 29"": {""unit"": ""Degrees"", ""value"": 44.0}, ""Wind Speed (10m) at Runway 29"": {""unit"": ""Knots"", ""value"": 4.9}}"
2026-10-07T02:30:00+00:00,2026-10-07T02:30:13.415225+00:00,2026-10-07T02:30:13.415225+00:00,2026-10-07 05:20 (Local Time),LEFKARA,,,,,1,6,13.6,,17.1,13.2,,2.1,,,,,,,85.0,0.0,,,,,
2026-10-07T02:30:00+00:00,2026-10-07T02:30:13.415225+00:00,2026-10-07T02:30:13.415225+00:00,2026-10-07 05:20 (Local Time),LEFKOSIA,,,,,1,7,14.0,,17.2,13.9,,0.5,,,,,,,91.0,0.0,,,,,"{""Accumulated Rainfall (24 hours)"": {""unit"": ""mm"", ""value"": 5.8}}"
2026-10-07T02:30:00+00:00,2026-10-07T02:30:13.415225+00:00,2026-10-07T02:30:13.415225+00:00,2026-10-07 05:20 (Local Time),LIMASSOL,,,,,1,10,18.2,,22.0,18.1,,1.1,,0.0,,,,,66.0,0.0,1015.7,,,,"{""Wind Direction (10m) at Port Gate"": {""unit"": ""Degrees"", ""value"": 346.0}, ""Wind Speed (10m) at Port Gate"": {""unit"": ""Knots"", ""value"": 3.4}}"
2026-10-07T02:30:00+00:00,2026-10-07T02:30:13.415225+00:00,2026-10-07T02:30:13.415225+00:00,2026-10-07 05:20 (Local Time),LINOU,,,,,1,9,16.5,,17.2,16.1,4.4,1.8,,,173.0,,,,67.0,0.0,970.4,,2.263554,,
2026-10-07T02:30:00+00:00,2026-10-07T02:30:13.415225+00:00,2026-10-07T02:30:13.415225+00:00,2026-10-07 05:20 (Local Time),LYSOS,,,,,1,7,14.1,,14.9,13.7,4.7,,,,4.0,,,,76.0,0.0,,,2.417887,,
2026-10-07T02:30:00+00:00,2026-10-07T02:30:13.415225+00:00,2026-10-07T02:30:13.415225+00:00,2026-10-07 05:20 (Local Time),MALLIA,,,,,1,10,11.6,9.2,14.1,11.5,2.4,0.7,,11.0,83.0,,,,84.0,0.0,,,1.234666,,
2026-10-07T02:30:00+00:00,2026-10-07T02:30:13.415225+00:00,2026-10-07T02:30:13.415225+00:00,2026-10-07 05:20 (Local Time),MAMMARI,,,,,1,10,17.3,,19.1,16.9,,2.0,,4.0,,,,,78.0,0.0,,,,,"{""Atmospheric Pressure (QNH)"": {""unit"": ""hPa"", ""value"": 1017.7}, ""Wind Direction (10m) at Runway 12"": {""unit"": ""Degrees"", ""value"": 244.0}, ""Wind Speed (10m) at Runway 12"": {""unit"": ""Knots"", ""value"": 3.9}}"
2026-10-07T02:30:00+00:00,2026-10-07T02:30:13.415225+00:00,2026-10-07T02:30:13.415225+00:00,2026-10-07 05:20 (Local Time),MATHIATIS,,,,,1,10,14.1,,15.8,13.4,3.9,0.8,4.0,0.0,253.0,,,,75.0,0.0,,,2.006332,,
2026-10-07T02:30:00+00:00,2026-10-07T02:30:13.415225+00:00,2026-10-07T02:30:13.415225+00:00,2026-10-07 05:20 (Local Time),PANAGIA_BRIDGE,,,,,1,6,11.2,11.6,15.6,11.1,,,,,,,,,98.0,0.0,,,,,
2026-10-07T02:30:00+00:00,2026-10-07T02:30:13.415225+00:00,2026-10-07T02:30:13.415225+00:00,2026-10-07 05:20 (Local Time),PAPHOS,,,,,1,8,17.3,,20.3,16.9,1.3,0.6,,,46.0,,,,73.0,0.0,,,0.668777,,
2026-10-07T02:30:00+00:00,2026-10-07T02:30:13.415225+00:00,2026-10-07T02:30:13.415225+00:00,2026-10-07 05:20 (Local Time),PAREKLISIA,,,,,1,7,16.6,,19.6,16.5,2.3,,,,40.0,,,,81.0,0.0,,,1.183221,,
2026-10-07T02:30:00+00:00,2026-10-07T02:30:13.415225+00:00,2026-10-07T02:30:13.415225+00:00,2026-10-07 05:20 (Local Time),PENTAKOMO,,,,,1,8,20.8,,22.1,20.7,6.4,1.9,,,14.0,,,,72.0,0.0,,,3.292442,,
2026-10-07T02:30:00+00:00,2026-10-07T02:30:13.415225+00:00,2026-10-07T02:30:13.415225+00:00,2026-10-07 05:20 (Local Time),PLATANIA,,,,,1,6,10.3,,10.9,9.8,,0.3,,,,,,,76.0,0.0,,,,,
2026-10-07T02:30:00+00:00,2026-10-07T02:30:13.415225+00:00,2026-10-07T02:30:13.415225+00:00,2026-10-07 05:20 (Local Time),POLIS,,,,,1,11,17.4,,19.3,17.1,5.8,1.4,4.0,,153.0,,,,80.0,0.0,1013.5,,2.983775,,"{""Atmospheric Pressure (Mean Sea Level)"": {""unit"": ""hPa"", ""value"": 1016.3}}"
2026-10-07T02:30:00+00:00,2026-10-07T02:30:13.415225+00:00,2026-10-07T02:30:13.415225+00:00,2026-10-07 05:20 (Local Time),POLYSTYPOS,,,,,1,8,13.7,,13.9,12.1,1.5,0.2,,,236.0,,,,56.0,0.0,,,0.771666,,
2026-10-07T02:30:00+00:00,2026-10-07T02:30:13.415225+00:00,2026-10-07T02:30:13.415225+00:00,2026-10-07 05:20 (Local Time),PRODROMOS,,,,,1,9,9.8,,10.8,8.7,4.3,1.1,,0.0,80.0,,,,73.0,0.0,,,2.212109,,
2026-10-07T02:30:00+00:00,2026-10-07T02:30:13.415225+00:00,2026-10-07T02:30:13.415225+00:00,,PYRGOS,,,,,0,0,,,,,,,,,,,,,,,,,,,
2026-10-07T02:30:00+00:00,2026-10-07T02:30:13.415225+00:00,2026-10-07T02:30:13.415225+00:00,2026-10-07 05:20 (Local Time),SAITTAS,,,,,1,5,12.3,,14.9,11.7,,,,,,,,,77.0,0.0,,,,,
2026-10-07T02:30:00+00:00,2026-10-07T02:30:13.415225+00:00,2026-10-07T02:30:13.415225+00:00,2026-10-07 05:20 (Local Time),TAMASOS,,,,,1,9,15.3,14.6,18.8,14.5,2.5,1.2,,,207.0,,,,87.0,0.0,,,1.28611,,
2026-10-07T02:30:00+00:00,2026-10-07T02:30:13.415225+00:00,2026-10-07T02:30:13.415225+00:00,2026-10-07 05:20 (Local Time),TEPAK,,,,,1,9,17.7,,21.7,17.6,2.0,0.0,,,336.0,,,,67.0,0.0,,,1.028888,,"{""Accumulated Rainfall (24 hours)"": {""unit"": ""mm"", ""value"": 0.0}}"
2026-10-07T02:30:00+00:00,2026-10-07T02:30:13.415225+00:00,2026-10-07T02:30:13.415225+00:00,2026-10-07 05:20 (Local Time),TRIPILOS,,,,,1,7,11.7,,12.3,9.8,2.7,,,,15.0,,,,65.0,0.0,,,1.388999,,
2026-10-07T02:30:00+00:00,2026-10-07T02:30:13.415225+00:00,2026-10-07T02:30:13.415225+00:00,2026-10-07 05:20 (Local Time),TROODOS,,,,,1,9,7.5,,8.5,6.7,2.3,0.7,,,338.0,,,,81.0,0.0,829.8,,1.183221,,
2026-10-07T02:30:00+00:00,2026-10-07T02:30:13.415225+00:00,2026-10-07T02:30:13.415225+00:00,2026-10-07 05:20 (Local Time),VISITOR,,,,,1,7,15.2,,18.9,15.2,1.0,,,,242.0,,,,100.0,0.0,,,0.514444,,
2026-10-07T02:30:00+00:00,2026-10-07T02:30:13.415225+00:00,2026-10-07T02:30:13.415225+00:00,2026-10-07 05:20 (Local Time),XYLIATOS,,,,,1,8,15.0,,15.8,14.5,2.4,,,6.0,187.0,,,,71.0,0.0,,,1.234666,,
2026-10-07T02:30:00+00:00,2026-10-07T02:30:13.415225+00:00,2026-10-07T02:30:13.415225+00:00,2026-10-07 05:20 (Local Time),XYLOPHAGOU,,,,,1,9,19.5,19.8,20.0,18.3,5.2,1.3,,,292.0,,,,78.0,0.0,,,2.675109,,
2026-10-07T02:30:00+00:00,2026-10-07T02:30:13.415225+00:00,2026-10-07T02:30:13.415225+00:00,2026-10-07 05:20 (Local Time),ZYGI,,,,,1,9,17.1,16.2,18.9,17.0,2.8,0.4,,,335.0,,,,81.0,0.0,,,1.440443,,
2026-10-07T09:10:00+00:00,2026-10-07T09:10:30.475360+00:00,2026-10-07T09:10:30.475360+00:00,2026-10-07 12:00 (Local Time),ACHNA,,,,,1,8,27.6,,27.8,17.1,3.6,1.6,,,180.0,,,,48.0,0.0,,,1.851998,,
2026-10-07T09:10:00+00:00,2026-10-07T09:10:30.475360+00:00,2026-10-07T09:10:30.475360+00:00,2026-10-07 12:00 (Local Time),AGROS,,,,,1,10,18.1,,20.1,11.2,2.2,0.7,40.0,115.0,162.0,,,,63.0,0.0,,,1.131777,,
2026-10-07T09:10:00+00:00,2026-10-07T09:10:30.475360+00:00,2026-10-07T09:10:30.475360+00:00,2026-10-07 12:00 (Local Time),AKAMAS,,,,,1,7,22.6,,23.8,18.7,4.7,,,,223.0,,,,70.0,0.0,,,2.417887,,
2026-10-07T09:10:00+00:00,2026-10-07T09:10:30.475360+00:00,2026-10-07T09:10:30.475360+00:00,2026-10-07 12:00 (Local Time),ALONOUDI,,,,,1,5,25.9,,26.7,11.1,,,,,,,,,41.0,0.0,,,,,
2026-10-07T09:10:00+00:00,2026-10-07T09:10:30.475360+00:00,2026-10-07T09:10:30.475360+00:00,2026-10-07 12:00 (Local Time),AMARGETI,,,,,1,9,26.5,,26.7,16.2,3.1,1.5,,,165.0,,,,42.0,0.0,967.8,,1.594776,,
2026-10-07T09:10:00+00:00,2026-10-07T09:10:30.475360+00:00,2026-10-07T09:10:30.475360+00:00,2026-10-07 12:00 (Local Time),ASTROMERITIS,,,,,1,6,26.3,,,,2.8,1.6,,,4.0,,,,49.0,0.0,,,1.440443,,
2026-10-07T09:10:00+00:00,2026-10-07T09:10:30.475360+00:00,2026-10-07T09:10:30.475360+00:00,2026-10-07 12:00 (Local Time),ATHALASSA,,,,,1,11,26.6,32.2,26.7,16.0,2.2,1.5,,,132.0,,,,44.0,0.0,1000.0,,1.131777,,"{""Atmospheric Pressure (Mean Sea Level)"": {""unit"": ""hPa"", ""value"": 1018.7}}"
2026-10-07T09:10:00+00:00,2026-10-07T09:10:30.475360+00:00,2026-10-07T09:10:30.475360+00:00,2026-10-07 12:00 (Local Time),ATHIENOU,,,,,1,9,26.0,38.0,27.2,17.5,4.5,1.5,,,222.0,,,,47.0,0.0,,,2.314998,,
2026-10-07T09:10:00+00:00,2026-10-07T09:10:30.475360+00:00,2026-10-07T09:10:30.475360+00:00,2026-10-07 12:00 (Local Time),AVDIMOU,,,,,1,11,26.6,37.8,27.0,15.6,4.6,2.0,971.0,789.0,150.0,,,,52.0,0.0,,,2.366442,,
2026-10-07T09:10:00+00:00,2026-10-07T09:10:30.475360+00:00,2026-10-07T09:10:30.475360+00:00,2026-10-07 12:00 (Local Time),CAVO_GRECO,,,,,1,9,26.1,,26.1,18.1,5.0,2.4,,,211.0,,,,54.0,0.0,1011.9,,2.57222,,
2026-10-07T09:10:00+00:00,2026-10-07T09:10:30.475360+00:00,2026-10-07T09:10:30.475360+00:00,2026-10-07 12:00 (Local Time),CHROMIO,,,,,1,9,11.4,,13.2,6.4,0.0,0.3,,,15.0,,,,78.0,0.0,,,0.0,,"{""Snow Depth"": {""unit"": ""cm"", ""value"": 0.0}}"
2026-10-07T09:10:00+00:00,2026-10-07T09:10:30.475360+00:00,2026-10-07T09:10:30.475360+00:00,2026-10-07 12:00 (Local Time),CYTASAT,,,,,1,10,24.3,,25.9,12.9,4.4,1.7,,,188.0,,,,55.0,0.0,993.0,,2.263554,,"{""Atmospheric Pressure (Mean Sea Level)"": {""unit"": ""hPa"", ""value"": 1019.6}}"
2026-10-07T09:10:00+00:00,2026-10-07T09:10:30.475360+00:00,2026-10-07T09:10:30.475360+00:00,2026-10-07 12:00 (Local Time),EPTAGONEIA,,,,,1,8,20.9,,25.2,10.9,2.6,0.8,,,192.0,,,,65.0,0.0,,,1.337554,,
2026-10-07T09:10:00+00:00,2026-10-07T09:10:30.475360+00:00,2026-10-07T09:10:30.475360+00:00,2026-10-07 12:00 (Local Time),FANEROMENI,,,,,1,4,27.4,,,,,,,,,,,,53.0,0.0,,,,,"{""Rain Intensity (10 min.)"": {""unit"": ""mm/min"", ""value"": 0.0}}"
2026-10-07T09:10:00+00:00,2026-10-07T09:10:30.475360+00:00,2026-10-07T09:10:30.475360+00:00,2026-10-07 12:00 (Local Time),FARMAKAS,,,,,1,10,19.5,,22.5,10.9,6.2,0.8,40.0,149.0,350.0,,,,59.0,0.0,,,3.189553,,
2026-10-07T09:10:00+00:00,2026-10-07T09:10:30.475360+00:00,2026-10-07T09:10:30.475360+00:00,2026-10-07 12:00 (Local Time),FRENAROS,,,,,1,11,26.2,26.8,27.2,18.3,2.6,1.4,,180.0,203.0,,,,56.0,0.0,1008.8,,1.337554,,
2026-10-07T09:10:00+00:00,2026-10-07T09:10:30.475360+00:00,2026-10-07T09:10:30.475360+00:00,2026-10-07 12:00 (Local Time),KALAVASOS,,,,,1,5,27.8,,28.3,16.0,,,,,,,,,50.0,0.0,,,,,
2026-10-07T09:10:00+00:00,2026-10-07T09:10:30.475360+00:00,2026-10-07T09:10:30.475360+00:00,2026-10-07 12:00 (Local Time),KALOPANAYIOTIS,,,,,1,9,23.6,,24.9,12.1,4.6,0.8,,631.0,321.0,,,,56.0,0.0,,,2.366442,,
2026-10-07T09:10:00+00:00,2026-10-07T09:10:30.475360+00:00,2026-10-07T09:10:30.475360+00:00,2026-10-07 12:00 (Local Time),KAMPOS,,,,,1,11,24.5,26.1,26.7,15.9,2.5,1.0,451.0,452.0,46.0,,,,55.0,0.0,,,1.28611,,
2026-10-07T09:10:00+00:00,2026-10-07T09:10:30.475360+00:00,2026-10-07T09:10:30.475360+00:00,2026-10-07 12:00 (Local Time),KANNAVIOU,,,,,1,6,25.6,,25.8,14.3,,1.2,,,,,,,40.0,0.0,,,,,
2026-10-07T09:10:00+00:00,2026-10-07T09:10:30.475360+00:00,2026-10-07T09:10:30.475360+00:00,2026-10-07 12:00 (Local Time),KATHIKAS,,,,,1,6,22.7,,23.0,15.7,,,,,,,,,67.0,0.0,,,,,"{""Accumulated Rainfall (24 hours)"": {""unit"": ""mm"", ""value"": 0.0}}"
2026-10-07T09:10:00+00:00,2026-10-07T09:10:30.475360+00:00,2026-10-07T09:10:30.475360+00:00,2026-10-07 12:00 (Local Time),KEPNIC,,,,,1,1,,,,,,,,,,,,,,0.0,,,,,
2026-10-07T09:10:00+00:00,2026-10-07T09:10:30.475360+00:00,2026-10-07T09:10:30.475360+00:00,2026-10-07 12:00 (Local Time),KILANI,,,,,1,7,21.1,,22.4,11.4,,1.8,,618.0,,,,,56.0,0.0,,,,,
2026-10-07T09:10:00+00:00,2026-10-07T09:10:30.475360+00:00,2026-10-07T09:10:30.475360+00:00,2026-10-07 12:00 (Local Time),KORNOS,,,,,1,3,24.0,,,,,,,,,,,,57.0,0.0,,,,,
2026-10-07T09:10:00+00:00,2026-10-07T09:10:30.475360+00:00,2026-10-07T09:10:30.475360+00:00,2026-10-07 12:00 (Local Time),KOURIS,,,,,1,8,25.9,,27.0,16.9,6.4,2.7,,,153.0,,,,53.0,0.0,,,3.292442,,
2026-10-07T09:10:00+00:00,2026-10-07T09:10:30.475360+00:00,2026-10-07T09:10:30.475360+00:00,2026-10-07 12:00 (Local Time),KPYRGOS,,,,,1,8,25.9,,26.9,17.4,3.6,1.9,,,1.0,,,,60.0,0.0,,,1.851998,,
2026-10-07T09:10:00+00:00,2026-10-07T09:10:30.475360+00:00,2026-10-07T09:10:30.475360+00:00,2026-10-07 12:00 (Local Time),KYPEROUNTA,,,,,1,6,17.1,,18.6,11.4,,1.5,,843.0,,,,,60.0,,,,,,
2026-10-07T09:10:00+00:00,2026-10-07T09:10:30.475360+00:00,2026-10-07T09:10:30.475360+00:00,2026-10-07 12:00 (Local Time),LCLK,,,,,1,9,27.0,,27.6,17.6,,2.9,,,,,,,54.0,0.0,,,,,"{""Atmospheric Pressure (QNH)"": {""unit"": ""hPa"", ""value"": 1019.1}, ""Wind Direction (10m) at Runway 22"": {""unit"": ""Degrees"", ""value"": 168.0}, ""Wind Speed (10m) at Runway 22"": {""unit"": ""Knots"", ""value"": 6.6}}"
2026-10-07T09:10:00+00:00,2026-10-07T09:10:30.475360+00:00,2026-10-07T09:10:30.475360+00:00,2026-10-07 12:00 (Local Time),LCPH,,,,,1,9,27.2,,27.5,18.0,,1.7,,,,,,,48.0,0.0,,,,,"{""Atmospheric Pressure (QNH)"": {""unit"": ""hPa"", ""value"": 1019.2}, ""Wind Direction (10m) at Runway 29"": {""unit"": ""Degrees"", ""value"": 204.0}, ""Wind Speed (10m) at Runway 29"": {""unit"": ""Knots"", ""value"": 4.8}}"
2026-10-07T09:10:00+00:00,2026-10-07T09:10:30.475360+00:00,2026-10-07T09:10:30.475360+00:00,2026-10-07 12:00 (Local Time),LEFKARA,,,,,1,6,23.2,,26.0,13.2,,0.1,,,,,,,58.0,0.0,,,,,
2026-10-07T09:10:00+00:00,2026-10-07T09:10:30.475360+00:00,2026-10-07T09:10:30.475360+00:00,2026-10-07 12:00 (Local Time),LEFKOSIA,,,,,1,7,26.0,,27.8,13.6,,0.7,,,,,,,48.0,0.0,,,,,"{""Accumulated Rainfall (24 hours)"": {""unit"": ""mm"", ""value"": 0.0}}"
2026-10-07T09:10:00+00:00,2026-10-07T09:10:30.475360+00:00,2026-10-07T09:10:30.475360+00:00,2026-10-07 12:00 (Local Time),LIMASSOL,,,,,1,10,27.1,,27.3,17.7,,2.5,,787.0,,,,,53.0,0.0,1018.0,,,,"{""Wind Direction (10m) at Port Gate"": {""unit"": ""Degrees"", ""value"": 140.0}, ""Wind Speed (10m) at Port Gate"": {""unit"": ""Knots"", ""value"": 6.6}}"
2026-10-07T09:10:00+00:00,2026-10-07T09:10:30.475360+00:00,2026-10-07T09:10:30.475360+00:00,2026-10-07 12:00 (Local Time),LINOU,,,,,1,9,25.5,,25.7,16.1,4.3,2.0,,,338.0,,,,52.0,0.0,972.2,,2.212109,,
2026-10-07T09:10:00+00:00,2026-10-07T09:10:30.475360+00:00,2026-10-07T09:10:30.475360+00:00,2026-10-07 12:00 (Local Time),LYSOS,,,,,1,7,19.6,,21.5,13.7,5.1,,,,315.0,,,,69.0,0.0,,,2.623664,,
2026-10-07T09:10:00+00:00,2026-10-07T09:10:30.475360+00:00,2026-10-07T09:10:30.475360+00:00,2026-10-07 12:00 (Local Time),MALLIA,,,,,1,10,24.5,28.1,25.3,11.3,5.3,1.6,,897.0,127.0,,,,44.0,0.0,,,2.726553,,
2026-10-07T09:10:00+00:00,2026-10-07T09:10:30.475360+00:00,2026-10-07T09:10:30.475360+00:00,2026-10-07 12:00 (Local Time),MAMMARI,,,,,1,10,25.7,,26.9,16.6,,0.8,,840.0,,,,,51.0,0.0,,,,,"{""Atmospheric Pressure (QNH)"": {""unit"": ""hPa"", ""value"": 1019.7}, ""Wind Direction (10m) at Runway 12"": {""unit"": ""Degrees"", ""value"": 312.0}, ""Wind Speed (10m) at Runway 12"": {""unit"": ""Knots"", ""value"": 0.9}}"
2026-10-07T09:10:00+00:00,2026-10-07T09:10:30.475360+00:00,2026-10-07T09:10:30.475360+00:00,2026-10-07 12:00 (Local Time),MATHIATIS,,,,,1,10,23.1,,24.6,13.4,2.5,0.5,4.0,140.0,55.0,,,,53.0,0.0,,,1.28611,,
2026-10-07T09:10:00+00:00,2026-10-07T09:10:30.475360+00:00,2026-10-07T09:10:30.475360+00:00,2026-10-07 12:00 (Local Time),PANAGIA_BRIDGE,,,,,1,6,24.6,35.7,24.7,10.7,,,,,,,,,50.0,0.0,,,,,
2026-10-07T09:10:00+00:00,2026-10-07T09:10:30.475360+00:00,2026-10-07T09:10:30.475360+00:00,2026-10-07 12:00 (Local Time),PAPHOS,,,,,1,8,25.9,,26.9,16.9,4.0,1.9,,,232.0,,,,53.0,0.0,,,2.057776,,
2026-10-07T09:10:00+00:00,2026-10-07T09:10:30.475360+00:00,2026-10-07T09:10:30.475360+00:00,2026-10-07 12:00 (Local Time),PAREKLISIA,,,,,1,7,29.3,,30.0,16.4,2.7,,,,158.0,,,,48.0,0.0,,,1.388999,,
2026-10-07T09:10:00+00:00,2026-10-07T09:10:30.475360+00:00,2026-10-07T09:10:30.475360+00:00,2026-10-07 12:00 (Local Time),PENTAKOMO,,,,,1,8,28.2,,28.5,20.6,7.4,2.6,,,133.0,,,,52.0,0.0,,,3.806886,,
2026-10-07T09:10:00+00:00,2026-10-07T09:10:30.475360+00:00,2026-10-07T09:10:30.475360+00:00,2026-10-07 12:00 (Local Time),PLATANIA,,,,,1,6,17.1,,18.6,9.8,,0.1,,,,,,,70.0,0.0,,,,,
2026-10-07T09:10:00+00:00,2026-10-07T09:10:30.475360+00:00,2026-10-07T09:10:30.475360+00:00,2026-10-07 12:00 (Local Time),POLIS,,,,,1,11,25.5,,26.3,17.1,5.2,2.5,925.0,,306.0,,,,61.0,0.0,1015.6,,2.675109,,"{""Atmospheric Pressure (Mean Sea Level)"": {""unit"": ""hPa"", ""value"": 1018.3}}"
2026-10-07T09:10:00+00:00,2026-10-07T09:10:30.475360+00:00,2026-10-07T09:10:30.475360+00:00,2026-10-07 12:00 (Local Time),POLYSTYPOS,,,,,1,8,19.3,,20.6,12.1,3.1,1.8,,,147.0,,,,48.0,0.0,,,1.594776,,
2026-10-07T09:10:00+00:00,2026-10-07T09:10:30.475360+00:00,2026-10-07T09:10:30.475360+00:00,2026-10-07 12:00 (Local Time),PRODROMOS,,,,,1,9,14.3,,16.8,8.7,0.7,0.3,,117.0,260.0,,,,68.0,0.0,,,0.360111,,
2026-10-07T09:10:00+00:00,2026-10-07T09:10:30.475360+00:00,2026-10-07T09:10:30.475360+00:00,2026-10-07 12:00 (Local Time),PYRGOS,,,,,1,5,20.2,,,,2.9,,,,345.1,,,,78.0,0.0,,,1.491888,,
2026-10-07T09:10:00+00:00,2026-10-07T09:10:30.475360+00:00,2026-10-07T09:10:30.475360+00:00,2026-10-07 12:00 (Local Time),SAITTAS,,,,,1,5,21.4,,24.7,11.7,,,,,,,,,60.0,0.0,,,,,
2026-10-07T09:10:00+00:00,2026-10-07T09:10:30.475360+00:00,2026-10-07T09:10:30.475360+00:00,2026-10-07 12:00 (Local Time),TAMASOS,,,,,1,9,25.0,38.1,25.2,14.5,2.4,1.0,,,21.0,,,,48.0,0.0,,,1.234666,,
2026-10-07T09:10:00+00:00,2026-10-07T09:10:30.475360+00:00,2026-10-07T09:10:30.475360+00:00,2026-10-07 12:00 (Local Time),TEPAK,,,,,1,9,26.9,,27.6,17.6,4.2,1.7,,,161.0,,,,51.0,0.0,,,2.160665,,"{""Accumulated Rainfall (24 hours)"": {""unit"": ""mm"", ""value"": 0.0}}"
2026-10-07T09:10:00+00:00,2026-10-07T09:10:30.475360+00:00,2026-10-07T09:10:30.475360+00:00,2026-10-07 12:00 (Local Time),TRIPILOS,,,,,1,7,18.0,,18.7,9.8,3.4,,,,236.0,,,,61.0,0.0,,,1.74911,,
2026-10-07T09:10:00+00:00,2026-10-07T09:10:30.475360+00:00,2026-10-07T09:10:30.475360+00:00,2026-10-07 12:00 (Local Time),TROODOS,,,,,1,9,12.3,,15.2,6.7,1.9,0.6,,,12.0,,,,73.0,0.0,832.1,,0.977444,,
2026-10-07T09:10:00+00:00,2026-10-07T09:10:30.475360+00:00,2026-10-07T09:10:30.475360+00:00,2026-10-07 12:00 (Local Time),VISITOR,,,,,1,7,27.4,,27.7,15.0,1.7,,,,189.0,,,,45.0,0.0,,,0.874555,,
2026-10-07T09:10:00+00:00,2026-10-07T09:10:30.475360+00:00,2026-10-07T09:10:30.475360+00:00,2026-10-07 12:00 (Local Time),XYLIATOS,,,,,1,8,22.8,,23.8,14.5,2.6,,,842.0,350.0,,,,50.0,0.0,,,1.337554,,
2026-10-07T09:10:00+00:00,2026-10-07T09:10:30.475360+00:00,2026-10-07T09:10:30.475360+00:00,2026-10-07 12:00 (Local Time),XYLOPHAGOU,,,,,1,9,25.8,32.8,26.2,18.3,6.4,2.0,,,204.0,,,,56.0,0.0,,,3.292442,,
2026-10-07T09:10:00+00:00,2026-10-07T09:10:30.475360+00:00,2026-10-07T09:10:30.475360+00:00,2026-10-07 12:00 (Local Time),ZYGI,,,,,1,9,26.8,34.7,27.0,16.4,4.3,1.2,,,138.0,,,,53.0,0.0,,,2.212109,,
2026-10-07T16:20:00+00:00,2026-10-07T16:28:01.991294+00:00,2026-10-07T16:28:01.991294+00:00,2026-10-07 19:20 (Local Time),ACHNA,,,,,1,8,22.2,,28.1,17.1,0.0,0.0,,,224.0,,,,71.0,0.0,,,0.0,,
2026-10-07T16:20:00+00:00,2026-10-07T16:28:01.991294+00:00,2026-10-07T16:28:01.991294+00:00,2026-10-07 19:20 (Local Time),AGROS,,,,,1,10,14.8,,20.1,11.2,2.0,0.7,4.0,0.0,322.0,,,,86.0,0.0,,,1.028888,,
2026-10-07T16:20:00+00:00,2026-10-07T16:28:01.991294+00:00,2026-10-07T16:28:01.991294+00:00,2026-10-07 19:20 (Local Time),AKAMAS,,,,,1,7,20.4,,26.0,18.7,1.3,,,,318.0,,,,78.0,0.0,,,0.668777,,
2026-10-07T16:20:00+00:00,2026-10-07T16:28:01.991294+00:00,2026-10-07T16:28:01.991294+00:00,2026-10-07 19:20 (Local Time),ALONOUDI,,,,,1,5,17.5,,27.8,11.1,,,,,,,,,88.0,0.0,,,,,
2026-10-07T16:20:00+00:00,2026-10-07T16:28:01.991294+00:00,2026-10-07T16:28:01.991294+00:00,2026-10-07 19:20 (Local Time),AMARGETI,,,,,1,9,18.7,,27.2,16.2,4.3,0.7,,,348.0,,,,89.0,0.0,968.1,,2.212109,,
2026-10-07T16:20:00+00:00,2026-10-07T16:28:01.991294+00:00,2026-10-07T16:28:01.991294+00:00,2026-10-07 19:20 (Local Time),ASTROMERITIS,,,,,1,6,20.2,,,,3.9,1.0,,,213.0,,,,76.0,0.0,,,2.006332,,
2026-10-07T16:20:00+00:00,2026-10-07T16:28:01.991294+00:00,2026-10-07T16:28:01.991294+00:00,2026-10-07 19:20 (Local Time),ATHALASSA,,,,,1,11,21.2,19.6,28.0,16.0,2.0,0.7,,,210.0,,,,74.0,0.0,1000.5,,1.028888,,"{""Atmospheric Pressure (Mean Sea Level)"": {""unit"": ""hPa"", ""value"": 1019.5}}"
2026-10-07T16:20:00+00:00,2026-10-07T16:28:01.991294+00:00,2026-10-07T16:28:01.991294+00:00,2026-10-07 19:20 (Local Time),ATHIENOU,,,,,1,9,21.3,20.0,28.3,17.5,3.7,0.5,,,203.0,,,,74.0,0.0,,,1.903443,,
2026-10-07T16:20:00+00:00,2026-10-07T16:28:01.991294+00:00,2026-10-07T16:28:01.991294+00:00,2026-10-07 19:20 (Local Time),AVDIMOU,,,,,1,11,22.7,21.1,27.6,15.6,1.3,0.0,3.0,4.0,315.0,,,,69.0,0.0,,,0.668777,,
2026-10-07T16:20:00+00:00,2026-10-07T16:28:01.991294+00:00,2026-10-07T16:28:01.991294+00:00,2026-10-07 19:20 (Local Time),CAVO_GRECO,,,,,1,9,22.1,,28.3,18.1,3.4,1.2,,,224.0,,,,66.0,0.0,1011.8,,1.74911,,
2026-10-07T16:20:00+00:00,2026-10-07T16:28:01.991294+00:00,2026-10-07T16:28:01.991294+00:00,2026-10-07 19:20 (Local Time),CHROMIO,,,,,1,9,8.8,,13.7,6.4,2.5,0.4,,,57.0,,,,85.0,0.0,,,1.28611,,"{""Snow Depth"": {""unit"": ""cm"", ""value"": 0.0}}"
2026-10-07T16:20:00+00:00,2026-10-07T16:28:01.991294+00:00,2026-10-07T16:28:01.991294+00:00,2026-10-07 19:20 (Local Time),CYTASAT,,,,,1,10,20.0,,27.5,12.9,0.7,0.2,,,306.0,,,,71.0,0.0,993.4,,0.360111,,"{""Atmospheric Pressure (Mean Sea Level)"": {""unit"": ""hPa"", ""value"": 1020.3}}"
2026-10-07T16:20:00+00:00,2026-10-07T16:28:01.991294+00:00,2026-10-07T16:28:01.991294+00:00,2026-10-07 19:20 (Local Time),EPTAGONEIA,,,,,1,8,16.2,,25.2,10.9,0.0,0.2,,,309.0,,,,91.0,0.0,,,0.0,,
2026-10-07T16:20:00+00:00,2026-10-07T16:28:01.991294+00:00,2026-10-07T16:28:01.991294+00:00,2026-10-07 19:20 (Local Time),FANEROMENI,,,,,1,4,24.3,,,,,,,,,,,,63.0,0.0,,,,,"{""Rain Intensity (10 min.)"": {""unit"": ""mm/min"", ""value"": 0.0}}"
2026-10-07T16:20:00+00:00,2026-10-07T16:28:01.991294+00:00,2026-10-07T16:28:01.991294+00:00,2026-10-07 19:20 (Local Time),FARMAKAS,,,,,1,10,15.1,,22.5,10.9,6.2,1.4,2.0,0.0,351.0,,,,90.0,0.0,,,3.189553,,
2026-10-07T16:20:00+00:00,2026-10-07T16:28:01.991294+00:00,2026-10-07T16:28:01.991294+00:00,2026-10-07 19:20 (Local Time),FRENAROS,,,,,1,11,22.8,21.0,28.3,18.3,2.5,0.9,,0.0,187.0,,,,73.0,0.0,1008.9,,1.28611,,
2026-10-07T16:20:00+00:00,2026-10-07T16:28:01.991294+00:00,2026-10-07T16:28:01.991294+00:00,2026-10-07 19:20 (Local Time),KALAVASOS,,,,,1,5,21.1,,28.6,16.0,,,,,,,,,76.0,0.0,,,,,
2026-10-07T16:20:00+00:00,2026-10-07T16:28:01.991294+00:00,2026-10-07T16:28:01.991294+00:00,2026-10-07 19:20 (Local Time),KALOPANAYIOTIS,,,,,1,9,16.0,,24.9,12.1,3.7,1.0,,0.0,159.0,,,,94.0,0.0,,,1.903443,,
2026-10-07T16:20:00+00:00,2026-10-07T16:28:01.991294+00:00,2026-10-07T16:28:01.991294+00:00,2026-10-07 19:20 (Local Time),KAMPOS,,,,,1,11,17.9,17.2,26.7,15.9,0.6,0.2,4.0,0.0,127.0,,,,84.0,0.0,,,0.308666,,
2026-10-07T16:20:00+00:00,2026-10-07T16:28:01.991294+00:00,2026-10-07T16:28:01.991294+00:00,2026-10-07 19:20 (Local Time),KANNAVIOU,,,,,1,6,19.8,,27.2,14.3,,1.5,,,,,,,83.0,0.0,,,,,
2026-10-07T16:20:00+00:00,2026-10-07T16:28:01.991294+00:00,2026-10-07T16:28:01.991294+00:00,2026-10-07 19:20 (Local Time),KATHIKAS,,,,,1,6,17.8,,24.6,15.7,,,,,,,,,88.0,0.0,,,,,"{""Accumulated Rainfall (24 hours)"": {""unit"": ""mm"", ""value"": 0.0}}"
2026-10-07T16:20:00+00:00,2026-10-07T16:28:01.991294+00:00,2026-10-07T16:28:01.991294+00:00,2026-10-07 19:20 (Local Time),KEPNIC,,,,,1,1,,,,,,,,,,,,,,0.0,,,,,
2026-10-07T16:20:00+00:00,2026-10-07T16:28:01.991294+00:00,2026-10-07T16:28:01.991294+00:00,2026-10-07 19:20 (Local Time),KILANI,,,,,1,7,15.2,,22.9,11.4,,0.4,,3.0,,,,,89.0,0.0,,,,,
2026-10-07T16:20:00+00:00,2026-10-07T16:28:01.991294+00:00,2026-10-07T16:28:01.991294+00:00,2026-10-07 19:20 (Local Time),KORNOS,,,,,1,3,19.7,,,,,,,,,,,,80.0,0.0,,,,,
2026-10-07T16:20:00+00:00,2026-10-07T16:28:01.991294+00:00,2026-10-07T16:28:01.991294+00:00,2026-10-07 19:20 (Local Time),KOURIS,,,,,1,8,21.3,,27.9,16.9,7.2,2.3,,,12.0,,,,74.0,0.0,,,3.703997,,
2026-10-07T16:20:00+00:00,2026-10-07T16:28:01.991294+00:00,2026-10-07T16:28:01.991294+00:00,2026-10-07 19:20 (Local Time),KPYRGOS,,,,,1,8,20.8,,26.9,17.4,4.1,1.3,,,156.0,,,,82.0,0.0,,,2.10922,,
2026-10-07T16:20:00+00:00,2026-10-07T16:28:01.991294+00:00,2026-10-07T16:28:01.991294+00:00,2026-10-07 19:20 (Local Time),KYPEROUNTA,,,,,1,6,13.1,,18.6,11.4,,2.3,,31.0,,,,,82.0,,,,,,
2026-10-07T16:20:00+00:00,2026-10-07T16:28:01.991294+00:00,2026-10-07T16:28:01.991294+00:00,2026-10-07 19:20 (Local Time),LCLK,,,,,1,9,24.1,,27.8,17.6,,0.6,,,,,,,62.0,0.0,,,,,"{""Atmospheric Pressure (QNH)"": {""unit"": ""hPa"", ""value"": 1019.2}, ""Wind Direction (10m) at Runway 22"": {""unit"": ""Degrees"", ""value"": 215.0}, ""Wind Speed (10m) at Runway 22"": {""unit"": ""Knots"", ""value"": 3.8}}"
2026-10-07T16:20:00+00:00,2026-10-07T16:28:01.991294+00:00,2026-10-07T16:28:01.991294+00:00,2026-10-07 19:20 (Local Time),LCPH,,,,,1,9,24.6,,27.8,18.0,,1.0,,,,,,,63.0,0.0,,,,,"{""Atmospheric Pressure (QNH)"": {""unit"": ""hPa"", ""value"": 1019.2}, ""Wind Direction (10m) at Runway 29"": {""unit"": ""Degrees"", ""value"": 327.0}, ""Wind Speed (10m) at Runway 29"": {""unit"": ""Knots"", ""value"": 3.0}}"
2026-10-07T16:20:00+00:00,2026-10-07T16:28:01.991294+00:00,2026-10-07T16:28:01.991294+00:00,2026-10-07 19:20 (Local Time),LEFKARA,,,,,1,6,18.5,,26.7,13.2,,1.5,,,,,,,84.0,0.0,,,,,
2026-10-07T16:20:00+00:00,2026-10-07T16:28:01.991294+00:00,2026-10-07T16:28:01.991294+00:00,2026-10-07 19:20 (Local Time),LEFKOSIA,,,,,1,7,20.1,,27.8,13.6,,0.9,,,,,,,80.0,0.0,,,,,"{""Accumulated Rainfall (24 hours)"": {""unit"": ""mm"", ""value"": 0.0}}"
2026-10-07T16:20:00+00:00,2026-10-07T16:28:01.991294+00:00,2026-10-07T16:28:01.991294+00:00,2026-10-07 19:20 (Local Time),LIMASSOL,,,,,1,10,23.1,,28.3,17.7,,0.0,,0.0,,,,,65.0,0.0,1017.8,,,,"{""Wind Direction (10m) at Port Gate"": {""unit"": ""Degrees"", ""value"": 275.0}, ""Wind Speed (10m) at Port Gate"": {""unit"": ""Knots"", ""value"": 0.0}}"
2026-10-07T16:20:00+00:00,2026-10-07T16:28:01.991294+00:00,2026-10-07T16:28:01.991294+00:00,2026-10-07 19:20 (Local Time),LINOU,,,,,1,9,18.7,,26.3,16.1,6.0,2.4,,,178.0,,,,72.0,0.0,972.6,,3.086664,,
2026-10-07T16:20:00+00:00,2026-10-07T16:28:01.991294+00:00,2026-10-07T16:28:01.991294+00:00,2026-10-07 19:20 (Local Time),LYSOS,,,,,1,7,15.6,,25.0,13.7,3.7,,,,26.0,,,,85.0,0.0,,,1.903443,,
2026-10-07T16:20:00+00:00,2026-10-07T16:28:01.991294+00:00,2026-10-07T16:28:01.991294+00:00,2026-10-07 19:20 (Local Time),MALLIA,,,,,1,10,17.0,16.4,26.1,11.3,2.6,0.8,,11.0,19.0,,,,84.0,0.0,,,1.337554,,
2026-10-07T16:20:00+00:00,2026-10-07T16:28:01.991294+00:00,2026-10-07T16:28:01.991294+00:00,2026-10-07 19:20 (Local Time),MAMMARI,,,,,1,10,21.8,,27.8,16.6,,3.0,,3.0,,,,,68.0,0.0,,,,,"{""Atmospheric Pressure (QNH)"": {""unit"": ""hPa"", ""value"": 1020.0}, ""Wind Direction (10m) at Runway 12"": {""unit"": ""Degrees"", ""value"": 224.0}, ""Wind Speed (10m) at Runway 12"": {""unit"": ""Knots"", ""value"": 7.5}}"
2026-10-07T16:20:00+00:00,2026-10-07T16:28:01.991294+00:00,2026-10-07T16:28:01.991294+00:00,2026-10-07 19:20 (Local Time),MATHIATIS,,,,,1,10,17.1,,24.6,13.4,1.3,0.4,4.0,2.0,196.0,,,,87.0,0.0,,,0.668777,,
2026-10-07T16:20:00+00:00,2026-10-07T16:28:01.991294+00:00,2026-10-07T16:28:01.991294+00:00,2026-10-07 19:20 (Local Time),PANAGIA_BRIDGE,,,,,1,6,17.8,18.0,25.5,10.7,,,,,,,,,94.0,0.0,,,,,
2026-10-07T16:20:00+00:00,2026-10-07T16:28:01.991294+00:00,2026-10-07T16:28:01.991294+00:00,2026-10-07 19:20 (Local Time),PAPHOS,,,,,1,8,22.6,,27.0,16.9,1.9,0.9,,,313.0,,,,68.0,0.0,,,0.977444,,
2026-10-07T16:20:00+00:00,2026-10-07T16:28:01.991294+00:00,2026-10-07T16:28:01.991294+00:00,2026-10-07 19:20 (Local Time),PAREKLISIA,,,,,1,7,22.4,,30.6,16.4,0.0,,,,234.0,,,,66.0,0.0,,,0.0,,
2026-10-07T16:20:00+00:00,2026-10-07T16:28:01.991294+00:00,2026-10-07T16:28:01.991294+00:00,2026-10-07 19:20 (Local Time),PENTAKOMO,,,,,1,8,24.2,,29.2,20.6,2.6,0.7,,,131.0,,,,62.0,0.0,,,1.337554,,
2026-10-07T16:20:00+00:00,2026-10-07T16:28:01.991294+00:00,2026-10-07T16:28:01.991294+00:00,2026-10-07 19:20 (Local Time),PLATANIA,,,,,1,6,12.3,,18.6,9.8,,0.3,,,,,,,97.0,0.0,,,,,
2026-10-07T16:20:00+00:00,2026-10-07T16:28:01.991294+00:00,2026-10-07T16:28:01.991294+00:00,2026-10-07 19:20 (Local Time),POLIS,,,,,1,11,21.5,,26.6,17.1,2.5,0.7,4.0,,132.0,,,,80.0,0.0,1015.7,,1.28611,,"{""Atmospheric Pressure (Mean Sea Level)"": {""unit"": ""hPa"", ""value"": 1018.5}}"
2026-10-07T16:20:00+00:00,2026-10-07T16:28:01.991294+00:00,2026-10-07T16:28:01.991294+00:00,2026-10-07 19:20 (Local Time),POLYSTYPOS,,,,,1,8,14.2,,21.0,12.1,0.0,0.2,,,197.0,,,,90.0,0.0,,,0.0,,
2026-10-07T16:20:00+00:00,2026-10-07T16:28:01.991294+00:00,2026-10-07T16:28:01.991294+00:00,2026-10-07 19:20 (Local Time),PRODROMOS,,,,,1,9,10.6,,18.1,8.7,1.9,0.4,,0.0,175.0,,,,89.0,0.0,,,0.977444,,
2026-10-07T16:20:00+00:00,2026-10-07T16:28:01.991294+00:00,2026-10-07T16:28:01.991294+00:00,2026-10-07 19:20 (Local Time),PYRGOS,,,,,1,5,18.3,,,,0.8,,,,249.5,,,,87.0,0.0,,,0.411555,,
2026-10-07T16:20:00+00:00,2026-10-07T16:28:01.991294+00:00,2026-10-07T16:28:01.991294+00:00,2026-10-07 19:20 (Local Time),SAITTAS,,,,,1,5,17.6,,24.8,11.7,,,,,,,,,74.0,0.0,,,,,
2026-10-07T16:20:00+00:00,2026-10-07T16:28:01.991294+00:00,2026-10-07T16:28:01.991294+00:00,2026-10-07 19:20 (Local Time),TAMASOS,,,,,1,9,18.1,18.0,26.0,14.5,1.6,0.2,,,192.0,,,,95.0,0.0,,,0.82311,,
2026-10-07T16:20:00+00:00,2026-10-07T16:28:01.991294+00:00,2026-10-07T16:28:01.991294+00:00,2026-10-07 19:20 (Local Time),TEPAK,,,,,1,9,22.9,,27.7,17.6,1.9,0.3,,,136.0,,,,62.0,0.0,,,0.977444,,"{""Accumulated Rainfall (24 hours)"": {""unit"": ""mm"", ""value"": 0.0}}"
2026-10-07T16:20:00+00:00,2026-10-07T16:28:01.991294+00:00,2026-10-07T16:28:01.991294+00:00,2026-10-07 19:20 (Local Time),TRIPILOS,,,,,1,7,12.0,,21.9,9.8,2.1,,,,331.0,,,,97.0,0.0,,,1.080332,,
2026-10-07T16:20:00+00:00,2026-10-07T16:28:01.991294+00:00,2026-10-07T16:28:01.991294+00:00,2026-10-07 19:20 (Local Time),TROODOS,,,,,1,9,9.5,,15.2,6.7,1.3,0.0,,,334.0,,,,91.0,0.0,832.3,,0.668777,,
2026-10-07T16:20:00+00:00,2026-10-07T16:28:01.991294+00:00,2026-10-07T16:28:01.991294+00:00,2026-10-07 19:20 (Local Time),VISITOR,,,,,1,7,21.6,,28.1,15.0,0.0,,,,228.0,,,,77.0,0.0,,,0.0,,
2026-10-07T16:20:00+00:00,2026-10-07T16:28:01.991294+00:00,2026-10-07T16:28:01.991294+00:00,2026-10-07 19:20 (Local Time),XYLIATOS,,,,,1,8,16.6,,23.8,14.5,2.9,,,8.0,185.0,,,,81.0,0.0,,,1.491888,,
2026-10-07T16:20:00+00:00,2026-10-07T16:28:01.991294+00:00,2026-10-07T16:28:01.991294+00:00,2026-10-07 19:20 (Local Time),XYLOPHAGOU,,,,,1,9,23.1,23.3,27.0,18.3,2.8,0.4,,,192.0,,,,69.0,0.0,,,1.440443,,
2026-10-07T16:20:00+00:00,2026-10-07T16:28:01.991294+00:00,2026-10-07T16:28:01.991294+00:00,2026-10-07 19:20 (Local Time),ZYGI,,,,,1,9,22.5,22.3,27.1,16.4,1.2,0.0,,,324.0,,,,68.0,0.0,,,0.617333,,
2026-10-07T21:20:00+00:00,2026-10-07T21:27:47.786696+00:00,2026-10-07T21:27:47.786696+00:00,2026-10-08 00:20 (Local Time),ACHNA,,,,,1,8,18.7,,21.3,18.6,1.8,0.3,,,325.0,,,,89.0,0.0,,,0.925999,,
2026-10-07T21:20:00+00:00,2026-10-07T21:27:47.786696+00:00,2026-10-07T21:27:47.786696+00:00,2026-10-08 00:20 (Local Time),AGROS,,,,,1,10,13.2,,15.1,12.7,4.3,1.8,3.0,0.0,331.0,,,,76.0,0.0,,,2.212109,,
2026-10-07T21:20:00+00:00,2026-10-07T21:27:47.786696+00:00,2026-10-07T21:27:47.786696+00:00,2026-10-08 00:20 (Local Time),AKAMAS,,,,,1,7,19.2,,19.9,19.0,3.6,,,,48.0,,,,84.0,0.0,,,1.851998,,
2026-10-07T21:20:00+00:00,2026-10-07T21:27:47.786696+00:00,2026-10-07T21:27:47.786696+00:00,2026-10-08 00:20 (Local Time),ALONOUDI,,,,,1,5,13.3,,15.9,13.3,,,,,,,,,93.0,0.0,,,,,
2026-10-07T21:20:00+00:00,2026-10-07T21:27:47.786696+00:00,2026-10-07T21:27:47.786696+00:00,2026-10-08 00:20 (Local Time),AMARGETI,,,,,1,9,17.0,,18.4,16.6,2.1,0.6,,,86.0,,,,87.0,0.0,968.8,,1.080332,,
2026-10-07T21:20:00+00:00,2026-10-07T21:27:47.786696+00:00,2026-10-07T21:27:47.786696+00:00,2026-10-08 00:20 (Local Time),ASTROMERITIS,,,,,1,6,18.4,,,,8.4,2.5,,,170.0,,,,76.0,0.0,,,4.32133,,
2026-10-07T21:20:00+00:00,2026-10-07T21:27:47.786696+00:00,2026-10-07T21:27:47.786696+00:00,2026-10-08 00:20 (Local Time),ATHALASSA,,,,,1,11,18.3,15.7,20.1,18.3,2.7,0.8,,,240.0,,,,84.0,0.0,1001.6,,1.388999,,"{""Atmospheric Pressure (Mean Sea Level)"": {""unit"": ""hPa"", ""value"": 1020.8}}"
2026-10-07T21:20:00+00:00,2026-10-07T21:27:47.786696+00:00,2026-10-07T21:27:47.786696+00:00,2026-10-08 00:20 (Local Time),ATHIENOU,,,,,1,9,18.6,16.2,20.4,18.5,5.0,0.8,,,245.0,,,,84.0,0.0,,,2.57222,,
2026-10-07T21:20:00+00:00,2026-10-07T21:27:47.786696+00:00,2026-10-07T21:27:47.786696+00:00,2026-10-08 00:20 (Local Time),AVDIMOU,,,,,1,11,18.5,15.3,20.3,17.8,0.7,0.1,3.0,4.0,271.0,,,,80.0,0.0,,,0.360111,,
2026-10-07T21:20:00+00:00,2026-10-07T21:27:47.786696+00:00,2026-10-07T21:27:47.786696+00:00,2026-10-08 00:20 (Local Time),CAVO_GRECO,,,,,1,9,19.5,,21.9,19.5,4.6,0.9,,,314.0,,,,76.0,0.0,1012.8,,2.366442,,
2026-10-07T21:20:00+00:00,2026-10-07T21:27:47.786696+00:00,2026-10-07T21:27:47.786696+00:00,2026-10-08 00:20 (Local Time),CHROMIO,,,,,1,9,9.3,,9.9,8.2,5.5,1.3,,,123.0,,,,66.0,0.0,,,2.829442,,"{""Snow Depth"": {""unit"": ""cm"", ""value"": 0.0}}"
2026-10-07T21:20:00+00:00,2026-10-07T21:27:47.786696+00:00,2026-10-07T21:27:47.786696+00:00,2026-10-08 00:20 (Local Time),CYTASAT,,,,,1,10,16.1,,18.4,15.8,2.2,0.6,,,343.0,,,,86.0,0.0,994.3,,1.131777,,"{""Atmospheric Pressure (Mean Sea Level)"": {""unit"": ""hPa"", ""value"": 1021.8}}"
2026-10-07T21:20:00+00:00,2026-10-07T21:27:47.786696+00:00,2026-10-07T21:27:47.786696+00:00,2026-10-08 00:20 (Local Time),EPTAGONEIA,,,,,1,8,13.0,,16.1,13.0,1.3,0.0,,,251.0,,,,90.0,0.0,,,0.668777,,
2026-10-07T21:20:00+00:00,2026-10-07T21:27:47.786696+00:00,2026-10-07T21:27:47.786696+00:00,2026-10-08 00:20 (Local Time),FANEROMENI,,,,,1,4,20.0,,,,,,,,,,,,80.0,0.0,,,,,"{""Rain Intensity (10 min.)"": {""unit"": ""mm/min"", ""value"": 0.0}}"
2026-10-07T21:20:00+00:00,2026-10-07T21:27:47.786696+00:00,2026-10-07T21:27:47.786696+00:00,2026-10-08 00:20 (Local Time),FARMAKAS,,,,,1,10,12.6,,14.8,12.5,6.3,1.6,2.0,0.0,351.0,,,,86.0,0.0,,,3.240997,,
2026-10-07T21:20:00+00:00,2026-10-07T21:27:47.786696+00:00,2026-10-07T21:27:47.786696+00:00,2026-10-08 00:20 (Local Time),FRENAROS,,,,,1,11,19.5,17.5,21.7,19.4,3.6,1.2,,0.0,328.0,,,,88.0,0.0,1009.8,,1.851998,,
2026-10-07T21:20:00+00:00,2026-10-07T21:27:47.786696+00:00,2026-10-07T21:27:47.786696+00:00,2026-10-08 00:20 (Local Time),KALAVASOS,,,,,1,5,17.9,,19.9,17.9,,,,,,,,,78.0,0.0,,,,,
2026-10-07T21:20:00+00:00,2026-10-07T21:27:47.786696+00:00,2026-10-07T21:27:47.786696+00:00,2026-10-08 00:20 (Local Time),KALOPANAYIOTIS,,,,,1,9,12.4,,14.3,12.3,5.6,0.9,,0.0,173.0,,,,90.0,0.0,,,2.880886,,
2026-10-07T21:20:00+00:00,2026-10-07T21:27:47.786696+00:00,2026-10-07T21:27:47.786696+00:00,2026-10-08 00:20 (Local Time),KAMPOS,,,,,1,11,17.0,15.2,18.0,16.8,2.2,0.8,4.0,0.0,146.0,,,,86.0,0.0,,,1.131777,,
2026-10-07T21:20:00+00:00,2026-10-07T21:27:47.786696+00:00,2026-10-07T21:27:47.786696+00:00,2026-10-08 00:20 (Local Time),KANNAVIOU,,,,,1,6,15.7,,18.0,15.7,,4.5,,,,,,,79.0,0.0,,,,,
2026-10-07T21:20:00+00:00,2026-10-07T21:27:47.786696+00:00,2026-10-07T21:27:47.786696+00:00,2026-10-08 00:20 (Local Time),KATHIKAS,,,,,1,6,17.4,,17.7,17.0,,,,,,,,,90.0,0.0,,,,,"{""Accumulated Rainfall (24 hours)"": {""unit"": ""mm"", ""value"": 0.0}}"
2026-10-07T21:20:00+00:00,2026-10-07T21:27:47.786696+00:00,2026-10-07T21:27:47.786696+00:00,2026-10-08 00:20 (Local Time),KEPNIC,,,,,1,1,,,,,,,,,,,,,,0.0,,,,,
2026-10-07T21:20:00+00:00,2026-10-07T21:27:47.786696+00:00,2026-10-07T21:27:47.786696+00:00,2026-10-08 00:20 (Local Time),KILANI,,,,,1,7,12.9,,14.1,12.8,,1.0,,4.0,,,,,80.0,0.0,,,,,
2026-10-07T21:20:00+00:00,2026-10-07T21:27:47.786696+00:00,2026-10-07T21:27:47.786696+00:00,2026-10-08 00:20 (Local Time),KORNOS,,,,,1,3,16.8,,,,,,,,,,,,90.0,0.0,,,,,
2026-10-07T21:20:00+00:00,2026-10-07T21:27:47.786696+00:00,2026-10-07T21:27:47.786696+00:00,2026-10-08 00:20 (Local Time),KOURIS,,,,,1,8,18.7,,20.7,18.6,13.8,4.5,,,16.0,,,,62.0,0.0,,,7.099327,,
2026-10-07T21:20:00+00:00,2026-10-07T21:27:47.786696+00:00,2026-10-07T21:27:47.786696+00:00,2026-10-08 00:20 (Local Time),KPYRGOS,,,,,1,8,18.7,,19.5,18.7,5.1,1.8,,,145.0,,,,82.0,0.0,,,2.623664,,
2026-10-07T21:20:00+00:00,2026-10-07T21:27:47.786696+00:00,2026-10-07T21:27:47.786696+00:00,2026-10-08 00:20 (Local Time),KYPEROUNTA,,,,,1,6,12.9,,14.6,12.8,,1.2,,0.0,,,,,61.0,,,,,,
2026-10-07T21:20:00+00:00,2026-10-07T21:27:47.786696+00:00,2026-10-07T21:27:47.786696+00:00,2026-10-08 00:20 (Local Time),LCLK,,,,,1,9,19.6,,21.4,19.5,,0.6,,,,,,,79.0,0.0,,,,,"{""Atmospheric Pressure (QNH)"": {""unit"": ""hPa"", ""value"": 1020.2}, ""Wind Direction (10m) at Runway 22"": {""unit"": ""Degrees"", ""value"": 290.0}, ""Wind Speed (10m) at Runway 22"": {""unit"": ""Knots"", ""value"": 3.5}}"
2026-10-07T21:20:00+00:00,2026-10-07T21:27:47.786696+00:00,2026-10-07T21:27:47.786696+00:00,2026-10-08 00:20 (Local Time),LCPH,,,,,1,9,20.8,,23.2,20.7,,0.8,,,,,,,74.0,0.0,,,,,"{""Atmospheric Pressure (QNH)"": {""unit"": ""hPa"", ""value"": 1020.1}, ""Wind Direction (10m) at Runway 29"": {""unit"": ""Degrees"", ""value"": 41.0}, ""Wind Speed (10m) at Runway 29"": {""unit"": ""Knots"", ""value"": 4.6}}"
2026-10-07T21:20:00+00:00,2026-10-07T21:27:47.786696+00:00,2026-10-07T21:27:47.786696+00:00,2026-10-08 00:20 (Local Time),LEFKARA,,,,,1,6,16.1,,17.5,16.0,,2.0,,,,,,,83.0,0.0,,,,,
2026-10-07T21:20:00+00:00,2026-10-07T21:27:47.786696+00:00,2026-10-07T21:27:47.786696+00:00,2026-10-08 00:20 (Local Time),LEFKOSIA,,,,,1,7,17.0,,18.8,16.9,,0.8,,,,,,,89.0,0.0,,,,,"{""Accumulated Rainfall (24 hours)"": {""unit"": ""mm"", ""value"": 0.0}}"
2026-10-07T21:20:00+00:00,2026-10-07T21:27:47.786696+00:00,2026-10-07T21:27:47.786696+00:00,2026-10-08 00:20 (Local Time),LIMASSOL,,,,,1,10,20.2,,22.4,20.2,,1.1,,0.0,,,,,73.0,0.0,1018.8,,,,"{""Wind Direction (10m) at Port Gate"": {""unit"": ""Degrees"", ""value"": 6.0}, ""Wind Speed (10m) at Port Gate"": {""unit"": ""Knots"", ""value"": 3.3}}"
2026-10-07T21:20:00+00:00,2026-10-07T21:27:47.786696+00:00,2026-10-07T21:27:47.786696+00:00,2026-10-08 00:20 (Local Time),LINOU,,,,,1,9,17.2,,18.6,17.1,5.8,2.1,,,162.0,,,,69.0,0.0,973.6,,2.983775,,
2026-10-07T21:20:00+00:00,2026-10-07T21:27:47.786696+00:00,2026-10-07T21:27:47.786696+00:00,2026-10-08 00:20 (Local Time),LYSOS,,,,,1,7,14.8,,15.2,14.6,2.4,,,,48.0,,,,89.0,0.0,,,1.234666,,
2026-10-07T21:20:00+00:00,2026-10-07T21:27:47.786696+00:00,2026-10-07T21:27:47.786696+00:00,2026-10-08 00:20 (Local Time),MALLIA,,,,,1,10,12.7,11.0,15.4,12.7,3.3,0.6,,11.0,73.0,,,,85.0,0.0,,,1.697665,,
2026-10-07T21:20:00+00:00,2026-10-07T21:27:47.786696+00:00,2026-10-07T21:27:47.786696+00:00,2026-10-08 00:20 (Local Time),MAMMARI,,,,,1,10,19.2,,21.0,19.0,,2.8,,4.0,,,,,79.0,0.0,,,,,"{""Atmospheric Pressure (QNH)"": {""unit"": ""hPa"", ""value"": 1021.2}, ""Wind Direction (10m) at Runway 12"": {""unit"": ""Degrees"", ""value"": 218.0}, ""Wind Speed (10m) at Runway 12"": {""unit"": ""Knots"", ""value"": 7.8}}"
2026-10-07T21:20:00+00:00,2026-10-07T21:27:47.786696+00:00,2026-10-07T21:27:47.786696+00:00,2026-10-08 00:20 (Local Time),MATHIATIS,,,,,1,10,14.8,,16.6,14.8,2.4,0.3,4.0,0.0,273.0,,,,85.0,0.0,,,1.234666,,
2026-10-07T21:20:00+00:00,2026-10-07T21:27:47.786696+00:00,2026-10-07T21:27:47.786696+00:00,2026-10-08 00:20 (Local Time),PANAGIA_BRIDGE,,,,,1,6,13.9,14.4,16.7,13.9,,,,,,,,,98.0,0.0,,,,,
2026-10-07T21:20:00+00:00,2026-10-07T21:27:47.786696+00:00,2026-10-07T21:27:47.786696+00:00,2026-10-08 00:20 (Local Time),PAPHOS,,,,,1,8,19.5,,20.8,19.5,2.7,1.4,,,20.0,,,,78.0,0.0,,,1.388999,,
2026-10-07T21:20:00+00:00,2026-10-07T21:27:47.786696+00:00,2026-10-07T21:27:47.786696+00:00,2026-10-08 00:20 (Local Time),PAREKLISIA,,,,,1,7,18.6,,21.2,18.6,1.9,,,,49.0,,,,79.0,0.0,,,0.977444,,
2026-10-07T21:20:00+00:00,2026-10-07T21:27:47.786696+00:00,2026-10-07T21:27:47.786696+00:00,2026-10-08 00:20 (Local Time),PENTAKOMO,,,,,1,8,22.0,,23.1,21.9,3.9,1.4,,,335.0,,,,70.0,0.0,,,2.006332,,
2026-10-07T21:20:00+00:00,2026-10-07T21:27:47.786696+00:00,2026-10-07T21:27:47.786696+00:00,2026-10-08 00:20 (Local Time),PLATANIA,,,,,1,6,10.7,,11.0,10.2,,0.5,,,,,,,84.0,0.0,,,,,
2026-10-07T21:20:00+00:00,2026-10-07T21:27:47.786696+00:00,2026-10-07T21:27:47.786696+00:00,2026-10-08 00:20 (Local Time),POLIS,,,,,1,11,18.9,,20.2,18.9,6.3,1.4,4.0,,151.0,,,,83.0,0.0,1016.8,,3.240997,,"{""Atmospheric Pressure (Mean Sea Level)"": {""unit"": ""hPa"", ""value"": 1019.5}}"
2026-10-07T21:20:00+00:00,2026-10-07T21:27:47.786696+00:00,2026-10-07T21:27:47.786696+00:00,2026-10-08 00:20 (Local Time),POLYSTYPOS,,,,,1,8,14.5,,14.8,14.0,0.8,0.1,,,334.0,,,,60.0,0.0,,,0.411555,,
2026-10-07T21:20:00+00:00,2026-10-07T21:27:47.786696+00:00,2026-10-07T21:27:47.786696+00:00,2026-10-08 00:20 (Local Time),PRODROMOS,,,,,1,9,10.9,,12.1,10.4,3.5,0.4,,0.0,78.0,,,,66.0,0.0,,,1.800554,,
2026-10-07T21:20:00+00:00,2026-10-07T21:27:47.786696+00:00,2026-10-07T21:27:47.786696+00:00,2026-10-08 00:20 (Local Time),PYRGOS,,,,,1,5,17.4,,,,2.8,,,,23.2,,,,92.0,0.0,,,1.440443,,
2026-10-07T21:20:00+00:00,2026-10-07T21:27:47.786696+00:00,2026-10-07T21:27:47.786696+00:00,2026-10-08 00:20 (Local Time),SAITTAS,,,,,1,5,14.5,,16.3,13.9,,,,,,,,,70.0,0.0,,,,,
2026-10-07T21:20:00+00:00,2026-10-07T21:27:47.786696+00:00,2026-10-07T21:27:47.786696+00:00,2026-10-08 00:20 (Local Time),TAMASOS,,,,,1,9,15.4,14.9,17.4,15.2,3.6,0.5,,,175.0,,,,92.0,0.0,,,1.851998,,
2026-10-07T21:20:00+00:00,2026-10-07T21:27:47.786696+00:00,2026-10-07T21:27:47.786696+00:00,2026-10-08 00:20 (Local Time),TEPAK,,,,,1,9,19.9,,22.5,19.8,2.1,0.2,,,339.0,,,,72.0,0.0,,,1.080332,,"{""Accumulated Rainfall (24 hours)"": {""unit"": ""mm"", ""value"": 0.0}}"
2026-10-07T21:20:00+00:00,2026-10-07T21:27:47.786696+00:00,2026-10-07T21:27:47.786696+00:00,2026-10-08 00:20 (Local Time),TRIPILOS,,,,,1,7,11.8,,12.5,11.6,2.7,,,,94.0,,,,76.0,0.0,,,1.388999,,
2026-10-07T21:20:00+00:00,2026-10-07T21:27:47.786696+00:00,2026-10-07T21:27:47.786696+00:00,2026-10-08 00:20 (Local Time),TROODOS,,,,,1,9,9.5,,9.8,8.4,1.5,0.5,,,121.0,,,,68.0,0.0,833.1,,0.771666,,
2026-10-07T21:20:00+00:00,2026-10-07T21:27:47.786696+00:00,2026-10-07T21:27:47.786696+00:00,2026-10-08 00:20 (Local Time),VISITOR,,,,,1,7,17.8,,20.2,17.8,1.0,,,,233.0,,,,100.0,0.0,,,0.514444,,
2026-10-07T21:20:00+00:00,2026-10-07T21:27:47.786696+00:00,2026-10-07T21:27:47.786696+00:00,2026-10-08 00:20 (Local Time),XYLIATOS,,,,,1,8,15.6,,17.3,15.5,1.7,,,7.0,195.0,,,,87.0,0.0,,,0.874555,,
2026-10-07T21:20:00+00:00,2026-10-07T21:27:47.786696+00:00,2026-10-07T21:27:47.786696+00:00,2026-10-08 00:20 (Local Time),XYLOPHAGOU,,,,,1,9,19.2,19.6,22.6,19.2,2.2,0.0,,,339.0,,,,87.0,0.0,,,1.131777,,
2026-10-07T21:20:00+00:00,2026-10-07T21:27:47.786696+00:00,2026-10-07T21:27:47.786696+00:00,2026-10-08 00:20 (Local Time),ZYGI,,,,,1,9,18.7,17.9,21.7,18.6,3.8,0.6,,,344.0,,,,77.0,0.0,,,1.954887,,
2026-10-08T01:10:00+00:00,2026-10-08T01:10:31.945571+00:00,2026-10-08T01:10:31.945571+00:00,2026-10-08 04:00 (Local Time),ACHNA,,,,,1,8,19.5,,21.3,18.6,3.0,1.0,,,310.0,,,,82.0,0.0,,,1.543332,,
2026-10-08T01:10:00+00:00,2026-10-08T01:10:31.945571+00:00,2026-10-08T01:10:31.945571+00:00,2026-10-08 04:00 (Local Time),AGROS,,,,,1,10,12.2,,15.1,11.7,3.3,1.4,3.0,0.0,329.0,,,,78.0,0.0,,,1.697665,,
2026-10-08T01:10:00+00:00,2026-10-08T01:10:31.945571+00:00,2026-10-08T01:10:31.945571+00:00,2026-10-08 04:00 (Local Time),AKAMAS,,,,,1,7,18.7,,19.9,18.7,6.7,,,,31.0,,,,88.0,0.0,,,3.446775,,
2026-10-08T01:10:00+00:00,2026-10-08T01:10:31.945571+00:00,2026-10-08T01:10:31.945571+00:00,2026-10-08 04:00 (Local Time),ALONOUDI,,,,,1,5,12.6,,15.9,12.5,,,,,,,,,92.0,0.0,,,,,
2026-10-08T01:10:00+00:00,2026-10-08T01:10:31.945571+00:00,2026-10-08T01:10:31.945571+00:00,2026-10-08 04:00 (Local Time),AMARGETI,,,,,1,9,17.2,,18.4,16.0,3.8,1.1,,,330.0,,,,74.0,0.0,968.1,,1.954887,,
2026-10-08T01:10:00+00:00,2026-10-08T01:10:31.945571+00:00,2026-10-08T01:10:31.945571+00:00,2026-10-08 04:00 (Local Time),ASTROMERITIS,,,,,1,6,17.1,,,,7.4,2.0,,,174.0,,,,79.0,0.0,,,3.806886,,
2026-10-08T01:10:00+00:00,2026-10-08T01:10:31.945571+00:00,2026-10-08T01:10:31.945571+00:00,2026-10-08 04:00 (Local Time),ATHALASSA,,,,,1,11,16.7,13.5,20.1,16.6,1.7,0.4,,,227.0,,,,89.0,0.0,1001.1,,0.874555,,"{""Atmospheric Pressure (Mean Sea Level)"": {""unit"": ""hPa"", ""value"": 1020.4}}"
2026-10-08T01:10:00+00:00,2026-10-08T01:10:31.945571+00:00,2026-10-08T01:10:31.945571+00:00,2026-10-08 04:00 (Local Time),ATHIENOU,,,,,1,9,17.8,14.7,20.4,17.6,4.5,0.4,,,239.0,,,,89.0,0.0,,,2.314998,,
2026-10-08T01:10:00+00:00,2026-10-08T01:10:31.945571+00:00,2026-10-08T01:10:31.945571+00:00,2026-10-08 04:00 (Local Time),AVDIMOU,,,,,1,11,16.8,13.5,20.3,15.8,2.4,0.6,3.0,3.0,312.0,,,,78.0,0.0,,,1.234666,,
2026-10-08T01:10:00+00:00,2026-10-08T01:10:31.945571+00:00,2026-10-08T01:10:31.945571+00:00,2026-10-08 04:00 (Local Time),CAVO_GRECO,,,,,1,9,19.5,,21.9,18.3,5.5,1.3,,,325.0,,,,84.0,0.0,1012.1,,2.829442,,
2026-10-08T01:10:00+00:00,2026-10-08T01:10:31.945571+00:00,2026-10-08T01:10:31.945571+00:00,2026-10-08 04:00 (Local Time),CHROMIO,,,,,1,9,9.2,,9.9,8.2,2.1,0.5,,,269.0,,,,60.0,0.0,,,1.080332,,"{""Snow Depth"": {""unit"": ""cm"", ""value"": 0.0}}"
2026-10-08T01:10:00+00:00,2026-10-08T01:10:31.945571+00:00,2026-10-08T01:10:31.945571+00:00,2026-10-08 04:00 (Local Time),CYTASAT,,,,,1,10,16.5,,18.5,15.5,1.7,0.4,,,1.0,,,,86.0,0.0,993.7,,0.874555,,"{""Atmospheric Pressure (Mean Sea Level)"": {""unit"": ""hPa"", ""value"": 1021.1}}"
2026-10-08T01:10:00+00:00,2026-10-08T01:10:31.945571+00:00,2026-10-08T01:10:31.945571+00:00,2026-10-08 04:00 (Local Time),EPTAGONEIA,,,,,1,8,11.9,,16.1,11.8,1.5,0.1,,,269.0,,,,86.0,0.0,,,0.771666,,
2026-10-08T01:10:00+00:00,2026-10-08T01:10:31.945571+00:00,2026-10-08T01:10:31.945571+00:00,2026-10-08 04:00 (Local Time),FANEROMENI,,,,,1,4,19.2,,,,,,,,,,,,84.0,0.0,,,,,"{""Rain Intensity (10 min.)"": {""unit"": ""mm/min"", ""value"": 0.0}}"
2026-10-08T01:10:00+00:00,2026-10-08T01:10:31.945571+00:00,2026-10-08T01:10:31.945571+00:00,2026-10-08 04:00 (Local Time),FARMAKAS,,,,,1,10,11.5,,14.8,11.5,6.3,1.7,2.0,0.0,351.0,,,,86.0,0.0,,,3.240997,,
2026-10-08T01:10:00+00:00,2026-10-08T01:10:31.945571+00:00,2026-10-08T01:10:31.945571+00:00,2026-10-08 04:00 (Local Time),FRENAROS,,,,,1,11,18.0,16.4,21.7,17.9,4.2,1.2,,0.0,311.0,,,,91.0,0.0,1009.4,,2.160665,,
2026-10-08T01:10:00+00:00,2026-10-08T01:10:31.945571+00:00,2026-10-08T01:10:31.945571+00:00,2026-10-08 04:00 (Local Time),KALAVASOS,,,,,1,5,17.2,,19.9,17.2,,,,,,,,,74.0,0.0,,,,,
2026-10-08T01:10:00+00:00,2026-10-08T01:10:31.945571+00:00,2026-10-08T01:10:31.945571+00:00,2026-10-08 04:00 (Local Time),KALOPANAYIOTIS,,,,,1,9,11.8,,14.3,11.7,5.1,1.1,,0.0,169.0,,,,90.0,0.0,,,2.623664,,
2026-10-08T01:10:00+00:00,2026-10-08T01:10:31.945571+00:00,2026-10-08T01:10:31.945571+00:00,2026-10-08 04:00 (Local Time),KAMPOS,,,,,1,11,16.4,14.9,18.0,16.3,0.0,0.0,4.0,0.0,106.0,,,,92.0,0.0,,,0.0,,
2026-10-08T01:10:00+00:00,2026-10-08T01:10:31.945571+00:00,2026-10-08T01:10:31.945571+00:00,2026-10-08 04:00 (Local Time),KANNAVIOU,,,,,1,6,15.1,,18.0,15.0,,4.5,,,,,,,77.0,0.0,,,,,
2026-10-08T01:10:00+00:00,2026-10-08T01:10:31.945571+00:00,2026-10-08T01:10:31.945571+00:00,2026-10-08 04:00 (Local Time),KATHIKAS,,,,,1,6,16.8,,17.7,16.7,,,,,,,,,91.0,0.0,,,,,"{""Accumulated Rainfall (24 hours)"": {""unit"": ""mm"", ""value"": 0.0}}"
2026-10-08T01:10:00+00:00,2026-10-08T01:10:31.945571+00:00,2026-10-08T01:10:31.945571+00:00,2026-10-08 04:00 (Local Time),KEPNIC,,,,,1,1,,,,,,,,,,,,,,0.0,,,,,
2026-10-08T01:10:00+00:00,2026-10-08T01:10:31.945571+00:00,2026-10-08T01:10:31.945571+00:00,2026-10-08 04:00 (Local Time),KILANI,,,,,1,7,12.8,,14.1,12.2,,1.7,,4.0,,,,,73.0,0.0,,,,,
2026-10-08T01:10:00+00:00,2026-10-08T01:10:31.945571+00:00,2026-10-08T01:10:31.945571+00:00,2026-10-08 04:00 (Local Time),KORNOS,,,,,1,3,15.7,,,,,,,,,,,,94.0,0.0,,,,,
2026-10-08T01:10:00+00:00,2026-10-08T01:10:31.945571+00:00,2026-10-08T01:10:31.945571+00:00,2026-10-08 04:00 (Local Time),KOURIS,,,,,1,8,17.7,,20.7,17.6,11.7,4.2,,,16.0,,,,61.0,0.0,,,6.018995,,
2026-10-08T01:10:00+00:00,2026-10-08T01:10:31.945571+00:00,2026-10-08T01:10:31.945571+00:00,2026-10-08 04:00 (Local Time),KPYRGOS,,,,,1,8,18.1,,19.5,18.0,5.8,2.0,,,145.0,,,,82.0,0.0,,,2.983775,,
2026-10-08T01:10:00+00:00,2026-10-08T01:10:31.945571+00:00,2026-10-08T01:10:31.945571+00:00,2026-10-08 04:00 (Local Time),KYPEROUNTA,,,,,1,6,13.0,,14.6,12.5,,1.0,,0.0,,,,,59.0,,,,,,
2026-10-08T01:10:00+00:00,2026-10-08T01:10:31.945571+00:00,2026-10-08T01:10:31.945571+00:00,2026-10-08 04:00 (Local Time),LCLK,,,,,1,9,18.3,,21.4,18.1,,1.5,,,,,,,86.0,0.0,,,,,"{""Atmospheric Pressure (QNH)"": {""unit"": ""hPa"", ""value"": 1019.7}, ""Wind Direction (10m) at Runway 22"": {""unit"": ""Degrees"", ""value"": 315.0}, ""Wind Speed (10m) at Runway 22"": {""unit"": ""Knots"", ""value"": 4.9}}"
2026-10-08T01:10:00+00:00,2026-10-08T01:10:31.945571+00:00,2026-10-08T01:10:31.945571+00:00,2026-10-08 04:00 (Local Time),LCPH,,,,,1,9,19.5,,23.2,19.4,,0.9,,,,,,,72.0,0.0,,,,,"{""Atmospheric Pressure (QNH)"": {""unit"": ""hPa"", ""value"": 1019.4}, ""Wind Direction (10m) at Runway 29"": {""unit"": ""Degrees"", ""value"": 42.0}, ""Wind Speed (10m) at Runway 29"": {""unit"": ""Knots"", ""value"": 5.6}}"
2026-10-08T01:10:00+00:00,2026-10-08T01:10:31.945571+00:00,2026-10-08T01:10:31.945571+00:00,2026-10-08 04:00 (Local Time),LEFKARA,,,,,1,6,15.4,,17.5,15.4,,1.2,,,,,,,80.0,0.0,,,,,
2026-10-08T01:10:00+00:00,2026-10-08T01:10:31.945571+00:00,2026-10-08T01:10:31.945571+00:00,2026-10-08 04:00 (Local Time),LEFKOSIA,,,,,1,7,15.3,,18.8,15.1,,0.8,,,,,,,93.0,0.0,,,,,"{""Accumulated Rainfall (24 hours)"": {""unit"": ""mm"", ""value"": 0.0}}"
2026-10-08T01:10:00+00:00,2026-10-08T01:10:31.945571+00:00,2026-10-08T01:10:31.945571+00:00,2026-10-08 04:00 (Local Time),LIMASSOL,,,,,1,10,18.2,,22.4,18.2,,0.8,,0.0,,,,,67.0,0.0,1018.3,,,,"{""Wind Direction (10m) at Port Gate"": {""unit"": ""Degrees"", ""value"": 352.0}, ""Wind Speed (10m) at Port Gate"": {""unit"": ""Knots"", ""value"": 2.9}}"
2026-10-08T01:10:00+00:00,2026-10-08T01:10:31.945571+00:00,2026-10-08T01:10:31.945571+00:00,2026-10-08 04:00 (Local Time),LINOU,,,,,1,9,16.8,,18.6,16.6,4.8,2.0,,,176.0,,,,76.0,0.0,973.0,,2.469331,,
2026-10-08T01:10:00+00:00,2026-10-08T01:10:31.945571+00:00,2026-10-08T01:10:31.945571+00:00,2026-10-08 04:00 (Local Time),LYSOS,,,,,1,7,14.3,,15.2,14.2,3.4,,,,20.0,,,,85.0,0.0,,,1.74911,,
2026-10-08T01:10:00+00:00,2026-10-08T01:10:31.945571+00:00,2026-10-08T01:10:31.945571+00:00,2026-10-08 04:00 (Local Time),MALLIA,,,,,1,10,11.9,9.5,15.4,11.8,3.1,0.7,,11.0,61.0,,,,79.0,0.0,,,1.594776,,
2026-10-08T01:10:00+00:00,2026-10-08T01:10:31.945571+00:00,2026-10-08T01:10:31.945571+00:00,2026-10-08 04:00 (Local Time),MAMMARI,,,,,1,10,17.4,,21.0,17.3,,2.0,,3.0,,,,,86.0,0.0,,,,,"{""Atmospheric Pressure (QNH)"": {""unit"": ""hPa"", ""value"": 1020.6}, ""Wind Direction (10m) at Runway 12"": {""unit"": ""Degrees"", ""value"": 209.0}, ""Wind Speed (10m) at Runway 12"": {""unit"": ""Knots"", ""value"": 5.5}}"
2026-10-08T01:10:00+00:00,2026-10-08T01:10:31.945571+00:00,2026-10-08T01:10:31.945571+00:00,2026-10-08 04:00 (Local Time),MATHIATIS,,,,,1,10,14.4,,16.6,14.4,2.7,0.4,4.0,0.0,277.0,,,,89.0,0.0,,,1.388999,,
2026-10-08T01:10:00+00:00,2026-10-08T01:10:31.945571+00:00,2026-10-08T01:10:31.945571+00:00,2026-10-08 04:00 (Local Time),PANAGIA_BRIDGE,,,,,1,6,12.5,12.9,16.7,12.4,,,,,,,,,97.0,0.0,,,,,
2026-10-08T01:10:00+00:00,2026-10-08T01:10:31.945571+00:00,2026-10-08T01:10:31.945571+00:00,2026-10-08 04:00 (Local Time),PAPHOS,,,,,1,8,18.1,,20.8,18.0,2.3,1.0,,,22.0,,,,78.0,0.0,,,1.183221,,
2026-10-08T01:10:00+00:00,2026-10-08T01:10:31.945571+00:00,2026-10-08T01:10:31.945571+00:00,2026-10-08 04:00 (Local Time),PAREKLISIA,,,,,1,7,17.0,,21.2,16.8,1.8,,,,41.0,,,,74.0,0.0,,,0.925999,,
2026-10-08T01:10:00+00:00,2026-10-08T01:10:31.945571+00:00,2026-10-08T01:10:31.945571+00:00,2026-10-08 04:00 (Local Time),PENTAKOMO,,,,,1,8,20.4,,23.1,20.3,3.5,0.7,,,326.0,,,,66.0,0.0,,,1.800554,,
2026-10-08T01:10:00+00:00,2026-10-08T01:10:31.945571+00:00,2026-10-08T01:10:31.945571+00:00,2026-10-08 04:00 (Local Time),PLATANIA,,,,,1,6,10.3,,11.1,10.2,,0.3,,,,,,,81.0,0.0,,,,,
2026-10-08T01:10:00+00:00,2026-10-08T01:10:31.945571+00:00,2026-10-08T01:10:31.945571+00:00,2026-10-08 04:00 (Local Time),POLIS,,,,,1,11,18.1,,20.2,18.0,4.7,1.1,4.0,,152.0,,,,84.0,0.0,1016.2,,2.417887,,"{""Atmospheric Pressure (Mean Sea Level)"": {""unit"": ""hPa"", ""value"": 1018.9}}"
2026-10-08T01:10:00+00:00,2026-10-08T01:10:31.945571+00:00,2026-10-08T01:10:31.945571+00:00,2026-10-08 04:00 (Local Time),POLYSTYPOS,,,,,1,8,13.8,,14.8,13.4,0.7,0.1,,,335.0,,,,62.0,0.0,,,0.360111,,
2026-10-08T01:10:00+00:00,2026-10-08T01:10:31.945571+00:00,2026-10-08T01:10:31.945571+00:00,2026-10-08 04:00 (Local Time),PRODROMOS,,,,,1,9,11.4,,12.6,10.4,2.7,0.3,,0.0,131.0,,,,62.0,0.0,,,1.388999,,
2026-10-08T01:10:00+00:00,2026-10-08T01:10:31.945571+00:00,2026-10-08T01:10:31.945571+00:00,2026-10-08 04:00 (Local Time),PYRGOS,,,,,1,5,16.4,,,,2.7,,,,51.1,,,,95.0,0.0,,,1.388999,,
2026-10-08T01:10:00+00:00,2026-10-08T01:10:31.945571+00:00,2026-10-08T01:10:31.945571+00:00,2026-10-08 04:00 (Local Time),SAITTAS,,,,,1,5,13.4,,16.3,12.9,,,,,,,,,72.0,0.0,,,,,
2026-10-08T01:10:00+00:00,2026-10-08T01:10:31.945571+00:00,2026-10-08T01:10:31.945571+00:00,2026-10-08 04:00 (Local Time),TAMASOS,,,,,1,9,15.1,14.6,17.4,15.0,2.4,0.8,,,201.0,,,,99.0,0.0,,,1.234666,,
2026-10-08T01:10:00+00:00,2026-10-08T01:10:31.945571+00:00,2026-10-08T01:10:31.945571+00:00,2026-10-08 04:00 (Local Time),TEPAK,,,,,1,9,18.3,,22.5,18.3,1.7,0.0,,,327.0,,,,64.0,0.0,,,0.874555,,"{""Accumulated Rainfall (24 hours)"": {""unit"": ""mm"", ""value"": 0.0}}"
2026-10-08T01:10:00+00:00,2026-10-08T01:10:31.945571+00:00,2026-10-08T01:10:31.945571+00:00,2026-10-08 04:00 (Local Time),TRIPILOS,,,,,1,7,12.0,,12.5,11.5,1.9,,,,89.0,,,,73.0,0.0,,,0.977444,,
2026-10-08T01:10:00+00:00,2026-10-08T01:10:31.945571+00:00,2026-10-08T01:10:31.945571+00:00,2026-10-08 04:00 (Local Time),TROODOS,,,,,1,9,8.2,,10.3,7.6,3.0,1.1,,,212.0,,,,76.0,0.0,832.2,,1.543332,,
2026-10-08T01:10:00+00:00,2026-10-08T01:10:31.945571+00:00,2026-10-08T01:10:31.945571+00:00,2026-10-08 04:00 (Local Time),VISITOR,,,,,1,7,16.5,,20.2,16.3,1.1,,,,235.0,,,,100.0,0.0,,,0.565888,,
2026-10-08T01:10:00+00:00,2026-10-08T01:10:31.945571+00:00,2026-10-08T01:10:31.945571+00:00,2026-10-08 04:00 (Local Time),XYLIATOS,,,,,1,8,15.2,,17.3,15.1,1.8,,,7.0,182.0,,,,91.0,0.0,,,0.925999,,
2026-10-08T01:10:00+00:00,2026-10-08T01:10:31.945571+00:00,2026-10-08T01:10:31.945571+00:00,2026-10-08 04:00 (Local Time),XYLOPHAGOU,,,,,1,9,18.1,18.5,22.6,18.1,3.7,0.4,,,337.0,,,,90.0,0.0,,,1.903443,,
2026-10-08T01:10:00+00:00,2026-10-08T01:10:31.945571+00:00,2026-10-08T01:10:31.945571+00:00,2026-10-08 04:00 (Local Time),ZYGI,,,,,1,9,17.6,16.2,21.7,17.5,3.4,0.5,,,324.0,,,,75.0,0.0,,,1.74911,,
2026-10-08T07:20:00+00:00,2026-10-08T07:23:55.718464+00:00,2026-10-08T07:23:55.718464+00:00,2026-10-08 10:10 (Local Time),ACHNA,,,,,1,8,25.9,,26.0,18.6,4.3,1.3,,,326.0,,,,58.0,0.0,,,2.212109,,
2026-10-08T07:20:00+00:00,2026-10-08T07:23:55.718464+00:00,2026-10-08T07:23:55.718464+00:00,2026-10-08 10:10 (Local Time),AGROS,,,,,1,10,20.6,,20.7,11.7,4.2,0.8,847.0,602.0,91.0,,,,46.0,0.0,,,2.160665,,
2026-10-08T07:20:00+00:00,2026-10-08T07:23:55.718464+00:00,2026-10-08T07:23:55.718464+00:00,2026-10-08 10:10 (Local Time),AKAMAS,,,,,1,7,23.8,,24.0,18.4,5.1,,,,216.0,,,,61.0,0.0,,,2.623664,,
2026-10-08T07:20:00+00:00,2026-10-08T07:23:55.718464+00:00,2026-10-08T07:23:55.718464+00:00,2026-10-08 10:10 (Local Time),ALONOUDI,,,,,1,5,23.7,,24.1,11.4,,,,,,,,,48.0,0.0,,,,,
2026-10-08T07:20:00+00:00,2026-10-08T07:23:55.718464+00:00,2026-10-08T07:23:55.718464+00:00,2026-10-08 10:10 (Local Time),AMARGETI,,,,,1,9,23.3,,24.4,16.0,3.2,1.4,,,280.0,,,,59.0,0.0,969.8,,1.646221,,
2026-10-08T07:20:00+00:00,2026-10-08T07:23:55.718464+00:00,2026-10-08T07:23:55.718464+00:00,2026-10-08 10:10 (Local Time),ASTROMERITIS,,,,,1,6,25.1,,,,3.2,1.4,,,51.0,,,,51.0,0.0,,,1.646221,,
2026-10-08T07:20:00+00:00,2026-10-08T07:23:55.718464+00:00,2026-10-08T07:23:55.718464+00:00,2026-10-08 10:10 (Local Time),ATHALASSA,,,,,1,11,24.2,27.1,24.4,16.4,2.8,1.6,,,314.0,,,,59.0,0.0,1002.4,,1.440443,,"{""Atmospheric Pressure (Mean Sea Level)"": {""unit"": ""hPa"", ""value"": 1021.2}}"
2026-10-08T07:20:00+00:00,2026-10-08T07:23:55.718464+00:00,2026-10-08T07:23:55.718464+00:00,2026-10-08 10:10 (Local Time),ATHIENOU,,,,,1,9,24.6,33.8,24.8,17.3,5.3,0.9,,,305.0,,,,60.0,0.0,,,2.726553,,
2026-10-08T07:20:00+00:00,2026-10-08T07:23:55.718464+00:00,2026-10-08T07:23:55.718464+00:00,2026-10-08 10:10 (Local Time),AVDIMOU,,,,,1,11,26.7,36.5,26.9,15.6,2.3,1.1,971.0,596.0,194.0,,,,45.0,0.0,,,1.183221,,
2026-10-08T07:20:00+00:00,2026-10-08T07:23:55.718464+00:00,2026-10-08T07:23:55.718464+00:00,2026-10-08 10:10 (Local Time),CAVO_GRECO,,,,,1,9,25.8,,25.8,18.3,4.9,2.0,,,32.0,,,,61.0,0.0,1013.6,,2.520776,,
2026-10-08T07:20:00+00:00,2026-10-08T07:23:55.718464+00:00,2026-10-08T07:23:55.718464+00:00,2026-10-08 10:10 (Local Time),CHROMIO,,,,,1,9,13.1,,13.6,7.9,2.0,0.8,,,70.0,,,,60.0,0.1,,,1.028888,,"{""Snow Depth"": {""unit"": ""cm"", ""value"": 0.0}}"
2026-10-08T07:20:00+00:00,2026-10-08T07:23:55.718464+00:00,2026-10-08T07:23:55.718464+00:00,2026-10-08 10:10 (Local Time),CYTASAT,,,,,1,10,25.7,,25.9,15.5,3.3,1.3,,,357.0,,,,47.0,0.0,994.8,,1.697665,,"{""Atmospheric Pressure (Mean Sea Level)"": {""unit"": ""hPa"", ""value"": 1021.4}}"
2026-10-08T07:20:00+00:00,2026-10-08T07:23:55.718464+00:00,2026-10-08T07:23:55.718464+00:00,2026-10-08 10:10 (Local Time),EPTAGONEIA,,,,,1,8,24.2,,24.3,10.9,1.8,0.5,,,124.0,,,,45.0,0.0,,,0.925999,,
2026-10-08T07:20:00+00:00,2026-10-08T07:23:55.718464+00:00,2026-10-08T07:23:55.718464+00:00,2026-10-08 10:10 (Local Time),FANEROMENI,,,,,1,4,26.7,,,,,,,,,,,,57.0,0.0,,,,,"{""Rain Intensity (10 min.)"": {""unit"": ""mm/min"", ""value"": 0.0}}"
2026-10-08T07:20:00+00:00,2026-10-08T07:23:55.718464+00:00,2026-10-08T07:23:55.718464+00:00,2026-10-08 10:10 (Local Time),FARMAKAS,,,,,1,10,23.4,,23.5,11.3,6.2,0.7,884.0,576.0,350.0,,,,49.0,0.0,,,3.189553,,
2026-10-08T07:20:00+00:00,2026-10-08T07:23:55.718464+00:00,2026-10-08T07:23:55.718464+00:00,2026-10-08 10:10 (Local Time),FRENAROS,,,,,1,11,25.2,27.1,25.4,17.4,4.7,2.0,,592.0,333.0,,,,69.0,0.0,1010.7,,2.417887,,
2026-10-08T07:20:00+00:00,2026-10-08T07:23:55.718464+00:00,2026-10-08T07:23:55.718464+00:00,2026-10-08 10:10 (Local Time),KALAVASOS,,,,,1,5,28.4,,28.6,16.1,,,,,,,,,32.0,0.0,,,,,
2026-10-08T07:20:00+00:00,2026-10-08T07:23:55.718464+00:00,2026-10-08T07:23:55.718464+00:00,2026-10-08 10:10 (Local Time),KALOPANAYIOTIS,,,,,1,9,22.2,,22.4,11.6,1.3,0.4,,568.0,337.0,,,,59.0,0.0,,,0.668777,,
2026-10-08T07:20:00+00:00,2026-10-08T07:23:55.718464+00:00,2026-10-08T07:23:55.718464+00:00,2026-10-08 10:10 (Local Time),KAMPOS,,,,,1,11,24.0,23.7,24.2,16.3,3.8,1.8,1121.0,592.0,134.0,,,,49.0,0.0,,,1.954887,,
2026-10-08T07:20:00+00:00,2026-10-08T07:23:55.718464+00:00,2026-10-08T07:23:55.718464+00:00,2026-10-08 10:10 (Local Time),KANNAVIOU,,,,,1,6,23.1,,23.5,14.9,,1.0,,,,,,,54.0,0.0,,,,,
2026-10-08T07:20:00+00:00,2026-10-08T07:23:55.718464+00:00,2026-10-08T07:23:55.718464+00:00,2026-10-08 10:10 (Local Time),KATHIKAS,,,,,1,6,22.2,,22.7,16.6,,,,,,,,,63.0,0.0,,,,,"{""Accumulated Rainfall (24 hours)"": {""unit"": ""mm"", ""value"": 0.0}}"
2026-10-08T07:20:00+00:00,2026-10-08T07:23:55.718464+00:00,2026-10-08T07:23:55.718464+00:00,2026-10-08 10:10 (Local Time),KEPNIC,,,,,1,1,,,,,,,,,,,,,,0.0,,,,,
2026-10-08T07:20:00+00:00,2026-10-08T07:23:55.718464+00:00,2026-10-08T07:23:55.718464+00:00,2026-10-08 10:10 (Local Time),KILANI,,,,,1,7,20.9,,21.1,11.6,,2.0,,622.0,,,,,54.0,0.0,,,,,
2026-10-08T07:20:00+00:00,2026-10-08T07:23:55.718464+00:00,2026-10-08T07:23:55.718464+00:00,2026-10-08 10:10 (Local Time),KORNOS,,,,,1,3,24.5,,,,,,,,,,,,53.0,0.0,,,,,
2026-10-08T07:20:00+00:00,2026-10-08T07:23:55.718464+00:00,2026-10-08T07:23:55.718464+00:00,2026-10-08 10:10 (Local Time),KOURIS,,,,,1,8,24.9,,25.0,17.2,1.8,0.8,,,285.0,,,,43.0,0.0,,,0.925999,,
2026-10-08T07:20:00+00:00,2026-10-08T07:23:55.718464+00:00,2026-10-08T07:23:55.718464+00:00,2026-10-08 10:10 (Local Time),KPYRGOS,,,,,1,8,25.2,,25.8,17.9,3.4,1.6,,,17.0,,,,65.0,0.0,,,1.74911,,
2026-10-08T07:20:00+00:00,2026-10-08T07:23:55.718464+00:00,2026-10-08T07:23:55.718464+00:00,2026-10-08 10:10 (Local Time),KYPEROUNTA,,,,,1,6,15.6,,16.0,12.0,,2.6,,658.0,,,,,56.0,,,,,,
2026-10-08T07:20:00+00:00,2026-10-08T07:23:55.718464+00:00,2026-10-08T07:23:55.718464+00:00,2026-10-08 10:10 (Local Time),LCLK,,,,,1,9,26.6,,26.9,17.7,,1.9,,,,,,,53.0,0.0,,,,,"{""Atmospheric Pressure (QNH)"": {""unit"": ""hPa"", ""value"": 1020.9}, ""Wind Direction (10m) at Runway 22"": {""unit"": ""Degrees"", ""value"": 32.0}, ""Wind Speed (10m) at Runway 22"": {""unit"": ""Knots"", ""value"": 4.3}}"
2026-10-08T07:20:00+00:00,2026-10-08T07:23:55.718464+00:00,2026-10-08T07:23:55.718464+00:00,2026-10-08 10:10 (Local Time),LCPH,,,,,1,9,25.5,,26.6,18.7,,1.5,,,,,,,60.0,0.0,,,,,"{""Atmospheric Pressure (QNH)"": {""unit"": ""hPa"", ""value"": 1021.0}, ""Wind Direction (10m) at Runway 29"": {""unit"": ""Degrees"", ""value"": 148.0}, ""Wind Speed (10m) at Runway 29"": {""unit"": ""Knots"", ""value"": 4.2}}"
2026-10-08T07:20:00+00:00,2026-10-08T07:23:55.718464+00:00,2026-10-08T07:23:55.718464+00:00,2026-10-08 10:10 (Local Time),LEFKARA,,,,,1,6,23.5,,23.8,14.1,,1.2,,,,,,,50.0,0.0,,,,,
2026-10-08T07:20:00+00:00,2026-10-08T07:23:55.718464+00:00,2026-10-08T07:23:55.718464+00:00,2026-10-08 10:10 (Local Time),LEFKOSIA,,,,,1,7,24.8,,25.0,14.4,,1.0,,,,,,,59.0,0.0,,,,,"{""Accumulated Rainfall (24 hours)"": {""unit"": ""mm"", ""value"": 0.0}}"
2026-10-08T07:20:00+00:00,2026-10-08T07:23:55.718464+00:00,2026-10-08T07:23:55.718464+00:00,2026-10-08 10:10 (Local Time),LIMASSOL,,,,,1,10,27.1,,27.1,17.6,,1.2,,601.0,,,,,46.0,0.0,1019.8,,,,"{""Wind Direction (10m) at Port Gate"": {""unit"": ""Degrees"", ""value"": 127.0}, ""Wind Speed (10m) at Port Gate"": {""unit"": ""Knots"", ""value"": 3.0}}"
2026-10-08T07:20:00+00:00,2026-10-08T07:23:55.718464+00:00,2026-10-08T07:23:55.718464+00:00,2026-10-08 10:10 (Local Time),LINOU,,,,,1,9,24.4,,25.4,16.5,3.5,1.8,,,64.0,,,,49.0,0.0,974.3,,1.800554,,
2026-10-08T07:20:00+00:00,2026-10-08T07:23:55.718464+00:00,2026-10-08T07:23:55.718464+00:00,2026-10-08 10:10 (Local Time),LYSOS,,,,,1,7,21.4,,21.5,13.8,2.3,,,,338.0,,,,56.0,0.0,,,1.183221,,
2026-10-08T07:20:00+00:00,2026-10-08T07:23:55.718464+00:00,2026-10-08T07:23:55.718464+00:00,2026-10-08 10:10 (Local Time),MALLIA,,,,,1,10,24.6,29.4,25.1,11.6,2.4,1.0,,639.0,214.0,,,,43.0,0.0,,,1.234666,,
2026-10-08T07:20:00+00:00,2026-10-08T07:23:55.718464+00:00,2026-10-08T07:23:55.718464+00:00,2026-10-08 10:10 (Local Time),MAMMARI,,,,,1,10,24.4,,24.6,16.6,,1.3,,596.0,,,,,61.0,0.0,,,,,"{""Atmospheric Pressure (QNH)"": {""unit"": ""hPa"", ""value"": 1022.1}, ""Wind Direction (10m) at Runway 12"": {""unit"": ""Degrees"", ""value"": 21.0}, ""Wind Speed (10m) at Runway 12"": {""unit"": ""Knots"", ""value"": 2.2}}"
2026-10-08T07:20:00+00:00,2026-10-08T07:23:55.718464+00:00,2026-10-08T07:23:55.718464+00:00,2026-10-08 10:10 (Local Time),MATHIATIS,,,,,1,10,24.4,,24.9,13.9,3.5,0.7,745.0,601.0,15.0,,,,53.0,0.0,,,1.800554,,
2026-10-08T07:20:00+00:00,2026-10-08T07:23:55.718464+00:00,2026-10-08T07:23:55.718464+00:00,2026-10-08 10:10 (Local Time),PANAGIA_BRIDGE,,,,,1,6,21.6,22.7,21.7,12.1,,,,,,,,,59.0,0.0,,,,,
2026-10-08T07:20:00+00:00,2026-10-08T07:23:55.718464+00:00,2026-10-08T07:23:55.718464+00:00,2026-10-08 10:10 (Local Time),PAPHOS,,,,,1,8,27.2,,27.5,17.6,0.8,0.7,,,227.0,,,,47.0,0.0,,,0.411555,,
2026-10-08T07:20:00+00:00,2026-10-08T07:23:55.718464+00:00,2026-10-08T07:23:55.718464+00:00,2026-10-08 10:10 (Local Time),PAREKLISIA,,,,,1,7,28.0,,28.2,16.2,1.2,,,,259.0,,,,44.0,0.0,,,0.617333,,
2026-10-08T07:20:00+00:00,2026-10-08T07:23:55.718464+00:00,2026-10-08T07:23:55.718464+00:00,2026-10-08 10:10 (Local Time),PENTAKOMO,,,,,1,8,25.9,,26.1,19.2,4.1,1.7,,,207.0,,,,52.0,0.0,,,2.10922,,
2026-10-08T07:20:00+00:00,2026-10-08T07:23:55.718464+00:00,2026-10-08T07:23:55.718464+00:00,2026-10-08 10:10 (Local Time),PLATANIA,,,,,1,6,17.3,,17.6,9.6,,0.4,,,,,,,53.0,0.0,,,,,
2026-10-08T07:20:00+00:00,2026-10-08T07:23:55.718464+00:00,2026-10-08T07:23:55.718464+00:00,2026-10-08 10:10 (Local Time),POLIS,,,,,1,11,24.2,,25.3,17.5,4.0,1.7,1000.0,,272.0,,,,63.0,0.0,1017.8,,2.057776,,"{""Atmospheric Pressure (Mean Sea Level)"": {""unit"": ""hPa"", ""value"": 1020.5}}"
2026-10-08T07:20:00+00:00,2026-10-08T07:23:55.718464+00:00,2026-10-08T07:23:55.718464+00:00,2026-10-08 10:10 (Local Time),POLYSTYPOS,,,,,1,8,19.1,,19.4,12.4,2.1,1.1,,,56.0,,,,45.0,0.0,,,1.080332,,
2026-10-08T07:20:00+00:00,2026-10-08T07:23:55.718464+00:00,2026-10-08T07:23:55.718464+00:00,2026-10-08 10:10 (Local Time),PRODROMOS,,,,,1,9,14.8,,15.0,10.3,4.3,1.5,,616.0,45.0,,,,58.0,0.0,,,2.212109,,
2026-10-08T07:20:00+00:00,2026-10-08T07:23:55.718464+00:00,2026-10-08T07:23:55.718464+00:00,2026-10-08 10:10 (Local Time),PYRGOS,,,,,1,5,22.7,,,,2.2,,,,43.6,,,,58.0,0.0,,,1.131777,,
2026-10-08T07:20:00+00:00,2026-10-08T07:23:55.718464+00:00,2026-10-08T07:23:55.718464+00:00,2026-10-08 10:10 (Local Time),SAITTAS,,,,,1,5,22.3,,22.7,12.3,,,,,,,,,48.0,0.0,,,,,
2026-10-08T07:20:00+00:00,2026-10-08T07:23:55.718464+00:00,2026-10-08T07:23:55.718464+00:00,2026-10-08 10:10 (Local Time),TAMASOS,,,,,1,9,21.7,32.7,21.8,14.5,2.5,1.1,,,2.0,,,,60.0,0.0,,,1.28611,,
2026-10-08T07:20:00+00:00,2026-10-08T07:23:55.718464+00:00,2026-10-08T07:23:55.718464+00:00,2026-10-08 10:10 (Local Time),TEPAK,,,,,1,9,27.9,,28.0,18.0,2.6,1.1,,,167.0,,,,42.0,0.0,,,1.337554,,"{""Accumulated Rainfall (24 hours)"": {""unit"": ""mm"", ""value"": 0.0}}"
2026-10-08T07:20:00+00:00,2026-10-08T07:23:55.718464+00:00,2026-10-08T07:23:55.718464+00:00,2026-10-08 10:10 (Local Time),TRIPILOS,,,,,1,7,17.8,,18.4,11.4,1.5,,,,171.0,,,,56.0,0.0,,,0.771666,,
2026-10-08T07:20:00+00:00,2026-10-08T07:23:55.718464+00:00,2026-10-08T07:23:55.718464+00:00,2026-10-08 10:10 (Local Time),TROODOS,,,,,1,9,14.4,,14.6,7.6,4.8,1.3,,,35.0,,,,55.0,0.0,833.7,,2.469331,,
2026-10-08T07:20:00+00:00,2026-10-08T07:23:55.718464+00:00,2026-10-08T07:23:55.718464+00:00,2026-10-08 10:10 (Local Time),VISITOR,,,,,1,7,25.5,,25.7,15.8,3.1,,,,287.0,,,,58.0,0.0,,,1.594776,,
2026-10-08T07:20:00+00:00,2026-10-08T07:23:55.718464+00:00,2026-10-08T07:23:55.718464+00:00,2026-10-08 10:10 (Local Time),XYLIATOS,,,,,1,8,23.1,,23.3,14.7,1.5,,,622.0,338.0,,,,48.0,0.0,,,0.771666,,
2026-10-08T07:20:00+00:00,2026-10-08T07:23:55.718464+00:00,2026-10-08T07:23:55.718464+00:00,2026-10-08 10:10 (Local Time),XYLOPHAGOU,,,,,1,9,25.7,26.9,25.8,17.7,3.3,1.2,,,1.0,,,,64.0,0.0,,,1.697665,,
2026-10-08T07:20:00+00:00,2026-10-08T07:23:55.718464+00:00,2026-10-08T07:23:55.718464+00:00,2026-10-08 10:10 (Local Time),ZYGI,,,,,1,9,27.4,34.6,27.6,16.7,2.3,0.6,,,88.0,,,,39.0,0.0,,,1.183221,,
2026-10-08T14:40:00+00:00,2026-10-08T14:43:02.401822+00:00,2026-10-08T14:43:02.401822+00:00,2026-10-08 17:30 (Local Time),ACHNA,,,,,1,8,25.6,,30.5,18.6,1.9,0.3,,,42.0,,,,62.0,0.0,,,0.977444,,
2026-10-08T14:40:00+00:00,2026-10-08T14:43:02.401822+00:00,2026-10-08T14:43:02.401822+00:00,2026-10-08 17:30 (Local Time),AGROS,,,,,1,10,17.7,,22.9,11.7,3.5,1.6,26.0,42.0,356.0,,,,70.0,0.0,,,1.800554,,
2026-10-08T14:40:00+00:00,2026-10-08T14:43:02.401822+00:00,2026-10-08T14:43:02.401822+00:00,2026-10-08 17:30 (Local Time),AKAMAS,,,,,1,7,23.7,,27.4,18.4,3.7,,,,6.0,,,,67.0,0.0,,,1.903443,,
2026-10-08T14:40:00+00:00,2026-10-08T14:43:02.401822+00:00,2026-10-08T14:43:02.401822+00:00,2026-10-08 17:30 (Local Time),ALONOUDI,,,,,1,5,22.9,,29.2,11.4,,,,,,,,,51.0,0.0,,,,,
2026-10-08T14:40:00+00:00,2026-10-08T14:43:02.401822+00:00,2026-10-08T14:43:02.401822+00:00,2026-10-08 17:30 (Local Time),AMARGETI,,,,,1,9,23.6,,26.6,16.0,7.7,2.4,,,323.0,,,,58.0,0.0,967.3,,3.961219,,
2026-10-08T14:40:00+00:00,2026-10-08T14:43:02.401822+00:00,2026-10-08T14:43:02.401822+00:00,2026-10-08 17:30 (Local Time),ASTROMERITIS,,,,,1,6,24.6,,,,6.9,2.5,,,301.0,,,,58.0,0.0,,,3.549664,,
2026-10-08T14:40:00+00:00,2026-10-08T14:43:02.401822+00:00,2026-10-08T14:43:02.401822+00:00,2026-10-08 17:30 (Local Time),ATHALASSA,,,,,1,11,26.0,26.7,28.9,16.4,3.2,1.4,,,34.0,,,,49.0,0.0,999.7,,1.646221,,"{""Atmospheric Pressure (Mean Sea Level)"": {""unit"": ""hPa"", ""value"": 1018.4}}"
2026-10-08T14:40:00+00:00,2026-10-08T14:43:02.401822+00:00,2026-10-08T14:43:02.401822+00:00,2026-10-08 17:30 (Local Time),ATHIENOU,,,,,1,9,24.4,23.2,28.1,17.3,3.2,0.6,,,80.0,,,,66.0,0.0,,,1.646221,,
2026-10-08T14:40:00+00:00,2026-10-08T14:43:02.401822+00:00,2026-10-08T14:43:02.401822+00:00,2026-10-08 17:30 (Local Time),AVDIMOU,,,,,1,11,25.8,28.2,28.9,15.6,4.3,1.5,559.0,136.0,221.0,,,,60.0,0.0,,,2.212109,,
2026-10-08T14:40:00+00:00,2026-10-08T14:43:02.401822+00:00,2026-10-08T14:43:02.401822+00:00,2026-10-08 17:30 (Local Time),CAVO_GRECO,,,,,1,9,25.6,,28.3,18.3,5.4,2.1,,,40.0,,,,65.0,0.0,1011.0,,2.777998,,
2026-10-08T14:40:00+00:00,2026-10-08T14:43:02.401822+00:00,2026-10-08T14:43:02.401822+00:00,2026-10-08 17:30 (Local Time),CHROMIO,,,,,1,9,11.1,,14.6,7.9,3.8,0.6,,,83.0,,,,89.0,0.0,,,1.954887,,"{""Snow Depth"": {""unit"": ""cm"", ""value"": 0.0}}"
2026-10-08T14:40:00+00:00,2026-10-08T14:43:02.401822+00:00,2026-10-08T14:43:02.401822+00:00,2026-10-08 17:30 (Local Time),CYTASAT,,,,,1,10,23.5,,30.3,15.5,1.8,1.3,,,175.0,,,,55.0,0.0,992.7,,0.925999,,"{""Atmospheric Pressure (Mean Sea Level)"": {""unit"": ""hPa"", ""value"": 1019.3}}"
2026-10-08T14:40:00+00:00,2026-10-08T14:43:02.401822+00:00,2026-10-08T14:43:02.401822+00:00,2026-10-08 17:30 (Local Time),EPTAGONEIA,,,,,1,8,22.3,,27.0,10.9,1.1,0.3,,,154.0,,,,56.0,0.0,,,0.565888,,
2026-10-08T14:40:00+00:00,2026-10-08T14:43:02.401822+00:00,2026-10-08T14:43:02.401822+00:00,2026-10-08 17:30 (Local Time),FANEROMENI,,,,,1,4,26.2,,,,,,,,,,,,60.0,0.0,,,,,"{""Rain Intensity (10 min.)"": {""unit"": ""mm/min"", ""value"": 0.0}}"
2026-10-08T14:40:00+00:00,2026-10-08T14:43:02.401822+00:00,2026-10-08T14:43:02.401822+00:00,2026-10-08 17:30 (Local Time),FARMAKAS,,,,,1,10,19.5,,26.4,11.3,6.2,0.8,19.0,29.0,350.0,,,,68.0,0.0,,,3.189553,,
2026-10-08T14:40:00+00:00,2026-10-08T14:43:02.401822+00:00,2026-10-08T14:43:02.401822+00:00,2026-10-08 17:30 (Local Time),FRENAROS,,,,,1,11,25.8,26.2,28.3,17.4,6.0,2.5,,97.0,29.0,,,,69.0,0.0,1008.1,,3.086664,,
2026-10-08T14:40:00+00:00,2026-10-08T14:43:02.401822+00:00,2026-10-08T14:43:02.401822+00:00,2026-10-08 17:30 (Local Time),KALAVASOS,,,,,1,5,25.5,,31.1,16.1,,,,,,,,,49.0,0.0,,,,,
2026-10-08T14:40:00+00:00,2026-10-08T14:43:02.401822+00:00,2026-10-08T14:43:02.401822+00:00,2026-10-08 17:30 (Local Time),KALOPANAYIOTIS,,,,,1,9,19.8,,26.2,11.6,2.7,0.5,,4.0,316.0,,,,76.0,0.0,,,1.388999,,
2026-10-08T14:40:00+00:00,2026-10-08T14:43:02.401822+00:00,2026-10-08T14:43:02.401822+00:00,2026-10-08 17:30 (Local Time),KAMPOS,,,,,1,11,20.6,21.2,26.7,16.3,0.7,0.5,544.0,185.0,100.0,,,,71.0,0.0,,,0.360111,,
2026-10-08T14:40:00+00:00,2026-10-08T14:43:02.401822+00:00,2026-10-08T14:43:02.401822+00:00,2026-10-08 17:30 (Local Time),KANNAVIOU,,,,,1,6,23.4,,25.8,14.9,,3.4,,,,,,,59.0,0.0,,,,,
2026-10-08T14:40:00+00:00,2026-10-08T14:43:02.401822+00:00,2026-10-08T14:43:02.401822+00:00,2026-10-08 17:30 (Local Time),KATHIKAS,,,,,1,6,20.4,,24.5,16.6,,,,,,,,,77.0,0.0,,,,,"{""Accumulated Rainfall (24 hours)"": {""unit"": ""mm"", ""value"": 0.0}}"
2026-10-08T14:40:00+00:00,2026-10-08T14:43:02.401822+00:00,2026-10-08T14:43:02.401822+00:00,2026-10-08 17:30 (Local Time),KEPNIC,,,,,1,1,,,,,,,,,,,,,,0.0,,,,,
2026-10-08T14:40:00+00:00,2026-10-08T14:43:02.401822+00:00,2026-10-08T14:43:02.401822+00:00,2026-10-08 17:30 (Local Time),KILANI,,,,,1,7,19.7,,24.1,11.6,,1.8,,174.0,,,,,69.0,0.0,,,,,
2026-10-08T14:40:00+00:00,2026-10-08T14:43:02.401822+00:00,2026-10-08T14:43:02.401822+00:00,2026-10-08 17:30 (Local Time),KORNOS,,,,,1,3,23.9,,,,,,,,,,,,58.0,0.0,,,,,
2026-10-08T14:40:00+00:00,2026-10-08T14:43:02.401822+00:00,2026-10-08T14:43:02.401822+00:00,2026-10-08 17:30 (Local Time),KOURIS,,,,,1,8,25.5,,28.6,17.2,4.5,1.5,,,259.0,,,,55.0,0.0,,,2.314998,,
2026-10-08T14:40:00+00:00,2026-10-08T14:43:02.401822+00:00,2026-10-08T14:43:02.401822+00:00,2026-10-08 17:30 (Local Time),KPYRGOS,,,,,1,8,25.5,,26.9,17.9,2.0,0.9,,,339.0,,,,62.0,0.0,,,1.028888,,
2026-10-08T14:40:00+00:00,2026-10-08T14:43:02.401822+00:00,2026-10-08T14:43:02.401822+00:00,2026-10-08 17:30 (Local Time),KYPEROUNTA,,,,,1,6,15.3,,18.4,12.0,,4.5,,145.0,,,,,81.0,,,,,,
2026-10-08T14:40:00+00:00,2026-10-08T14:43:02.401822+00:00,2026-10-08T14:43:02.401822+00:00,2026-10-08 17:30 (Local Time),LCLK,,,,,1,9,25.9,,30.2,17.7,,1.3,,,,,,,59.0,0.0,,,,,"{""Atmospheric Pressure (QNH)"": {""unit"": ""hPa"", ""value"": 1018.4}, ""Wind Direction (10m) at Runway 22"": {""unit"": ""Degrees"", ""value"": 201.0}, ""Wind Speed (10m) at Runway 22"": {""unit"": ""Knots"", ""value"": 3.7}}"
2026-10-08T14:40:00+00:00,2026-10-08T14:43:02.401822+00:00,2026-10-08T14:43:02.401822+00:00,2026-10-08 17:30 (Local Time),LCPH,,,,,1,9,26.3,,27.6,18.7,,5.8,,,,,,,59.0,0.0,,,,,"{""Atmospheric Pressure (QNH)"": {""unit"": ""hPa"", ""value"": 1018.2}, ""Wind Direction (10m) at Runway 29"": {""unit"": ""Degrees"", ""value"": 290.0}, ""Wind Speed (10m) at Runway 29"": {""unit"": ""Knots"", ""value"": 14.0}}"
2026-10-08T14:40:00+00:00,2026-10-08T14:43:02.401822+00:00,2026-10-08T14:43:02.401822+00:00,2026-10-08 17:30 (Local Time),LEFKARA,,,,,1,6,24.5,,28.5,14.1,,0.3,,,,,,,55.0,0.0,,,,,
2026-10-08T14:40:00+00:00,2026-10-08T14:43:02.401822+00:00,2026-10-08T14:43:02.401822+00:00,2026-10-08 17:30 (Local Time),LEFKOSIA,,,,,1,7,24.1,,29.3,14.4,,0.9,,,,,,,54.0,0.0,,,,,"{""Accumulated Rainfall (24 hours)"": {""unit"": ""mm"", ""value"": 0.0}}"
2026-10-08T14:40:00+00:00,2026-10-08T14:43:02.401822+00:00,2026-10-08T14:43:02.401822+00:00,2026-10-08 17:30 (Local Time),LIMASSOL,,,,,1,10,25.2,,28.5,17.6,,2.5,,124.0,,,,,62.0,0.0,1017.2,,,,"{""Wind Direction (10m) at Port Gate"": {""unit"": ""Degrees"", ""value"": 257.0}, ""Wind Speed (10m) at Port Gate"": {""unit"": ""Knots"", ""value"": 7.5}}"
2026-10-08T14:40:00+00:00,2026-10-08T14:43:02.401822+00:00,2026-10-08T14:43:02.401822+00:00,2026-10-08 17:30 (Local Time),LINOU,,,,,1,9,23.5,,26.8,16.5,6.0,2.3,,,326.0,,,,62.0,0.0,972.3,,3.086664,,
2026-10-08T14:40:00+00:00,2026-10-08T14:43:02.401822+00:00,2026-10-08T14:43:02.401822+00:00,2026-10-08 17:30 (Local Time),LYSOS,,,,,1,7,19.7,,25.3,13.8,7.8,,,,347.0,,,,68.0,0.0,,,4.012663,,
2026-10-08T14:40:00+00:00,2026-10-08T14:43:02.401822+00:00,2026-10-08T14:43:02.401822+00:00,2026-10-08 17:30 (Local Time),MALLIA,,,,,1,10,21.8,20.6,26.6,11.6,4.6,1.4,,62.0,16.0,,,,60.0,0.0,,,2.366442,,
2026-10-08T14:40:00+00:00,2026-10-08T14:43:02.401822+00:00,2026-10-08T14:43:02.401822+00:00,2026-10-08 17:30 (Local Time),MAMMARI,,,,,1,10,26.0,,28.5,16.6,,3.4,,130.0,,,,,48.0,0.0,,,,,"{""Atmospheric Pressure (QNH)"": {""unit"": ""hPa"", ""value"": 1019.4}, ""Wind Direction (10m) at Runway 12"": {""unit"": ""Degrees"", ""value"": 297.0}, ""Wind Speed (10m) at Runway 12"": {""unit"": ""Knots"", ""value"": 8.0}}"
2026-10-08T14:40:00+00:00,2026-10-08T14:43:02.401822+00:00,2026-10-08T14:43:02.401822+00:00,2026-10-08 17:30 (Local Time),MATHIATIS,,,,,1,10,23.0,,29.6,13.9,3.0,1.3,38.0,27.0,152.0,,,,56.0,0.0,,,1.543332,,
2026-10-08T14:40:00+00:00,2026-10-08T14:43:02.401822+00:00,2026-10-08T14:43:02.401822+00:00,2026-10-08 17:30 (Local Time),PANAGIA_BRIDGE,,,,,1,6,21.9,22.6,26.3,12.1,,,,,,,,,63.0,0.0,,,,,
2026-10-08T14:40:00+00:00,2026-10-08T14:43:02.401822+00:00,2026-10-08T14:43:02.401822+00:00,2026-10-08 17:30 (Local Time),PAPHOS,,,,,1,8,24.5,,27.5,17.6,4.7,1.8,,,283.0,,,,61.0,0.0,,,2.417887,,
2026-10-08T14:40:00+00:00,2026-10-08T14:43:02.401822+00:00,2026-10-08T14:43:02.401822+00:00,2026-10-08 17:30 (Local Time),PAREKLISIA,,,,,1,7,25.1,,30.8,16.2,1.7,,,,233.0,,,,52.0,0.0,,,0.874555,,
2026-10-08T14:40:00+00:00,2026-10-08T14:43:02.401822+00:00,2026-10-08T14:43:02.401822+00:00,2026-10-08 17:30 (Local Time),PENTAKOMO,,,,,1,8,26.1,,28.6,19.2,10.1,4.1,,,233.0,,,,57.0,0.0,,,5.195884,,
2026-10-08T14:40:00+00:00,2026-10-08T14:43:02.401822+00:00,2026-10-08T14:43:02.401822+00:00,2026-10-08 17:30 (Local Time),PLATANIA,,,,,1,6,15.8,,19.2,9.6,,0.1,,,,,,,82.0,0.0,,,,,
2026-10-08T14:40:00+00:00,2026-10-08T14:43:02.401822+00:00,2026-10-08T14:43:02.401822+00:00,2026-10-08 17:30 (Local Time),POLIS,,,,,1,11,25.2,,26.8,17.5,4.7,2.0,653.0,,326.0,,,,66.0,0.0,1015.4,,2.417887,,"{""Atmospheric Pressure (Mean Sea Level)"": {""unit"": ""hPa"", ""value"": 1018.1}}"
2026-10-08T14:40:00+00:00,2026-10-08T14:43:02.401822+00:00,2026-10-08T14:43:02.401822+00:00,2026-10-08 17:30 (Local Time),POLYSTYPOS,,,,,1,8,17.1,,21.4,12.4,2.7,1.0,,,352.0,,,,70.0,0.0,,,1.388999,,
2026-10-08T14:40:00+00:00,2026-10-08T14:43:02.401822+00:00,2026-10-08T14:43:02.401822+00:00,2026-10-08 17:30 (Local Time),PRODROMOS,,,,,1,9,13.1,,17.5,10.3,6.9,1.9,,22.0,57.0,,,,93.0,0.0,,,3.549664,,
2026-10-08T14:40:00+00:00,2026-10-08T14:43:02.401822+00:00,2026-10-08T14:43:02.401822+00:00,2026-10-08 17:30 (Local Time),PYRGOS,,,,,1,5,20.9,,,,2.5,,,,32.7,,,,78.0,0.0,,,1.28611,,
2026-10-08T14:40:00+00:00,2026-10-08T14:43:02.401822+00:00,2026-10-08T14:43:02.401822+00:00,2026-10-08 17:30 (Local Time),SAITTAS,,,,,1,5,21.4,,27.7,12.3,,,,,,,,,59.0,0.0,,,,,
2026-10-08T14:40:00+00:00,2026-10-08T14:43:02.401822+00:00,2026-10-08T14:43:02.401822+00:00,2026-10-08 17:30 (Local Time),TAMASOS,,,,,1,9,23.0,23.3,27.0,14.5,5.2,1.6,,,284.0,,,,59.0,0.0,,,2.675109,,
2026-10-08T14:40:00+00:00,2026-10-08T14:43:02.401822+00:00,2026-10-08T14:43:02.401822+00:00,2026-10-08 17:30 (Local Time),TEPAK,,,,,1,9,24.6,,29.8,18.0,2.2,1.1,,,266.0,,,,55.0,0.0,,,1.131777,,"{""Accumulated Rainfall (24 hours)"": {""unit"": ""mm"", ""value"": 0.0}}"
2026-10-08T14:40:00+00:00,2026-10-08T14:43:02.401822+00:00,2026-10-08T14:43:02.401822+00:00,2026-10-08 17:30 (Local Time),TRIPILOS,,,,,1,7,17.5,,22.5,11.4,2.7,,,,65.0,,,,68.0,0.0,,,1.388999,,
2026-10-08T14:40:00+00:00,2026-10-08T14:43:02.401822+00:00,2026-10-08T14:43:02.401822+00:00,2026-10-08 17:30 (Local Time),TROODOS,,,,,1,9,11.3,,15.6,7.6,5.2,1.4,,,349.0,,,,87.0,0.0,832.2,,2.675109,,
2026-10-08T14:40:00+00:00,2026-10-08T14:43:02.401822+00:00,2026-10-08T14:43:02.401822+00:00,2026-10-08 17:30 (Local Time),VISITOR,,,,,1,7,26.5,,29.4,15.8,2.8,,,,15.0,,,,51.0,0.0,,,1.440443,,
2026-10-08T14:40:00+00:00,2026-10-08T14:43:02.401822+00:00,2026-10-08T14:43:02.401822+00:00,2026-10-08 17:30 (Local Time),XYLIATOS,,,,,1,8,19.8,,24.7,14.7,3.6,,,67.0,344.0,,,,67.0,0.0,,,1.851998,,
2026-10-08T14:40:00+00:00,2026-10-08T14:43:02.401822+00:00,2026-10-08T14:43:02.401822+00:00,2026-10-08 17:30 (Local Time),XYLOPHAGOU,,,,,1,9,25.5,26.9,29.0,17.7,4.1,1.6,,,22.0,,,,65.0,0.0,,,2.10922,,
2026-10-08T14:40:00+00:00,2026-10-08T14:43:02.401822+00:00,2026-10-08T14:43:02.401822+00:00,2026-10-08 17:30 (Local Time),ZYGI,,,,,1,9,25.7,25.7,28.4,16.7,1.9,0.9,,,222.0,,,,54.0,0.0,,,0.977444,,
2026-10-08T20:00:00+00:00,2026-10-08T20:09:25.292740+00:00,2026-10-08T20:09:25.292740+00:00,2026-10-08 23:00 (Local Time),ACHNA,,,,,1,8,20.7,,22.0,20.7,3.6,1.0,,,305.0,,,,81.0,0.0,,,1.851998,,
2026-10-08T20:00:00+00:00,2026-10-08T20:09:25.292740+00:00,2026-10-08T20:09:25.292740+00:00,2026-10-08 23:00 (Local Time),AGROS,,,,,1,10,14.6,,16.2,14.4,2.7,1.1,3.0,0.0,347.0,,,,58.0,0.0,,,1.388999,,
2026-10-08T20:00:00+00:00,2026-10-08T20:09:25.292740+00:00,2026-10-08T20:09:25.292740+00:00,2026-10-08 23:00 (Local Time),AKAMAS,,,,,1,7,19.5,,19.6,19.3,6.2,,,,2.0,,,,82.0,0.0,,,3.189553,,
2026-10-08T20:00:00+00:00,2026-10-08T20:09:25.292740+00:00,2026-10-08T20:09:25.292740+00:00,2026-10-08 23:00 (Local Time),ALONOUDI,,,,,1,5,12.5,,14.5,12.4,,,,,,,,,77.0,0.0,,,,,
2026-10-08T20:00:00+00:00,2026-10-08T20:09:25.292740+00:00,2026-10-08T20:09:25.292740+00:00,2026-10-08 23:00 (Local Time),AMARGETI,,,,,1,9,18.5,,19.4,18.3,10.5,3.1,,,321.0,,,,79.0,0.0,968.5,,5.401662,,
2026-10-08T20:00:00+00:00,2026-10-08T20:09:25.292740+00:00,2026-10-08T20:09:25.292740+00:00,2026-10-08 23:00 (Local Time),ASTROMERITIS,,,,,1,6,19.3,,,,6.5,1.8,,,226.0,,,,79.0,0.0,,,3.343886,,
2026-10-08T20:00:00+00:00,2026-10-08T20:09:25.292740+00:00,2026-10-08T20:09:25.292740+00:00,2026-10-08 23:00 (Local Time),ATHALASSA,,,,,1,11,20.6,18.5,21.8,20.6,5.5,2.2,,,278.0,,,,75.0,0.0,1000.7,,2.829442,,"{""Atmospheric Pressure (Mean Sea Level)"": {""unit"": ""hPa"", ""value"": 1019.7}}"
2026-10-08T20:00:00+00:00,2026-10-08T20:09:25.292740+00:00,2026-10-08T20:09:25.292740+00:00,2026-10-08 23:00 (Local Time),ATHIENOU,,,,,1,9,19.6,18.3,20.5,19.4,9.0,2.4,,,279.0,,,,85.0,0.0,,,4.629996,,
2026-10-08T20:00:00+00:00,2026-10-08T20:09:25.292740+00:00,2026-10-08T20:09:25.292740+00:00,2026-10-08 23:00 (Local Time),AVDIMOU,,,,,1,11,19.3,15.2,20.5,17.7,1.3,0.1,3.0,4.0,278.0,,,,58.0,0.0,,,0.668777,,
2026-10-08T20:00:00+00:00,2026-10-08T20:09:25.292740+00:00,2026-10-08T20:09:25.292740+00:00,2026-10-08 23:00 (Local Time),CAVO_GRECO,,,,,1,9,21.1,,21.8,20.8,7.7,2.3,,,301.0,,,,77.0,0.0,1011.8,,3.961219,,
2026-10-08T20:00:00+00:00,2026-10-08T20:09:25.292740+00:00,2026-10-08T20:09:25.292740+00:00,2026-10-08 23:00 (Local Time),CHROMIO,,,,,1,9,7.7,,9.5,7.6,2.8,0.0,,,48.0,,,,73.0,0.0,,,1.440443,,"{""Snow Depth"": {""unit"": ""cm"", ""value"": 0.0}}"
2026-10-08T20:00:00+00:00,2026-10-08T20:09:25.292740+00:00,2026-10-08T20:09:25.292740+00:00,2026-10-08 23:00 (Local Time),CYTASAT,,,,,1,10,19.3,,20.0,19.3,3.2,0.9,,,333.0,,,,74.0,0.0,993.1,,1.646221,,"{""Atmospheric Pressure (Mean Sea Level)"": {""unit"": ""hPa"", ""value"": 1020.2}}"
2026-10-08T20:00:00+00:00,2026-10-08T20:09:25.292740+00:00,2026-10-08T20:09:25.292740+00:00,2026-10-08 23:00 (Local Time),EPTAGONEIA,,,,,1,8,14.5,,16.1,14.5,2.7,0.2,,,253.0,,,,81.0,0.0,,,1.388999,,
2026-10-08T20:00:00+00:00,2026-10-08T20:09:25.292740+00:00,2026-10-08T20:09:25.292740+00:00,2026-10-08 23:00 (Local Time),FANEROMENI,,,,,1,4,22.5,,,,,,,,,,,,75.0,0.0,,,,,"{""Rain Intensity (10 min.)"": {""unit"": ""mm/min"", ""value"": 0.0}}"
2026-10-08T20:00:00+00:00,2026-10-08T20:09:25.292740+00:00,2026-10-08T20:09:25.292740+00:00,2026-10-08 23:00 (Local Time),FARMAKAS,,,,,1,10,12.2,,13.9,12.1,6.3,1.4,2.0,0.0,351.0,,,,85.0,0.0,,,3.240997,,
2026-10-08T20:00:00+00:00,2026-10-08T20:09:25.292740+00:00,2026-10-08T20:09:25.292740+00:00,2026-10-08 23:00 (Local Time),FRENAROS,,,,,1,11,20.0,18.5,21.3,19.9,4.7,1.9,,0.0,279.0,,,,88.0,0.0,1009.0,,2.417887,,
2026-10-08T20:00:00+00:00,2026-10-08T20:09:25.292740+00:00,2026-10-08T20:09:25.292740+00:00,2026-10-08 23:00 (Local Time),KALAVASOS,,,,,1,5,19.5,,20.8,19.4,,,,,,,,,68.0,0.0,,,,,
2026-10-08T20:00:00+00:00,2026-10-08T20:09:25.292740+00:00,2026-10-08T20:09:25.292740+00:00,2026-10-08 23:00 (Local Time),KALOPANAYIOTIS,,,,,1,9,13.5,,13.7,13.5,5.1,0.6,,0.0,176.0,,,,81.0,0.0,,,2.623664,,
2026-10-08T20:00:00+00:00,2026-10-08T20:09:25.292740+00:00,2026-10-08T20:09:25.292740+00:00,2026-10-08 23:00 (Local Time),KAMPOS,,,,,1,11,17.0,16.2,17.2,16.6,1.8,0.7,4.0,0.0,271.0,,,,88.0,0.0,,,0.925999,,
2026-10-08T20:00:00+00:00,2026-10-08T20:09:25.292740+00:00,2026-10-08T20:09:25.292740+00:00,2026-10-08 23:00 (Local Time),KANNAVIOU,,,,,1,6,15.7,,17.4,15.5,,4.7,,,,,,,64.0,0.0,,,,,
2026-10-08T20:00:00+00:00,2026-10-08T20:09:25.292740+00:00,2026-10-08T20:09:25.292740+00:00,2026-10-08 23:00 (Local Time),KATHIKAS,,,,,1,6,17.0,,17.5,16.9,,,,,,,,,93.0,0.0,,,,,"{""Accumulated Rainfall (24 hours)"": {""unit"": ""mm"", ""value"": 0.0}}"
2026-10-08T20:00:00+00:00,2026-10-08T20:09:25.292740+00:00,2026-10-08T20:09:25.292740+00:00,2026-10-08 23:00 (Local Time),KEPNIC,,,,,1,1,,,,,,,,,,,,,,0.0,,,,,
2026-10-08T20:00:00+00:00,2026-10-08T20:09:25.292740+00:00,2026-10-08T20:09:25.292740+00:00,2026-10-08 23:00 (Local Time),KILANI,,,,,1,7,13.8,,14.7,13.3,,1.5,,2.0,,,,,76.0,0.0,,,,,
2026-10-08T20:00:00+00:00,2026-10-08T20:09:25.292740+00:00,2026-10-08T20:09:25.292740+00:00,2026-10-08 23:00 (Local Time),KORNOS,,,,,1,3,19.6,,,,,,,,,,,,82.0,0.0,,,,,
2026-10-08T20:00:00+00:00,2026-10-08T20:09:25.292740+00:00,2026-10-08T20:09:25.292740+00:00,2026-10-08 23:00 (Local Time),KOURIS,,,,,1,8,20.4,,21.1,20.0,11.7,4.7,,,13.0,,,,48.0,0.0,,,6.018995,,
2026-10-08T20:00:00+00:00,2026-10-08T20:09:25.292740+00:00,2026-10-08T20:09:25.292740+00:00,2026-10-08 23:00 (Local Time),KPYRGOS,,,,,1,8,19.6,,20.1,19.6,5.4,1.9,,,144.0,,,,81.0,0.0,,,2.777998,,
2026-10-08T20:00:00+00:00,2026-10-08T20:09:25.292740+00:00,2026-10-08T20:09:25.292740+00:00,2026-10-08 23:00 (Local Time),KYPEROUNTA,,,,,1,6,14.7,,15.0,14.2,,2.7,,0.0,,,,,49.0,,,,,,
2026-10-08T20:00:00+00:00,2026-10-08T20:09:25.292740+00:00,2026-10-08T20:09:25.292740+00:00,2026-10-08 23:00 (Local Time),LCLK,,,,,1,9,21.1,,22.6,21.0,,2.6,,,,,,,79.0,0.0,,,,,"{""Atmospheric Pressure (QNH)"": {""unit"": ""hPa"", ""value"": 1019.4}, ""Wind Direction (10m) at Runway 22"": {""unit"": ""Degrees"", ""value"": 325.0}, ""Wind Speed (10m) at Runway 22"": {""unit"": ""Knots"", ""value"": 6.4}}"
2026-10-08T20:00:00+00:00,2026-10-08T20:09:25.292740+00:00,2026-10-08T20:09:25.292740+00:00,2026-10-08 23:00 (Local Time),LCPH,,,,,1,9,22.2,,23.2,22.1,,0.8,,,,,,,70.0,0.0,,,,,"{""Atmospheric Pressure (QNH)"": {""unit"": ""hPa"", ""value"": 1019.6}, ""Wind Direction (10m) at Runway 29"": {""unit"": ""Degrees"", ""value"": 14.0}, ""Wind Speed (10m) at Runway 29"": {""unit"": ""Knots"", ""value"": 3.1}}"
2026-10-08T20:00:00+00:00,2026-10-08T20:09:25.292740+00:00,2026-10-08T20:09:25.292740+00:00,2026-10-08 23:00 (Local Time),LEFKARA,,,,,1,6,18.2,,18.7,17.9,,1.4,,,,,,,67.0,0.0,,,,,
2026-10-08T20:00:00+00:00,2026-10-08T20:09:25.292740+00:00,2026-10-08T20:09:25.292740+00:00,2026-10-08 23:00 (Local Time),LEFKOSIA,,,,,1,7,18.6,,19.6,18.4,,1.0,,,,,,,84.0,0.0,,,,,"{""Accumulated Rainfall (24 hours)"": {""unit"": ""mm"", ""value"": 0.0}}"
2026-10-08T20:00:00+00:00,2026-10-08T20:09:25.292740+00:00,2026-10-08T20:09:25.292740+00:00,2026-10-08 23:00 (Local Time),LIMASSOL,,,,,1,10,20.8,,22.3,20.7,,1.0,,0.0,,,,,66.0,0.0,1017.6,,,,"{""Wind Direction (10m) at Port Gate"": {""unit"": ""Degrees"", ""value"": 345.0}, ""Wind Speed (10m) at Port Gate"": {""unit"": ""Knots"", ""value"": 2.8}}"
2026-10-08T20:00:00+00:00,2026-10-08T20:09:25.292740+00:00,2026-10-08T20:09:25.292740+00:00,2026-10-08 23:00 (Local Time),LINOU,,,,,1,9,17.6,,18.5,17.6,7.8,2.9,,,170.0,,,,72.0,0.0,973.3,,4.012663,,
2026-10-08T20:00:00+00:00,2026-10-08T20:09:25.292740+00:00,2026-10-08T20:09:25.292740+00:00,2026-10-08 23:00 (Local Time),LYSOS,,,,,1,7,15.2,,15.6,15.2,8.4,,,,18.0,,,,90.0,0.0,,,4.32133,,
2026-10-08T20:00:00+00:00,2026-10-08T20:09:25.292740+00:00,2026-10-08T20:09:25.292740+00:00,2026-10-08 23:00 (Local Time),MALLIA,,,,,1,10,13.9,11.1,15.4,13.9,1.3,0.4,,11.0,49.0,,,,74.0,0.0,,,0.668777,,
2026-10-08T20:00:00+00:00,2026-10-08T20:09:25.292740+00:00,2026-10-08T20:09:25.292740+00:00,2026-10-08 23:00 (Local Time),MAMMARI,,,,,1,10,19.8,,21.6,19.7,,3.6,,4.0,,,,,80.0,0.0,,,,,"{""Atmospheric Pressure (QNH)"": {""unit"": ""hPa"", ""value"": 1020.5}, ""Wind Direction (10m) at Runway 12"": {""unit"": ""Degrees"", ""value"": 246.0}, ""Wind Speed (10m) at Runway 12"": {""unit"": ""Knots"", ""value"": 9.1}}"
2026-10-08T20:00:00+00:00,2026-10-08T20:09:25.292740+00:00,2026-10-08T20:09:25.292740+00:00,2026-10-08 23:00 (Local Time),MATHIATIS,,,,,1,10,17.4,,17.5,17.3,4.6,1.3,4.0,0.0,294.0,,,,85.0,0.0,,,2.366442,,
2026-10-08T20:00:00+00:00,2026-10-08T20:09:25.292740+00:00,2026-10-08T20:09:25.292740+00:00,2026-10-08 23:00 (Local Time),PANAGIA_BRIDGE,,,,,1,6,14.3,14.8,15.3,14.2,,,,,,,,,93.0,0.0,,,,,
2026-10-08T20:00:00+00:00,2026-10-08T20:09:25.292740+00:00,2026-10-08T20:09:25.292740+00:00,2026-10-08 23:00 (Local Time),PAPHOS,,,,,1,8,20.4,,21.3,20.4,3.7,1.7,,,317.0,,,,76.0,0.0,,,1.903443,,
2026-10-08T20:00:00+00:00,2026-10-08T20:09:25.292740+00:00,2026-10-08T20:09:25.292740+00:00,2026-10-08 23:00 (Local Time),PAREKLISIA,,,,,1,7,20.1,,20.8,19.9,1.7,,,,30.0,,,,67.0,0.0,,,0.874555,,
2026-10-08T20:00:00+00:00,2026-10-08T20:09:25.292740+00:00,2026-10-08T20:09:25.292740+00:00,2026-10-08 23:00 (Local Time),PENTAKOMO,,,,,1,8,22.1,,23.3,21.8,1.0,1.0,,,7.0,,,,64.0,0.0,,,0.514444,,
2026-10-08T20:00:00+00:00,2026-10-08T20:09:25.292740+00:00,2026-10-08T20:09:25.292740+00:00,2026-10-08 23:00 (Local Time),PLATANIA,,,,,1,6,11.3,,12.2,10.8,,0.3,,,,,,,71.0,0.0,,,,,
2026-10-08T20:00:00+00:00,2026-10-08T20:09:25.292740+00:00,2026-10-08T20:09:25.292740+00:00,2026-10-08 23:00 (Local Time),POLIS,,,,,1,11,19.5,,20.9,19.4,2.7,0.6,4.0,,148.0,,,,88.0,0.0,1016.6,,1.388999,,"{""Atmospheric Pressure (Mean Sea Level)"": {""unit"": ""hPa"", ""value"": 1019.4}}"
2026-10-08T20:00:00+00:00,2026-10-08T20:09:25.292740+00:00,2026-10-08T20:09:25.292740+00:00,2026-10-08 23:00 (Local Time),POLYSTYPOS,,,,,1,8,15.1,,15.2,14.5,1.3,0.1,,,322.0,,,,51.0,0.0,,,0.668777,,
2026-10-08T20:00:00+00:00,2026-10-08T20:09:25.292740+00:00,2026-10-08T20:09:25.292740+00:00,2026-10-08 23:00 (Local Time),PRODROMOS,,,,,1,9,10.9,,12.2,10.8,4.7,1.0,,0.0,83.0,,,,63.0,0.0,,,2.417887,,
2026-10-08T20:00:00+00:00,2026-10-08T20:09:25.292740+00:00,2026-10-08T20:09:25.292740+00:00,2026-10-08 23:00 (Local Time),PYRGOS,,,,,1,5,17.3,,,,3.8,,,,259.7,,,,94.0,0.0,,,1.954887,,
2026-10-08T20:00:00+00:00,2026-10-08T20:09:25.292740+00:00,2026-10-08T20:09:25.292740+00:00,2026-10-08 23:00 (Local Time),SAITTAS,,,,,1,5,15.4,,15.5,14.3,,,,,,,,,57.0,0.0,,,,,
2026-10-08T20:00:00+00:00,2026-10-08T20:09:25.292740+00:00,2026-10-08T20:09:25.292740+00:00,2026-10-08 23:00 (Local Time),TAMASOS,,,,,1,9,19.3,18.9,19.4,19.3,3.5,1.4,,,255.0,,,,81.0,0.0,,,1.800554,,
2026-10-08T20:00:00+00:00,2026-10-08T20:09:25.292740+00:00,2026-10-08T20:09:25.292740+00:00,2026-10-08 23:00 (Local Time),TEPAK,,,,,1,9,21.4,,22.1,21.3,2.1,0.4,,,345.0,,,,63.0,0.0,,,1.080332,,"{""Accumulated Rainfall (24 hours)"": {""unit"": ""mm"", ""value"": 0.0}}"
2026-10-08T20:00:00+00:00,2026-10-08T20:09:25.292740+00:00,2026-10-08T20:09:25.292740+00:00,2026-10-08 23:00 (Local Time),TRIPILOS,,,,,1,7,13.2,,14.3,13.1,4.8,,,,19.0,,,,50.0,0.0,,,2.469331,,
2026-10-08T20:00:00+00:00,2026-10-08T20:09:25.292740+00:00,2026-10-08T20:09:25.292740+00:00,2026-10-08 23:00 (Local Time),TROODOS,,,,,1,9,8.4,,9.1,8.3,1.8,0.7,,,3.0,,,,72.0,0.0,832.8,,0.925999,,
2026-10-08T20:00:00+00:00,2026-10-08T20:09:25.292740+00:00,2026-10-08T20:09:25.292740+00:00,2026-10-08 23:00 (Local Time),VISITOR,,,,,1,7,21.2,,22.4,21.1,2.5,,,,268.0,,,,79.0,0.0,,,1.28611,,
2026-10-08T20:00:00+00:00,2026-10-08T20:09:25.292740+00:00,2026-10-08T20:09:25.292740+00:00,2026-10-08 23:00 (Local Time),XYLIATOS,,,,,1,8,15.9,,16.6,15.7,2.6,,,7.0,206.0,,,,77.0,0.0,,,1.337554,,
2026-10-08T20:00:00+00:00,2026-10-08T20:09:25.292740+00:00,2026-10-08T20:09:25.292740+00:00,2026-10-08 23:00 (Local Time),XYLOPHAGOU,,,,,1,9,20.1,20.7,21.4,20.1,5.7,1.3,,,313.0,,,,86.0,0.0,,,2.932331,,
2026-10-08T20:00:00+00:00,2026-10-08T20:09:25.292740+00:00,2026-10-08T20:09:25.292740+00:00,2026-10-08 23:00 (Local Time),ZYGI,,,,,1,9,19.4,17.8,20.6,19.3,2.2,0.1,,,340.0,,,,73.0,0.0,,,1.131777,,
2026-10-09T00:20:00+00:00,2026-10-09T00:22:47.025597+00:00,2026-10-09T00:22:47.025597+00:00,2026-10-09 03:10 (Local Time),ACHNA,,,,,1,8,20.5,,22.0,20.2,5.0,1.5,,,293.0,,,,77.0,0.0,,,2.57222,,
2026-10-09T00:20:00+00:00,2026-10-09T00:22:47.025597+00:00,2026-10-09T00:22:47.025597+00:00,2026-10-09 03:10 (Local Time),AGROS,,,,,1,10,14.0,,16.2,13.3,0.9,0.0,3.0,0.0,341.0,,,,55.0,0.0,,,0.463,,
2026-10-09T00:20:00+00:00,2026-10-09T00:22:47.025597+00:00,2026-10-09T00:22:47.025597+00:00,2026-10-09 03:10 (Local Time),AKAMAS,,,,,1,7,19.0,,19.6,18.7,5.7,,,,357.0,,,,91.0,0.0,,,2.932331,,
2026-10-09T00:20:00+00:00,2026-10-09T00:22:47.025597+00:00,2026-10-09T00:22:47.025597+00:00,2026-10-09 03:10 (Local Time),ALONOUDI,,,,,1,5,10.9,,14.5,10.8,,,,,,,,,86.0,0.0,,,,,
2026-10-09T00:20:00+00:00,2026-10-09T00:22:47.025597+00:00,2026-10-09T00:22:47.025597+00:00,2026-10-09 03:10 (Local Time),AMARGETI,,,,,1,9,18.1,,19.4,17.2,10.0,2.9,,,327.0,,,,77.0,0.0,967.0,,5.14444,,
2026-10-09T00:20:00+00:00,2026-10-09T00:22:47.025597+00:00,2026-10-09T00:22:47.025597+00:00,2026-10-09 03:10 (Local Time),ASTROMERITIS,,,,,1,6,18.2,,,,8.0,2.1,,,217.0,,,,76.0,0.0,,,4.115552,,
2026-10-09T00:20:00+00:00,2026-10-09T00:22:47.025597+00:00,2026-10-09T00:22:47.025597+00:00,2026-10-09 03:10 (Local Time),ATHALASSA,,,,,1,11,19.1,16.9,21.8,18.9,4.1,2.0,,,273.0,,,,75.0,0.0,999.4,,2.10922,,"{""Atmospheric Pressure (Mean Sea Level)"": {""unit"": ""hPa"", ""value"": 1018.5}}"
2026-10-09T00:20:00+00:00,2026-10-09T00:22:47.025597+00:00,2026-10-09T00:22:47.025597+00:00,2026-10-09 03:10 (Local Time),ATHIENOU,,,,,1,9,18.3,16.5,20.5,17.8,9.5,2.5,,,245.0,,,,84.0,0.0,,,4.887218,,
2026-10-09T00:20:00+00:00,2026-10-09T00:22:47.025597+00:00,2026-10-09T00:22:47.025597+00:00,2026-10-09 03:10 (Local Time),AVDIMOU,,,,,1,11,14.8,11.8,20.5,14.7,1.9,0.1,3.0,4.0,344.0,,,,76.0,0.0,,,0.977444,,
2026-10-09T00:20:00+00:00,2026-10-09T00:22:47.025597+00:00,2026-10-09T00:22:47.025597+00:00,2026-10-09 03:10 (Local Time),CAVO_GRECO,,,,,1,9,19.8,,21.8,18.7,8.1,2.8,,,290.0,,,,78.0,0.0,1010.4,,4.166996,,
2026-10-09T00:20:00+00:00,2026-10-09T00:22:47.025597+00:00,2026-10-09T00:22:47.025597+00:00,2026-10-09 03:10 (Local Time),CHROMIO,,,,,1,9,8.2,,9.5,7.5,2.3,0.3,,,91.0,,,,59.0,0.0,,,1.183221,,"{""Snow Depth"": {""unit"": ""cm"", ""value"": 0.0}}"
2026-10-09T00:20:00+00:00,2026-10-09T00:22:47.025597+00:00,2026-10-09T00:22:47.025597+00:00,2026-10-09 03:10 (Local Time),CYTASAT,,,,,1,10,18.0,,20.0,17.0,1.8,0.6,,,343.0,,,,64.0,0.0,992.2,,0.925999,,"{""Atmospheric Pressure (Mean Sea Level)"": {""unit"": ""hPa"", ""value"": 1019.4}}"
2026-10-09T00:20:00+00:00,2026-10-09T00:22:47.025597+00:00,2026-10-09T00:22:47.025597+00:00,2026-10-09 03:10 (Local Time),EPTAGONEIA,,,,,1,8,11.5,,16.1,11.4,0.5,0.6,,,10.0,,,,76.0,0.0,,,0.257222,,
2026-10-09T00:20:00+00:00,2026-10-09T00:22:47.025597+00:00,2026-10-09T00:22:47.025597+00:00,2026-10-09 03:10 (Local Time),FANEROMENI,,,,,1,4,21.5,,,,,,,,,,,,75.0,0.0,,,,,"{""Rain Intensity (10 min.)"": {""unit"": ""mm/min"", ""value"": 0.0}}"
2026-10-09T00:20:00+00:00,2026-10-09T00:22:47.025597+00:00,2026-10-09T00:22:47.025597+00:00,2026-10-09 03:10 (Local Time),FARMAKAS,,,,,1,10,11.5,,13.9,11.3,6.3,1.5,2.0,0.0,351.0,,,,68.0,0.0,,,3.240997,,
2026-10-09T00:20:00+00:00,2026-10-09T00:22:47.025597+00:00,2026-10-09T00:22:47.025597+00:00,2026-10-09 03:10 (Local Time),FRENAROS,,,,,1,11,19.0,17.4,21.3,18.9,6.1,2.4,,0.0,286.0,,,,88.0,0.0,1007.5,,3.138108,,
2026-10-09T00:20:00+00:00,2026-10-09T00:22:47.025597+00:00,2026-10-09T00:22:47.025597+00:00,2026-10-09 03:10 (Local Time),KALAVASOS,,,,,1,5,17.0,,20.8,16.9,,,,,,,,,63.0,0.0,,,,,
2026-10-09T00:20:00+00:00,2026-10-09T00:22:47.025597+00:00,2026-10-09T00:22:47.025597+00:00,2026-10-09 03:10 (Local Time),KALOPANAYIOTIS,,,,,1,9,12.4,,13.7,12.4,5.1,0.9,,0.0,175.0,,,,75.0,0.0,,,2.623664,,
2026-10-09T00:20:00+00:00,2026-10-09T00:22:47.025597+00:00,2026-10-09T00:22:47.025597+00:00,2026-10-09 03:10 (Local Time),KAMPOS,,,,,1,11,16.9,14.4,17.2,16.6,1.2,0.6,4.0,0.0,240.0,,,,70.0,0.0,,,0.617333,,
2026-10-09T00:20:00+00:00,2026-10-09T00:22:47.025597+00:00,2026-10-09T00:22:47.025597+00:00,2026-10-09 03:10 (Local Time),KANNAVIOU,,,,,1,6,14.8,,17.4,14.7,,4.9,,,,,,,64.0,0.0,,,,,
2026-10-09T00:20:00+00:00,2026-10-09T00:22:47.025597+00:00,2026-10-09T00:22:47.025597+00:00,2026-10-09 03:10 (Local Time),KATHIKAS,,,,,1,6,16.9,,17.5,16.8,,,,,,,,,93.0,0.0,,,,,"{""Accumulated Rainfall (24 hours)"": {""unit"": ""mm"", ""value"": 0.0}}"
2026-10-09T00:20:00+00:00,2026-10-09T00:22:47.025597+00:00,2026-10-09T00:22:47.025597+00:00,2026-10-09 03:10 (Local Time),KEPNIC,,,,,1,1,,,,,,,,,,,,,,0.0,,,,,
2026-10-09T00:20:00+00:00,2026-10-09T00:22:47.025597+00:00,2026-10-09T00:22:47.025597+00:00,2026-10-09 03:10 (Local Time),KILANI,,,,,1,7,13.8,,14.7,13.0,,1.9,,3.0,,,,,61.0,0.0,,,,,
2026-10-09T00:20:00+00:00,2026-10-09T00:22:47.025597+00:00,2026-10-09T00:22:47.025597+00:00,2026-10-09 03:10 (Local Time),KORNOS,,,,,1,3,18.6,,,,,,,,,,,,75.0,0.0,,,,,
2026-10-09T00:20:00+00:00,2026-10-09T00:22:47.025597+00:00,2026-10-09T00:22:47.025597+00:00,2026-10-09 03:10 (Local Time),KOURIS,,,,,1,8,19.0,,21.2,18.9,12.4,5.0,,,22.0,,,,48.0,0.0,,,6.379106,,
2026-10-09T00:20:00+00:00,2026-10-09T00:22:47.025597+00:00,2026-10-09T00:22:47.025597+00:00,2026-10-09 03:10 (Local Time),KPYRGOS,,,,,1,8,18.6,,20.1,18.5,5.4,1.8,,,149.0,,,,81.0,0.0,,,2.777998,,
2026-10-09T00:20:00+00:00,2026-10-09T00:22:47.025597+00:00,2026-10-09T00:22:47.025597+00:00,2026-10-09 03:10 (Local Time),KYPEROUNTA,,,,,1,6,13.1,,15.3,13.0,,5.1,,0.0,,,,,47.0,,,,,,
2026-10-09T00:20:00+00:00,2026-10-09T00:22:47.025597+00:00,2026-10-09T00:22:47.025597+00:00,2026-10-09 03:10 (Local Time),LCLK,,,,,1,9,20.5,,22.6,19.8,,2.3,,,,,,,76.0,0.0,,,,,"{""Atmospheric Pressure (QNH)"": {""unit"": ""hPa"", ""value"": 1017.9}, ""Wind Direction (10m) at Runway 22"": {""unit"": ""Degrees"", ""value"": 297.0}, ""Wind Speed (10m) at Runway 22"": {""unit"": ""Knots"", ""value"": 7.5}}"
2026-10-09T00:20:00+00:00,2026-10-09T00:22:47.025597+00:00,2026-10-09T00:22:47.025597+00:00,2026-10-09 03:10 (Local Time),LCPH,,,,,1,9,19.1,,23.2,18.8,,0.8,,,,,,,78.0,0.0,,,,,"{""Atmospheric Pressure (QNH)"": {""unit"": ""hPa"", ""value"": 1018.2}, ""Wind Direction (10m) at Runway 29"": {""unit"": ""Degrees"", ""value"": 25.0}, ""Wind Speed (10m) at Runway 29"": {""unit"": ""Knots"", ""value"": 5.0}}"
2026-10-09T00:20:00+00:00,2026-10-09T00:22:47.025597+00:00,2026-10-09T00:22:47.025597+00:00,2026-10-09 03:10 (Local Time),LEFKARA,,,,,1,6,14.6,,18.7,14.1,,2.0,,,,,,,66.0,0.0,,,,,
2026-10-09T00:20:00+00:00,2026-10-09T00:22:47.025597+00:00,2026-10-09T00:22:47.025597+00:00,2026-10-09 03:10 (Local Time),LEFKOSIA,,,,,1,7,16.0,,19.6,16.0,,0.7,,,,,,,90.0,0.0,,,,,"{""Accumulated Rainfall (24 hours)"": {""unit"": ""mm"", ""value"": 0.0}}"
2026-10-09T00:20:00+00:00,2026-10-09T00:22:47.025597+00:00,2026-10-09T00:22:47.025597+00:00,2026-10-09 03:10 (Local Time),LIMASSOL,,,,,1,10,18.7,,22.3,18.6,,0.2,,0.0,,,,,61.0,0.0,1016.7,,,,"{""Wind Direction (10m) at Port Gate"": {""unit"": ""Degrees"", ""value"": 359.0}, ""Wind Speed (10m) at Port Gate"": {""unit"": ""Knots"", ""value"": 2.4}}"
2026-10-09T00:20:00+00:00,2026-10-09T00:22:47.025597+00:00,2026-10-09T00:22:47.025597+00:00,2026-10-09 03:10 (Local Time),LINOU,,,,,1,9,17.7,,18.5,17.0,4.0,1.6,,,174.0,,,,63.0,0.0,972.0,,2.057776,,
2026-10-09T00:20:00+00:00,2026-10-09T00:22:47.025597+00:00,2026-10-09T00:22:47.025597+00:00,2026-10-09 03:10 (Local Time),LYSOS,,,,,1,7,14.7,,15.6,14.6,5.6,,,,19.0,,,,91.0,0.0,,,2.880886,,
2026-10-09T00:20:00+00:00,2026-10-09T00:22:47.025597+00:00,2026-10-09T00:22:47.025597+00:00,2026-10-09 03:10 (Local Time),MALLIA,,,,,1,10,13.7,9.5,15.4,13.5,1.3,0.5,,11.0,56.0,,,,62.0,0.0,,,0.668777,,
2026-10-09T00:20:00+00:00,2026-10-09T00:22:47.025597+00:00,2026-10-09T00:22:47.025597+00:00,2026-10-09 03:10 (Local Time),MAMMARI,,,,,1,10,18.5,,21.6,18.0,,3.3,,5.0,,,,,79.0,0.0,,,,,"{""Atmospheric Pressure (QNH)"": {""unit"": ""hPa"", ""value"": 1019.2}, ""Wind Direction (10m) at Runway 12"": {""unit"": ""Degrees"", ""value"": 237.0}, ""Wind Speed (10m) at Runway 12"": {""unit"": ""Knots"", ""value"": 9.4}}"
2026-10-09T00:20:00+00:00,2026-10-09T00:22:47.025597+00:00,2026-10-09T00:22:47.025597+00:00,2026-10-09 03:10 (Local Time),MATHIATIS,,,,,1,10,15.8,,17.5,15.8,0.0,0.7,4.0,0.0,246.0,,,,82.0,0.0,,,0.0,,
2026-10-09T00:20:00+00:00,2026-10-09T00:22:47.025597+00:00,2026-10-09T00:22:47.025597+00:00,2026-10-09 03:10 (Local Time),PANAGIA_BRIDGE,,,,,1,6,10.7,11.3,15.3,10.7,,,,,,,,,95.0,0.0,,,,,
2026-10-09T00:20:00+00:00,2026-10-09T00:22:47.025597+00:00,2026-10-09T00:22:47.025597+00:00,2026-10-09 03:10 (Local Time),PAPHOS,,,,,1,8,19.1,,21.3,19.0,1.8,0.8,,,320.0,,,,76.0,0.0,,,0.925999,,
2026-10-09T00:20:00+00:00,2026-10-09T00:22:47.025597+00:00,2026-10-09T00:22:47.025597+00:00,2026-10-09 03:10 (Local Time),PAREKLISIA,,,,,1,7,17.3,,20.8,17.3,1.3,,,,38.0,,,,67.0,0.0,,,0.668777,,
2026-10-09T00:20:00+00:00,2026-10-09T00:22:47.025597+00:00,2026-10-09T00:22:47.025597+00:00,2026-10-09 03:10 (Local Time),PENTAKOMO,,,,,1,8,21.2,,23.3,21.1,3.8,1.8,,,318.0,,,,68.0,0.0,,,1.954887,,
2026-10-09T00:20:00+00:00,2026-10-09T00:22:47.025597+00:00,2026-10-09T00:22:47.025597+00:00,2026-10-09 03:10 (Local Time),PLATANIA,,,,,1,6,10.7,,12.2,10.6,,0.3,,,,,,,71.0,0.0,,,,,
2026-10-09T00:20:00+00:00,2026-10-09T00:22:47.025597+00:00,2026-10-09T00:22:47.025597+00:00,2026-10-09 03:10 (Local Time),POLIS,,,,,1,11,18.4,,20.9,18.3,6.3,1.5,4.0,,148.0,,,,86.0,0.0,1015.2,,3.240997,,"{""Atmospheric Pressure (Mean Sea Level)"": {""unit"": ""hPa"", ""value"": 1018.0}}"
2026-10-09T00:20:00+00:00,2026-10-09T00:22:47.025597+00:00,2026-10-09T00:22:47.025597+00:00,2026-10-09 03:10 (Local Time),POLYSTYPOS,,,,,1,8,14.9,,15.4,14.5,0.0,0.1,,,289.0,,,,46.0,0.0,,,0.0,,
2026-10-09T00:20:00+00:00,2026-10-09T00:22:47.025597+00:00,2026-10-09T00:22:47.025597+00:00,2026-10-09 03:10 (Local Time),PRODROMOS,,,,,1,9,10.4,,12.2,10.3,5.8,1.4,,0.0,81.0,,,,59.0,0.0,,,2.983775,,
2026-10-09T00:20:00+00:00,2026-10-09T00:22:47.025597+00:00,2026-10-09T00:22:47.025597+00:00,2026-10-09 03:10 (Local Time),PYRGOS,,,,,1,5,16.8,,,,5.2,,,,248.8,,,,96.0,0.0,,,2.675109,,
2026-10-09T00:20:00+00:00,2026-10-09T00:22:47.025597+00:00,2026-10-09T00:22:47.025597+00:00,2026-10-09 03:10 (Local Time),SAITTAS,,,,,1,5,15.7,,16.6,14.3,,,,,,,,,56.0,0.0,,,,,
2026-10-09T00:20:00+00:00,2026-10-09T00:22:47.025597+00:00,2026-10-09T00:22:47.025597+00:00,2026-10-09 03:10 (Local Time),TAMASOS,,,,,1,9,18.8,18.1,19.4,18.7,4.3,1.4,,,240.0,,,,73.0,0.0,,,2.212109,,
2026-10-09T00:20:00+00:00,2026-10-09T00:22:47.025597+00:00,2026-10-09T00:22:47.025597+00:00,2026-10-09 03:10 (Local Time),TEPAK,,,,,1,9,18.8,,22.1,18.7,1.8,0.0,,,338.0,,,,62.0,0.0,,,0.925999,,"{""Accumulated Rainfall (24 hours)"": {""unit"": ""mm"", ""value"": 0.0}}"
2026-10-09T00:20:00+00:00,2026-10-09T00:22:47.025597+00:00,2026-10-09T00:22:47.025597+00:00,2026-10-09 03:10 (Local Time),TRIPILOS,,,,,1,7,13.2,,14.3,12.9,5.4,,,,16.0,,,,47.0,0.0,,,2.777998,,
2026-10-09T00:20:00+00:00,2026-10-09T00:22:47.025597+00:00,2026-10-09T00:22:47.025597+00:00,2026-10-09 03:10 (Local Time),TROODOS,,,,,1,9,8.4,,9.4,8.2,1.6,0.9,,,332.0,,,,60.0,0.0,831.6,,0.82311,,
2026-10-09T00:20:00+00:00,2026-10-09T00:22:47.025597+00:00,2026-10-09T00:22:47.025597+00:00,2026-10-09 03:10 (Local Time),VISITOR,,,,,1,7,19.5,,22.4,19.4,2.9,,,,252.0,,,,80.0,0.0,,,1.491888,,
2026-10-09T00:20:00+00:00,2026-10-09T00:22:47.025597+00:00,2026-10-09T00:22:47.025597+00:00,2026-10-09 03:10 (Local Time),XYLIATOS,,,,,1,8,16.2,,16.6,15.7,1.6,,,5.0,201.0,,,,51.0,0.0,,,0.82311,,
2026-10-09T00:20:00+00:00,2026-10-09T00:22:47.025597+00:00,2026-10-09T00:22:47.025597+00:00,2026-10-09 03:10 (Local Time),XYLOPHAGOU,,,,,1,9,20.4,20.8,21.4,19.9,7.9,2.2,,,294.0,,,,83.0,0.0,,,4.064108,,
2026-10-09T00:20:00+00:00,2026-10-09T00:22:47.025597+00:00,2026-10-09T00:22:47.025597+00:00,2026-10-09 03:10 (Local Time),ZYGI,,,,,1,9,17.9,16.8,20.6,17.7,4.0,0.5,,,336.0,,,,67.0,0.0,,,2.057776,,
2026-10-09T06:20:00+00:00,2026-10-09T06:22:10.567227+00:00,2026-10-09T06:22:10.567227+00:00,2026-10-09 09:10 (Local Time),ACHNA,,,,,1,8,24.3,,24.5,20.1,7.4,2.1,,,299.0,,,,63.0,0.0,,,3.806886,,
2026-10-09T06:20:00+00:00,2026-10-09T06:22:10.567227+00:00,2026-10-09T06:22:10.567227+00:00,2026-10-09 09:10 (Local Time),AGROS,,,,,1,10,19.3,,19.4,13.3,3.1,1.8,827.0,440.0,17.0,,,,37.0,0.0,,,1.594776,,
2026-10-09T06:20:00+00:00,2026-10-09T06:22:10.567227+00:00,2026-10-09T06:22:10.567227+00:00,2026-10-09 09:10 (Local Time),AKAMAS,,,,,1,7,23.7,,23.8,18.3,4.0,,,,28.0,,,,70.0,0.0,,,2.057776,,
2026-10-09T06:20:00+00:00,2026-10-09T06:22:10.567227+00:00,2026-10-09T06:22:10.567227+00:00,2026-10-09 09:10 (Local Time),ALONOUDI,,,,,1,5,18.1,,18.2,10.1,,,,,,,,,72.0,0.0,,,,,
2026-10-09T06:20:00+00:00,2026-10-09T06:22:10.567227+00:00,2026-10-09T06:22:10.567227+00:00,2026-10-09 09:10 (Local Time),AMARGETI,,,,,1,9,20.7,,21.0,17.2,5.1,2.2,,,291.0,,,,62.0,0.0,967.6,,2.623664,,
2026-10-09T06:20:00+00:00,2026-10-09T06:22:10.567227+00:00,2026-10-09T06:22:10.567227+00:00,2026-10-09 09:10 (Local Time),ASTROMERITIS,,,,,1,6,24.2,,,,5.7,2.5,,,284.0,,,,62.0,0.0,,,2.932331,,
2026-10-09T06:20:00+00:00,2026-10-09T06:22:10.567227+00:00,2026-10-09T06:22:10.567227+00:00,2026-10-09 09:10 (Local Time),ATHALASSA,,,,,1,11,22.9,23.7,23.0,17.7,7.1,2.5,,,271.0,,,,64.0,0.0,1000.3,,3.652552,,"{""Atmospheric Pressure (Mean Sea Level)"": {""unit"": ""hPa"", ""value"": 1019.1}}"
2026-10-09T06:20:00+00:00,2026-10-09T06:22:10.567227+00:00,2026-10-09T06:22:10.567227+00:00,2026-10-09 09:10 (Local Time),ATHIENOU,,,,,1,9,22.9,28.7,23.0,17.8,10.1,3.0,,,279.0,,,,71.0,0.0,,,5.195884,,
2026-10-09T06:20:00+00:00,2026-10-09T06:22:10.567227+00:00,2026-10-09T06:22:10.567227+00:00,2026-10-09 09:10 (Local Time),AVDIMOU,,,,,1,11,26.3,31.9,26.6,13.9,1.1,0.8,876.0,430.0,143.0,,,,57.0,0.0,,,0.565888,,
2026-10-09T06:20:00+00:00,2026-10-09T06:22:10.567227+00:00,2026-10-09T06:22:10.567227+00:00,2026-10-09 09:10 (Local Time),CAVO_GRECO,,,,,1,9,24.6,,24.7,18.7,8.9,3.1,,,308.0,,,,62.0,0.0,1011.4,,4.578552,,
2026-10-09T06:20:00+00:00,2026-10-09T06:22:10.567227+00:00,2026-10-09T06:22:10.567227+00:00,2026-10-09 09:10 (Local Time),CHROMIO,,,,,1,9,14.2,,14.3,7.4,5.5,1.0,,,85.0,,,,45.0,0.1,,,2.829442,,"{""Snow Depth"": {""unit"": ""cm"", ""value"": 0.0}}"
2026-10-09T06:20:00+00:00,2026-10-09T06:22:10.567227+00:00,2026-10-09T06:22:10.567227+00:00,2026-10-09 09:10 (Local Time),CYTASAT,,,,,1,10,22.6,,22.7,15.0,2.7,1.3,,,19.0,,,,50.0,0.0,992.8,,1.388999,,"{""Atmospheric Pressure (Mean Sea Level)"": {""unit"": ""hPa"", ""value"": 1019.6}}"
2026-10-09T06:20:00+00:00,2026-10-09T06:22:10.567227+00:00,2026-10-09T06:22:10.567227+00:00,2026-10-09 09:10 (Local Time),EPTAGONEIA,,,,,1,8,21.9,,22.2,11.2,1.6,0.5,,,233.0,,,,41.0,0.0,,,0.82311,,
2026-10-09T06:20:00+00:00,2026-10-09T06:22:10.567227+00:00,2026-10-09T06:22:10.567227+00:00,2026-10-09 09:10 (Local Time),FANEROMENI,,,,,1,4,24.7,,,,,,,,,,,,65.0,0.0,,,,,"{""Rain Intensity (10 min.)"": {""unit"": ""mm/min"", ""value"": 0.0}}"
2026-10-09T06:20:00+00:00,2026-10-09T06:22:10.567227+00:00,2026-10-09T06:22:10.567227+00:00,2026-10-09 09:10 (Local Time),FARMAKAS,,,,,1,10,19.5,,19.8,11.1,6.2,0.5,857.0,413.0,350.0,,,,56.0,0.0,,,3.189553,,
2026-10-09T06:20:00+00:00,2026-10-09T06:22:10.567227+00:00,2026-10-09T06:22:10.567227+00:00,2026-10-09 09:10 (Local Time),FRENAROS,,,,,1,11,23.0,24.8,23.0,18.1,10.2,3.9,,430.0,292.0,,,,74.0,0.0,1008.5,,5.247329,,
2026-10-09T06:20:00+00:00,2026-10-09T06:22:10.567227+00:00,2026-10-09T06:22:10.567227+00:00,2026-10-09 09:10 (Local Time),KALAVASOS,,,,,1,5,25.7,,26.1,15.3,,,,,,,,,36.0,0.0,,,,,
2026-10-09T06:20:00+00:00,2026-10-09T06:22:10.567227+00:00,2026-10-09T06:22:10.567227+00:00,2026-10-09 09:10 (Local Time),KALOPANAYIOTIS,,,,,1,9,20.1,,20.4,11.8,2.1,0.3,,395.0,157.0,,,,63.0,0.0,,,1.080332,,
2026-10-09T06:20:00+00:00,2026-10-09T06:22:10.567227+00:00,2026-10-09T06:22:10.567227+00:00,2026-10-09 09:10 (Local Time),KAMPOS,,,,,1,11,21.1,20.6,21.3,16.5,1.4,0.7,1090.0,399.0,272.0,,,,58.0,0.0,,,0.720222,,
2026-10-09T06:20:00+00:00,2026-10-09T06:22:10.567227+00:00,2026-10-09T06:22:10.567227+00:00,2026-10-09 09:10 (Local Time),KANNAVIOU,,,,,1,6,20.1,,20.4,14.4,,2.0,,,,,,,59.0,0.0,,,,,
2026-10-09T06:20:00+00:00,2026-10-09T06:22:10.567227+00:00,2026-10-09T06:22:10.567227+00:00,2026-10-09 09:10 (Local Time),KATHIKAS,,,,,1,6,19.3,,19.4,16.6,,,,,,,,,76.0,0.0,,,,,"{""Accumulated Rainfall (24 hours)"": {""unit"": ""mm"", ""value"": 0.0}}"
2026-10-09T06:20:00+00:00,2026-10-09T06:22:10.567227+00:00,2026-10-09T06:22:10.567227+00:00,2026-10-09 09:10 (Local Time),KEPNIC,,,,,1,1,,,,,,,,,,,,,,0.0,,,,,
2026-10-09T06:20:00+00:00,2026-10-09T06:22:10.567227+00:00,2026-10-09T06:22:10.567227+00:00,2026-10-09 09:10 (Local Time),KILANI,,,,,1,7,21.9,,22.1,11.3,,1.5,,465.0,,,,,31.0,0.0,,,,,
2026-10-09T06:20:00+00:00,2026-10-09T06:22:10.567227+00:00,2026-10-09T06:22:10.567227+00:00,2026-10-09 09:10 (Local Time),KORNOS,,,,,1,3,23.8,,,,,,,,,,,,54.0,0.0,,,,,
2026-10-09T06:20:00+00:00,2026-10-09T06:22:10.567227+00:00,2026-10-09T06:22:10.567227+00:00,2026-10-09 09:10 (Local Time),KOURIS,,,,,1,8,23.2,,23.5,18.1,5.0,2.0,,,13.0,,,,38.0,0.0,,,2.57222,,
2026-10-09T06:20:00+00:00,2026-10-09T06:22:10.567227+00:00,2026-10-09T06:22:10.567227+00:00,2026-10-09 09:10 (Local Time),KPYRGOS,,,,,1,8,24.5,,24.8,18.4,2.8,1.2,,,138.0,,,,67.0,0.0,,,1.440443,,
2026-10-09T06:20:00+00:00,2026-10-09T06:22:10.567227+00:00,2026-10-09T06:22:10.567227+00:00,2026-10-09 09:10 (Local Time),KYPEROUNTA,,,,,1,6,16.4,,16.7,12.7,,2.7,,478.0,,,,,41.0,,,,,,
2026-10-09T06:20:00+00:00,2026-10-09T06:22:10.567227+00:00,2026-10-09T06:22:10.567227+00:00,2026-10-09 09:10 (Local Time),LCLK,,,,,1,9,25.7,,25.8,19.8,,4.2,,,,,,,60.0,0.0,,,,,"{""Atmospheric Pressure (QNH)"": {""unit"": ""hPa"", ""value"": 1018.6}, ""Wind Direction (10m) at Runway 22"": {""unit"": ""Degrees"", ""value"": 318.0}, ""Wind Speed (10m) at Runway 22"": {""unit"": ""Knots"", ""value"": 10.1}}"
2026-10-09T06:20:00+00:00,2026-10-09T06:22:10.567227+00:00,2026-10-09T06:22:10.567227+00:00,2026-10-09 09:10 (Local Time),LCPH,,,,,1,9,24.7,,24.8,18.4,,0.1,,,,,,,63.0,0.0,,,,,"{""Atmospheric Pressure (QNH)"": {""unit"": ""hPa"", ""value"": 1018.8}, ""Wind Direction (10m) at Runway 29"": {""unit"": ""Degrees"", ""value"": 262.0}, ""Wind Speed (10m) at Runway 29"": {""unit"": ""Knots"", ""value"": 0.0}}"
2026-10-09T06:20:00+00:00,2026-10-09T06:22:10.567227+00:00,2026-10-09T06:22:10.567227+00:00,2026-10-09 09:10 (Local Time),LEFKARA,,,,,1,6,23.7,,23.9,13.7,,1.5,,,,,,,38.0,0.0,,,,,
2026-10-09T06:20:00+00:00,2026-10-09T06:22:10.567227+00:00,2026-10-09T06:22:10.567227+00:00,2026-10-09 09:10 (Local Time),LEFKOSIA,,,,,1,7,23.2,,23.2,15.0,,1.0,,,,,,,63.0,0.0,,,,,"{""Accumulated Rainfall (24 hours)"": {""unit"": ""mm"", ""value"": 0.0}}"
2026-10-09T06:20:00+00:00,2026-10-09T06:22:10.567227+00:00,2026-10-09T06:22:10.567227+00:00,2026-10-09 09:10 (Local Time),LIMASSOL,,,,,1,10,24.5,,24.6,18.4,,1.0,,427.0,,,,,50.0,0.0,1017.6,,,,"{""Wind Direction (10m) at Port Gate"": {""unit"": ""Degrees"", ""value"": 15.0}, ""Wind Speed (10m) at Port Gate"": {""unit"": ""Knots"", ""value"": 2.4}}"
2026-10-09T06:20:00+00:00,2026-10-09T06:22:10.567227+00:00,2026-10-09T06:22:10.567227+00:00,2026-10-09 09:10 (Local Time),LINOU,,,,,1,9,22.6,,22.8,16.9,2.3,1.2,,,241.0,,,,63.0,0.0,972.5,,1.183221,,
2026-10-09T06:20:00+00:00,2026-10-09T06:22:10.567227+00:00,2026-10-09T06:22:10.567227+00:00,2026-10-09 09:10 (Local Time),LYSOS,,,,,1,7,19.4,,19.5,14.6,7.2,,,,40.0,,,,56.0,0.0,,,3.703997,,
2026-10-09T06:20:00+00:00,2026-10-09T06:22:10.567227+00:00,2026-10-09T06:22:10.567227+00:00,2026-10-09 09:10 (Local Time),MALLIA,,,,,1,10,25.2,30.7,25.5,12.0,2.3,0.7,,477.0,220.0,,,,36.0,0.0,,,1.183221,,
2026-10-09T06:20:00+00:00,2026-10-09T06:22:10.567227+00:00,2026-10-09T06:22:10.567227+00:00,2026-10-09 09:10 (Local Time),MAMMARI,,,,,1,10,23.5,,23.6,17.9,,3.6,,435.0,,,,,67.0,0.0,,,,,"{""Atmospheric Pressure (QNH)"": {""unit"": ""hPa"", ""value"": 1019.9}, ""Wind Direction (10m) at Runway 12"": {""unit"": ""Degrees"", ""value"": 257.0}, ""Wind Speed (10m) at Runway 12"": {""unit"": ""Knots"", ""value"": 8.7}}"
2026-10-09T06:20:00+00:00,2026-10-09T06:22:10.567227+00:00,2026-10-09T06:22:10.567227+00:00,2026-10-09 09:10 (Local Time),MATHIATIS,,,,,1,10,23.0,,23.2,15.1,3.5,1.0,732.0,432.0,306.0,,,,59.0,0.0,,,1.800554,,
2026-10-09T06:20:00+00:00,2026-10-09T06:22:10.567227+00:00,2026-10-09T06:22:10.567227+00:00,2026-10-09 09:10 (Local Time),PANAGIA_BRIDGE,,,,,1,6,17.6,19.4,17.7,10.0,,,,,,,,,67.0,0.0,,,,,
2026-10-09T06:20:00+00:00,2026-10-09T06:22:10.567227+00:00,2026-10-09T06:22:10.567227+00:00,2026-10-09 09:10 (Local Time),PAPHOS,,,,,1,8,26.3,,26.6,18.2,1.8,0.9,,,272.0,,,,50.0,0.0,,,0.925999,,
2026-10-09T06:20:00+00:00,2026-10-09T06:22:10.567227+00:00,2026-10-09T06:22:10.567227+00:00,2026-10-09 09:10 (Local Time),PAREKLISIA,,,,,1,7,23.9,,24.1,16.2,0.9,,,,274.0,,,,63.0,0.0,,,0.463,,
2026-10-09T06:20:00+00:00,2026-10-09T06:22:10.567227+00:00,2026-10-09T06:22:10.567227+00:00,2026-10-09 09:10 (Local Time),PENTAKOMO,,,,,1,8,25.7,,25.8,20.3,3.7,1.5,,,217.0,,,,64.0,0.0,,,1.903443,,
2026-10-09T06:20:00+00:00,2026-10-09T06:22:10.567227+00:00,2026-10-09T06:22:10.567227+00:00,2026-10-09 09:10 (Local Time),PLATANIA,,,,,1,6,16.2,,16.5,9.7,,0.1,,,,,,,60.0,0.0,,,,,
2026-10-09T06:20:00+00:00,2026-10-09T06:22:10.567227+00:00,2026-10-09T06:22:10.567227+00:00,2026-10-09 09:10 (Local Time),POLIS,,,,,1,11,24.5,,24.9,18.1,1.0,0.6,972.0,,164.0,,,,70.0,0.0,1015.7,,0.514444,,"{""Atmospheric Pressure (Mean Sea Level)"": {""unit"": ""hPa"", ""value"": 1018.4}}"
2026-10-09T06:20:00+00:00,2026-10-09T06:22:10.567227+00:00,2026-10-09T06:22:10.567227+00:00,2026-10-09 09:10 (Local Time),POLYSTYPOS,,,,,1,8,19.9,,20.1,13.9,1.2,0.9,,,147.0,,,,38.0,0.0,,,0.617333,,
2026-10-09T06:20:00+00:00,2026-10-09T06:22:10.567227+00:00,2026-10-09T06:22:10.567227+00:00,2026-10-09 09:10 (Local Time),PRODROMOS,,,,,1,9,13.1,,13.3,9.3,3.3,1.0,,12.0,61.0,,,,68.0,0.0,,,1.697665,,
2026-10-09T06:20:00+00:00,2026-10-09T06:22:10.567227+00:00,2026-10-09T06:22:10.567227+00:00,2026-10-09 09:10 (Local Time),PYRGOS,,,,,1,5,20.9,,,,1.4,,,,352.6,,,,68.0,0.0,,,0.720222,,
2026-10-09T06:20:00+00:00,2026-10-09T06:22:10.567227+00:00,2026-10-09T06:22:10.567227+00:00,2026-10-09 09:10 (Local Time),SAITTAS,,,,,1,5,21.0,,21.1,12.6,,,,,,,,,42.0,0.0,,,,,
2026-10-09T06:20:00+00:00,2026-10-09T06:22:10.567227+00:00,2026-10-09T06:22:10.567227+00:00,2026-10-09 09:10 (Local Time),TAMASOS,,,,,1,9,21.0,21.2,21.1,18.7,4.3,1.5,,,286.0,,,,69.0,0.0,,,2.212109,,
2026-10-09T06:20:00+00:00,2026-10-09T06:22:10.567227+00:00,2026-10-09T06:22:10.567227+00:00,2026-10-09 09:10 (Local Time),TEPAK,,,,,1,9,25.7,,26.0,18.7,1.6,0.3,,,315.0,,,,53.0,0.0,,,0.82311,,"{""Accumulated Rainfall (24 hours)"": {""unit"": ""mm"", ""value"": 0.0}}"
2026-10-09T06:20:00+00:00,2026-10-09T06:22:10.567227+00:00,2026-10-09T06:22:10.567227+00:00,2026-10-09 09:10 (Local Time),TRIPILOS,,,,,1,7,15.8,,16.1,11.7,4.0,,,,83.0,,,,57.0,0.0,,,2.057776,,
2026-10-09T06:20:00+00:00,2026-10-09T06:22:10.567227+00:00,2026-10-09T06:22:10.567227+00:00,2026-10-09 09:10 (Local Time),TROODOS,,,,,1,9,15.5,,15.7,8.0,2.8,0.6,,,117.0,,,,40.0,0.0,832.2,,1.440443,,
2026-10-09T06:20:00+00:00,2026-10-09T06:22:10.567227+00:00,2026-10-09T06:22:10.567227+00:00,2026-10-09 09:10 (Local Time),VISITOR,,,,,1,7,23.8,,24.0,18.2,4.0,,,,267.0,,,,65.0,0.0,,,2.057776,,
2026-10-09T06:20:00+00:00,2026-10-09T06:22:10.567227+00:00,2026-10-09T06:22:10.567227+00:00,2026-10-09 09:10 (Local Time),XYLIATOS,,,,,1,8,19.6,,19.9,15.6,2.9,,,458.0,348.0,,,,66.0,0.0,,,1.491888,,
2026-10-09T06:20:00+00:00,2026-10-09T06:22:10.567227+00:00,2026-10-09T06:22:10.567227+00:00,2026-10-09 09:10 (Local Time),XYLOPHAGOU,,,,,1,9,24.4,25.9,24.5,19.9,8.2,2.6,,,309.0,,,,69.0,0.0,,,4.218441,,
2026-10-09T06:20:00+00:00,2026-10-09T06:22:10.567227+00:00,2026-10-09T06:22:10.567227+00:00,2026-10-09 09:10 (Local Time),ZYGI,,,,,1,9,26.1,31.1,26.3,15.3,1.2,0.4,,,336.0,,,,48.0,0.0,,,0.617333,,
2026-10-09T13:30:00+00:00,2026-10-09T13:30:46.559333+00:00,2026-10-09T13:30:46.559333+00:00,2026-10-09 16:20 (Local Time),ACHNA,,,,,1,8,27.3,,31.4,20.1,5.6,1.6,,,172.0,,,,50.0,0.0,,,2.880886,,
2026-10-09T13:30:00+00:00,2026-10-09T13:30:46.559333+00:00,2026-10-09T13:30:46.559333+00:00,2026-10-09 16:20 (Local Time),AGROS,,,,,1,10,20.4,,24.8,13.3,1.3,0.6,488.0,277.0,39.0,,,,64.0,0.0,,,0.668777,,
2026-10-09T13:30:00+00:00,2026-10-09T13:30:46.559333+00:00,2026-10-09T13:30:46.559333+00:00,2026-10-09 16:20 (Local Time),AKAMAS,,,,,1,7,25.7,,27.8,18.3,3.5,,,,348.0,,,,48.0,0.0,,,1.800554,,
2026-10-09T13:30:00+00:00,2026-10-09T13:30:46.559333+00:00,2026-10-09T13:30:46.559333+00:00,,ALONOUDI,,,,,0,0,,,,,,,,,,,,,,,,,,,
2026-10-09T13:30:00+00:00,2026-10-09T13:30:46.559333+00:00,2026-10-09T13:30:46.559333+00:00,2026-10-09 16:20 (Local Time),AMARGETI,,,,,1,9,25.8,,27.6,17.2,9.4,3.2,,,301.0,,,,47.0,0.0,965.4,,4.835774,,
2026-10-09T13:30:00+00:00,2026-10-09T13:30:46.559333+00:00,2026-10-09T13:30:46.559333+00:00,2026-10-09 16:20 (Local Time),ASTROMERITIS,,,,,1,6,25.9,,,,6.2,2.5,,,300.0,,,,53.0,0.0,,,3.189553,,
2026-10-09T13:30:00+00:00,2026-10-09T13:30:46.559333+00:00,2026-10-09T13:30:46.559333+00:00,2026-10-09 16:20 (Local Time),ATHALASSA,,,,,1,11,28.1,29.0,29.6,17.7,1.5,0.9,,,270.0,,,,42.0,0.0,997.5,,0.771666,,"{""Atmospheric Pressure (Mean Sea Level)"": {""unit"": ""hPa"", ""value"": 1016.0}}"
2026-10-09T13:30:00+00:00,2026-10-09T13:30:46.559333+00:00,2026-10-09T13:30:46.559333+00:00,2026-10-09 16:20 (Local Time),ATHIENOU,,,,,1,9,28.8,36.4,31.0,17.8,5.0,1.1,,,41.0,,,,42.0,0.0,,,2.57222,,
2026-10-09T13:30:00+00:00,2026-10-09T13:30:46.559333+00:00,2026-10-09T13:30:46.559333+00:00,2026-10-09 16:20 (Local Time),AVDIMOU,,,,,1,11,29.1,36.8,30.3,13.9,3.4,1.6,895.0,387.0,193.0,,,,29.0,0.0,,,1.74911,,
2026-10-09T13:30:00+00:00,2026-10-09T13:30:46.559333+00:00,2026-10-09T13:30:46.559333+00:00,2026-10-09 16:20 (Local Time),CAVO_GRECO,,,,,1,9,28.2,,29.2,18.7,6.6,2.9,,,26.0,,,,54.0,0.0,1009.0,,3.39533,,
2026-10-09T13:30:00+00:00,2026-10-09T13:30:46.559333+00:00,2026-10-09T13:30:46.559333+00:00,2026-10-09 16:20 (Local Time),CHROMIO,,,,,1,9,15.5,,17.3,7.4,5.4,1.3,,,116.0,,,,74.0,0.0,,,2.777998,,"{""Snow Depth"": {""unit"": ""cm"", ""value"": 0.0}}"
2026-10-09T13:30:00+00:00,2026-10-09T13:30:46.559333+00:00,2026-10-09T13:30:46.559333+00:00,2026-10-09 16:20 (Local Time),CYTASAT,,,,,1,10,25.7,,30.2,15.0,3.6,1.7,,,193.0,,,,51.0,0.0,990.6,,1.851998,,"{""Atmospheric Pressure (Mean Sea Level)"": {""unit"": ""hPa"", ""value"": 1017.0}}"
2026-10-09T13:30:00+00:00,2026-10-09T13:30:46.559333+00:00,2026-10-09T13:30:46.559333+00:00,2026-10-09 16:20 (Local Time),EPTAGONEIA,,,,,1,8,25.5,,28.5,11.2,6.2,2.3,,,248.0,,,,47.0,0.0,,,3.189553,,
2026-10-09T13:30:00+00:00,2026-10-09T13:30:46.559333+00:00,2026-10-09T13:30:46.559333+00:00,2026-10-09 16:20 (Local Time),FANEROMENI,,,,,1,4,28.9,,,,,,,,,,,,48.0,0.0,,,,,"{""Rain Intensity (10 min.)"": {""unit"": ""mm/min"", ""value"": 0.0}}"
2026-10-09T13:30:00+00:00,2026-10-09T13:30:46.559333+00:00,2026-10-09T13:30:46.559333+00:00,2026-10-09 16:20 (Local Time),FARMAKAS,,,,,1,10,24.7,,27.5,11.1,6.2,1.3,794.0,361.0,350.0,,,,52.0,0.0,,,3.189553,,
2026-10-09T13:30:00+00:00,2026-10-09T13:30:46.559333+00:00,2026-10-09T13:30:46.559333+00:00,2026-10-09 16:20 (Local Time),FRENAROS,,,,,1,11,28.1,30.5,30.4,18.1,5.1,2.5,,295.0,56.0,,,,57.0,0.0,1005.9,,2.623664,,
2026-10-09T13:30:00+00:00,2026-10-09T13:30:46.559333+00:00,2026-10-09T13:30:46.559333+00:00,2026-10-09 16:20 (Local Time),KALAVASOS,,,,,1,5,28.1,,31.2,15.3,,,,,,,,,45.0,0.0,,,,,
2026-10-09T13:30:00+00:00,2026-10-09T13:30:46.559333+00:00,2026-10-09T13:30:46.559333+00:00,2026-10-09 16:20 (Local Time),KALOPANAYIOTIS,,,,,1,9,25.1,,26.3,11.8,4.5,1.1,,346.0,319.0,,,,53.0,0.0,,,2.314998,,
2026-10-09T13:30:00+00:00,2026-10-09T13:30:46.559333+00:00,2026-10-09T13:30:46.559333+00:00,2026-10-09 16:20 (Local Time),KAMPOS,,,,,1,11,23.2,23.5,27.3,16.5,0.0,0.4,946.0,452.0,27.0,,,,54.0,0.0,,,0.0,,
2026-10-09T13:30:00+00:00,2026-10-09T13:30:46.559333+00:00,2026-10-09T13:30:46.559333+00:00,2026-10-09 16:20 (Local Time),KANNAVIOU,,,,,1,6,24.4,,25.7,14.4,,3.4,,,,,,,54.0,0.0,,,,,
2026-10-09T13:30:00+00:00,2026-10-09T13:30:46.559333+00:00,2026-10-09T13:30:46.559333+00:00,2026-10-09 16:20 (Local Time),KATHIKAS,,,,,1,6,24.1,,25.3,16.6,,,,,,,,,53.0,0.0,,,,,"{""Accumulated Rainfall (24 hours)"": {""unit"": ""mm"", ""value"": 0.0}}"
2026-10-09T13:30:00+00:00,2026-10-09T13:30:46.559333+00:00,2026-10-09T13:30:46.559333+00:00,2026-10-09 16:20 (Local Time),KEPNIC,,,,,1,1,,,,,,,,,,,,,,0.0,,,,,
2026-10-09T13:30:00+00:00,2026-10-09T13:30:46.559333+00:00,2026-10-09T13:30:46.559333+00:00,2026-10-09 16:20 (Local Time),KILANI,,,,,1,7,22.9,,25.0,11.3,,1.8,,400.0,,,,,41.0,0.0,,,,,
2026-10-09T13:30:00+00:00,2026-10-09T13:30:46.559333+00:00,2026-10-09T13:30:46.559333+00:00,2026-10-09 16:20 (Local Time),KORNOS,,,,,1,3,26.0,,,,,,,,,,,,53.0,0.0,,,,,
2026-10-09T13:30:00+00:00,2026-10-09T13:30:46.559333+00:00,2026-10-09T13:30:46.559333+00:00,2026-10-09 16:20 (Local Time),KOURIS,,,,,1,8,29.2,,30.2,18.1,4.7,1.0,,,210.0,,,,28.0,0.0,,,2.417887,,
2026-10-09T13:30:00+00:00,2026-10-09T13:30:46.559333+00:00,2026-10-09T13:30:46.559333+00:00,2026-10-09 16:20 (Local Time),KPYRGOS,,,,,1,8,26.0,,26.9,18.4,3.7,1.6,,,319.0,,,,60.0,0.0,,,1.903443,,
2026-10-09T13:30:00+00:00,2026-10-09T13:30:46.559333+00:00,2026-10-09T13:30:46.559333+00:00,2026-10-09 16:20 (Local Time),KYPEROUNTA,,,,,1,6,17.7,,21.4,12.7,,1.3,,304.0,,,,,71.0,,,,,,
2026-10-09T13:30:00+00:00,2026-10-09T13:30:46.559333+00:00,2026-10-09T13:30:46.559333+00:00,2026-10-09 16:20 (Local Time),LCLK,,,,,1,9,27.6,,31.4,19.8,,2.6,,,,,,,50.0,0.0,,,,,"{""Atmospheric Pressure (QNH)"": {""unit"": ""hPa"", ""value"": 1016.1}, ""Wind Direction (10m) at Runway 22"": {""unit"": ""Degrees"", ""value"": 214.0}, ""Wind Speed (10m) at Runway 22"": {""unit"": ""Knots"", ""value"": 6.4}}"
2026-10-09T13:30:00+00:00,2026-10-09T13:30:46.559333+00:00,2026-10-09T13:30:46.559333+00:00,2026-10-09 16:20 (Local Time),LCPH,,,,,1,9,26.8,,28.5,18.4,,6.1,,,,,,,55.0,0.0,,,,,"{""Atmospheric Pressure (QNH)"": {""unit"": ""hPa"", ""value"": 1016.5}, ""Wind Direction (10m) at Runway 29"": {""unit"": ""Degrees"", ""value"": 290.0}, ""Wind Speed (10m) at Runway 29"": {""unit"": ""Knots"", ""value"": 14.8}}"
2026-10-09T13:30:00+00:00,2026-10-09T13:30:46.559333+00:00,2026-10-09T13:30:46.559333+00:00,2026-10-09 16:20 (Local Time),LEFKARA,,,,,1,6,28.2,,29.8,13.7,,0.7,,,,,,,46.0,0.0,,,,,
2026-10-09T13:30:00+00:00,2026-10-09T13:30:46.559333+00:00,2026-10-09T13:30:46.559333+00:00,2026-10-09 16:20 (Local Time),LEFKOSIA,,,,,1,7,25.9,,29.7,15.0,,0.9,,,,,,,52.0,0.0,,,,,"{""Accumulated Rainfall (24 hours)"": {""unit"": ""mm"", ""value"": 0.0}}"
2026-10-09T13:30:00+00:00,2026-10-09T13:30:46.559333+00:00,2026-10-09T13:30:46.559333+00:00,2026-10-09 16:20 (Local Time),LIMASSOL,,,,,1,10,29.1,,29.4,18.4,,2.4,,365.0,,,,,39.0,0.0,1015.2,,,,"{""Wind Direction (10m) at Port Gate"": {""unit"": ""Degrees"", ""value"": 233.0}, ""Wind Speed (10m) at Port Gate"": {""unit"": ""Knots"", ""value"": 7.5}}"
2026-10-09T13:30:00+00:00,2026-10-09T13:30:46.559333+00:00,2026-10-09T13:30:46.559333+00:00,2026-10-09 16:20 (Local Time),LINOU,,,,,1,9,25.8,,26.3,16.9,5.8,2.1,,,333.0,,,,52.0,0.0,970.3,,2.983775,,
2026-10-09T13:30:00+00:00,2026-10-09T13:30:46.559333+00:00,2026-10-09T13:30:46.559333+00:00,2026-10-09 16:20 (Local Time),LYSOS,,,,,1,7,24.2,,25.8,14.6,7.6,,,,310.0,,,,52.0,0.0,,,3.909774,,
2026-10-09T13:30:00+00:00,2026-10-09T13:30:46.559333+00:00,2026-10-09T13:30:46.559333+00:00,2026-10-09 16:20 (Local Time),MALLIA,,,,,1,10,26.5,30.4,27.5,12.0,4.0,1.4,,402.0,183.0,,,,39.0,0.0,,,2.057776,,
2026-10-09T13:30:00+00:00,2026-10-09T13:30:46.559333+00:00,2026-10-09T13:30:46.559333+00:00,2026-10-09 16:20 (Local Time),MAMMARI,,,,,1,10,26.7,,28.6,17.9,,4.9,,367.0,,,,,54.0,0.0,,,,,"{""Atmospheric Pressure (QNH)"": {""unit"": ""hPa"", ""value"": 1017.3}, ""Wind Direction (10m) at Runway 12"": {""unit"": ""Degrees"", ""value"": 261.0}, ""Wind Speed (10m) at Runway 12"": {""unit"": ""Knots"", ""value"": 11.4}}"
2026-10-09T13:30:00+00:00,2026-10-09T13:30:46.559333+00:00,2026-10-09T13:30:46.559333+00:00,2026-10-09 16:20 (Local Time),MATHIATIS,,,,,1,10,29.4,,30.6,15.1,5.1,1.1,672.0,393.0,2.0,,,,38.0,0.0,,,2.623664,,
2026-10-09T13:30:00+00:00,2026-10-09T13:30:46.559333+00:00,2026-10-09T13:30:46.559333+00:00,2026-10-09 16:20 (Local Time),PANAGIA_BRIDGE,,,,,1,6,24.4,27.0,25.9,10.0,,,,,,,,,57.0,0.0,,,,,
2026-10-09T13:30:00+00:00,2026-10-09T13:30:46.559333+00:00,2026-10-09T13:30:46.559333+00:00,2026-10-09 16:20 (Local Time),PAPHOS,,,,,1,8,26.6,,27.3,18.2,5.0,2.4,,,293.0,,,,52.0,0.0,,,2.57222,,
2026-10-09T13:30:00+00:00,2026-10-09T13:30:46.559333+00:00,2026-10-09T13:30:46.559333+00:00,2026-10-09 16:20 (Local Time),PAREKLISIA,,,,,1,7,26.8,,31.3,16.2,1.9,,,,213.0,,,,48.0,0.0,,,0.977444,,
2026-10-09T13:30:00+00:00,2026-10-09T13:30:46.559333+00:00,2026-10-09T13:30:46.559333+00:00,2026-10-09 16:20 (Local Time),PENTAKOMO,,,,,1,8,27.0,,28.2,20.3,7.7,3.2,,,217.0,,,,60.0,0.0,,,3.961219,,
2026-10-09T13:30:00+00:00,2026-10-09T13:30:46.559333+00:00,2026-10-09T13:30:46.559333+00:00,2026-10-09 16:20 (Local Time),PLATANIA,,,,,1,6,17.5,,19.7,9.7,,0.1,,,,,,,77.0,0.0,,,,,
2026-10-09T13:30:00+00:00,2026-10-09T13:30:46.559333+00:00,2026-10-09T13:30:46.559333+00:00,2026-10-09 16:20 (Local Time),POLIS,,,,,1,11,25.8,,26.8,18.1,4.5,2.3,961.0,,308.0,,,,62.0,0.0,1013.5,,2.314998,,"{""Atmospheric Pressure (Mean Sea Level)"": {""unit"": ""hPa"", ""value"": 1016.2}}"
2026-10-09T13:30:00+00:00,2026-10-09T13:30:46.559333+00:00,2026-10-09T13:30:46.559333+00:00,2026-10-09 16:20 (Local Time),POLYSTYPOS,,,,,1,8,20.0,,22.7,13.9,1.2,0.8,,,99.0,,,,61.0,0.0,,,0.617333,,
2026-10-09T13:30:00+00:00,2026-10-09T13:30:46.559333+00:00,2026-10-09T13:30:46.559333+00:00,2026-10-09 16:20 (Local Time),PRODROMOS,,,,,1,9,15.5,,18.2,9.3,4.4,1.5,,342.0,33.0,,,,82.0,0.0,,,2.263554,,
2026-10-09T13:30:00+00:00,2026-10-09T13:30:46.559333+00:00,2026-10-09T13:30:46.559333+00:00,2026-10-09 16:20 (Local Time),PYRGOS,,,,,1,5,23.5,,,,2.4,,,,284.7,,,,64.0,0.0,,,1.234666,,
2026-10-09T13:30:00+00:00,2026-10-09T13:30:46.559333+00:00,2026-10-09T13:30:46.559333+00:00,2026-10-09 16:20 (Local Time),SAITTAS,,,,,1,5,27.2,,28.8,12.6,,,,,,,,,35.0,0.0,,,,,
2026-10-09T13:30:00+00:00,2026-10-09T13:30:46.559333+00:00,2026-10-09T13:30:46.559333+00:00,2026-10-09 16:20 (Local Time),TAMASOS,,,,,1,9,25.8,31.7,27.3,18.7,4.0,1.4,,,333.0,,,,47.0,0.0,,,2.057776,,
2026-10-09T13:30:00+00:00,2026-10-09T13:30:46.559333+00:00,2026-10-09T13:30:46.559333+00:00,2026-10-09 16:20 (Local Time),TEPAK,,,,,1,9,26.8,,29.4,18.7,3.3,1.4,,,198.0,,,,37.0,0.0,,,1.697665,,"{""Accumulated Rainfall (24 hours)"": {""unit"": ""mm"", ""value"": 0.0}}"
2026-10-09T13:30:00+00:00,2026-10-09T13:30:46.559333+00:00,2026-10-09T13:30:46.559333+00:00,2026-10-09 16:20 (Local Time),TRIPILOS,,,,,1,7,20.1,,22.5,11.7,3.6,,,,64.0,,,,63.0,0.0,,,1.851998,,
2026-10-09T13:30:00+00:00,2026-10-09T13:30:46.559333+00:00,2026-10-09T13:30:46.559333+00:00,2026-10-09 16:20 (Local Time),TROODOS,,,,,1,9,18.0,,19.4,8.0,3.6,0.9,,,105.0,,,,62.0,0.0,831.1,,1.851998,,
2026-10-09T13:30:00+00:00,2026-10-09T13:30:46.559333+00:00,2026-10-09T13:30:46.559333+00:00,2026-10-09 16:20 (Local Time),VISITOR,,,,,1,7,29.2,,30.8,18.2,1.6,,,,274.0,,,,41.0,0.0,,,0.82311,,
2026-10-09T13:30:00+00:00,2026-10-09T13:30:46.559333+00:00,2026-10-09T13:30:46.559333+00:00,2026-10-09 16:20 (Local Time),XYLIATOS,,,,,1,8,21.8,,24.8,15.6,3.0,,,102.0,349.0,,,,59.0,0.0,,,1.543332,,
2026-10-09T13:30:00+00:00,2026-10-09T13:30:46.559333+00:00,2026-10-09T13:30:46.559333+00:00,2026-10-09 16:20 (Local Time),XYLOPHAGOU,,,,,1,9,27.3,31.6,31.1,19.9,6.0,2.0,,,199.0,,,,57.0,0.0,,,3.086664,,
2026-10-09T13:30:00+00:00,2026-10-09T13:30:46.559333+00:00,2026-10-09T13:30:46.559333+00:00,2026-10-09 16:20 (Local Time),ZYGI,,,,,1,9,26.6,27.1,28.8,15.3,3.8,1.6,,,209.0,,,,56.0,0.0,,,1.954887,,
2026-10-09T18:50:00+00:00,2026-10-09T18:57:56.262526+00:00,2026-10-09T18:57:56.262526+00:00,2026-10-09 21:50 (Local Time),ACHNA,,,,,1,8,22.2,,22.6,22.1,4.5,1.2,,,294.0,,,,70.0,0.0,,,2.314998,,
2026-10-09T18:50:00+00:00,2026-10-09T18:57:56.262526+00:00,2026-10-09T18:57:56.262526+00:00,2026-10-09 21:50 (Local Time),AGROS,,,,,1,10,15.9,,16.6,15.8,0.6,0.5,3.0,0.0,288.0,,,,77.0,0.0,,,0.308666,,
2026-10-09T18:50:00+00:00,2026-10-09T18:57:56.262526+00:00,2026-10-09T18:57:56.262526+00:00,2026-10-09 21:50 (Local Time),AKAMAS,,,,,1,7,19.6,,19.8,19.4,6.2,,,,357.0,,,,84.0,0.0,,,3.189553,,
2026-10-09T18:50:00+00:00,2026-10-09T18:57:56.262526+00:00,2026-10-09T18:57:56.262526+00:00,2026-10-09 21:50 (Local Time),ALONOUDI,,,,,1,5,15.6,,16.7,15.5,,,,,,,,,74.0,0.0,,,,,
2026-10-09T18:50:00+00:00,2026-10-09T18:57:56.262526+00:00,2026-10-09T18:57:56.262526+00:00,2026-10-09 21:50 (Local Time),AMARGETI,,,,,1,9,18.3,,18.7,18.2,6.6,2.3,,,307.0,,,,81.0,0.0,966.0,,3.39533,,
2026-10-09T18:50:00+00:00,2026-10-09T18:57:56.262526+00:00,2026-10-09T18:57:56.262526+00:00,2026-10-09 21:50 (Local Time),ASTROMERITIS,,,,,1,6,19.4,,,,6.8,2.0,,,221.0,,,,79.0,0.0,,,3.498219,,
2026-10-09T18:50:00+00:00,2026-10-09T18:57:56.262526+00:00,2026-10-09T18:57:56.262526+00:00,2026-10-09 21:50 (Local Time),ATHALASSA,,,,,1,11,21.7,19.6,22.1,21.6,5.3,1.9,,,269.0,,,,72.0,0.0,998.1,,2.726553,,"{""Atmospheric Pressure (Mean Sea Level)"": {""unit"": ""hPa"", ""value"": 1017.0}}"
2026-10-09T18:50:00+00:00,2026-10-09T18:57:56.262526+00:00,2026-10-09T18:57:56.262526+00:00,2026-10-09 21:50 (Local Time),ATHIENOU,,,,,1,9,20.1,18.5,20.7,20.1,7.0,1.6,,,249.0,,,,82.0,0.0,,,3.601108,,
2026-10-09T18:50:00+00:00,2026-10-09T18:57:56.262526+00:00,2026-10-09T18:57:56.262526+00:00,2026-10-09 21:50 (Local Time),AVDIMOU,,,,,1,11,19.8,16.0,21.8,19.6,1.0,0.2,3.0,6.0,332.0,,,,63.0,0.0,,,0.514444,,
2026-10-09T18:50:00+00:00,2026-10-09T18:57:56.262526+00:00,2026-10-09T18:57:56.262526+00:00,2026-10-09 21:50 (Local Time),CAVO_GRECO,,,,,1,9,21.4,,21.5,21.0,5.4,1.5,,,286.0,,,,72.0,0.0,1009.1,,2.777998,,
2026-10-09T18:50:00+00:00,2026-10-09T18:57:56.262526+00:00,2026-10-09T18:57:56.262526+00:00,2026-10-09 21:50 (Local Time),CHROMIO,,,,,1,9,11.5,,12.2,11.2,2.6,0.7,,,131.0,,,,24.0,0.0,,,1.337554,,"{""Snow Depth"": {""unit"": ""cm"", ""value"": 0.0}}"
2026-10-09T18:50:00+00:00,2026-10-09T18:57:56.262526+00:00,2026-10-09T18:57:56.262526+00:00,2026-10-09 21:50 (Local Time),CYTASAT,,,,,1,10,18.9,,20.5,18.8,1.3,0.5,,,154.0,,,,69.0,0.0,990.7,,0.668777,,"{""Atmospheric Pressure (Mean Sea Level)"": {""unit"": ""hPa"", ""value"": 1017.8}}"
2026-10-09T18:50:00+00:00,2026-10-09T18:57:56.262526+00:00,2026-10-09T18:57:56.262526+00:00,2026-10-09 21:50 (Local Time),EPTAGONEIA,,,,,1,8,15.7,,16.6,15.6,1.9,0.1,,,257.0,,,,74.0,0.0,,,0.977444,,
2026-10-09T18:50:00+00:00,2026-10-09T18:57:56.262526+00:00,2026-10-09T18:57:56.262526+00:00,2026-10-09 21:50 (Local Time),FANEROMENI,,,,,1,4,23.2,,,,,,,,,,,,70.0,0.0,,,,,"{""Rain Intensity (10 min.)"": {""unit"": ""mm/min"", ""value"": 0.0}}"
2026-10-09T18:50:00+00:00,2026-10-09T18:57:56.262526+00:00,2026-10-09T18:57:56.262526+00:00,2026-10-09 21:50 (Local Time),FARMAKAS,,,,,1,10,13.9,,14.3,13.8,6.2,1.7,2.0,0.0,351.0,,,,90.0,0.0,,,3.189553,,
2026-10-09T18:50:00+00:00,2026-10-09T18:57:56.262526+00:00,2026-10-09T18:57:56.262526+00:00,2026-10-09 21:50 (Local Time),FRENAROS,,,,,1,11,21.2,19.7,22.0,21.1,6.2,2.2,,0.0,288.0,,,,81.0,0.0,1006.3,,3.189553,,
2026-10-09T18:50:00+00:00,2026-10-09T18:57:56.262526+00:00,2026-10-09T18:57:56.262526+00:00,2026-10-09 21:50 (Local Time),KALAVASOS,,,,,1,5,20.7,,20.7,20.1,,,,,,,,,63.0,0.0,,,,,
2026-10-09T18:50:00+00:00,2026-10-09T18:57:56.262526+00:00,2026-10-09T18:57:56.262526+00:00,2026-10-09 21:50 (Local Time),KALOPANAYIOTIS,,,,,1,9,14.7,,15.2,14.6,4.4,1.1,,0.0,165.0,,,,88.0,0.0,,,2.263554,,
2026-10-09T18:50:00+00:00,2026-10-09T18:57:56.262526+00:00,2026-10-09T18:57:56.262526+00:00,2026-10-09 21:50 (Local Time),KAMPOS,,,,,1,11,17.4,16.5,17.7,17.4,2.5,0.9,4.0,0.0,280.0,,,,87.0,0.0,,,1.28611,,
2026-10-09T18:50:00+00:00,2026-10-09T18:57:56.262526+00:00,2026-10-09T18:57:56.262526+00:00,2026-10-09 21:50 (Local Time),KANNAVIOU,,,,,1,6,17.6,,18.3,17.5,,4.0,,,,,,,77.0,0.0,,,,,
2026-10-09T18:50:00+00:00,2026-10-09T18:57:56.262526+00:00,2026-10-09T18:57:56.262526+00:00,2026-10-09 21:50 (Local Time),KATHIKAS,,,,,1,6,17.5,,17.7,17.4,,,,,,,,,89.0,0.0,,,,,"{""Accumulated Rainfall (24 hours)"": {""unit"": ""mm"", ""value"": 0.0}}"
2026-10-09T18:50:00+00:00,2026-10-09T18:57:56.262526+00:00,2026-10-09T18:57:56.262526+00:00,2026-10-09 21:50 (Local Time),KEPNIC,,,,,1,1,,,,,,,,,,,,,,0.0,,,,,
2026-10-09T18:50:00+00:00,2026-10-09T18:57:56.262526+00:00,2026-10-09T18:57:56.262526+00:00,2026-10-09 21:50 (Local Time),KILANI,,,,,1,7,15.9,,16.4,15.3,,1.3,,2.0,,,,,75.0,0.0,,,,,
2026-10-09T18:50:00+00:00,2026-10-09T18:57:56.262526+00:00,2026-10-09T18:57:56.262526+00:00,2026-10-09 21:50 (Local Time),KORNOS,,,,,1,3,18.3,,,,,,,,,,,,77.0,0.0,,,,,
2026-10-09T18:50:00+00:00,2026-10-09T18:57:56.262526+00:00,2026-10-09T18:57:56.262526+00:00,2026-10-09 21:50 (Local Time),KOURIS,,,,,1,8,21.0,,21.4,20.8,11.4,5.2,,,19.0,,,,51.0,0.0,,,5.864662,,
2026-10-09T18:50:00+00:00,2026-10-09T18:57:56.262526+00:00,2026-10-09T18:57:56.262526+00:00,2026-10-09 21:50 (Local Time),KPYRGOS,,,,,1,8,19.8,,20.0,19.7,4.8,1.7,,,149.0,,,,82.0,0.0,,,2.469331,,
2026-10-09T18:50:00+00:00,2026-10-09T18:57:56.262526+00:00,2026-10-09T18:57:56.262526+00:00,2026-10-09 21:50 (Local Time),KYPEROUNTA,,,,,1,6,13.4,,13.9,13.2,,0.8,,0.0,,,,,85.0,,,,,,
2026-10-09T18:50:00+00:00,2026-10-09T18:57:56.262526+00:00,2026-10-09T18:57:56.262526+00:00,2026-10-09 21:50 (Local Time),LCLK,,,,,1,9,22.5,,22.8,22.4,,1.4,,,,,,,71.0,0.0,,,,,"{""Atmospheric Pressure (QNH)"": {""unit"": ""hPa"", ""value"": 1016.4}, ""Wind Direction (10m) at Runway 22"": {""unit"": ""Degrees"", ""value"": 306.0}, ""Wind Speed (10m) at Runway 22"": {""unit"": ""Knots"", ""value"": 4.7}}"
2026-10-09T18:50:00+00:00,2026-10-09T18:57:56.262526+00:00,2026-10-09T18:57:56.262526+00:00,2026-10-09 21:50 (Local Time),LCPH,,,,,1,9,22.2,,22.8,22.0,,0.9,,,,,,,64.0,0.0,,,,,"{""Atmospheric Pressure (QNH)"": {""unit"": ""hPa"", ""value"": 1017.0}, ""Wind Direction (10m) at Runway 29"": {""unit"": ""Degrees"", ""value"": 15.0}, ""Wind Speed (10m) at Runway 29"": {""unit"": ""Knots"", ""value"": 4.7}}"
2026-10-09T18:50:00+00:00,2026-10-09T18:57:56.262526+00:00,2026-10-09T18:57:56.262526+00:00,2026-10-09 21:50 (Local Time),LEFKARA,,,,,1,6,19.2,,19.4,19.1,,2.0,,,,,,,70.0,0.0,,,,,
2026-10-09T18:50:00+00:00,2026-10-09T18:57:56.262526+00:00,2026-10-09T18:57:56.262526+00:00,2026-10-09 21:50 (Local Time),LEFKOSIA,,,,,1,7,19.3,,19.6,19.3,,1.0,,,,,,,82.0,0.0,,,,,"{""Accumulated Rainfall (24 hours)"": {""unit"": ""mm"", ""value"": 0.0}}"
2026-10-09T18:50:00+00:00,2026-10-09T18:57:56.262526+00:00,2026-10-09T18:57:56.262526+00:00,2026-10-09 21:50 (Local Time),LIMASSOL,,,,,1,10,21.5,,22.1,21.5,,0.6,,0.0,,,,,51.0,0.0,1015.3,,,,"{""Wind Direction (10m) at Port Gate"": {""unit"": ""Degrees"", ""value"": 345.0}, ""Wind Speed (10m) at Port Gate"": {""unit"": ""Knots"", ""value"": 2.4}}"
2026-10-09T18:50:00+00:00,2026-10-09T18:57:56.262526+00:00,2026-10-09T18:57:56.262526+00:00,2026-10-09 21:50 (Local Time),LINOU,,,,,1,9,18.1,,18.7,18.0,4.3,1.7,,,165.0,,,,79.0,0.0,970.8,,2.212109,,
2026-10-09T18:50:00+00:00,2026-10-09T18:57:56.262526+00:00,2026-10-09T18:57:56.262526+00:00,2026-10-09 21:50 (Local Time),LYSOS,,,,,1,7,15.1,,15.3,14.9,5.7,,,,358.0,,,,84.0,0.0,,,2.932331,,
2026-10-09T18:50:00+00:00,2026-10-09T18:57:56.262526+00:00,2026-10-09T18:57:56.262526+00:00,2026-10-09 21:50 (Local Time),MALLIA,,,,,1,10,15.5,13.2,15.8,15.2,3.8,0.7,,11.0,57.0,,,,70.0,0.0,,,1.954887,,
2026-10-09T18:50:00+00:00,2026-10-09T18:57:56.262526+00:00,2026-10-09T18:57:56.262526+00:00,2026-10-09 21:50 (Local Time),MAMMARI,,,,,1,10,20.3,,21.1,20.2,,4.3,,5.0,,,,,78.0,0.0,,,,,"{""Atmospheric Pressure (QNH)"": {""unit"": ""hPa"", ""value"": 1017.8}, ""Wind Direction (10m) at Runway 12"": {""unit"": ""Degrees"", ""value"": 226.0}, ""Wind Speed (10m) at Runway 12"": {""unit"": ""Knots"", ""value"": 11.3}}"
2026-10-09T18:50:00+00:00,2026-10-09T18:57:56.262526+00:00,2026-10-09T18:57:56.262526+00:00,2026-10-09 21:50 (Local Time),MATHIATIS,,,,,1,10,16.7,,17.6,16.7,2.7,0.2,4.0,0.0,284.0,,,,78.0,0.0,,,1.388999,,
2026-10-09T18:50:00+00:00,2026-10-09T18:57:56.262526+00:00,2026-10-09T18:57:56.262526+00:00,2026-10-09 21:50 (Local Time),PANAGIA_BRIDGE,,,,,1,6,14.7,15.2,15.7,14.7,,,,,,,,,93.0,0.0,,,,,
2026-10-09T18:50:00+00:00,2026-10-09T18:57:56.262526+00:00,2026-10-09T18:57:56.262526+00:00,2026-10-09 21:50 (Local Time),PAPHOS,,,,,1,8,20.9,,21.2,20.9,2.5,1.3,,,329.0,,,,68.0,0.0,,,1.28611,,
2026-10-09T18:50:00+00:00,2026-10-09T18:57:56.262526+00:00,2026-10-09T18:57:56.262526+00:00,2026-10-09 21:50 (Local Time),PAREKLISIA,,,,,1,7,19.7,,20.6,19.7,1.3,,,,49.0,,,,62.0,0.0,,,0.668777,,
2026-10-09T18:50:00+00:00,2026-10-09T18:57:56.262526+00:00,2026-10-09T18:57:56.262526+00:00,2026-10-09 21:50 (Local Time),PENTAKOMO,,,,,1,8,22.4,,23.6,22.3,3.6,1.3,,,300.0,,,,55.0,0.0,,,1.851998,,
2026-10-09T18:50:00+00:00,2026-10-09T18:57:56.262526+00:00,2026-10-09T18:57:56.262526+00:00,2026-10-09 21:50 (Local Time),PLATANIA,,,,,1,6,13.1,,13.6,13.1,,0.5,,,,,,,88.0,0.0,,,,,
2026-10-09T18:50:00+00:00,2026-10-09T18:57:56.262526+00:00,2026-10-09T18:57:56.262526+00:00,2026-10-09 21:50 (Local Time),POLIS,,,,,1,11,19.9,,20.0,19.6,4.7,1.1,4.0,,146.0,,,,80.0,0.0,1014.0,,2.417887,,"{""Atmospheric Pressure (Mean Sea Level)"": {""unit"": ""hPa"", ""value"": 1016.7}}"
2026-10-09T18:50:00+00:00,2026-10-09T18:57:56.262526+00:00,2026-10-09T18:57:56.262526+00:00,2026-10-09 21:50 (Local Time),POLYSTYPOS,,,,,1,8,15.2,,15.4,15.1,0.8,0.1,,,336.0,,,,77.0,0.0,,,0.411555,,
2026-10-09T18:50:00+00:00,2026-10-09T18:57:56.262526+00:00,2026-10-09T18:57:56.262526+00:00,2026-10-09 21:50 (Local Time),PRODROMOS,,,,,1,9,11.9,,12.1,11.5,2.1,0.4,,0.0,238.0,,,,77.0,0.0,,,1.080332,,
2026-10-09T18:50:00+00:00,2026-10-09T18:57:56.262526+00:00,2026-10-09T18:57:56.262526+00:00,2026-10-09 21:50 (Local Time),PYRGOS,,,,,1,5,17.9,,,,2.7,,,,266.7,,,,89.0,0.0,,,1.388999,,
2026-10-09T18:50:00+00:00,2026-10-09T18:57:56.262526+00:00,2026-10-09T18:57:56.262526+00:00,2026-10-09 21:50 (Local Time),SAITTAS,,,,,1,5,17.0,,17.2,16.0,,,,,,,,,72.0,0.0,,,,,
2026-10-09T18:50:00+00:00,2026-10-09T18:57:56.262526+00:00,2026-10-09T18:57:56.262526+00:00,2026-10-09 21:50 (Local Time),TAMASOS,,,,,1,9,19.6,19.3,19.9,19.5,3.5,1.3,,,254.0,,,,78.0,0.0,,,1.800554,,
2026-10-09T18:50:00+00:00,2026-10-09T18:57:56.262526+00:00,2026-10-09T18:57:56.262526+00:00,2026-10-09 21:50 (Local Time),TEPAK,,,,,1,9,20.7,,21.2,20.4,1.4,0.2,,,315.0,,,,51.0,0.0,,,0.720222,,"{""Accumulated Rainfall (24 hours)"": {""unit"": ""mm"", ""value"": 0.0}}"
2026-10-09T18:50:00+00:00,2026-10-09T18:57:56.262526+00:00,2026-10-09T18:57:56.262526+00:00,2026-10-09 21:50 (Local Time),TRIPILOS,,,,,1,7,13.6,,14.0,13.6,5.0,,,,89.0,,,,83.0,0.0,,,2.57222,,
2026-10-09T18:50:00+00:00,2026-10-09T18:57:56.262526+00:00,2026-10-09T18:57:56.262526+00:00,2026-10-09 21:50 (Local Time),TROODOS,,,,,1,9,10.3,,10.6,9.7,4.3,1.2,,,335.0,,,,34.0,0.0,831.1,,2.212109,,
2026-10-09T18:50:00+00:00,2026-10-09T18:57:56.262526+00:00,2026-10-09T18:57:56.262526+00:00,2026-10-09 21:50 (Local Time),VISITOR,,,,,1,7,22.3,,22.7,22.2,2.4,,,,245.0,,,,75.0,0.0,,,1.234666,,
2026-10-09T18:50:00+00:00,2026-10-09T18:57:56.262526+00:00,2026-10-09T18:57:56.262526+00:00,2026-10-09 21:50 (Local Time),XYLIATOS,,,,,1,8,17.0,,17.1,16.5,2.6,,,6.0,188.0,,,,77.0,0.0,,,1.337554,,
2026-10-09T18:50:00+00:00,2026-10-09T18:57:56.262526+00:00,2026-10-09T18:57:56.262526+00:00,2026-10-09 21:50 (Local Time),XYLOPHAGOU,,,,,1,9,22.0,22.6,22.4,22.0,6.9,1.7,,,306.0,,,,76.0,0.0,,,3.549664,,
2026-10-09T18:50:00+00:00,2026-10-09T18:57:56.262526+00:00,2026-10-09T18:57:56.262526+00:00,2026-10-09 21:50 (Local Time),ZYGI,,,,,1,9,19.5,18.1,19.6,18.9,2.2,0.1,,,334.0,,,,73.0,0.0,,,1.131777,,
