collection_slot_utc,fetched_at_utc,fetched_at_local,source_time,station_code,station_name,latitude,longitude,elevation_m,data_available,observation_count,Air Temperature (1.2m) [C],Air Temperature (5cm) [C],Extreme Day Max. Temp. [C],Extreme Day Min. Temp. [C],Wind Speed (10m) [Knots],Wind Speed (2m) [Knots],Direct Solar Radiation [W/m2],Global Radiation [W/m2],Wind Direction (10m) [Deg.],Rec. Light Work Load [%],Rec. Medium Work Load [%],Rec. Heavy Work Load [%],Relative Humidity (1.2m) [%],Accumulated Rainfall (10 min.) [mm],Atmospheric Pressure (Station Level) [hPa],24HR Rain Total [mm],Wind Speed (10m) [m/s],Wind Speed (2m) [m/s],other_observations_json
2026-09-01T00:00:00+00:00,2026-09-01T00:09:47.161661+00:00,2026-09-01T00:09:47.161661+00:00,2026-09-01 03:00 (Local Time),ACHNA,,,,,1,8,25.5,,27.1,23.6,2.2,0.6,,,310.0,,,,74.0,0.0,,,1.131777,,
2026-09-01T00:00:00+00:00,2026-09-01T00:09:47.161661+00:00,2026-09-01T00:09:47.161661+00:00,2026-09-01 03:00 (Local Time),AGROS,,,,,1,10,19.6,,21.0,19.2,1.4,0.8,4.0,0.0,318.0,,,,53.0,0.0,,,0.720222,,
2026-09-01T00:00:00+00:00,2026-09-01T00:09:47.161661+00:00,2026-09-01T00:09:47.161661+00:00,2026-09-01 03:00 (Local Time),AKAMAS,,,,,1,7,23.2,,26.1,22.3,6.5,,,,27.0,,,,79.0,0.0,,,3.343886,,
2026-09-01T00:00:00+00:00,2026-09-01T00:09:47.161661+00:00,2026-09-01T00:09:47.161661+00:00,2026-09-01 03:00 (Local Time),ALONOUDI,,,,,1,5,17.5,,21.8,17.4,,,,,,,,,76.0,0.0,,,,,
2026-09-01T00:00:00+00:00,2026-09-01T00:09:47.161661+00:00,2026-09-01T00:09:47.161661+00:00,2026-09-01 03:00 (Local Time),AMARGETI,,,,,1,9,22.6,,26.2,22.0,6.2,2.0,,,311.0,,,,51.0,0.0,958.9,,3.189553,,
2026-09-01T00:00:00+00:00,2026-09-01T00:09:47.161661+00:00,2026-09-01T00:09:47.161661+00:00,2026-09-01 03:00 (Local Time),ASTROMERITIS,,,,,1,6,22.2,,,,3.1,1.8,,,208.0,,,,60.0,0.0,,,1.594776,,
2026-09-01T00:00:00+00:00,2026-09-01T00:09:47.161661+00:00,2026-09-01T00:09:47.161661+00:00,2026-09-01 03:00 (Local Time),ATHALASSA,,,,,1,11,25.5,23.3,27.4,25.5,5.5,2.2,,,273.0,,,,74.0,0.0,990.4,,2.829442,,"{""Atmospheric Pressure (Mean Sea Level)"": {""unit"": ""hPa"", ""value"": 1008.9}}"
2026-09-01T00:00:00+00:00,2026-09-01T00:09:47.161661+00:00,2026-09-01T00:09:47.161661+00:00,2026-09-01 03:00 (Local Time),ATHIENOU,,,,,1,9,23.6,21.1,27.1,23.5,5.0,0.8,,,245.0,,,,78.0,0.0,,,2.57222,,
2026-09-01T00:00:00+00:00,2026-09-01T00:09:47.161661+00:00,2026-09-01T00:09:47.161661+00:00,2026-09-01 03:00 (Local Time),AVDIMOU,,,,,1,11,20.1,18.6,25.2,19.9,0.6,0.2,3.0,4.0,338.0,,,,81.0,0.0,,,0.308666,,
2026-09-01T00:00:00+00:00,2026-09-01T00:09:47.161661+00:00,2026-09-01T00:09:47.161661+00:00,2026-09-01 03:00 (Local Time),CAVO_GRECO,,,,,1,9,24.5,,26.8,24.4,5.8,1.5,,,248.0,,,,71.0,0.0,1001.5,,2.983775,,
2026-09-01T00:00:00+00:00,2026-09-01T00:09:47.161661+00:00,2026-09-01T00:09:47.161661+00:00,2026-09-01 03:00 (Local Time),CHROMIO,,,,,1,9,14.9,,15.3,14.5,5.0,1.4,,,14.0,,,,66.0,0.0,,,2.57222,,"{""Snow Depth"": {""unit"": ""cm"", ""value"": 0.0}}"
2026-09-01T00:00:00+00:00,2026-09-01T00:09:47.161661+00:00,2026-09-01T00:09:47.161661+00:00,2026-09-01 03:00 (Local Time),CYTASAT,,,,,1,10,21.3,,25.1,21.2,0.7,0.7,,,116.0,,,,54.0,0.0,983.4,,0.360111,,"{""Atmospheric Pressure (Mean Sea Level)"": {""unit"": ""hPa"", ""value"": 1010.0}}"
2026-09-01T00:00:00+00:00,2026-09-01T00:09:47.161661+00:00,2026-09-01T00:09:47.161661+00:00,2026-09-01 03:00 (Local Time),EPTAGONEIA,,,,,1,8,18.9,,22.4,18.7,1.5,0.0,,,235.0,,,,60.0,0.0,,,0.771666,,
2026-09-01T00:00:00+00:00,2026-09-01T00:09:47.161661+00:00,2026-09-01T00:09:47.161661+00:00,2026-09-01 03:00 (Local Time),FANEROMENI,,,,,1,4,24.0,,,,,,,,,,,,63.0,0.0,,,,,"{""Rain Intensity (10 min.)"": {""unit"": ""mm/min"", ""value"": 0.0}}"
2026-09-01T00:00:00+00:00,2026-09-01T00:09:47.161661+00:00,2026-09-01T00:09:47.161661+00:00,2026-09-01 03:00 (Local Time),FARMAKAS,,,,,1,10,19.5,,20.7,18.9,1.9,1.4,2.0,0.0,152.0,,,,55.0,0.0,,,0.977444,,
2026-09-01T00:00:00+00:00,2026-09-01T00:09:47.161661+00:00,2026-09-01T00:09:47.161661+00:00,2026-09-01 03:00 (Local Time),FRENAROS,,,,,1,11,24.7,22.9,27.4,24.5,3.6,1.3,,0.0,295.0,,,,78.0,0.0,998.7,,1.851998,,
2026-09-01T00:00:00+00:00,2026-09-01T00:09:47.161661+00:00,2026-09-01T00:09:47.161661+00:00,2026-09-01 03:00 (Local Time),KALAVASOS,,,,,1,5,22.9,,26.3,22.8,,,,,,,,,59.0,0.0,,,,,
2026-09-01T00:00:00+00:00,2026-09-01T00:09:47.161661+00:00,2026-09-01T00:09:47.161661+00:00,2026-09-01 03:00 (Local Time),KALOPANAYIOTIS,,,,,1,9,19.6,,21.6,19.5,5.2,1.2,,0.0,171.0,,,,60.0,0.0,,,2.675109,,
2026-09-01T00:00:00+00:00,2026-09-01T00:09:47.161661+00:00,2026-09-01T00:09:47.161661+00:00,2026-09-01 03:00 (Local Time),KAMPOS,,,,,1,11,24.7,22.5,25.6,24.3,2.6,1.0,4.0,0.0,268.0,,,,39.0,0.0,,,1.337554,,
2026-09-01T00:00:00+00:00,2026-09-01T00:09:47.161661+00:00,2026-09-01T00:09:47.161661+00:00,2026-09-01 03:00 (Local Time),KANNAVIOU,,,,,1,6,21.5,,24.7,21.5,,4.1,,,,,,,53.0,0.0,,,,,
2026-09-01T00:00:00+00:00,2026-09-01T00:09:47.161661+00:00,2026-09-01T00:09:47.161661+00:00,2026-09-01 03:00 (Local Time),KATHIKAS,,,,,1,6,22.9,,24.9,22.5,,,,,,,,,63.0,0.0,,,,,"{""Accumulated Rainfall (24 hours)"": {""unit"": ""mm"", ""value"": 0.0}}"
2026-09-01T00:00:00+00:00,2026-09-01T00:09:47.161661+00:00,2026-09-01T00:09:47.161661+00:00,2026-09-01 03:00 (Local Time),KEPNIC,,,,,1,1,,,,,,,,,,,,,,0.0,,,,,
2026-09-01T00:00:00+00:00,2026-09-01T00:09:47.161661+00:00,2026-09-01T00:09:47.161661+00:00,2026-09-01 03:00 (Local Time),KILANI,,,,,1,7,21.5,,22.7,20.2,,0.9,,1.0,,,,,44.0,0.0,,,,,
2026-09-01T00:00:00+00:00,2026-09-01T00:09:47.161661+00:00,2026-09-01T00:09:47.161661+00:00,2026-09-01 03:00 (Local Time),KORNOS,,,,,1,3,21.9,,,,,,,,,,,,56.0,0.0,,,,,
2026-09-01T00:00:00+00:00,2026-09-01T00:09:47.161661+00:00,2026-09-01T00:09:47.161661+00:00,2026-09-01 03:00 (Local Time),KOURIS,,,,,1,8,25.6,,26.2,25.3,13.6,4.4,,,14.0,,,,44.0,0.0,,,6.996438,,
2026-09-01T00:00:00+00:00,2026-09-01T00:09:47.161661+00:00,2026-09-01T00:09:47.161661+00:00,2026-09-01 03:00 (Local Time),KPYRGOS,,,,,1,8,24.0,,26.3,23.6,6.0,1.8,,,142.0,,,,52.0,0.0,,,3.086664,,
2026-09-01T00:00:00+00:00,2026-09-01T00:09:47.161661+00:00,2026-09-01T00:09:47.161661+00:00,2026-09-01 03:00 (Local Time),KYPEROUNTA,,,,,1,6,20.0,,20.2,18.6,,4.4,,0.0,,,,,50.0,,,,,,
2026-09-01T00:00:00+00:00,2026-09-01T00:09:47.161661+00:00,2026-09-01T00:09:47.161661+00:00,2026-09-01 03:00 (Local Time),LCLK,,,,,1,9,24.5,,27.4,24.4,,0.2,,,,,,,66.0,0.0,,,,,"{""Atmospheric Pressure (QNH)"": {""unit"": ""hPa"", ""value"": 1008.4}, ""Wind Direction (10m) at Runway 22"": {""unit"": ""Degrees"", ""value"": 1.0}, ""Wind Speed (10m) at Runway 22"": {""unit"": ""Knots"", ""value"": 0.0}}"
2026-09-01T00:00:00+00:00,2026-09-01T00:09:47.161661+00:00,2026-09-01T00:09:47.161661+00:00,2026-09-01 03:00 (Local Time),LCPH,,,,,1,9,25.2,,28.3,25.0,,1.0,,,,,,,59.0,0.0,,,,,"{""Atmospheric Pressure (QNH)"": {""unit"": ""hPa"", ""value"": 1008.6}, ""Wind Direction (10m) at Runway 29"": {""unit"": ""Degrees"", ""value"": 34.0}, ""Wind Speed (10m) at Runway 29"": {""unit"": ""Knots"", ""value"": 6.0}}"
2026-09-01T00:00:00+00:00,2026-09-01T00:09:47.161661+00:00,2026-09-01T00:09:47.161661+00:00,2026-09-01 03:00 (Local Time),LEFKARA,,,,,1,6,20.7,,24.8,20.3,,0.7,,,,,,,62.0,0.0,,,,,
2026-09-01T00:00:00+00:00,2026-09-01T00:09:47.161661+00:00,2026-09-01T00:09:47.161661+00:00,2026-09-01 03:00 (Local Time),LEFKOSIA,,,,,1,7,23.3,,26.9,23.2,,0.9,,,,,,,80.0,0.0,,,,,"{""Accumulated Rainfall (24 hours)"": {""unit"": ""mm"", ""value"": 0.0}}"
2026-09-01T00:00:00+00:00,2026-09-01T00:09:47.161661+00:00,2026-09-01T00:09:47.161661+00:00,2026-09-01 03:00 (Local Time),LIMASSOL,,,,,1,10,22.7,,26.1,22.6,,0.7,,0.0,,,,,68.0,0.0,1007.4,,,,"{""Wind Direction (10m) at Port Gate"": {""unit"": ""Degrees"", ""value"": 274.0}, ""Wind Speed (10m) at Port Gate"": {""unit"": ""Knots"", ""value"": 2.5}}"
2026-09-01T00:00:00+00:00,2026-09-01T00:09:47.161661+00:00,2026-09-01T00:09:47.161661+00:00,2026-09-01 03:00 (Local Time),LINOU,,,,,1,9,25.0,,25.7,24.0,3.9,1.5,,,173.0,,,,41.0,0.0,963.4,,2.006332,,
2026-09-01T00:00:00+00:00,2026-09-01T00:09:47.161661+00:00,2026-09-01T00:09:47.161661+00:00,2026-09-01 03:00 (Local Time),LYSOS,,,,,1,7,21.2,,23.4,19.8,5.4,,,,36.0,,,,45.0,0.0,,,2.777998,,
2026-09-01T00:00:00+00:00,2026-09-01T00:09:47.161661+00:00,2026-09-01T00:09:47.161661+00:00,2026-09-01 03:00 (Local Time),MALLIA,,,,,1,10,20.0,16.3,22.1,19.9,0.0,0.4,,11.0,222.0,,,,54.0,0.0,,,0.0,,
2026-09-01T00:00:00+00:00,2026-09-01T00:09:47.161661+00:00,2026-09-01T00:09:47.161661+00:00,2026-09-01 03:00 (Local Time),MAMMARI,,,,,1,10,24.4,,29.0,24.2,,3.0,,3.0,,,,,74.0,0.0,,,,,"{""Atmospheric Pressure (QNH)"": {""unit"": ""hPa"", ""value"": 1009.9}, ""Wind Direction (10m) at Runway 12"": {""unit"": ""Degrees"", ""value"": 244.0}, ""Wind Speed (10m) at Runway 12"": {""unit"": ""Knots"", ""value"": 7.4}}"
2026-09-01T00:00:00+00:00,2026-09-01T00:09:47.161661+00:00,2026-09-01T00:09:47.161661+00:00,2026-09-01 03:00 (Local Time),MATHIATIS,,,,,1,10,21.8,,23.4,21.0,1.2,0.4,4.0,0.0,300.0,,,,49.0,0.0,,,0.617333,,
2026-09-01T00:00:00+00:00,2026-09-01T00:09:47.161661+00:00,2026-09-01T00:09:47.161661+00:00,2026-09-01 03:00 (Local Time),PANAGIA_BRIDGE,,,,,1,6,17.7,18.3,22.0,17.7,,,,,,,,,73.0,0.0,,,,,
2026-09-01T00:00:00+00:00,2026-09-01T00:09:47.161661+00:00,2026-09-01T00:09:47.161661+00:00,2026-09-01 03:00 (Local Time),PAPHOS,,,,,1,8,23.6,,27.1,23.5,0.0,0.2,,,1.0,,,,58.0,0.0,,,0.0,,
2026-09-01T00:00:00+00:00,2026-09-01T00:09:47.161661+00:00,2026-09-01T00:09:47.161661+00:00,2026-09-01 03:00 (Local Time),PAREKLISIA,,,,,1,7,23.5,,26.0,22.9,2.7,,,,32.0,,,,59.0,0.0,,,1.388999,,
2026-09-01T00:00:00+00:00,2026-09-01T00:09:47.161661+00:00,2026-09-01T00:09:47.161661+00:00,2026-09-01 03:00 (Local Time),PENTAKOMO,,,,,1,8,25.2,,27.8,24.4,2.8,1.4,,,33.0,,,,75.0,0.0,,,1.440443,,
2026-09-01T00:00:00+00:00,2026-09-01T00:09:47.161661+00:00,2026-09-01T00:09:47.161661+00:00,2026-09-01 03:00 (Local Time),PLATANIA,,,,,1,6,17.8,,18.5,16.6,,0.3,,,,,,,59.0,0.0,,,,,
2026-09-01T00:00:00+00:00,2026-09-01T00:09:47.161661+00:00,2026-09-01T00:09:47.161661+00:00,2026-09-01 03:00 (Local Time),POLIS,,,,,1,11,24.0,,26.5,23.9,4.9,1.3,4.0,,141.0,,,,70.0,0.0,1005.5,,2.520776,,"{""Atmospheric Pressure (Mean Sea Level)"": {""unit"": ""hPa"", ""value"": 1008.2}}"
2026-09-01T00:00:00+00:00,2026-09-01T00:09:47.161661+00:00,2026-09-01T00:09:47.161661+00:00,2026-09-01 03:00 (Local Time),POLYSTYPOS,,,,,1,8,21.3,,21.7,19.6,1.4,0.3,,,18.0,,,,45.0,0.0,,,0.720222,,
2026-09-01T00:00:00+00:00,2026-09-01T00:09:47.161661+00:00,2026-09-01T00:09:47.161661+00:00,,PRODROMOS,,,,,0,0,,,,,,,,,,,,,,,,,,,
2026-09-01T00:00:00+00:00,2026-09-01T00:09:47.161661+00:00,2026-09-01T00:09:47.161661+00:00,2026-09-01 03:00 (Local Time),PYRGOS,,,,,1,5,23.0,,,,8.0,,,,230.0,,,,53.0,0.0,,,4.115552,,
2026-09-01T00:00:00+00:00,2026-09-01T00:09:47.161661+00:00,2026-09-01T00:09:47.161661+00:00,2026-09-01 03:00 (Local Time),SAITTAS,,,,,1,5,19.1,,21.6,18.7,,,,,,,,,62.0,0.0,,,,,
2026-09-01T00:00:00+00:00,2026-09-01T00:09:47.161661+00:00,2026-09-01T00:09:47.161661+00:00,2026-09-01 03:00 (Local Time),TAMASOS,,,,,1,9,26.0,25.0,27.2,24.7,3.4,0.2,,,242.0,,,,40.0,0.0,,,1.74911,,
2026-09-01T00:00:00+00:00,2026-09-01T00:09:47.161661+00:00,2026-09-01T00:09:47.161661+00:00,2026-09-01 03:00 (Local Time),TEPAK,,,,,1,9,23.2,,26.5,23.2,0.7,0.0,,,84.0,,,,61.0,0.0,,,0.360111,,"{""Accumulated Rainfall (24 hours)"": {""unit"": ""mm"", ""value"": 0.0}}"
2026-09-01T00:00:00+00:00,2026-09-01T00:09:47.161661+00:00,2026-09-01T00:09:47.161661+00:00,2026-09-01 03:00 (Local Time),TRIPILOS,,,,,1,7,19.2,,19.8,19.0,4.1,,,,4.0,,,,50.0,0.0,,,2.10922,,
2026-09-01T00:00:00+00:00,2026-09-01T00:09:47.161661+00:00,2026-09-01T00:09:47.161661+00:00,2026-09-01 03:00 (Local Time),TROODOS,,,,,1,9,15.6,,16.3,14.2,4.7,1.5,,,341.0,,,,63.0,0.0,827.2,,2.417887,,
2026-09-01T00:00:00+00:00,2026-09-01T00:09:47.161661+00:00,2026-09-01T00:09:47.161661+00:00,2026-09-01 03:00 (Local Time),VISITOR,,,,,1,7,26.1,,28.2,24.6,4.0,,,,265.0,,,,77.0,0.0,,,2.057776,,
2026-09-01T00:00:00+00:00,2026-09-01T00:09:47.161661+00:00,2026-09-01T00:09:47.161661+00:00,2026-09-01 03:00 (Local Time),XYLIATOS,,,,,1,8,23.7,,24.2,23.0,2.2,,,6.0,199.0,,,,41.0,0.0,,,1.131777,,
2026-09-01T00:00:00+00:00,2026-09-01T00:09:47.161661+00:00,2026-09-01T00:09:47.161661+00:00,2026-09-01 03:00 (Local Time),XYLOPHAGOU,,,,,1,9,25.0,24.6,27.5,23.4,3.7,1.3,,,264.0,,,,80.0,0.0,,,1.903443,,
2026-09-01T00:00:00+00:00,2026-09-01T00:09:47.161661+00:00,2026-09-01T00:09:47.161661+00:00,2026-09-01 03:00 (Local Time),ZYGI,,,,,1,9,20.5,20.1,25.6,20.5,1.8,0.4,,,324.0,,,,75.0,0.0,,,0.925999,,
2026-09-01T05:00:00+00:00,2026-09-01T05:06:39.752591+00:00,2026-09-01T05:06:39.752591+00:00,2026-09-01 08:00 (Local Time),ACHNA,,,,,1,8,27.6,,27.7,23.6,1.8,0.6,,,280.0,,,,58.0,0.0,,,0.925999,,
2026-09-01T05:00:00+00:00,2026-09-01T05:06:39.752591+00:00,2026-09-01T05:06:39.752591+00:00,2026-09-01 08:00 (Local Time),AGROS,,,,,1,10,23.3,,23.5,19.2,1.8,1.0,619.0,270.0,20.0,,,,48.0,0.0,,,0.925999,,
2026-09-01T05:00:00+00:00,2026-09-01T05:06:39.752591+00:00,2026-09-01T05:06:39.752591+00:00,2026-09-01 08:00 (Local Time),AKAMAS,,,,,1,7,28.2,,28.4,22.3,1.9,,,,47.0,,,,42.0,0.0,,,0.977444,,
2026-09-01T05:00:00+00:00,2026-09-01T05:06:39.752591+00:00,2026-09-01T05:06:39.752591+00:00,2026-09-01 08:00 (Local Time),ALONOUDI,,,,,1,5,20.3,,21.8,17.4,,,,,,,,,74.0,0.0,,,,,
2026-09-01T05:00:00+00:00,2026-09-01T05:06:39.752591+00:00,2026-09-01T05:06:39.752591+00:00,2026-09-01 08:00 (Local Time),AMARGETI,,,,,1,9,27.6,,27.9,22.0,1.4,0.7,,,291.0,,,,37.0,0.0,959.5,,0.720222,,
2026-09-01T05:00:00+00:00,2026-09-01T05:06:39.752591+00:00,2026-09-01T05:06:39.752591+00:00,2026-09-01 08:00 (Local Time),ASTROMERITIS,,,,,1,6,29.2,,,,1.5,0.3,,,241.0,,,,34.0,0.0,,,0.771666,,
2026-09-01T05:00:00+00:00,2026-09-01T05:06:39.752591+00:00,2026-09-01T05:06:39.752591+00:00,2026-09-01 08:00 (Local Time),ATHALASSA,,,,,1,11,27.9,29.9,28.0,23.1,2.2,1.2,,,290.0,,,,41.0,0.0,991.2,,1.131777,,"{""Atmospheric Pressure (Mean Sea Level)"": {""unit"": ""hPa"", ""value"": 1009.5}}"
2026-09-01T05:00:00+00:00,2026-09-01T05:06:39.752591+00:00,2026-09-01T05:06:39.752591+00:00,2026-09-01 08:00 (Local Time),ATHIENOU,,,,,1,9,27.0,28.8,27.1,23.2,4.4,1.3,,,248.0,,,,43.0,0.0,,,2.263554,,
2026-09-01T05:00:00+00:00,2026-09-01T05:06:39.752591+00:00,2026-09-01T05:06:39.752591+00:00,2026-09-01 08:00 (Local Time),AVDIMOU,,,,,1,11,26.3,29.5,26.5,18.4,0.0,0.0,715.0,266.0,---,,,,65.0,0.0,,,0.0,,
2026-09-01T05:00:00+00:00,2026-09-01T05:06:39.752591+00:00,2026-09-01T05:06:39.752591+00:00,2026-09-01 08:00 (Local Time),CAVO_GRECO,,,,,1,9,29.1,,29.3,23.7,0.8,0.7,,,270.0,,,,58.0,0.0,1002.2,,0.411555,,
2026-09-01T05:00:00+00:00,2026-09-01T05:06:39.752591+00:00,2026-09-01T05:06:39.752591+00:00,2026-09-01 08:00 (Local Time),CHROMIO,,,,,1,9,17.6,,17.8,13.8,3.5,1.3,,,34.0,,,,63.0,0.0,,,1.800554,,"{""Snow Depth"": {""unit"": ""cm"", ""value"": 0.0}}"
2026-09-01T05:00:00+00:00,2026-09-01T05:06:39.752591+00:00,2026-09-01T05:06:39.752591+00:00,2026-09-01 08:00 (Local Time),CYTASAT,,,,,1,10,25.2,,25.4,20.1,1.0,0.6,,,143.0,,,,48.0,0.0,984.1,,0.514444,,"{""Atmospheric Pressure (Mean Sea Level)"": {""unit"": ""hPa"", ""value"": 1010.4}}"
2026-09-01T05:00:00+00:00,2026-09-01T05:06:39.752591+00:00,2026-09-01T05:06:39.752591+00:00,2026-09-01 08:00 (Local Time),EPTAGONEIA,,,,,1,8,22.4,,22.6,18.2,1.1,0.0,,,243.0,,,,52.0,0.0,,,0.565888,,
2026-09-01T05:00:00+00:00,2026-09-01T05:06:39.752591+00:00,2026-09-01T05:06:39.752591+00:00,2026-09-01 08:00 (Local Time),FANEROMENI,,,,,1,4,26.6,,,,,,,,,,,,60.0,0.0,,,,,"{""Rain Intensity (10 min.)"": {""unit"": ""mm/min"", ""value"": 0.0}}"
2026-09-01T05:00:00+00:00,2026-09-01T05:06:39.752591+00:00,2026-09-01T05:06:39.752591+00:00,2026-09-01 08:00 (Local Time),FARMAKAS,,,,,1,10,21.7,,22.1,18.5,2.6,0.9,631.0,241.0,128.0,,,,58.0,0.0,,,1.337554,,
2026-09-01T05:00:00+00:00,2026-09-01T05:06:39.752591+00:00,2026-09-01T05:06:39.752591+00:00,2026-09-01 08:00 (Local Time),FRENAROS,,,,,1,11,28.0,26.2,28.1,23.7,2.5,1.2,,274.0,318.0,,,,72.0,0.0,999.5,,1.28611,,
2026-09-01T05:00:00+00:00,2026-09-01T05:06:39.752591+00:00,2026-09-01T05:06:39.752591+00:00,2026-09-01 08:00 (Local Time),KALAVASOS,,,,,1,5,28.4,,28.8,21.6,,,,,,,,,45.0,0.0,,,,,
2026-09-01T05:00:00+00:00,2026-09-01T05:06:39.752591+00:00,2026-09-01T05:06:39.752591+00:00,2026-09-01 08:00 (Local Time),KALOPANAYIOTIS,,,,,1,9,20.7,,21.6,19.2,3.3,0.8,,19.0,169.0,,,,62.0,0.0,,,1.697665,,
2026-09-01T05:00:00+00:00,2026-09-01T05:06:39.752591+00:00,2026-09-01T05:06:39.752591+00:00,2026-09-01 08:00 (Local Time),KAMPOS,,,,,1,11,25.9,23.7,26.1,24.1,2.8,1.3,300.0,68.0,312.0,,,,37.0,0.0,,,1.440443,,
2026-09-01T05:00:00+00:00,2026-09-01T05:06:39.752591+00:00,2026-09-01T05:06:39.752591+00:00,2026-09-01 08:00 (Local Time),KANNAVIOU,,,,,1,6,24.5,,24.7,21.5,,3.3,,,,,,,47.0,0.0,,,,,
2026-09-01T05:00:00+00:00,2026-09-01T05:06:39.752591+00:00,2026-09-01T05:06:39.752591+00:00,2026-09-01 08:00 (Local Time),KATHIKAS,,,,,1,6,26.2,,26.3,22.5,,,,,,,,,41.0,0.0,,,,,"{""Accumulated Rainfall (24 hours)"": {""unit"": ""mm"", ""value"": 0.0}}"
2026-09-01T05:00:00+00:00,2026-09-01T05:06:39.752591+00:00,2026-09-01T05:06:39.752591+00:00,2026-09-01 08:00 (Local Time),KEPNIC,,,,,1,1,,,,,,,,,,,,,,0.0,,,,,
2026-09-01T05:00:00+00:00,2026-09-01T05:06:39.752591+00:00,2026-09-01T05:06:39.752591+00:00,2026-09-01 08:00 (Local Time),KILANI,,,,,1,7,25.5,,25.7,17.8,,0.8,,287.0,,,,,39.0,0.0,,,,,
2026-09-01T05:00:00+00:00,2026-09-01T05:06:39.752591+00:00,2026-09-01T05:06:39.752591+00:00,2026-09-01 08:00 (Local Time),KORNOS,,,,,1,3,29.1,,,,,,,,,,,,42.0,0.0,,,,,
2026-09-01T05:00:00+00:00,2026-09-01T05:06:39.752591+00:00,2026-09-01T05:06:39.752591+00:00,2026-09-01 08:00 (Local Time),KOURIS,,,,,1,8,26.7,,26.8,24.2,10.1,4.5,,,28.0,,,,42.0,0.0,,,5.195884,,
2026-09-01T05:00:00+00:00,2026-09-01T05:06:39.752591+00:00,2026-09-01T05:06:39.752591+00:00,2026-09-01 08:00 (Local Time),KPYRGOS,,,,,1,8,26.8,,27.1,23.3,4.2,1.2,,,137.0,,,,46.0,0.0,,,2.160665,,
2026-09-01T05:00:00+00:00,2026-09-01T05:06:39.752591+00:00,2026-09-01T05:06:39.752591+00:00,2026-09-01 08:00 (Local Time),KYPEROUNTA,,,,,1,6,20.0,,20.2,18.6,,3.1,,296.0,,,,,51.0,,,,,,
2026-09-01T05:00:00+00:00,2026-09-01T05:06:39.752591+00:00,2026-09-01T05:06:39.752591+00:00,2026-09-01 08:00 (Local Time),LCLK,,,,,1,9,28.6,,28.8,21.5,,0.9,,,,,,,53.0,0.0,,,,,"{""Atmospheric Pressure (QNH)"": {""unit"": ""hPa"", ""value"": 1009.3}, ""Wind Direction (10m) at Runway 22"": {""unit"": ""Degrees"", ""value"": 313.0}, ""Wind Speed (10m) at Runway 22"": {""unit"": ""Knots"", ""value"": 1.8}}"
2026-09-01T05:00:00+00:00,2026-09-01T05:06:39.752591+00:00,2026-09-01T05:06:39.752591+00:00,2026-09-01 08:00 (Local Time),LCPH,,,,,1,9,28.4,,28.7,24.3,,2.2,,,,,,,42.0,0.0,,,,,"{""Atmospheric Pressure (QNH)"": {""unit"": ""hPa"", ""value"": 1009.4}, ""Wind Direction (10m) at Runway 29"": {""unit"": ""Degrees"", ""value"": 10.0}, ""Wind Speed (10m) at Runway 29"": {""unit"": ""Knots"", ""value"": 6.1}}"
2026-09-01T05:00:00+00:00,2026-09-01T05:06:39.752591+00:00,2026-09-01T05:06:39.752591+00:00,2026-09-01 08:00 (Local Time),LEFKARA,,,,,1,6,22.4,,24.8,19.3,,0.2,,,,,,,58.0,0.0,,,,,
2026-09-01T05:00:00+00:00,2026-09-01T05:06:39.752591+00:00,2026-09-01T05:06:39.752591+00:00,2026-09-01 08:00 (Local Time),LEFKOSIA,,,,,1,7,24.5,,26.9,20.8,,0.8,,,,,,,54.0,0.0,,,,,"{""Accumulated Rainfall (24 hours)"": {""unit"": ""mm"", ""value"": 0.0}}"
2026-09-01T05:00:00+00:00,2026-09-01T05:06:39.752591+00:00,2026-09-01T05:06:39.752591+00:00,2026-09-01 08:00 (Local Time),LIMASSOL,,,,,1,10,27.5,,27.6,22.0,,0.8,,267.0,,,,,51.0,0.0,1008.1,,,,"{""Wind Direction (10m) at Port Gate"": {""unit"": ""Degrees"", ""value"": 14.0}, ""Wind Speed (10m) at Port Gate"": {""unit"": ""Knots"", ""value"": 1.6}}"
2026-09-01T05:00:00+00:00,2026-09-01T05:06:39.752591+00:00,2026-09-01T05:06:39.752591+00:00,2026-09-01 08:00 (Local Time),LINOU,,,,,1,9,29.2,,29.5,23.9,2.3,1.0,,,186.0,,,,36.0,0.0,964.0,,1.183221,,
2026-09-01T05:00:00+00:00,2026-09-01T05:06:39.752591+00:00,2026-09-01T05:06:39.752591+00:00,2026-09-01 08:00 (Local Time),LYSOS,,,,,1,7,27.2,,27.4,19.8,4.7,,,,58.0,,,,36.0,0.0,,,2.417887,,
2026-09-01T05:00:00+00:00,2026-09-01T05:06:39.752591+00:00,2026-09-01T05:06:39.752591+00:00,2026-09-01 08:00 (Local Time),MALLIA,,,,,1,10,25.2,27.6,25.5,19.3,1.7,0.3,,304.0,120.0,,,,50.0,0.0,,,0.874555,,
2026-09-01T05:00:00+00:00,2026-09-01T05:06:39.752591+00:00,2026-09-01T05:06:39.752591+00:00,2026-09-01 08:00 (Local Time),MAMMARI,,,,,1,10,27.5,,29.0,23.0,,1.8,,274.0,,,,,42.0,0.0,,,,,"{""Atmospheric Pressure (QNH)"": {""unit"": ""hPa"", ""value"": 1010.7}, ""Wind Direction (10m) at Runway 12"": {""unit"": ""Degrees"", ""value"": 257.0}, ""Wind Speed (10m) at Runway 12"": {""unit"": ""Knots"", ""value"": 4.0}}"
2026-09-01T05:00:00+00:00,2026-09-01T05:06:39.752591+00:00,2026-09-01T05:06:39.752591+00:00,2026-09-01 08:00 (Local Time),MATHIATIS,,,,,1,10,26.7,,26.8,21.0,1.4,0.6,564.0,238.0,291.0,,,,41.0,0.0,,,0.720222,,
2026-09-01T05:00:00+00:00,2026-09-01T05:06:39.752591+00:00,2026-09-01T05:06:39.752591+00:00,2026-09-01 08:00 (Local Time),PANAGIA_BRIDGE,,,,,1,6,20.8,20.9,22.0,17.0,,,,,,,,,64.0,0.0,,,,,
2026-09-01T05:00:00+00:00,2026-09-01T05:06:39.752591+00:00,2026-09-01T05:06:39.752591+00:00,2026-09-01 08:00 (Local Time),PAPHOS,,,,,1,8,28.4,,28.6,23.0,1.0,0.7,,,326.0,,,,47.0,0.0,,,0.514444,,
2026-09-01T05:00:00+00:00,2026-09-01T05:06:39.752591+00:00,2026-09-01T05:06:39.752591+00:00,2026-09-01 08:00 (Local Time),PAREKLISIA,,,,,1,7,29.4,,29.9,22.5,0.7,,,,46.0,,,,44.0,0.0,,,0.360111,,
2026-09-01T05:00:00+00:00,2026-09-01T05:06:39.752591+00:00,2026-09-01T05:06:39.752591+00:00,2026-09-01 08:00 (Local Time),PENTAKOMO,,,,,1,8,29.2,,29.4,24.4,2.3,0.8,,,86.0,,,,54.0,0.0,,,1.183221,,
2026-09-01T05:00:00+00:00,2026-09-01T05:06:39.752591+00:00,2026-09-01T05:06:39.752591+00:00,2026-09-01 08:00 (Local Time),PLATANIA,,,,,1,6,20.4,,20.6,16.6,,0.1,,,,,,,57.0,0.0,,,,,
2026-09-01T05:00:00+00:00,2026-09-01T05:06:39.752591+00:00,2026-09-01T05:06:39.752591+00:00,2026-09-01 08:00 (Local Time),POLIS,,,,,1,11,27.1,,27.4,23.3,3.6,1.0,769.0,,146.0,,,,47.0,0.0,1006.0,,1.851998,,"{""Atmospheric Pressure (Mean Sea Level)"": {""unit"": ""hPa"", ""value"": 1008.6}}"
2026-09-01T05:00:00+00:00,2026-09-01T05:06:39.752591+00:00,2026-09-01T05:06:39.752591+00:00,2026-09-01 08:00 (Local Time),POLYSTYPOS,,,,,1,8,23.0,,23.1,19.6,4.5,1.8,,,356.0,,,,45.0,0.0,,,2.314998,,
2026-09-01T05:00:00+00:00,2026-09-01T05:06:39.752591+00:00,2026-09-01T05:06:39.752591+00:00,,PRODROMOS,,,,,0,0,,,,,,,,,,,,,,,,,,,
2026-09-01T05:00:00+00:00,2026-09-01T05:06:39.752591+00:00,2026-09-01T05:06:39.752591+00:00,2026-09-01 08:00 (Local Time),PYRGOS,,,,,1,5,27.0,,,,1.2,,,,51.4,,,,36.0,0.0,,,0.617333,,
2026-09-01T05:00:00+00:00,2026-09-01T05:06:39.752591+00:00,2026-09-01T05:06:39.752591+00:00,2026-09-01 08:00 (Local Time),SAITTAS,,,,,1,5,22.9,,23.1,18.2,,,,,,,,,55.0,0.0,,,,,
2026-09-01T05:00:00+00:00,2026-09-01T05:06:39.752591+00:00,2026-09-01T05:06:39.752591+00:00,2026-09-01 08:00 (Local Time),TAMASOS,,,,,1,9,26.7,28.6,27.2,21.3,1.8,0.0,,,253.0,,,,40.0,0.0,,,0.925999,,
2026-09-01T05:00:00+00:00,2026-09-01T05:06:39.752591+00:00,2026-09-01T05:06:39.752591+00:00,2026-09-01 08:00 (Local Time),TEPAK,,,,,1,9,29.7,,29.9,22.2,0.0,0.0,,,302.0,,,,43.0,0.0,,,0.0,,"{""Accumulated Rainfall (24 hours)"": {""unit"": ""mm"", ""value"": 0.0}}"
2026-09-01T05:00:00+00:00,2026-09-01T05:06:39.752591+00:00,2026-09-01T05:06:39.752591+00:00,2026-09-01 08:00 (Local Time),TRIPILOS,,,,,1,7,19.6,,19.8,18.9,1.4,,,,15.0,,,,49.0,0.0,,,0.720222,,
2026-09-01T05:00:00+00:00,2026-09-01T05:06:39.752591+00:00,2026-09-01T05:06:39.752591+00:00,2026-09-01 08:00 (Local Time),TROODOS,,,,,1,9,18.2,,18.3,14.2,5.5,1.7,,,359.0,,,,59.0,0.0,827.6,,2.829442,,
2026-09-01T05:00:00+00:00,2026-09-01T05:06:39.752591+00:00,2026-09-01T05:06:39.752591+00:00,2026-09-01 08:00 (Local Time),VISITOR,,,,,1,7,28.7,,28.9,23.1,0.8,,,,274.0,,,,42.0,0.0,,,0.411555,,
2026-09-01T05:00:00+00:00,2026-09-01T05:06:39.752591+00:00,2026-09-01T05:06:39.752591+00:00,2026-09-01 08:00 (Local Time),XYLIATOS,,,,,1,8,25.2,,25.2,22.7,2.8,,,80.0,320.0,,,,40.0,0.0,,,1.440443,,
2026-09-01T05:00:00+00:00,2026-09-01T05:06:39.752591+00:00,2026-09-01T05:06:39.752591+00:00,2026-09-01 08:00 (Local Time),XYLOPHAGOU,,,,,1,9,26.7,33.4,27.5,23.2,1.4,0.0,,,316.0,,,,75.0,0.0,,,0.720222,,
2026-09-01T05:00:00+00:00,2026-09-01T05:06:39.752591+00:00,2026-09-01T05:06:39.752591+00:00,2026-09-01 08:00 (Local Time),ZYGI,,,,,1,9,27.4,33.6,27.7,20.4,1.9,0.2,,,339.0,,,,52.0,0.0,,,0.977444,,
2026-09-01T10:00:00+00:00,2026-09-01T10:00:04.426972+00:00,2026-09-01T10:00:04.426972+00:00,2026-09-01 12:50 (Local Time),ACHNA,,,,,1,8,33.2,,34.5,23.6,4.7,1.6,,,184.0,,,,44.0,0.0,,,2.417887,,
2026-09-01T10:00:00+00:00,2026-09-01T10:00:04.426972+00:00,2026-09-01T10:00:04.426972+00:00,2026-09-01 12:50 (Local Time),AGROS,,,,,1,10,30.0,,31.6,19.2,2.5,0.7,497.0,783.0,87.0,,,,33.0,0.0,,,1.28611,,
2026-09-01T10:00:00+00:00,2026-09-01T10:00:04.426972+00:00,2026-09-01T10:00:04.426972+00:00,2026-09-01 12:50 (Local Time),AKAMAS,,,,,1,7,33.7,,34.8,22.3,1.6,,,,306.0,,,,30.0,0.0,,,0.82311,,
2026-09-01T10:00:00+00:00,2026-09-01T10:00:04.426972+00:00,2026-09-01T10:00:04.426972+00:00,2026-09-01 12:50 (Local Time),ALONOUDI,,,,,1,5,33.6,,36.0,17.4,,,,,,,,,32.0,0.0,,,,,
2026-09-01T10:00:00+00:00,2026-09-01T10:00:04.426972+00:00,2026-09-01T10:00:04.426972+00:00,2026-09-01 12:50 (Local Time),AMARGETI,,,,,1,9,34.6,,35.2,22.0,4.6,1.6,,,239.0,,,,31.0,0.0,959.9,,2.366442,,
2026-09-01T10:00:00+00:00,2026-09-01T10:00:04.426972+00:00,2026-09-01T10:00:04.426972+00:00,2026-09-01 12:50 (Local Time),ASTROMERITIS,,,,,1,6,33.9,,,,6.6,2.5,,,348.0,,,,35.0,0.0,,,3.39533,,
2026-09-01T10:00:00+00:00,2026-09-01T10:00:04.426972+00:00,2026-09-01T10:00:04.426972+00:00,2026-09-01 12:50 (Local Time),ATHALASSA,,,,,1,11,35.4,41.7,35.7,23.1,0.7,1.1,,,184.0,,,,30.0,0.0,991.0,,0.360111,,"{""Atmospheric Pressure (Mean Sea Level)"": {""unit"": ""hPa"", ""value"": 1008.9}}"
2026-09-01T10:00:00+00:00,2026-09-01T10:00:04.426972+00:00,2026-09-01T10:00:04.426972+00:00,2026-09-01 12:50 (Local Time),ATHIENOU,,,,,1,9,33.2,44.7,34.9,23.2,8.3,3.2,,,146.0,,,,44.0,0.0,,,4.269885,,
2026-09-01T10:00:00+00:00,2026-09-01T10:00:04.426972+00:00,2026-09-01T10:00:04.426972+00:00,2026-09-01 12:50 (Local Time),AVDIMOU,,,,,1,11,31.6,45.6,32.2,18.4,3.8,1.8,791.0,915.0,122.0,,,,54.0,0.0,,,1.954887,,
2026-09-01T10:00:00+00:00,2026-09-01T10:00:04.426972+00:00,2026-09-01T10:00:04.426972+00:00,2026-09-01 12:50 (Local Time),CAVO_GRECO,,,,,1,9,31.3,,31.5,23.7,5.1,2.0,,,352.0,,,,64.0,0.0,1003.1,,2.623664,,
2026-09-01T10:00:00+00:00,2026-09-01T10:00:04.426972+00:00,2026-09-01T10:00:04.426972+00:00,2026-09-01 12:50 (Local Time),CHROMIO,,,,,1,9,22.0,,22.7,13.8,8.8,1.6,,,72.0,,,,48.0,0.0,,,4.527107,,"{""Snow Depth"": {""unit"": ""cm"", ""value"": 0.0}}"
2026-09-01T10:00:00+00:00,2026-09-01T10:00:04.426972+00:00,2026-09-01T10:00:04.426972+00:00,2026-09-01 12:50 (Local Time),CYTASAT,,,,,1,10,32.0,,32.2,20.1,4.2,1.8,,,188.0,,,,49.0,0.0,984.6,,2.160665,,"{""Atmospheric Pressure (Mean Sea Level)"": {""unit"": ""hPa"", ""value"": 1010.4}}"
2026-09-01T10:00:00+00:00,2026-09-01T10:00:04.426972+00:00,2026-09-01T10:00:04.426972+00:00,2026-09-01 12:50 (Local Time),EPTAGONEIA,,,,,1,8,30.6,,32.7,18.2,5.9,1.8,,,210.0,,,,41.0,0.0,,,3.03522,,
2026-09-01T10:00:00+00:00,2026-09-01T10:00:04.426972+00:00,2026-09-01T10:00:04.426972+00:00,2026-09-01 12:50 (Local Time),FANEROMENI,,,,,1,4,33.2,,,,,,,,,,,,53.0,0.0,,,,,"{""Rain Intensity (10 min.)"": {""unit"": ""mm/min"", ""value"": 0.0}}"
2026-09-01T10:00:00+00:00,2026-09-01T10:00:04.426972+00:00,2026-09-01T10:00:04.426972+00:00,2026-09-01 12:50 (Local Time),FARMAKAS,,,,,1,10,33.0,,34.2,18.5,6.8,1.5,848.0,906.0,21.0,,,,29.0,0.0,,,3.498219,,
2026-09-01T10:00:00+00:00,2026-09-01T10:00:04.426972+00:00,2026-09-01T10:00:04.426972+00:00,2026-09-01 12:50 (Local Time),FRENAROS,,,,,1,11,33.5,36.2,34.5,23.7,5.0,2.5,,870.0,136.0,,,,55.0,0.0,999.9,,2.57222,,
2026-09-01T10:00:00+00:00,2026-09-01T10:00:04.426972+00:00,2026-09-01T10:00:04.426972+00:00,2026-09-01 12:50 (Local Time),KALAVASOS,,,,,1,5,34.1,,35.0,21.6,,,,,,,,,43.0,0.0,,,,,
2026-09-01T10:00:00+00:00,2026-09-01T10:00:04.426972+00:00,2026-09-01T10:00:04.426972+00:00,2026-09-01 12:50 (Local Time),KALOPANAYIOTIS,,,,,1,9,32.0,,32.7,19.2,5.0,1.4,,910.0,325.0,,,,33.0,0.0,,,2.57222,,
2026-09-01T10:00:00+00:00,2026-09-01T10:00:04.426972+00:00,2026-09-01T10:00:04.426972+00:00,2026-09-01 12:50 (Local Time),KAMPOS,,,,,1,11,33.5,37.6,35.4,24.1,2.6,1.4,1007.0,947.0,80.0,,,,32.0,0.0,,,1.337554,,
2026-09-01T10:00:00+00:00,2026-09-01T10:00:04.426972+00:00,2026-09-01T10:00:04.426972+00:00,,KANNAVIOU,,,,,0,0,,,,,,,,,,,,,,,,,,,
2026-09-01T10:00:00+00:00,2026-09-01T10:00:04.426972+00:00,2026-09-01T10:00:04.426972+00:00,2026-09-01 12:50 (Local Time),KATHIKAS,,,,,1,6,31.4,,31.7,22.5,,,,,,,,,42.0,0.0,,,,,"{""Accumulated Rainfall (24 hours)"": {""unit"": ""mm"", ""value"": 0.0}}"
2026-09-01T10:00:00+00:00,2026-09-01T10:00:04.426972+00:00,2026-09-01T10:00:04.426972+00:00,2026-09-01 12:50 (Local Time),KEPNIC,,,,,1,1,,,,,,,,,,,,,,0.0,,,,,
2026-09-01T10:00:00+00:00,2026-09-01T10:00:04.426972+00:00,2026-09-01T10:00:04.426972+00:00,2026-09-01 12:50 (Local Time),KILANI,,,,,1,7,28.1,,29.6,17.8,,2.7,,1021.0,,,,,51.0,0.0,,,,,
2026-09-01T10:00:00+00:00,2026-09-01T10:00:04.426972+00:00,2026-09-01T10:00:04.426972+00:00,2026-09-01 12:50 (Local Time),KORNOS,,,,,1,3,31.9,,,,,,,,,,,,48.0,0.0,,,,,
2026-09-01T10:00:00+00:00,2026-09-01T10:00:04.426972+00:00,2026-09-01T10:00:04.426972+00:00,2026-09-01 12:50 (Local Time),KOURIS,,,,,1,8,34.0,,34.5,24.2,7.0,1.9,,,207.0,,,,48.0,0.0,,,3.601108,,
2026-09-01T10:00:00+00:00,2026-09-01T10:00:04.426972+00:00,2026-09-01T10:00:04.426972+00:00,2026-09-01 12:50 (Local Time),KPYRGOS,,,,,1,8,31.2,,31.9,23.3,5.0,2.2,,,325.0,,,,57.0,0.0,,,2.57222,,
2026-09-01T10:00:00+00:00,2026-09-01T10:00:04.426972+00:00,2026-09-01T10:00:04.426972+00:00,2026-09-01 12:50 (Local Time),KYPEROUNTA,,,,,1,6,24.4,,24.9,18.6,,1.7,,546.0,,,,,45.0,,,,,,
2026-09-01T10:00:00+00:00,2026-09-01T10:00:04.426972+00:00,2026-09-01T10:00:04.426972+00:00,2026-09-01 12:50 (Local Time),LCLK,,,,,1,9,31.6,,31.7,21.5,,2.8,,,,,,,60.0,0.0,,,,,"{""Atmospheric Pressure (QNH)"": {""unit"": ""hPa"", ""value"": 1009.8}, ""Wind Direction (10m) at Runway 22"": {""unit"": ""Degrees"", ""value"": 169.0}, ""Wind Speed (10m) at Runway 22"": {""unit"": ""Knots"", ""value"": 6.9}}"
2026-09-01T10:00:00+00:00,2026-09-01T10:00:04.426972+00:00,2026-09-01T10:00:04.426972+00:00,2026-09-01 12:50 (Local Time),LCPH,,,,,1,9,30.6,,31.3,24.3,,4.6,,,,,,,62.0,0.0,,,,,"{""Atmospheric Pressure (QNH)"": {""unit"": ""hPa"", ""value"": 1009.8}, ""Wind Direction (10m) at Runway 29"": {""unit"": ""Degrees"", ""value"": 266.0}, ""Wind Speed (10m) at Runway 29"": {""unit"": ""Knots"", ""value"": 12.6}}"
2026-09-01T10:00:00+00:00,2026-09-01T10:00:04.426972+00:00,2026-09-01T10:00:04.426972+00:00,2026-09-01 12:50 (Local Time),LEFKARA,,,,,1,6,34.2,,35.9,19.3,,0.5,,,,,,,41.0,0.0,,,,,
2026-09-01T10:00:00+00:00,2026-09-01T10:00:04.426972+00:00,2026-09-01T10:00:04.426972+00:00,2026-09-01 12:50 (Local Time),LEFKOSIA,,,,,1,7,34.7,,35.1,20.8,,0.8,,,,,,,34.0,0.0,,,,,"{""Accumulated Rainfall (24 hours)"": {""unit"": ""mm"", ""value"": 0.0}}"
2026-09-01T10:00:00+00:00,2026-09-01T10:00:04.426972+00:00,2026-09-01T10:00:04.426972+00:00,2026-09-01 12:50 (Local Time),LIMASSOL,,,,,1,10,30.7,,30.8,22.0,,3.1,,913.0,,,,,65.0,0.0,1009.0,,,,"{""Wind Direction (10m) at Port Gate"": {""unit"": ""Degrees"", ""value"": 121.0}, ""Wind Speed (10m) at Port Gate"": {""unit"": ""Knots"", ""value"": 7.7}}"
2026-09-01T10:00:00+00:00,2026-09-01T10:00:04.426972+00:00,2026-09-01T10:00:04.426972+00:00,2026-09-01 12:50 (Local Time),LINOU,,,,,1,9,32.3,,33.0,23.9,10.1,3.5,,,336.0,,,,39.0,0.0,964.5,,5.195884,,
2026-09-01T10:00:00+00:00,2026-09-01T10:00:04.426972+00:00,2026-09-01T10:00:04.426972+00:00,2026-09-01 12:50 (Local Time),LYSOS,,,,,1,7,31.0,,32.3,19.8,9.0,,,,313.0,,,,39.0,0.0,,,4.629996,,
2026-09-01T10:00:00+00:00,2026-09-01T10:00:04.426972+00:00,2026-09-01T10:00:04.426972+00:00,2026-09-01 12:50 (Local Time),MALLIA,,,,,1,10,31.3,41.3,32.8,19.3,6.4,2.3,,1025.0,207.0,,,,40.0,0.0,,,3.292442,,
2026-09-01T10:00:00+00:00,2026-09-01T10:00:04.426972+00:00,2026-09-01T10:00:04.426972+00:00,2026-09-01 12:50 (Local Time),MAMMARI,,,,,1,10,34.7,,35.5,23.0,,3.3,,787.0,,,,,34.0,0.0,,,,,"{""Atmospheric Pressure (QNH)"": {""unit"": ""hPa"", ""value"": 1010.7}, ""Wind Direction (10m) at Runway 12"": {""unit"": ""Degrees"", ""value"": 279.0}, ""Wind Speed (10m) at Runway 12"": {""unit"": ""Knots"", ""value"": 6.7}}"
2026-09-01T10:00:00+00:00,2026-09-01T10:00:04.426972+00:00,2026-09-01T10:00:04.426972+00:00,2026-09-01 12:50 (Local Time),MATHIATIS,,,,,1,10,33.5,,34.9,21.0,6.0,1.8,711.0,794.0,96.0,,,,30.0,0.0,,,3.086664,,
2026-09-01T10:00:00+00:00,2026-09-01T10:00:04.426972+00:00,2026-09-01T10:00:04.426972+00:00,2026-09-01 12:50 (Local Time),PANAGIA_BRIDGE,,,,,1,6,33.0,46.8,33.2,17.0,,,,,,,,,29.0,0.0,,,,,
2026-09-01T10:00:00+00:00,2026-09-01T10:00:04.426972+00:00,2026-09-01T10:00:04.426972+00:00,2026-09-01 12:50 (Local Time),PAPHOS,,,,,1,8,31.5,,32.6,23.0,3.4,1.6,,,257.0,,,,49.0,0.0,,,1.74911,,
2026-09-01T10:00:00+00:00,2026-09-01T10:00:04.426972+00:00,2026-09-01T10:00:04.426972+00:00,2026-09-01 12:50 (Local Time),PAREKLISIA,,,,,1,7,35.1,,35.1,22.5,1.9,,,,177.0,,,,47.0,0.0,,,0.977444,,
2026-09-01T10:00:00+00:00,2026-09-01T10:00:04.426972+00:00,2026-09-01T10:00:04.426972+00:00,2026-09-01 12:50 (Local Time),PENTAKOMO,,,,,1,8,29.7,,31.7,24.4,5.1,2.6,,,173.0,,,,74.0,0.0,,,2.623664,,
2026-09-01T10:00:00+00:00,2026-09-01T10:00:04.426972+00:00,2026-09-01T10:00:04.426972+00:00,2026-09-01 12:50 (Local Time),PLATANIA,,,,,1,6,27.4,,27.8,16.6,,0.4,,,,,,,39.0,0.0,,,,,
2026-09-01T10:00:00+00:00,2026-09-01T10:00:04.426972+00:00,2026-09-01T10:00:04.426972+00:00,2026-09-01 12:50 (Local Time),POLIS,,,,,1,11,30.5,,31.1,23.3,5.1,2.6,955.0,,301.0,,,,63.0,0.0,1006.6,,2.623664,,"{""Atmospheric Pressure (Mean Sea Level)"": {""unit"": ""hPa"", ""value"": 1009.2}}"
2026-09-01T10:00:00+00:00,2026-09-01T10:00:04.426972+00:00,2026-09-01T10:00:04.426972+00:00,2026-09-01 12:50 (Local Time),POLYSTYPOS,,,,,1,8,27.8,,28.6,19.6,1.5,1.7,,,58.0,,,,35.0,0.0,,,0.771666,,
2026-09-01T10:00:00+00:00,2026-09-01T10:00:04.426972+00:00,2026-09-01T10:00:04.426972+00:00,2026-09-01 12:50 (Local Time),PRODROMOS,,,,,1,9,24.1,,24.7,22.3,6.0,2.2,,936.0,40.0,,,,44.0,0.1,,,3.086664,,
2026-09-01T10:00:00+00:00,2026-09-01T10:00:04.426972+00:00,2026-09-01T10:00:04.426972+00:00,2026-09-01 12:50 (Local Time),PYRGOS,,,,,1,5,31.7,,,,3.1,,,,33.3,,,,43.0,0.0,,,1.594776,,
2026-09-01T10:00:00+00:00,2026-09-01T10:00:04.426972+00:00,2026-09-01T10:00:04.426972+00:00,2026-09-01 12:50 (Local Time),SAITTAS,,,,,1,5,32.3,,33.1,18.2,,,,,,,,,39.0,0.0,,,,,
2026-09-01T10:00:00+00:00,2026-09-01T10:00:04.426972+00:00,2026-09-01T10:00:04.426972+00:00,2026-09-01 12:50 (Local Time),TAMASOS,,,,,1,9,33.7,44.5,34.0,21.3,2.7,0.4,,,299.0,,,,28.0,0.0,,,1.388999,,
2026-09-01T10:00:00+00:00,2026-09-01T10:00:04.426972+00:00,2026-09-01T10:00:04.426972+00:00,2026-09-01 12:50 (Local Time),TEPAK,,,,,1,9,30.7,,31.3,22.2,4.0,1.5,,,130.0,,,,67.0,0.0,,,2.057776,,"{""Accumulated Rainfall (24 hours)"": {""unit"": ""mm"", ""value"": 0.0}}"
2026-09-01T10:00:00+00:00,2026-09-01T10:00:04.426972+00:00,2026-09-01T10:00:04.426972+00:00,2026-09-01 12:50 (Local Time),TRIPILOS,,,,,1,7,28.2,,28.3,18.9,2.6,,,,96.0,,,,37.0,0.0,,,1.337554,,
2026-09-01T10:00:00+00:00,2026-09-01T10:00:04.426972+00:00,2026-09-01T10:00:04.426972+00:00,2026-09-01 12:50 (Local Time),TROODOS,,,,,1,9,22.6,,24.6,14.2,3.6,1.2,,,7.0,,,,44.0,0.0,828.6,,1.851998,,
2026-09-01T10:00:00+00:00,2026-09-01T10:00:04.426972+00:00,2026-09-01T10:00:04.426972+00:00,2026-09-01 12:50 (Local Time),VISITOR,,,,,1,7,36.1,,36.4,23.1,1.0,,,,195.0,,,,30.0,0.0,,,0.514444,,
2026-09-01T10:00:00+00:00,2026-09-01T10:00:04.426972+00:00,2026-09-01T10:00:04.426972+00:00,2026-09-01 12:50 (Local Time),XYLIATOS,,,,,1,8,32.1,,32.4,22.7,3.1,,,941.0,306.0,,,,34.0,0.0,,,1.594776,,
2026-09-01T10:00:00+00:00,2026-09-01T10:00:04.426972+00:00,2026-09-01T10:00:04.426972+00:00,2026-09-01 12:50 (Local Time),XYLOPHAGOU,,,,,1,9,32.1,41.4,33.7,23.2,8.3,2.8,,,185.0,,,,56.0,0.0,,,4.269885,,
2026-09-01T10:00:00+00:00,2026-09-01T10:00:04.426972+00:00,2026-09-01T10:00:04.426972+00:00,2026-09-01 12:50 (Local Time),ZYGI,,,,,1,9,30.9,39.5,31.5,20.4,3.9,1.5,,,152.0,,,,64.0,0.0,,,2.006332,,
2026-09-01T14:40:00+00:00,2026-09-01T14:44:18.360093+00:00,2026-09-01T14:44:18.360093+00:00,2026-09-01 17:30 (Local Time),ACHNA,,,,,1,8,31.0,,34.5,23.6,2.8,1.2,,,190.0,,,,55.0,0.0,,,1.440443,,
2026-09-01T14:40:00+00:00,2026-09-01T14:44:18.360093+00:00,2026-09-01T14:44:18.360093+00:00,2026-09-01 17:30 (Local Time),AGROS,,,,,1,10,26.4,,31.6,19.2,2.7,1.0,476.0,283.0,221.0,,,,50.0,0.0,,,1.388999,,
2026-09-01T14:40:00+00:00,2026-09-01T14:44:18.360093+00:00,2026-09-01T14:44:18.360093+00:00,2026-09-01 17:30 (Local Time),AKAMAS,,,,,1,7,29.4,,34.8,22.3,8.8,,,,248.0,,,,57.0,0.0,,,4.527107,,
2026-09-01T14:40:00+00:00,2026-09-01T14:44:18.360093+00:00,2026-09-01T14:44:18.360093+00:00,,ALONOUDI,,,,,0,0,,,,,,,,,,,,,,,,,,,
2026-09-01T14:40:00+00:00,2026-09-01T14:44:18.360093+00:00,2026-09-01T14:44:18.360093+00:00,2026-09-01 17:30 (Local Time),AMARGETI,,,,,1,9,32.1,,36.0,22.0,11.3,3.8,,,300.0,,,,33.0,0.0,959.3,,5.813217,,
2026-09-01T14:40:00+00:00,2026-09-01T14:44:18.360093+00:00,2026-09-01T14:44:18.360093+00:00,2026-09-01 17:30 (Local Time),ASTROMERITIS,,,,,1,6,30.2,,,,10.8,3.8,,,311.0,,,,57.0,0.0,,,5.555995,,
2026-09-01T14:40:00+00:00,2026-09-01T14:44:18.360093+00:00,2026-09-01T14:44:18.360093+00:00,2026-09-01 17:30 (Local Time),ATHALASSA,,,,,1,11,34.7,39.5,36.9,23.1,4.3,1.4,,,144.0,,,,37.0,0.0,990.6,,2.212109,,"{""Atmospheric Pressure (Mean Sea Level)"": {""unit"": ""hPa"", ""value"": 1008.5}}"
2026-09-01T14:40:00+00:00,2026-09-01T14:44:18.360093+00:00,2026-09-01T14:44:18.360093+00:00,2026-09-01 17:30 (Local Time),ATHIENOU,,,,,1,9,32.2,37.4,34.9,23.2,7.6,2.8,,,151.0,,,,38.0,0.0,,,3.909774,,
2026-09-01T14:40:00+00:00,2026-09-01T14:44:18.360093+00:00,2026-09-01T14:44:18.360093+00:00,2026-09-01 17:30 (Local Time),AVDIMOU,,,,,1,11,31.9,38.6,35.1,18.4,4.7,1.9,768.0,308.0,187.0,,,,53.0,0.0,,,2.417887,,
2026-09-01T14:40:00+00:00,2026-09-01T14:44:18.360093+00:00,2026-09-01T14:44:18.360093+00:00,2026-09-01 17:30 (Local Time),CAVO_GRECO,,,,,1,9,30.1,,32.7,23.7,8.1,2.5,,,234.0,,,,63.0,0.0,1002.4,,4.166996,,
2026-09-01T14:40:00+00:00,2026-09-01T14:44:18.360093+00:00,2026-09-01T14:44:18.360093+00:00,2026-09-01 17:30 (Local Time),CHROMIO,,,,,1,9,19.2,,22.7,13.8,6.5,1.6,,,59.0,,,,62.0,0.0,,,3.343886,,"{""Snow Depth"": {""unit"": ""cm"", ""value"": 0.0}}"
2026-09-01T14:40:00+00:00,2026-09-01T14:44:18.360093+00:00,2026-09-01T14:44:18.360093+00:00,2026-09-01 17:30 (Local Time),CYTASAT,,,,,1,10,30.5,,32.7,20.1,2.8,1.5,,,197.0,,,,36.0,0.0,984.1,,1.440443,,"{""Atmospheric Pressure (Mean Sea Level)"": {""unit"": ""hPa"", ""value"": 1009.9}}"
2026-09-01T14:40:00+00:00,2026-09-01T14:44:18.360093+00:00,2026-09-01T14:44:18.360093+00:00,2026-09-01 17:30 (Local Time),EPTAGONEIA,,,,,1,8,29.8,,32.7,18.2,3.4,1.2,,,215.0,,,,47.0,0.0,,,1.74911,,
2026-09-01T14:40:00+00:00,2026-09-01T14:44:18.360093+00:00,2026-09-01T14:44:18.360093+00:00,2026-09-01 17:30 (Local Time),FANEROMENI,,,,,1,4,32.5,,,,,,,,,,,,42.0,0.0,,,,,"{""Rain Intensity (10 min.)"": {""unit"": ""mm/min"", ""value"": 0.0}}"
2026-09-01T14:40:00+00:00,2026-09-01T14:44:18.360093+00:00,2026-09-01T14:44:18.360093+00:00,2026-09-01 17:30 (Local Time),FARMAKAS,,,,,1,10,27.9,,34.2,18.5,2.8,1.5,587.0,283.0,173.0,,,,47.0,0.0,,,1.440443,,
2026-09-01T14:40:00+00:00,2026-09-01T14:44:18.360093+00:00,2026-09-01T14:44:18.360093+00:00,2026-09-01 17:30 (Local Time),FRENAROS,,,,,1,11,31.4,35.1,34.5,23.7,6.3,2.7,,271.0,209.0,,,,60.0,0.0,999.4,,3.240997,,
2026-09-01T14:40:00+00:00,2026-09-01T14:44:18.360093+00:00,2026-09-01T14:44:18.360093+00:00,2026-09-01 17:30 (Local Time),KALAVASOS,,,,,1,5,34.0,,35.9,21.6,,,,,,,,,39.0,0.0,,,,,
2026-09-01T14:40:00+00:00,2026-09-01T14:44:18.360093+00:00,2026-09-01T14:44:18.360093+00:00,2026-09-01 17:30 (Local Time),KALOPANAYIOTIS,,,,,1,9,31.0,,33.7,19.2,5.0,1.0,,284.0,321.0,,,,38.0,0.0,,,2.57222,,
2026-09-01T14:40:00+00:00,2026-09-01T14:44:18.360093+00:00,2026-09-01T14:44:18.360093+00:00,2026-09-01 17:30 (Local Time),KAMPOS,,,,,1,11,29.9,30.6,35.4,24.1,0.0,0.7,847.0,373.0,152.0,,,,37.0,0.0,,,0.0,,
2026-09-01T14:40:00+00:00,2026-09-01T14:44:18.360093+00:00,2026-09-01T14:44:18.360093+00:00,2026-09-01 17:30 (Local Time),KANNAVIOU,,,,,1,6,30.7,,33.1,21.5,,3.7,,,,,,,35.0,0.0,,,,,
2026-09-01T14:40:00+00:00,2026-09-01T14:44:18.360093+00:00,2026-09-01T14:44:18.360093+00:00,2026-09-01 17:30 (Local Time),KATHIKAS,,,,,1,6,29.7,,31.7,22.5,,,,,,,,,45.0,0.0,,,,,"{""Accumulated Rainfall (24 hours)"": {""unit"": ""mm"", ""value"": 0.0}}"
2026-09-01T14:40:00+00:00,2026-09-01T14:44:18.360093+00:00,2026-09-01T14:44:18.360093+00:00,2026-09-01 17:30 (Local Time),KEPNIC,,,,,1,1,,,,,,,,,,,,,,0.0,,,,,
2026-09-01T14:40:00+00:00,2026-09-01T14:44:18.360093+00:00,2026-09-01T14:44:18.360093+00:00,2026-09-01 17:30 (Local Time),KILANI,,,,,1,7,26.8,,29.6,17.8,,1.0,,328.0,,,,,55.0,0.0,,,,,
2026-09-01T14:40:00+00:00,2026-09-01T14:44:18.360093+00:00,2026-09-01T14:44:18.360093+00:00,2026-09-01 17:30 (Local Time),KORNOS,,,,,1,3,31.4,,,,,,,,,,,,36.0,0.0,,,,,
2026-09-01T14:40:00+00:00,2026-09-01T14:44:18.360093+00:00,2026-09-01T14:44:18.360093+00:00,2026-09-01 17:30 (Local Time),KOURIS,,,,,1,8,32.7,,35.0,24.2,5.4,1.2,,,211.0,,,,51.0,0.0,,,2.777998,,
2026-09-01T14:40:00+00:00,2026-09-01T14:44:18.360093+00:00,2026-09-01T14:44:18.360093+00:00,2026-09-01 17:30 (Local Time),KPYRGOS,,,,,1,8,31.3,,32.9,23.3,5.6,2.1,,,311.0,,,,50.0,0.0,,,2.880886,,
2026-09-01T14:40:00+00:00,2026-09-01T14:44:18.360093+00:00,2026-09-01T14:44:18.360093+00:00,2026-09-01 17:30 (Local Time),KYPEROUNTA,,,,,1,6,25.1,,27.1,18.6,,0.9,,358.0,,,,,52.0,,,,,,
2026-09-01T14:40:00+00:00,2026-09-01T14:44:18.360093+00:00,2026-09-01T14:44:18.360093+00:00,2026-09-01 17:30 (Local Time),LCLK,,,,,1,9,32.2,,32.9,21.5,,3.0,,,,,,,47.0,0.0,,,,,"{""Atmospheric Pressure (QNH)"": {""unit"": ""hPa"", ""value"": 1009.2}, ""Wind Direction (10m) at Runway 22"": {""unit"": ""Degrees"", ""value"": 206.0}, ""Wind Speed (10m) at Runway 22"": {""unit"": ""Knots"", ""value"": 7.3}}"
2026-09-01T14:40:00+00:00,2026-09-01T14:44:18.360093+00:00,2026-09-01T14:44:18.360093+00:00,2026-09-01 17:30 (Local Time),LCPH,,,,,1,9,29.9,,31.3,24.3,,5.9,,,,,,,71.0,0.0,,,,,"{""Atmospheric Pressure (QNH)"": {""unit"": ""hPa"", ""value"": 1009.3}, ""Wind Direction (10m) at Runway 29"": {""unit"": ""Degrees"", ""value"": 275.0}, ""Wind Speed (10m) at Runway 29"": {""unit"": ""Knots"", ""value"": 14.6}}"
2026-09-01T14:40:00+00:00,2026-09-01T14:44:18.360093+00:00,2026-09-01T14:44:18.360093+00:00,2026-09-01 17:30 (Local Time),LEFKARA,,,,,1,6,32.0,,35.9,19.3,,0.2,,,,,,,35.0,0.0,,,,,
2026-09-01T14:40:00+00:00,2026-09-01T14:44:18.360093+00:00,2026-09-01T14:44:18.360093+00:00,2026-09-01 17:30 (Local Time),LEFKOSIA,,,,,1,7,31.7,,36.9,20.8,,0.6,,,,,,,46.0,0.0,,,,,"{""Accumulated Rainfall (24 hours)"": {""unit"": ""mm"", ""value"": 0.0}}"
2026-09-01T14:40:00+00:00,2026-09-01T14:44:18.360093+00:00,2026-09-01T14:44:18.360093+00:00,2026-09-01 17:30 (Local Time),LIMASSOL,,,,,1,10,31.4,,33.3,22.0,,3.0,,294.0,,,,,55.0,0.0,1008.2,,,,"{""Wind Direction (10m) at Port Gate"": {""unit"": ""Degrees"", ""value"": 257.0}, ""Wind Speed (10m) at Port Gate"": {""unit"": ""Knots"", ""value"": 8.1}}"
2026-09-01T14:40:00+00:00,2026-09-01T14:44:18.360093+00:00,2026-09-01T14:44:18.360093+00:00,2026-09-01 17:30 (Local Time),LINOU,,,,,1,9,31.5,,33.7,23.9,8.0,2.1,,,342.0,,,,49.0,0.0,964.1,,4.115552,,
2026-09-01T14:40:00+00:00,2026-09-01T14:44:18.360093+00:00,2026-09-01T14:44:18.360093+00:00,2026-09-01 17:30 (Local Time),LYSOS,,,,,1,7,30.4,,32.3,19.8,7.4,,,,316.0,,,,30.0,0.0,,,3.806886,,
2026-09-01T14:40:00+00:00,2026-09-01T14:44:18.360093+00:00,2026-09-01T14:44:18.360093+00:00,2026-09-01 17:30 (Local Time),MALLIA,,,,,1,10,30.7,29.7,32.8,19.3,6.1,1.4,,320.0,200.0,,,,42.0,0.0,,,3.138108,,
2026-09-01T14:40:00+00:00,2026-09-01T14:44:18.360093+00:00,2026-09-01T14:44:18.360093+00:00,2026-09-01 17:30 (Local Time),MAMMARI,,,,,1,10,32.9,,36.3,23.0,,6.2,,303.0,,,,,48.0,0.0,,,,,"{""Atmospheric Pressure (QNH)"": {""unit"": ""hPa"", ""value"": 1010.1}, ""Wind Direction (10m) at Runway 12"": {""unit"": ""Degrees"", ""value"": 235.0}, ""Wind Speed (10m) at Runway 12"": {""unit"": ""Knots"", ""value"": 13.2}}"
2026-09-01T14:40:00+00:00,2026-09-01T14:44:18.360093+00:00,2026-09-01T14:44:18.360093+00:00,2026-09-01 17:30 (Local Time),MATHIATIS,,,,,1,10,30.3,,35.7,21.0,5.6,2.1,472.0,270.0,155.0,,,,39.0,0.0,,,2.880886,,
2026-09-01T14:40:00+00:00,2026-09-01T14:44:18.360093+00:00,2026-09-01T14:44:18.360093+00:00,2026-09-01 17:30 (Local Time),PANAGIA_BRIDGE,,,,,1,6,30.8,37.7,34.4,17.0,,,,,,,,,43.0,0.0,,,,,
2026-09-01T14:40:00+00:00,2026-09-01T14:44:18.360093+00:00,2026-09-01T14:44:18.360093+00:00,2026-09-01 17:30 (Local Time),PAPHOS,,,,,1,8,29.8,,32.6,23.0,4.4,2.1,,,296.0,,,,64.0,0.0,,,2.263554,,
2026-09-01T14:40:00+00:00,2026-09-01T14:44:18.360093+00:00,2026-09-01T14:44:18.360093+00:00,2026-09-01 17:30 (Local Time),PAREKLISIA,,,,,1,7,30.9,,35.8,22.5,1.2,,,,206.0,,,,53.0,0.0,,,0.617333,,
2026-09-01T14:40:00+00:00,2026-09-01T14:44:18.360093+00:00,2026-09-01T14:44:18.360093+00:00,2026-09-01 17:30 (Local Time),PENTAKOMO,,,,,1,8,30.6,,31.7,24.4,5.4,2.3,,,200.0,,,,59.0,0.0,,,2.777998,,
2026-09-01T14:40:00+00:00,2026-09-01T14:44:18.360093+00:00,2026-09-01T14:44:18.360093+00:00,2026-09-01 17:30 (Local Time),PLATANIA,,,,,1,6,24.3,,28.0,16.6,,0.3,,,,,,,50.0,0.0,,,,,
2026-09-01T14:40:00+00:00,2026-09-01T14:44:18.360093+00:00,2026-09-01T14:44:18.360093+00:00,2026-09-01 17:30 (Local Time),POLIS,,,,,1,11,30.1,,31.1,23.3,5.4,2.3,834.0,,326.0,,,,68.0,0.0,1006.1,,2.777998,,"{""Atmospheric Pressure (Mean Sea Level)"": {""unit"": ""hPa"", ""value"": 1008.7}}"
2026-09-01T14:40:00+00:00,2026-09-01T14:44:18.360093+00:00,2026-09-01T14:44:18.360093+00:00,2026-09-01 17:30 (Local Time),POLYSTYPOS,,,,,1,8,25.0,,28.6,19.6,1.3,0.3,,,341.0,,,,47.0,0.0,,,0.668777,,
2026-09-01T14:40:00+00:00,2026-09-01T14:44:18.360093+00:00,2026-09-01T14:44:18.360093+00:00,2026-09-01 17:30 (Local Time),PRODROMOS,,,,,1,9,21.8,,25.2,21.7,4.8,1.8,,38.0,34.0,,,,56.0,0.0,,,2.469331,,
2026-09-01T14:40:00+00:00,2026-09-01T14:44:18.360093+00:00,2026-09-01T14:44:18.360093+00:00,2026-09-01 17:30 (Local Time),PYRGOS,,,,,1,5,30.9,,,,2.6,,,,265.5,,,,35.0,0.0,,,1.337554,,
2026-09-01T14:40:00+00:00,2026-09-01T14:44:18.360093+00:00,2026-09-01T14:44:18.360093+00:00,2026-09-01 17:30 (Local Time),SAITTAS,,,,,1,5,31.6,,33.2,18.2,,,,,,,,,41.0,0.0,,,,,
2026-09-01T14:40:00+00:00,2026-09-01T14:44:18.360093+00:00,2026-09-01T14:44:18.360093+00:00,2026-09-01 17:30 (Local Time),TAMASOS,,,,,1,9,30.6,31.7,34.8,21.3,3.8,0.5,,,307.0,,,,47.0,0.0,,,1.954887,,
2026-09-01T14:40:00+00:00,2026-09-01T14:44:18.360093+00:00,2026-09-01T14:44:18.360093+00:00,2026-09-01 17:30 (Local Time),TEPAK,,,,,1,9,30.9,,32.1,22.2,3.3,1.2,,,228.0,,,,46.0,0.0,,,1.697665,,"{""Accumulated Rainfall (24 hours)"": {""unit"": ""mm"", ""value"": 0.0}}"
2026-09-01T14:40:00+00:00,2026-09-01T14:44:18.360093+00:00,2026-09-01T14:44:18.360093+00:00,2026-09-01 17:30 (Local Time),TRIPILOS,,,,,1,7,27.5,,29.5,18.9,3.3,,,,69.0,,,,41.0,0.0,,,1.697665,,
2026-09-01T14:40:00+00:00,2026-09-01T14:44:18.360093+00:00,2026-09-01T14:44:18.360093+00:00,2026-09-01 17:30 (Local Time),TROODOS,,,,,1,9,20.2,,24.6,14.2,5.0,1.5,,,7.0,,,,59.0,0.0,828.3,,2.57222,,
2026-09-01T14:40:00+00:00,2026-09-01T14:44:18.360093+00:00,2026-09-01T14:44:18.360093+00:00,2026-09-01 17:30 (Local Time),VISITOR,,,,,1,7,34.3,,36.6,23.1,3.6,,,,124.0,,,,40.0,0.0,,,1.851998,,
2026-09-01T14:40:00+00:00,2026-09-01T14:44:18.360093+00:00,2026-09-01T14:44:18.360093+00:00,2026-09-01 17:30 (Local Time),XYLIATOS,,,,,1,8,28.7,,32.8,22.7,4.9,,,319.0,340.0,,,,46.0,0.0,,,2.520776,,
2026-09-01T14:40:00+00:00,2026-09-01T14:44:18.360093+00:00,2026-09-01T14:44:18.360093+00:00,2026-09-01 17:30 (Local Time),XYLOPHAGOU,,,,,1,9,30.1,35.6,33.7,23.2,8.1,2.8,,,208.0,,,,69.0,0.0,,,4.166996,,
2026-09-01T14:40:00+00:00,2026-09-01T14:44:18.360093+00:00,2026-09-01T14:44:18.360093+00:00,2026-09-01 17:30 (Local Time),ZYGI,,,,,1,9,31.1,34.4,33.4,20.4,3.6,1.4,,,182.0,,,,56.0,0.0,,,1.851998,,
2026-09-01T17:50:00+00:00,2026-09-01T17:59:08.587377+00:00,2026-09-01T17:59:08.587377+00:00,2026-09-01 20:50 (Local Time),ACHNA,,,,,1,8,26.9,,34.5,23.6,0.6,0.0,,,225.0,,,,70.0,0.0,,,0.308666,,
2026-09-01T17:50:00+00:00,2026-09-01T17:59:08.587377+00:00,2026-09-01T17:59:08.587377+00:00,2026-09-01 20:50 (Local Time),AGROS,,,,,1,10,20.9,,31.6,19.2,3.7,1.5,4.0,0.0,345.0,,,,63.0,0.0,,,1.903443,,
2026-09-01T17:50:00+00:00,2026-09-01T17:59:08.587377+00:00,2026-09-01T17:59:08.587377+00:00,2026-09-01 20:50 (Local Time),AKAMAS,,,,,1,7,25.4,,34.8,22.3,3.4,,,,289.0,,,,66.0,0.0,,,1.74911,,
2026-09-01T17:50:00+00:00,2026-09-01T17:59:08.587377+00:00,2026-09-01T17:59:08.587377+00:00,2026-09-01 20:50 (Local Time),ALONOUDI,,,,,1,5,23.6,,36.2,17.4,,,,,,,,,58.0,0.0,,,,,
2026-09-01T17:50:00+00:00,2026-09-01T17:59:08.587377+00:00,2026-09-01T17:59:08.587377+00:00,2026-09-01 20:50 (Local Time),AMARGETI,,,,,1,9,26.3,,36.0,22.0,9.0,2.3,,,338.0,,,,36.0,0.0,960.4,,4.629996,,
2026-09-01T17:50:00+00:00,2026-09-01T17:59:08.587377+00:00,2026-09-01T17:59:08.587377+00:00,2026-09-01 20:50 (Local Time),ASTROMERITIS,,,,,1,6,25.2,,,,3.6,1.0,,,252.0,,,,79.0,0.0,,,1.851998,,
2026-09-01T17:50:00+00:00,2026-09-01T17:59:08.587377+00:00,2026-09-01T17:59:08.587377+00:00,2026-09-01 20:50 (Local Time),ATHALASSA,,,,,1,11,27.9,25.8,36.9,23.1,5.6,2.4,,,265.0,,,,69.0,0.0,991.9,,2.880886,,"{""Atmospheric Pressure (Mean Sea Level)"": {""unit"": ""hPa"", ""value"": 1010.3}}"
2026-09-01T17:50:00+00:00,2026-09-01T17:59:08.587377+00:00,2026-09-01T17:59:08.587377+00:00,2026-09-01 20:50 (Local Time),ATHIENOU,,,,,1,9,27.2,25.9,34.9,23.2,5.7,1.3,,,254.0,,,,57.0,0.0,,,2.932331,,
2026-09-01T17:50:00+00:00,2026-09-01T17:59:08.587377+00:00,2026-09-01T17:59:08.587377+00:00,2026-09-01 20:50 (Local Time),AVDIMOU,,,,,1,11,25.6,23.7,35.1,18.4,1.4,0.6,3.0,5.0,345.0,,,,70.0,0.0,,,0.720222,,
2026-09-01T17:50:00+00:00,2026-09-01T17:59:08.587377+00:00,2026-09-01T17:59:08.587377+00:00,2026-09-01 20:50 (Local Time),CAVO_GRECO,,,,,1,9,26.5,,32.7,23.7,6.3,1.9,,,216.0,,,,74.0,0.0,1002.9,,3.240997,,
2026-09-01T17:50:00+00:00,2026-09-01T17:59:08.587377+00:00,2026-09-01T17:59:08.587377+00:00,2026-09-01 20:50 (Local Time),CHROMIO,,,,,1,9,15.7,,22.7,13.8,8.4,1.6,,,69.0,,,,76.0,0.0,,,4.32133,,"{""Snow Depth"": {""unit"": ""cm"", ""value"": 0.0}}"
2026-09-01T17:50:00+00:00,2026-09-01T17:59:08.587377+00:00,2026-09-01T17:59:08.587377+00:00,2026-09-01 20:50 (Local Time),CYTASAT,,,,,1,10,24.8,,32.7,20.1,0.6,0.6,,,127.0,,,,69.0,0.0,984.8,,0.308666,,"{""Atmospheric Pressure (Mean Sea Level)"": {""unit"": ""hPa"", ""value"": 1011.2}}"
2026-09-01T17:50:00+00:00,2026-09-01T17:59:08.587377+00:00,2026-09-01T17:59:08.587377+00:00,2026-09-01 20:50 (Local Time),EPTAGONEIA,,,,,1,8,23.3,,32.7,18.2,1.2,0.0,,,260.0,,,,62.0,0.0,,,0.617333,,
2026-09-01T17:50:00+00:00,2026-09-01T17:59:08.587377+00:00,2026-09-01T17:59:08.587377+00:00,2026-09-01 20:50 (Local Time),FANEROMENI,,,,,1,4,28.4,,,,,,,,,,,,68.0,0.0,,,,,"{""Rain Intensity (10 min.)"": {""unit"": ""mm/min"", ""value"": 0.0}}"
2026-09-01T17:50:00+00:00,2026-09-01T17:59:08.587377+00:00,2026-09-01T17:59:08.587377+00:00,2026-09-01 20:50 (Local Time),FARMAKAS,,,,,1,10,21.1,,34.2,18.5,1.8,1.3,2.0,0.0,165.0,,,,70.0,0.0,,,0.925999,,
2026-09-01T17:50:00+00:00,2026-09-01T17:59:08.587377+00:00,2026-09-01T17:59:08.587377+00:00,2026-09-01 20:50 (Local Time),FRENAROS,,,,,1,11,27.7,26.1,34.5,23.7,3.1,1.0,,0.0,179.0,,,,65.0,0.0,1000.0,,1.594776,,
2026-09-01T17:50:00+00:00,2026-09-01T17:59:08.587377+00:00,2026-09-01T17:59:08.587377+00:00,2026-09-01 20:50 (Local Time),KALAVASOS,,,,,1,5,26.9,,35.9,21.6,,,,,,,,,63.0,0.0,,,,,
2026-09-01T17:50:00+00:00,2026-09-01T17:59:08.587377+00:00,2026-09-01T17:59:08.587377+00:00,2026-09-01 20:50 (Local Time),KALOPANAYIOTIS,,,,,1,9,22.2,,33.7,19.2,4.5,0.7,,0.0,177.0,,,,62.0,0.0,,,2.314998,,
2026-09-01T17:50:00+00:00,2026-09-01T17:59:08.587377+00:00,2026-09-01T17:59:08.587377+00:00,2026-09-01 20:50 (Local Time),KAMPOS,,,,,1,11,25.6,24.7,35.4,24.1,4.6,1.9,4.0,0.0,265.0,,,,44.0,0.0,,,2.366442,,
2026-09-01T17:50:00+00:00,2026-09-01T17:59:08.587377+00:00,2026-09-01T17:59:08.587377+00:00,2026-09-01 20:50 (Local Time),KANNAVIOU,,,,,1,6,25.4,,33.1,21.5,,3.1,,,,,,,47.0,0.0,,,,,
2026-09-01T17:50:00+00:00,2026-09-01T17:59:08.587377+00:00,2026-09-01T17:59:08.587377+00:00,2026-09-01 20:50 (Local Time),KATHIKAS,,,,,1,6,24.5,,31.7,22.5,,,,,,,,,40.0,0.0,,,,,"{""Accumulated Rainfall (24 hours)"": {""unit"": ""mm"", ""value"": 0.0}}"
2026-09-01T17:50:00+00:00,2026-09-01T17:59:08.587377+00:00,2026-09-01T17:59:08.587377+00:00,2026-09-01 20:50 (Local Time),KEPNIC,,,,,1,1,,,,,,,,,,,,,,0.0,,,,,
2026-09-01T17:50:00+00:00,2026-09-01T17:59:08.587377+00:00,2026-09-01T17:59:08.587377+00:00,2026-09-01 20:50 (Local Time),KILANI,,,,,1,7,20.2,,29.6,17.8,,0.8,,1.0,,,,,69.0,0.0,,,,,
2026-09-01T17:50:00+00:00,2026-09-01T17:59:08.587377+00:00,2026-09-01T17:59:08.587377+00:00,2026-09-01 20:50 (Local Time),KORNOS,,,,,1,3,25.4,,,,,,,,,,,,67.0,0.0,,,,,
2026-09-01T17:50:00+00:00,2026-09-01T17:59:08.587377+00:00,2026-09-01T17:59:08.587377+00:00,2026-09-01 20:50 (Local Time),KOURIS,,,,,1,8,27.7,,35.0,24.2,7.8,2.6,,,15.0,,,,67.0,0.0,,,4.012663,,
2026-09-01T17:50:00+00:00,2026-09-01T17:59:08.587377+00:00,2026-09-01T17:59:08.587377+00:00,2026-09-01 20:50 (Local Time),KPYRGOS,,,,,1,8,25.5,,32.9,23.3,4.9,1.5,,,146.0,,,,57.0,0.0,,,2.520776,,
2026-09-01T17:50:00+00:00,2026-09-01T17:59:08.587377+00:00,2026-09-01T17:59:08.587377+00:00,2026-09-01 20:50 (Local Time),KYPEROUNTA,,,,,1,6,19.7,,27.1,18.6,,2.8,,0.0,,,,,64.0,,,,,,
2026-09-01T17:50:00+00:00,2026-09-01T17:59:08.587377+00:00,2026-09-01T17:59:08.587377+00:00,2026-09-01 20:50 (Local Time),LCLK,,,,,1,9,27.6,,32.9,21.5,,0.8,,,,,,,71.0,0.0,,,,,"{""Atmospheric Pressure (QNH)"": {""unit"": ""hPa"", ""value"": 1009.7}, ""Wind Direction (10m) at Runway 22"": {""unit"": ""Degrees"", ""value"": 268.0}, ""Wind Speed (10m) at Runway 22"": {""unit"": ""Knots"", ""value"": 2.8}}"
2026-09-01T17:50:00+00:00,2026-09-01T17:59:08.587377+00:00,2026-09-01T17:59:08.587377+00:00,2026-09-01 20:50 (Local Time),LCPH,,,,,1,9,28.1,,31.3,24.3,,2.7,,,,,,,77.0,0.0,,,,,"{""Atmospheric Pressure (QNH)"": {""unit"": ""hPa"", ""value"": 1010.1}, ""Wind Direction (10m) at Runway 29"": {""unit"": ""Degrees"", ""value"": 291.0}, ""Wind Speed (10m) at Runway 29"": {""unit"": ""Knots"", ""value"": 8.5}}"
2026-09-01T17:50:00+00:00,2026-09-01T17:59:08.587377+00:00,2026-09-01T17:59:08.587377+00:00,2026-09-01 20:50 (Local Time),LEFKARA,,,,,1,6,25.2,,35.9,19.3,,1.3,,,,,,,59.0,0.0,,,,,
2026-09-01T17:50:00+00:00,2026-09-01T17:59:08.587377+00:00,2026-09-01T17:59:08.587377+00:00,2026-09-01 20:50 (Local Time),LEFKOSIA,,,,,1,7,26.2,,36.9,20.8,,1.0,,,,,,,77.0,0.0,,,,,"{""Accumulated Rainfall (24 hours)"": {""unit"": ""mm"", ""value"": 0.0}}"
2026-09-01T17:50:00+00:00,2026-09-01T17:59:08.587377+00:00,2026-09-01T17:59:08.587377+00:00,2026-09-01 20:50 (Local Time),LIMASSOL,,,,,1,10,26.9,,33.3,22.0,,0.7,,0.0,,,,,80.0,0.0,1008.6,,,,"{""Wind Direction (10m) at Port Gate"": {""unit"": ""Degrees"", ""value"": 258.0}, ""Wind Speed (10m) at Port Gate"": {""unit"": ""Knots"", ""value"": 2.4}}"
2026-09-01T17:50:00+00:00,2026-09-01T17:59:08.587377+00:00,2026-09-01T17:59:08.587377+00:00,2026-09-01 20:50 (Local Time),LINOU,,,,,1,9,25.3,,33.7,23.9,4.4,2.0,,,141.0,,,,57.0,0.0,964.9,,2.263554,,
2026-09-01T17:50:00+00:00,2026-09-01T17:59:08.587377+00:00,2026-09-01T17:59:08.587377+00:00,2026-09-01 20:50 (Local Time),LYSOS,,,,,1,7,22.5,,32.3,19.8,4.4,,,,351.0,,,,39.0,0.0,,,2.263554,,
2026-09-01T17:50:00+00:00,2026-09-01T17:59:08.587377+00:00,2026-09-01T17:59:08.587377+00:00,2026-09-01 20:50 (Local Time),MALLIA,,,,,1,10,22.7,20.6,32.8,19.3,0.6,0.3,,11.0,46.0,,,,63.0,0.0,,,0.308666,,
2026-09-01T17:50:00+00:00,2026-09-01T17:59:08.587377+00:00,2026-09-01T17:59:08.587377+00:00,2026-09-01 20:50 (Local Time),MAMMARI,,,,,1,10,26.6,,36.3,23.0,,3.8,,4.0,,,,,84.0,0.0,,,,,"{""Atmospheric Pressure (QNH)"": {""unit"": ""hPa"", ""value"": 1011.6}, ""Wind Direction (10m) at Runway 12"": {""unit"": ""Degrees"", ""value"": 248.0}, ""Wind Speed (10m) at Runway 12"": {""unit"": ""Knots"", ""value"": 9.4}}"
2026-09-01T17:50:00+00:00,2026-09-01T17:59:08.587377+00:00,2026-09-01T17:59:08.587377+00:00,2026-09-01 20:50 (Local Time),MATHIATIS,,,,,1,10,23.5,,35.7,21.0,0.6,0.0,4.0,0.0,300.0,,,,62.0,0.0,,,0.308666,,
2026-09-01T17:50:00+00:00,2026-09-01T17:59:08.587377+00:00,2026-09-01T17:59:08.587377+00:00,2026-09-01 20:50 (Local Time),PANAGIA_BRIDGE,,,,,1,6,22.6,23.2,34.4,17.0,,,,,,,,,69.0,0.0,,,,,
2026-09-01T17:50:00+00:00,2026-09-01T17:59:08.587377+00:00,2026-09-01T17:59:08.587377+00:00,2026-09-01 20:50 (Local Time),PAPHOS,,,,,1,8,26.5,,32.6,23.0,3.0,1.4,,,309.0,,,,77.0,0.0,,,1.543332,,
2026-09-01T17:50:00+00:00,2026-09-01T17:59:08.587377+00:00,2026-09-01T17:59:08.587377+00:00,2026-09-01 20:50 (Local Time),PAREKLISIA,,,,,1,7,26.7,,35.8,22.5,1.1,,,,62.0,,,,69.0,0.0,,,0.565888,,
2026-09-01T17:50:00+00:00,2026-09-01T17:59:08.587377+00:00,2026-09-01T17:59:08.587377+00:00,2026-09-01 20:50 (Local Time),PENTAKOMO,,,,,1,8,27.7,,31.7,24.4,4.7,1.6,,,274.0,,,,78.0,0.0,,,2.417887,,
2026-09-01T17:50:00+00:00,2026-09-01T17:59:08.587377+00:00,2026-09-01T17:59:08.587377+00:00,2026-09-01 20:50 (Local Time),PLATANIA,,,,,1,6,18.5,,28.0,16.6,,0.2,,,,,,,71.0,0.0,,,,,
2026-09-01T17:50:00+00:00,2026-09-01T17:59:08.587377+00:00,2026-09-01T17:59:08.587377+00:00,2026-09-01 20:50 (Local Time),POLIS,,,,,1,11,26.3,,31.1,23.3,1.2,0.6,4.0,,166.0,,,,70.0,0.0,1007.0,,0.617333,,"{""Atmospheric Pressure (Mean Sea Level)"": {""unit"": ""hPa"", ""value"": 1009.7}}"
2026-09-01T17:50:00+00:00,2026-09-01T17:59:08.587377+00:00,2026-09-01T17:59:08.587377+00:00,2026-09-01 20:50 (Local Time),POLYSTYPOS,,,,,1,8,21.8,,28.6,19.6,0.8,0.1,,,282.0,,,,57.0,0.0,,,0.411555,,
2026-09-01T17:50:00+00:00,2026-09-01T17:59:08.587377+00:00,2026-09-01T17:59:08.587377+00:00,2026-09-01 20:50 (Local Time),PRODROMOS,,,,,1,9,17.6,,25.2,17.5,4.7,1.0,,0.0,71.0,,,,63.0,0.0,,,2.417887,,
2026-09-01T17:50:00+00:00,2026-09-01T17:59:08.587377+00:00,2026-09-01T17:59:08.587377+00:00,2026-09-01 20:50 (Local Time),PYRGOS,,,,,1,5,24.7,,,,9.7,,,,226.0,,,,41.0,0.0,,,4.990107,,
2026-09-01T17:50:00+00:00,2026-09-01T17:59:08.587377+00:00,2026-09-01T17:59:08.587377+00:00,2026-09-01 20:50 (Local Time),SAITTAS,,,,,1,5,23.4,,33.2,18.2,,,,,,,,,67.0,0.0,,,,,
2026-09-01T17:50:00+00:00,2026-09-01T17:59:08.587377+00:00,2026-09-01T17:59:08.587377+00:00,2026-09-01 20:50 (Local Time),TAMASOS,,,,,1,9,26.1,25.6,34.8,21.3,2.6,0.1,,,252.0,,,,57.0,0.0,,,1.337554,,
2026-09-01T17:50:00+00:00,2026-09-01T17:59:08.587377+00:00,2026-09-01T17:59:08.587377+00:00,2026-09-01 20:50 (Local Time),TEPAK,,,,,1,9,27.1,,32.1,22.2,0.0,0.0,,,226.0,,,,75.0,0.0,,,0.0,,"{""Accumulated Rainfall (24 hours)"": {""unit"": ""mm"", ""value"": 0.0}}"
2026-09-01T17:50:00+00:00,2026-09-01T17:59:08.587377+00:00,2026-09-01T17:59:08.587377+00:00,2026-09-01 20:50 (Local Time),TRIPILOS,,,,,1,7,19.9,,29.5,18.9,4.0,,,,5.0,,,,54.0,0.0,,,2.057776,,
2026-09-01T17:50:00+00:00,2026-09-01T17:59:08.587377+00:00,2026-09-01T17:59:08.587377+00:00,2026-09-01 20:50 (Local Time),TROODOS,,,,,1,9,16.9,,24.6,14.2,8.0,1.3,,,22.0,,,,76.0,0.0,828.7,,4.115552,,
2026-09-01T17:50:00+00:00,2026-09-01T17:59:08.587377+00:00,2026-09-01T17:59:08.587377+00:00,2026-09-01 20:50 (Local Time),VISITOR,,,,,1,7,28.3,,36.6,23.1,4.2,,,,247.0,,,,70.0,0.0,,,2.160665,,
2026-09-01T17:50:00+00:00,2026-09-01T17:59:08.587377+00:00,2026-09-01T17:59:08.587377+00:00,2026-09-01 20:50 (Local Time),XYLIATOS,,,,,1,8,24.0,,32.8,22.7,4.1,,,8.0,203.0,,,,55.0,0.0,,,2.10922,,
2026-09-01T17:50:00+00:00,2026-09-01T17:59:08.587377+00:00,2026-09-01T17:59:08.587377+00:00,2026-09-01 20:50 (Local Time),XYLOPHAGOU,,,,,1,9,27.5,28.0,33.7,23.2,4.7,1.7,,,214.0,,,,74.0,0.0,,,2.417887,,
2026-09-01T17:50:00+00:00,2026-09-01T17:59:08.587377+00:00,2026-09-01T17:59:08.587377+00:00,2026-09-01 20:50 (Local Time),ZYGI,,,,,1,9,26.1,25.8,33.4,20.4,0.8,0.2,,,350.0,,,,75.0,0.0,,,0.411555,,
2026-09-01T20:50:00+00:00,2026-09-01T20:57:49.819184+00:00,2026-09-01T20:57:49.819184+00:00,2026-09-01 23:50 (Local Time),ACHNA,,,,,1,8,27.2,,27.3,24.8,4.0,1.3,,,303.0,,,,67.0,0.0,,,2.057776,,
2026-09-01T20:50:00+00:00,2026-09-01T20:57:49.819184+00:00,2026-09-01T20:57:49.819184+00:00,2026-09-01 23:50 (Local Time),AGROS,,,,,1,10,22.2,,22.4,21.4,4.3,2.0,4.0,0.0,4.0,,,,52.0,0.0,,,2.212109,,
2026-09-01T20:50:00+00:00,2026-09-01T20:57:49.819184+00:00,2026-09-01T20:57:49.819184+00:00,2026-09-01 23:50 (Local Time),AKAMAS,,,,,1,7,24.4,,25.6,24.1,4.6,,,,38.0,,,,75.0,0.0,,,2.366442,,
2026-09-01T20:50:00+00:00,2026-09-01T20:57:49.819184+00:00,2026-09-01T20:57:49.819184+00:00,2026-09-01 23:50 (Local Time),ALONOUDI,,,,,1,5,20.1,,23.3,20.0,,,,,,,,,68.0,0.0,,,,,
2026-09-01T20:50:00+00:00,2026-09-01T20:57:49.819184+00:00,2026-09-01T20:57:49.819184+00:00,2026-09-01 23:50 (Local Time),AMARGETI,,,,,1,9,25.6,,26.8,24.6,8.8,2.3,,,333.0,,,,37.0,0.0,960.3,,4.527107,,
2026-09-01T20:50:00+00:00,2026-09-01T20:57:49.819184+00:00,2026-09-01T20:57:49.819184+00:00,2026-09-01 23:50 (Local Time),ASTROMERITIS,,,,,1,6,23.9,,,,4.3,1.1,,,226.0,,,,56.0,0.0,,,2.212109,,
2026-09-01T20:50:00+00:00,2026-09-01T20:57:49.819184+00:00,2026-09-01T20:57:49.819184+00:00,2026-09-01 23:50 (Local Time),ATHALASSA,,,,,1,11,26.3,23.9,27.7,26.3,3.9,1.6,,,280.0,,,,72.0,0.0,991.8,,2.006332,,"{""Atmospheric Pressure (Mean Sea Level)"": {""unit"": ""hPa"", ""value"": 1010.3}}"
2026-09-01T20:50:00+00:00,2026-09-01T20:57:49.819184+00:00,2026-09-01T20:57:49.819184+00:00,2026-09-01 23:50 (Local Time),ATHIENOU,,,,,1,9,25.5,22.9,27.1,25.4,5.6,0.9,,,247.0,,,,52.0,0.0,,,2.880886,,
2026-09-01T20:50:00+00:00,2026-09-01T20:57:49.819184+00:00,2026-09-01T20:57:49.819184+00:00,2026-09-01 23:50 (Local Time),AVDIMOU,,,,,1,11,22.4,20.9,25.4,22.3,0.9,0.3,3.0,4.0,333.0,,,,76.0,0.0,,,0.463,,
2026-09-01T20:50:00+00:00,2026-09-01T20:57:49.819184+00:00,2026-09-01T20:57:49.819184+00:00,2026-09-01 23:50 (Local Time),CAVO_GRECO,,,,,1,9,25.2,,26.4,25.2,4.1,1.0,,,232.0,,,,86.0,0.0,1003.0,,2.10922,,
2026-09-01T20:50:00+00:00,2026-09-01T20:57:49.819184+00:00,2026-09-01T20:57:49.819184+00:00,2026-09-01 23:50 (Local Time),CHROMIO,,,,,1,9,15.7,,16.6,14.8,7.8,1.8,,,62.0,,,,76.0,0.0,,,4.012663,,"{""Snow Depth"": {""unit"": ""cm"", ""value"": 0.0}}"
2026-09-01T20:50:00+00:00,2026-09-01T20:57:49.819184+00:00,2026-09-01T20:57:49.819184+00:00,2026-09-01 23:50 (Local Time),CYTASAT,,,,,1,10,25.4,,25.4,23.4,2.1,0.5,,,347.0,,,,45.0,0.0,984.8,,1.080332,,"{""Atmospheric Pressure (Mean Sea Level)"": {""unit"": ""hPa"", ""value"": 1011.2}}"
2026-09-01T20:50:00+00:00,2026-09-01T20:57:49.819184+00:00,2026-09-01T20:57:49.819184+00:00,2026-09-01 23:50 (Local Time),EPTAGONEIA,,,,,1,8,21.4,,22.9,20.9,0.7,0.3,,,36.0,,,,59.0,0.0,,,0.360111,,
2026-09-01T20:50:00+00:00,2026-09-01T20:57:49.819184+00:00,2026-09-01T20:57:49.819184+00:00,2026-09-01 23:50 (Local Time),FANEROMENI,,,,,1,4,27.2,,,,,,,,,,,,46.0,0.0,,,,,"{""Rain Intensity (10 min.)"": {""unit"": ""mm/min"", ""value"": 0.0}}"
2026-09-01T20:50:00+00:00,2026-09-01T20:57:49.819184+00:00,2026-09-01T20:57:49.819184+00:00,2026-09-01 23:50 (Local Time),FARMAKAS,,,,,1,10,20.1,,20.8,20.0,2.0,1.0,2.0,0.0,148.0,,,,58.0,0.0,,,1.028888,,
2026-09-01T20:50:00+00:00,2026-09-01T20:57:49.819184+00:00,2026-09-01T20:57:49.819184+00:00,2026-09-01 23:50 (Local Time),FRENAROS,,,,,1,11,26.8,25.0,27.8,26.8,3.5,1.2,,0.0,254.0,,,,74.0,0.0,1000.2,,1.800554,,
2026-09-01T20:50:00+00:00,2026-09-01T20:57:49.819184+00:00,2026-09-01T20:57:49.819184+00:00,2026-09-01 23:50 (Local Time),KALAVASOS,,,,,1,5,25.1,,26.6,25.1,,,,,,,,,65.0,0.0,,,,,
2026-09-01T20:50:00+00:00,2026-09-01T20:57:49.819184+00:00,2026-09-01T20:57:49.819184+00:00,2026-09-01 23:50 (Local Time),KALOPANAYIOTIS,,,,,1,9,20.9,,22.1,20.9,6.0,0.5,,0.0,181.0,,,,60.0,0.0,,,3.086664,,
2026-09-01T20:50:00+00:00,2026-09-01T20:57:49.819184+00:00,2026-09-01T20:57:49.819184+00:00,2026-09-01 23:50 (Local Time),KAMPOS,,,,,1,11,25.3,23.3,26.1,25.2,1.7,0.5,4.0,0.0,287.0,,,,40.0,0.0,,,0.874555,,
2026-09-01T20:50:00+00:00,2026-09-01T20:57:49.819184+00:00,2026-09-01T20:57:49.819184+00:00,2026-09-01 23:50 (Local Time),KANNAVIOU,,,,,1,6,23.4,,25.1,23.3,,4.3,,,,,,,51.0,0.0,,,,,
2026-09-01T20:50:00+00:00,2026-09-01T20:57:49.819184+00:00,2026-09-01T20:57:49.819184+00:00,2026-09-01 23:50 (Local Time),KATHIKAS,,,,,1,6,23.4,,24.9,23.3,,,,,,,,,44.0,0.0,,,,,"{""Accumulated Rainfall (24 hours)"": {""unit"": ""mm"", ""value"": 0.0}}"
2026-09-01T20:50:00+00:00,2026-09-01T20:57:49.819184+00:00,2026-09-01T20:57:49.819184+00:00,2026-09-01 23:50 (Local Time),KEPNIC,,,,,1,1,,,,,,,,,,,,,,0.0,,,,,
2026-09-01T20:50:00+00:00,2026-09-01T20:57:49.819184+00:00,2026-09-01T20:57:49.819184+00:00,2026-09-01 23:50 (Local Time),KILANI,,,,,1,7,20.8,,22.0,20.1,,1.1,,2.0,,,,,60.0,0.0,,,,,
2026-09-01T20:50:00+00:00,2026-09-01T20:57:49.819184+00:00,2026-09-01T20:57:49.819184+00:00,2026-09-01 23:50 (Local Time),KORNOS,,,,,1,3,24.3,,,,,,,,,,,,50.0,0.0,,,,,
2026-09-01T20:50:00+00:00,2026-09-01T20:57:49.819184+00:00,2026-09-01T20:57:49.819184+00:00,2026-09-01 23:50 (Local Time),KOURIS,,,,,1,8,26.8,,27.4,26.6,12.3,4.0,,,13.0,,,,51.0,0.0,,,6.327661,,
2026-09-01T20:50:00+00:00,2026-09-01T20:57:49.819184+00:00,2026-09-01T20:57:49.819184+00:00,2026-09-01 23:50 (Local Time),KPYRGOS,,,,,1,8,24.3,,25.6,24.2,4.9,1.4,,,148.0,,,,54.0,0.0,,,2.520776,,
2026-09-01T20:50:00+00:00,2026-09-01T20:57:49.819184+00:00,2026-09-01T20:57:49.819184+00:00,2026-09-01 23:50 (Local Time),KYPEROUNTA,,,,,1,6,20.1,,20.4,19.2,,2.7,,0.0,,,,,54.0,,,,,,
2026-09-01T20:50:00+00:00,2026-09-01T20:57:49.819184+00:00,2026-09-01T20:57:49.819184+00:00,2026-09-01 23:50 (Local Time),LCLK,,,,,1,9,26.1,,27.5,26.1,,0.1,,,,,,,59.0,0.0,,,,,"{""Atmospheric Pressure (QNH)"": {""unit"": ""hPa"", ""value"": 1009.9}, ""Wind Direction (10m) at Runway 22"": {""unit"": ""Degrees"", ""value"": 235.0}, ""Wind Speed (10m) at Runway 22"": {""unit"": ""Knots"", ""value"": 0.0}}"
2026-09-01T20:50:00+00:00,2026-09-01T20:57:49.819184+00:00,2026-09-01T20:57:49.819184+00:00,2026-09-01 23:50 (Local Time),LCPH,,,,,1,9,26.0,,28.0,25.7,,0.6,,,,,,,60.0,0.0,,,,,"{""Atmospheric Pressure (QNH)"": {""unit"": ""hPa"", ""value"": 1010.0}, ""Wind Direction (10m) at Runway 29"": {""unit"": ""Degrees"", ""value"": 30.0}, ""Wind Speed (10m) at Runway 29"": {""unit"": ""Knots"", ""value"": 4.0}}"
2026-09-01T20:50:00+00:00,2026-09-01T20:57:49.819184+00:00,2026-09-01T20:57:49.819184+00:00,2026-09-01 23:50 (Local Time),LEFKARA,,,,,1,6,23.1,,25.0,22.9,,0.1,,,,,,,63.0,0.0,,,,,
2026-09-01T20:50:00+00:00,2026-09-01T20:57:49.819184+00:00,2026-09-01T20:57:49.819184+00:00,2026-09-01 23:50 (Local Time),LEFKOSIA,,,,,1,7,24.4,,26.0,24.4,,1.0,,,,,,,81.0,0.0,,,,,"{""Accumulated Rainfall (24 hours)"": {""unit"": ""mm"", ""value"": 0.0}}"
2026-09-01T20:50:00+00:00,2026-09-01T20:57:49.819184+00:00,2026-09-01T20:57:49.819184+00:00,2026-09-01 23:50 (Local Time),LIMASSOL,,,,,1,10,25.3,,26.8,25.2,,0.0,,0.0,,,,,74.0,0.0,1008.7,,,,"{""Wind Direction (10m) at Port Gate"": {""unit"": ""Degrees"", ""value"": 350.0}, ""Wind Speed (10m) at Port Gate"": {""unit"": ""Knots"", ""value"": 1.4}}"
2026-09-01T20:50:00+00:00,2026-09-01T20:57:49.819184+00:00,2026-09-01T20:57:49.819184+00:00,2026-09-01 23:50 (Local Time),LINOU,,,,,1,9,25.8,,26.3,25.5,3.8,1.5,,,169.0,,,,45.0,0.0,964.9,,1.954887,,
2026-09-01T20:50:00+00:00,2026-09-01T20:57:49.819184+00:00,2026-09-01T20:57:49.819184+00:00,2026-09-01 23:50 (Local Time),LYSOS,,,,,1,7,22.5,,22.8,22.1,4.9,,,,14.0,,,,39.0,0.0,,,2.520776,,
2026-09-01T20:50:00+00:00,2026-09-01T20:57:49.819184+00:00,2026-09-01T20:57:49.819184+00:00,2026-09-01 23:50 (Local Time),MALLIA,,,,,1,10,23.7,21.0,24.3,22.1,2.1,0.4,,11.0,14.0,,,,48.0,0.0,,,1.080332,,
2026-09-01T20:50:00+00:00,2026-09-01T20:57:49.819184+00:00,2026-09-01T20:57:49.819184+00:00,2026-09-01 23:50 (Local Time),MAMMARI,,,,,1,10,25.2,,26.4,24.9,,2.4,,3.0,,,,,66.0,0.0,,,,,"{""Atmospheric Pressure (QNH)"": {""unit"": ""hPa"", ""value"": 1011.5}, ""Wind Direction (10m) at Runway 12"": {""unit"": ""Degrees"", ""value"": 255.0}, ""Wind Speed (10m) at Runway 12"": {""unit"": ""Knots"", ""value"": 6.3}}"
2026-09-01T20:50:00+00:00,2026-09-01T20:57:49.819184+00:00,2026-09-01T20:57:49.819184+00:00,2026-09-01 23:50 (Local Time),MATHIATIS,,,,,1,10,22.7,,23.2,22.4,2.0,0.0,4.0,0.0,292.0,,,,51.0,0.0,,,1.028888,,
2026-09-01T20:50:00+00:00,2026-09-01T20:57:49.819184+00:00,2026-09-01T20:57:49.819184+00:00,2026-09-01 23:50 (Local Time),PANAGIA_BRIDGE,,,,,1,6,19.9,20.5,22.3,19.8,,,,,,,,,76.0,0.0,,,,,
2026-09-01T20:50:00+00:00,2026-09-01T20:57:49.819184+00:00,2026-09-01T20:57:49.819184+00:00,2026-09-01 23:50 (Local Time),PAPHOS,,,,,1,8,25.4,,26.3,25.3,1.2,0.8,,,36.0,,,,52.0,0.0,,,0.617333,,
2026-09-01T20:50:00+00:00,2026-09-01T20:57:49.819184+00:00,2026-09-01T20:57:49.819184+00:00,2026-09-01 23:50 (Local Time),PAREKLISIA,,,,,1,7,26.0,,26.6,25.7,1.4,,,,24.0,,,,59.0,0.0,,,0.720222,,
2026-09-01T20:50:00+00:00,2026-09-01T20:57:49.819184+00:00,2026-09-01T20:57:49.819184+00:00,,PENTAKOMO,,,,,0,0,,,,,,,,,,,,,,,,,,,
2026-09-01T20:50:00+00:00,2026-09-01T20:57:49.819184+00:00,2026-09-01T20:57:49.819184+00:00,2026-09-01 23:50 (Local Time),PLATANIA,,,,,1,6,18.6,,19.0,18.2,,0.3,,,,,,,64.0,0.0,,,,,
2026-09-01T20:50:00+00:00,2026-09-01T20:57:49.819184+00:00,2026-09-01T20:57:49.819184+00:00,2026-09-01 23:50 (Local Time),POLIS,,,,,1,11,24.3,,26.1,24.3,4.5,1.1,4.0,,148.0,,,,57.0,0.0,1007.0,,2.314998,,"{""Atmospheric Pressure (Mean Sea Level)"": {""unit"": ""hPa"", ""value"": 1009.6}}"
2026-09-01T20:50:00+00:00,2026-09-01T20:57:49.819184+00:00,2026-09-01T20:57:49.819184+00:00,2026-09-01 23:50 (Local Time),POLYSTYPOS,,,,,1,8,21.3,,21.8,20.8,2.0,0.3,,,343.0,,,,50.0,0.0,,,1.028888,,
2026-09-01T20:50:00+00:00,2026-09-01T20:57:49.819184+00:00,2026-09-01T20:57:49.819184+00:00,2026-09-01 23:50 (Local Time),PRODROMOS,,,,,1,9,17.5,,25.2,17.0,6.2,1.4,,0.0,70.0,,,,60.0,0.0,,,3.189553,,
2026-09-01T20:50:00+00:00,2026-09-01T20:57:49.819184+00:00,2026-09-01T20:57:49.819184+00:00,2026-09-01 23:50 (Local Time),PYRGOS,,,,,1,5,24.6,,,,6.5,,,,235.3,,,,38.0,0.0,,,3.343886,,
2026-09-01T20:50:00+00:00,2026-09-01T20:57:49.819184+00:00,2026-09-01T20:57:49.819184+00:00,2026-09-01 23:50 (Local Time),SAITTAS,,,,,1,5,20.9,,23.4,20.7,,,,,,,,,71.0,0.0,,,,,
2026-09-01T20:50:00+00:00,2026-09-01T20:57:49.819184+00:00,2026-09-01T20:57:49.819184+00:00,2026-09-01 23:50 (Local Time),TAMASOS,,,,,1,9,25.0,24.5,25.9,24.2,3.1,0.0,,,235.0,,,,55.0,0.0,,,1.594776,,
2026-09-01T20:50:00+00:00,2026-09-01T20:57:49.819184+00:00,2026-09-01T20:57:49.819184+00:00,2026-09-01 23:50 (Local Time),TEPAK,,,,,1,9,26.2,,26.9,25.8,1.5,0.1,,,42.0,,,,75.0,0.0,,,0.771666,,"{""Accumulated Rainfall (24 hours)"": {""unit"": ""mm"", ""value"": 0.0}}"
2026-09-01T20:50:00+00:00,2026-09-01T20:57:49.819184+00:00,2026-09-01T20:57:49.819184+00:00,2026-09-01 23:50 (Local Time),TRIPILOS,,,,,1,7,19.9,,20.3,19.8,3.3,,,,357.0,,,,52.0,0.0,,,1.697665,,
2026-09-01T20:50:00+00:00,2026-09-01T20:57:49.819184+00:00,2026-09-01T20:57:49.819184+00:00,2026-09-01 23:50 (Local Time),TROODOS,,,,,1,9,16.8,,17.6,16.5,8.8,1.6,,,14.0,,,,70.0,0.0,828.8,,4.527107,,
2026-09-01T20:50:00+00:00,2026-09-01T20:57:49.819184+00:00,2026-09-01T20:57:49.819184+00:00,2026-09-01 23:50 (Local Time),VISITOR,,,,,1,7,26.9,,28.3,26.8,1.5,,,,267.0,,,,74.0,0.0,,,0.771666,,
2026-09-01T20:50:00+00:00,2026-09-01T20:57:49.819184+00:00,2026-09-01T20:57:49.819184+00:00,2026-09-01 23:50 (Local Time),XYLIATOS,,,,,1,8,24.6,,24.7,23.5,2.5,,,6.0,204.0,,,,43.0,0.0,,,1.28611,,
2026-09-01T20:50:00+00:00,2026-09-01T20:57:49.819184+00:00,2026-09-01T20:57:49.819184+00:00,2026-09-01 23:50 (Local Time),XYLOPHAGOU,,,,,1,9,26.4,25.9,27.5,25.7,1.1,0.0,,,326.0,,,,77.0,0.0,,,0.565888,,
2026-09-01T20:50:00+00:00,2026-09-01T20:57:49.819184+00:00,2026-09-01T20:57:49.819184+00:00,2026-09-01 23:50 (Local Time),ZYGI,,,,,1,9,23.5,23.1,25.8,23.4,2.1,0.3,,,344.0,,,,73.0,0.0,,,1.080332,,
2026-09-01T22:50:00+00:00,2026-09-01T22:59:20.646815+00:00,2026-09-01T22:59:20.646815+00:00,2026-09-02 01:50 (Local Time),ACHNA,,,,,1,8,24.7,,27.3,24.6,0.5,0.0,,,335.0,,,,72.0,0.0,,,0.257222,,
2026-09-01T22:50:00+00:00,2026-09-01T22:59:20.646815+00:00,2026-09-01T22:59:20.646815+00:00,2026-09-02 01:50 (Local Time),AGROS,,,,,1,10,22.1,,22.8,21.0,4.9,2.0,4.0,0.0,349.0,,,,50.0,0.0,,,2.520776,,
2026-09-01T22:50:00+00:00,2026-09-01T22:59:20.646815+00:00,2026-09-01T22:59:20.646815+00:00,2026-09-02 01:50 (Local Time),AKAMAS,,,,,1,7,23.6,,25.6,23.1,5.5,,,,6.0,,,,62.0,0.0,,,2.829442,,
2026-09-01T22:50:00+00:00,2026-09-01T22:59:20.646815+00:00,2026-09-01T22:59:20.646815+00:00,,ALONOUDI,,,,,0,0,,,,,,,,,,,,,,,,,,,
2026-09-01T22:50:00+00:00,2026-09-01T22:59:20.646815+00:00,2026-09-01T22:59:20.646815+00:00,2026-09-02 01:50 (Local Time),AMARGETI,,,,,1,9,23.9,,26.8,23.7,6.6,2.5,,,309.0,,,,44.0,0.0,959.8,,3.39533,,
2026-09-01T22:50:00+00:00,2026-09-01T22:59:20.646815+00:00,2026-09-01T22:59:20.646815+00:00,2026-09-02 01:50 (Local Time),ASTROMERITIS,,,,,1,6,22.8,,,,4.2,1.9,,,192.0,,,,58.0,0.0,,,2.160665,,
2026-09-01T22:50:00+00:00,2026-09-01T22:59:20.646815+00:00,2026-09-01T22:59:20.646815+00:00,2026-09-02 01:50 (Local Time),ATHALASSA,,,,,1,11,25.3,22.1,27.7,25.2,2.4,1.1,,,263.0,,,,59.0,0.0,991.3,,1.234666,,"{""Atmospheric Pressure (Mean Sea Level)"": {""unit"": ""hPa"", ""value"": 1009.8}}"
2026-09-01T22:50:00+00:00,2026-09-01T22:59:20.646815+00:00,2026-09-01T22:59:20.646815+00:00,2026-09-02 01:50 (Local Time),ATHIENOU,,,,,1,9,24.6,21.9,27.1,24.5,5.0,0.7,,,238.0,,,,54.0,0.0,,,2.57222,,
2026-09-01T22:50:00+00:00,2026-09-01T22:59:20.646815+00:00,2026-09-01T22:59:20.646815+00:00,2026-09-02 01:50 (Local Time),AVDIMOU,,,,,1,11,21.4,20.0,25.4,21.0,1.0,0.3,3.0,4.0,314.0,,,,77.0,0.0,,,0.514444,,
2026-09-01T22:50:00+00:00,2026-09-01T22:59:20.646815+00:00,2026-09-01T22:59:20.646815+00:00,2026-09-02 01:50 (Local Time),CAVO_GRECO,,,,,1,9,23.9,,26.4,23.8,2.2,0.7,,,246.0,,,,85.0,0.0,1002.6,,1.131777,,
2026-09-01T22:50:00+00:00,2026-09-01T22:59:20.646815+00:00,2026-09-01T22:59:20.646815+00:00,2026-09-02 01:50 (Local Time),CHROMIO,,,,,1,9,16.6,,16.7,14.8,7.3,2.4,,,23.0,,,,57.0,0.0,,,3.755441,,"{""Snow Depth"": {""unit"": ""cm"", ""value"": 0.0}}"
2026-09-01T22:50:00+00:00,2026-09-01T22:59:20.646815+00:00,2026-09-01T22:59:20.646815+00:00,2026-09-02 01:50 (Local Time),CYTASAT,,,,,1,10,22.5,,25.7,22.4,0.0,0.4,,,14.0,,,,53.0,0.0,984.4,,0.0,,"{""Atmospheric Pressure (Mean Sea Level)"": {""unit"": ""hPa"", ""value"": 1010.9}}"
2026-09-01T22:50:00+00:00,2026-09-01T22:59:20.646815+00:00,2026-09-01T22:59:20.646815+00:00,2026-09-02 01:50 (Local Time),EPTAGONEIA,,,,,1,8,20.5,,22.9,20.3,0.6,0.3,,,278.0,,,,61.0,0.0,,,0.308666,,
2026-09-01T22:50:00+00:00,2026-09-01T22:59:20.646815+00:00,2026-09-01T22:59:20.646815+00:00,2026-09-02 01:50 (Local Time),FANEROMENI,,,,,1,4,25.0,,,,,,,,,,,,62.0,0.0,,,,,"{""Rain Intensity (10 min.)"": {""unit"": ""mm/min"", ""value"": 0.0}}"
2026-09-01T22:50:00+00:00,2026-09-01T22:59:20.646815+00:00,2026-09-01T22:59:20.646815+00:00,2026-09-02 01:50 (Local Time),FARMAKAS,,,,,1,10,19.9,,20.8,19.8,1.7,1.5,2.0,0.0,155.0,,,,59.0,0.0,,,0.874555,,
2026-09-01T22:50:00+00:00,2026-09-01T22:59:20.646815+00:00,2026-09-01T22:59:20.646815+00:00,2026-09-02 01:50 (Local Time),FRENAROS,,,,,1,11,25.6,23.9,27.8,25.6,3.0,1.0,,0.0,302.0,,,,83.0,0.0,999.6,,1.543332,,
2026-09-01T22:50:00+00:00,2026-09-01T22:59:20.646815+00:00,2026-09-01T22:59:20.646815+00:00,2026-09-02 01:50 (Local Time),KALAVASOS,,,,,1,5,24.4,,26.6,24.0,,,,,,,,,60.0,0.0,,,,,
2026-09-01T22:50:00+00:00,2026-09-01T22:59:20.646815+00:00,2026-09-01T22:59:20.646815+00:00,2026-09-02 01:50 (Local Time),KALOPANAYIOTIS,,,,,1,9,20.4,,22.1,20.4,5.7,1.3,,0.0,173.0,,,,62.0,0.0,,,2.932331,,
2026-09-01T22:50:00+00:00,2026-09-01T22:59:20.646815+00:00,2026-09-01T22:59:20.646815+00:00,2026-09-02 01:50 (Local Time),KAMPOS,,,,,1,11,25.1,22.7,26.1,24.8,3.8,1.3,4.0,0.0,287.0,,,,41.0,0.0,,,1.954887,,
2026-09-01T22:50:00+00:00,2026-09-01T22:59:20.646815+00:00,2026-09-01T22:59:20.646815+00:00,2026-09-02 01:50 (Local Time),KANNAVIOU,,,,,1,6,22.7,,25.1,22.6,,4.4,,,,,,,53.0,0.0,,,,,
2026-09-01T22:50:00+00:00,2026-09-01T22:59:20.646815+00:00,2026-09-01T22:59:20.646815+00:00,2026-09-02 01:50 (Local Time),KATHIKAS,,,,,1,6,24.1,,25.1,23.3,,,,,,,,,45.0,0.0,,,,,"{""Accumulated Rainfall (24 hours)"": {""unit"": ""mm"", ""value"": 0.0}}"
2026-09-01T22:50:00+00:00,2026-09-01T22:59:20.646815+00:00,2026-09-01T22:59:20.646815+00:00,2026-09-02 01:50 (Local Time),KEPNIC,,,,,1,1,,,,,,,,,,,,,,0.0,,,,,
2026-09-01T22:50:00+00:00,2026-09-01T22:59:20.646815+00:00,2026-09-01T22:59:20.646815+00:00,2026-09-02 01:50 (Local Time),KILANI,,,,,1,7,20.8,,22.0,20.1,,1.1,,1.0,,,,,55.0,0.0,,,,,
2026-09-01T22:50:00+00:00,2026-09-01T22:59:20.646815+00:00,2026-09-01T22:59:20.646815+00:00,2026-09-02 01:50 (Local Time),KORNOS,,,,,1,3,23.4,,,,,,,,,,,,52.0,0.0,,,,,
2026-09-01T22:50:00+00:00,2026-09-01T22:59:20.646815+00:00,2026-09-01T22:59:20.646815+00:00,2026-09-02 01:50 (Local Time),KOURIS,,,,,1,8,26.4,,27.4,26.4,11.0,4.8,,,21.0,,,,49.0,0.0,,,5.658884,,
2026-09-01T22:50:00+00:00,2026-09-01T22:59:20.646815+00:00,2026-09-01T22:59:20.646815+00:00,2026-09-02 01:50 (Local Time),KPYRGOS,,,,,1,8,24.2,,25.6,23.7,4.0,1.3,,,146.0,,,,52.0,0.0,,,2.057776,,
2026-09-01T22:50:00+00:00,2026-09-01T22:59:20.646815+00:00,2026-09-01T22:59:20.646815+00:00,2026-09-02 01:50 (Local Time),KYPEROUNTA,,,,,1,6,20.8,,20.9,19.2,,3.5,,0.0,,,,,49.0,,,,,,
2026-09-01T22:50:00+00:00,2026-09-01T22:59:20.646815+00:00,2026-09-01T22:59:20.646815+00:00,2026-09-02 01:50 (Local Time),LCLK,,,,,1,9,24.9,,27.5,24.9,,0.3,,,,,,,60.0,0.0,,,,,"{""Atmospheric Pressure (QNH)"": {""unit"": ""hPa"", ""value"": 1009.3}, ""Wind Direction (10m) at Runway 22"": {""unit"": ""Degrees"", ""value"": 318.0}, ""Wind Speed (10m) at Runway 22"": {""unit"": ""Knots"", ""value"": 1.1}}"
2026-09-01T22:50:00+00:00,2026-09-01T22:59:20.646815+00:00,2026-09-01T22:59:20.646815+00:00,2026-09-02 01:50 (Local Time),LCPH,,,,,1,9,26.5,,28.0,25.7,,0.6,,,,,,,46.0,0.0,,,,,"{""Atmospheric Pressure (QNH)"": {""unit"": ""hPa"", ""value"": 1009.6}, ""Wind Direction (10m) at Runway 29"": {""unit"": ""Degrees"", ""value"": 33.0}, ""Wind Speed (10m) at Runway 29"": {""unit"": ""Knots"", ""value"": 4.8}}"
2026-09-01T22:50:00+00:00,2026-09-01T22:59:20.646815+00:00,2026-09-01T22:59:20.646815+00:00,2026-09-02 01:50 (Local Time),LEFKARA,,,,,1,6,22.0,,25.0,21.2,,0.9,,,,,,,59.0,0.0,,,,,
2026-09-01T22:50:00+00:00,2026-09-01T22:59:20.646815+00:00,2026-09-01T22:59:20.646815+00:00,2026-09-02 01:50 (Local Time),LEFKOSIA,,,,,1,7,22.5,,26.0,22.5,,0.7,,,,,,,77.0,0.0,,,,,"{""Accumulated Rainfall (24 hours)"": {""unit"": ""mm"", ""value"": 0.0}}"
2026-09-01T22:50:00+00:00,2026-09-01T22:59:20.646815+00:00,2026-09-01T22:59:20.646815+00:00,2026-09-02 01:50 (Local Time),LIMASSOL,,,,,1,10,24.6,,26.8,24.6,,0.0,,0.0,,,,,69.0,0.0,1008.3,,,,"{""Wind Direction (10m) at Port Gate"": {""unit"": ""Degrees"", ""value"": 354.0}, ""Wind Speed (10m) at Port Gate"": {""unit"": ""Knots"", ""value"": 1.1}}"
2026-09-01T22:50:00+00:00,2026-09-01T22:59:20.646815+00:00,2026-09-01T22:59:20.646815+00:00,2026-09-02 01:50 (Local Time),LINOU,,,,,1,9,25.3,,26.3,25.3,5.4,2.1,,,180.0,,,,46.0,0.0,964.3,,2.777998,,
2026-09-01T22:50:00+00:00,2026-09-01T22:59:20.646815+00:00,2026-09-01T22:59:20.646815+00:00,2026-09-02 01:50 (Local Time),LYSOS,,,,,1,7,22.4,,22.8,22.1,5.0,,,,25.0,,,,40.0,0.0,,,2.57222,,
2026-09-01T22:50:00+00:00,2026-09-01T22:59:20.646815+00:00,2026-09-01T22:59:20.646815+00:00,2026-09-02 01:50 (Local Time),MALLIA,,,,,1,10,20.5,17.8,24.3,20.5,2.0,0.2,,11.0,166.0,,,,62.0,0.0,,,1.028888,,
2026-09-01T22:50:00+00:00,2026-09-01T22:59:20.646815+00:00,2026-09-01T22:59:20.646815+00:00,2026-09-02 01:50 (Local Time),MAMMARI,,,,,1,10,24.7,,26.4,24.5,,2.9,,4.0,,,,,58.0,0.0,,,,,"{""Atmospheric Pressure (QNH)"": {""unit"": ""hPa"", ""value"": 1010.8}, ""Wind Direction (10m) at Runway 12"": {""unit"": ""Degrees"", ""value"": 248.0}, ""Wind Speed (10m) at Runway 12"": {""unit"": ""Knots"", ""value"": 7.3}}"
2026-09-01T22:50:00+00:00,2026-09-01T22:59:20.646815+00:00,2026-09-01T22:59:20.646815+00:00,2026-09-02 01:50 (Local Time),MATHIATIS,,,,,1,10,22.4,,23.2,22.1,1.2,0.0,4.0,0.0,240.0,,,,49.0,0.0,,,0.617333,,
2026-09-01T22:50:00+00:00,2026-09-01T22:59:20.646815+00:00,2026-09-01T22:59:20.646815+00:00,2026-09-02 01:50 (Local Time),PANAGIA_BRIDGE,,,,,1,6,18.8,19.4,22.3,18.6,,,,,,,,,75.0,0.0,,,,,
2026-09-01T22:50:00+00:00,2026-09-01T22:59:20.646815+00:00,2026-09-01T22:59:20.646815+00:00,2026-09-02 01:50 (Local Time),PAPHOS,,,,,1,8,24.5,,26.3,24.4,1.8,0.9,,,25.0,,,,48.0,0.0,,,0.925999,,
2026-09-01T22:50:00+00:00,2026-09-01T22:59:20.646815+00:00,2026-09-01T22:59:20.646815+00:00,2026-09-02 01:50 (Local Time),PAREKLISIA,,,,,1,7,24.5,,26.6,24.4,1.2,,,,20.0,,,,60.0,0.0,,,0.617333,,
2026-09-01T22:50:00+00:00,2026-09-01T22:59:20.646815+00:00,2026-09-01T22:59:20.646815+00:00,2026-09-02 01:50 (Local Time),PENTAKOMO,,,,,1,8,26.6,,27.8,26.3,6.9,1.8,,,38.0,,,,57.0,0.0,,,3.549664,,
2026-09-01T22:50:00+00:00,2026-09-01T22:59:20.646815+00:00,2026-09-01T22:59:20.646815+00:00,2026-09-02 01:50 (Local Time),PLATANIA,,,,,1,6,18.9,,19.1,18.2,,0.3,,,,,,,59.0,0.0,,,,,
2026-09-01T22:50:00+00:00,2026-09-01T22:59:20.646815+00:00,2026-09-01T22:59:20.646815+00:00,2026-09-02 01:50 (Local Time),POLIS,,,,,1,11,24.1,,26.1,23.4,5.3,1.3,4.0,,146.0,,,,56.0,0.0,1006.6,,2.726553,,"{""Atmospheric Pressure (Mean Sea Level)"": {""unit"": ""hPa"", ""value"": 1009.3}}"
2026-09-01T22:50:00+00:00,2026-09-01T22:59:20.646815+00:00,2026-09-01T22:59:20.646815+00:00,2026-09-02 01:50 (Local Time),POLYSTYPOS,,,,,1,8,22.3,,22.4,20.8,2.8,1.1,,,353.0,,,,46.0,0.0,,,1.440443,,
2026-09-01T22:50:00+00:00,2026-09-01T22:59:20.646815+00:00,2026-09-01T22:59:20.646815+00:00,2026-09-02 01:50 (Local Time),PRODROMOS,,,,,1,9,18.2,,25.2,17.0,6.6,1.5,,0.0,68.0,,,,57.0,0.0,,,3.39533,,
2026-09-01T22:50:00+00:00,2026-09-01T22:59:20.646815+00:00,2026-09-01T22:59:20.646815+00:00,2026-09-02 01:50 (Local Time),PYRGOS,,,,,1,5,24.2,,,,7.3,,,,237.7,,,,41.0,0.0,,,3.755441,,
2026-09-01T22:50:00+00:00,2026-09-01T22:59:20.646815+00:00,2026-09-01T22:59:20.646815+00:00,2026-09-02 01:50 (Local Time),SAITTAS,,,,,1,5,19.9,,23.4,19.8,,,,,,,,,67.0,0.0,,,,,
2026-09-01T22:50:00+00:00,2026-09-01T22:59:20.646815+00:00,2026-09-01T22:59:20.646815+00:00,2026-09-02 01:50 (Local Time),TAMASOS,,,,,1,9,23.3,22.7,25.9,23.2,2.5,0.1,,,225.0,,,,60.0,0.0,,,1.28611,,
2026-09-01T22:50:00+00:00,2026-09-01T22:59:20.646815+00:00,2026-09-01T22:59:20.646815+00:00,2026-09-02 01:50 (Local Time),TEPAK,,,,,1,9,24.7,,26.9,24.7,1.4,0.0,,,343.0,,,,63.0,0.0,,,0.720222,,"{""Accumulated Rainfall (24 hours)"": {""unit"": ""mm"", ""value"": 0.0}}"
2026-09-01T22:50:00+00:00,2026-09-01T22:59:20.646815+00:00,2026-09-01T22:59:20.646815+00:00,2026-09-02 01:50 (Local Time),TRIPILOS,,,,,1,7,20.1,,20.3,19.8,4.0,,,,355.0,,,,50.0,0.0,,,2.057776,,
2026-09-01T22:50:00+00:00,2026-09-01T22:59:20.646815+00:00,2026-09-01T22:59:20.646815+00:00,2026-09-02 01:50 (Local Time),TROODOS,,,,,1,9,16.7,,17.6,16.5,9.6,2.4,,,2.0,,,,60.0,0.0,828.3,,4.938662,,
2026-09-01T22:50:00+00:00,2026-09-01T22:59:20.646815+00:00,2026-09-01T22:59:20.646815+00:00,2026-09-02 01:50 (Local Time),VISITOR,,,,,1,7,25.3,,28.3,25.3,1.4,,,,245.0,,,,64.0,0.0,,,0.720222,,
2026-09-01T22:50:00+00:00,2026-09-01T22:59:20.646815+00:00,2026-09-01T22:59:20.646815+00:00,2026-09-02 01:50 (Local Time),XYLIATOS,,,,,1,8,24.6,,24.7,23.5,1.5,,,5.0,216.0,,,,42.0,0.0,,,0.771666,,
2026-09-01T22:50:00+00:00,2026-09-01T22:59:20.646815+00:00,2026-09-01T22:59:20.646815+00:00,2026-09-02 01:50 (Local Time),XYLOPHAGOU,,,,,1,9,25.1,24.4,27.5,25.0,2.6,0.0,,,328.0,,,,78.0,0.0,,,1.337554,,
2026-09-01T22:50:00+00:00,2026-09-01T22:59:20.646815+00:00,2026-09-01T22:59:20.646815+00:00,2026-09-02 01:50 (Local Time),ZYGI,,,,,1,9,22.7,22.0,25.8,22.6,1.8,0.3,,,339.0,,,,72.0,0.0,,,0.925999,,
2026-09-02T00:50:00+00:00,2026-09-02T00:59:02.229081+00:00,2026-09-02T00:59:02.229081+00:00,2026-09-02 03:50 (Local Time),ACHNA,,,,,1,8,22.3,,27.3,22.2,1.9,0.0,,,357.0,,,,81.0,0.0,,,0.977444,,
2026-09-02T00:50:00+00:00,2026-09-02T00:59:02.229081+00:00,2026-09-02T00:59:02.229081+00:00,2026-09-02 03:50 (Local Time),AGROS,,,,,1,10,23.2,,23.4,21.0,5.2,2.0,4.0,0.0,334.0,,,,42.0,0.0,,,2.675109,,
2026-09-02T00:50:00+00:00,2026-09-02T00:59:02.229081+00:00,2026-09-02T00:59:02.229081+00:00,2026-09-02 03:50 (Local Time),AKAMAS,,,,,1,7,25.1,,25.6,23.1,5.5,,,,12.0,,,,51.0,0.0,,,2.829442,,
2026-09-02T00:50:00+00:00,2026-09-02T00:59:02.229081+00:00,2026-09-02T00:59:02.229081+00:00,2026-09-02 03:50 (Local Time),ALONOUDI,,,,,1,5,19.4,,23.3,18.8,,,,,,,,,66.0,0.0,,,,,
2026-09-02T00:50:00+00:00,2026-09-02T00:59:02.229081+00:00,2026-09-02T00:59:02.229081+00:00,2026-09-02 03:50 (Local Time),AMARGETI,,,,,1,9,24.1,,26.8,23.1,5.1,1.0,,,349.0,,,,44.0,0.0,959.8,,2.623664,,
2026-09-02T00:50:00+00:00,2026-09-02T00:59:02.229081+00:00,2026-09-02T00:59:02.229081+00:00,2026-09-02 03:50 (Local Time),ASTROMERITIS,,,,,1,6,21.9,,,,5.9,1.8,,,197.0,,,,60.0,0.0,,,3.03522,,
2026-09-02T00:50:00+00:00,2026-09-02T00:59:02.229081+00:00,2026-09-02T00:59:02.229081+00:00,2026-09-02 03:50 (Local Time),ATHALASSA,,,,,1,11,23.1,19.4,27.7,22.2,2.8,0.9,,,277.0,,,,65.0,0.0,991.4,,1.440443,,"{""Atmospheric Pressure (Mean Sea Level)"": {""unit"": ""hPa"", ""value"": 1010.0}}"
2026-09-02T00:50:00+00:00,2026-09-02T00:59:02.229081+00:00,2026-09-02T00:59:02.229081+00:00,2026-09-02 03:50 (Local Time),ATHIENOU,,,,,1,9,23.5,20.8,27.1,23.4,4.6,0.6,,,237.0,,,,60.0,0.0,,,2.366442,,
2026-09-02T00:50:00+00:00,2026-09-02T00:59:02.229081+00:00,2026-09-02T00:59:02.229081+00:00,2026-09-02 03:50 (Local Time),AVDIMOU,,,,,1,11,20.3,19.2,25.4,20.3,0.0,0.1,3.0,4.0,---,,,,84.0,0.0,,,0.0,,
2026-09-02T00:50:00+00:00,2026-09-02T00:59:02.229081+00:00,2026-09-02T00:59:02.229081+00:00,2026-09-02 03:50 (Local Time),CAVO_GRECO,,,,,1,9,23.8,,26.4,23.0,4.3,0.8,,,298.0,,,,83.0,0.0,1002.5,,2.212109,,
2026-09-02T00:50:00+00:00,2026-09-02T00:59:02.229081+00:00,2026-09-02T00:59:02.229081+00:00,2026-09-02 03:50 (Local Time),CHROMIO,,,,,1,9,16.4,,16.9,14.8,8.8,2.9,,,23.0,,,,57.0,0.0,,,4.527107,,"{""Snow Depth"": {""unit"": ""cm"", ""value"": 0.0}}"
2026-09-02T00:50:00+00:00,2026-09-02T00:59:02.229081+00:00,2026-09-02T00:59:02.229081+00:00,2026-09-02 03:50 (Local Time),CYTASAT,,,,,1,10,20.8,,25.7,20.7,0.0,0.1,,,144.0,,,,61.0,0.0,984.4,,0.0,,"{""Atmospheric Pressure (Mean Sea Level)"": {""unit"": ""hPa"", ""value"": 1011.2}}"
2026-09-02T00:50:00+00:00,2026-09-02T00:59:02.229081+00:00,2026-09-02T00:59:02.229081+00:00,2026-09-02 03:50 (Local Time),EPTAGONEIA,,,,,1,8,20.3,,22.9,20.0,2.0,0.2,,,244.0,,,,60.0,0.0,,,1.028888,,
2026-09-02T00:50:00+00:00,2026-09-02T00:59:02.229081+00:00,2026-09-02T00:59:02.229081+00:00,2026-09-02 03:50 (Local Time),FANEROMENI,,,,,1,4,24.1,,,,,,,,,,,,63.0,0.0,,,,,"{""Rain Intensity (10 min.)"": {""unit"": ""mm/min"", ""value"": 0.0}}"
2026-09-02T00:50:00+00:00,2026-09-02T00:59:02.229081+00:00,2026-09-02T00:59:02.229081+00:00,2026-09-02 03:50 (Local Time),FARMAKAS,,,,,1,10,19.9,,20.8,19.6,2.0,1.3,2.0,0.0,148.0,,,,56.0,0.0,,,1.028888,,
2026-09-02T00:50:00+00:00,2026-09-02T00:59:02.229081+00:00,2026-09-02T00:59:02.229081+00:00,2026-09-02 03:50 (Local Time),FRENAROS,,,,,1,11,24.3,22.7,27.8,24.2,4.6,1.5,,0.0,308.0,,,,79.0,0.0,999.7,,2.366442,,
2026-09-02T00:50:00+00:00,2026-09-02T00:59:02.229081+00:00,2026-09-02T00:59:02.229081+00:00,2026-09-02 03:50 (Local Time),KALAVASOS,,,,,1,5,22.9,,26.6,22.8,,,,,,,,,65.0,0.0,,,,,
2026-09-02T00:50:00+00:00,2026-09-02T00:59:02.229081+00:00,2026-09-02T00:59:02.229081+00:00,2026-09-02 03:50 (Local Time),KALOPANAYIOTIS,,,,,1,9,20.1,,22.1,20.1,5.5,1.0,,0.0,178.0,,,,61.0,0.0,,,2.829442,,
2026-09-02T00:50:00+00:00,2026-09-02T00:59:02.229081+00:00,2026-09-02T00:59:02.229081+00:00,2026-09-02 03:50 (Local Time),KAMPOS,,,,,1,11,24.9,22.6,26.1,24.7,2.5,0.8,4.0,0.0,282.0,,,,39.0,0.0,,,1.28611,,
2026-09-02T00:50:00+00:00,2026-09-02T00:59:02.229081+00:00,2026-09-02T00:59:02.229081+00:00,2026-09-02 03:50 (Local Time),KANNAVIOU,,,,,1,6,22.4,,25.1,22.3,,4.0,,,,,,,52.0,0.0,,,,,
2026-09-02T00:50:00+00:00,2026-09-02T00:59:02.229081+00:00,2026-09-02T00:59:02.229081+00:00,2026-09-02 03:50 (Local Time),KATHIKAS,,,,,1,6,24.6,,25.1,23.3,,,,,,,,,44.0,0.0,,,,,"{""Accumulated Rainfall (24 hours)"": {""unit"": ""mm"", ""value"": 0.0}}"
2026-09-02T00:50:00+00:00,2026-09-02T00:59:02.229081+00:00,2026-09-02T00:59:02.229081+00:00,2026-09-02 03:50 (Local Time),KEPNIC,,,,,1,1,,,,,,,,,,,,,,0.0,,,,,
2026-09-02T00:50:00+00:00,2026-09-02T00:59:02.229081+00:00,2026-09-02T00:59:02.229081+00:00,2026-09-02 03:50 (Local Time),KILANI,,,,,1,7,20.3,,22.0,19.4,,1.2,,1.0,,,,,54.0,0.0,,,,,
2026-09-02T00:50:00+00:00,2026-09-02T00:59:02.229081+00:00,2026-09-02T00:59:02.229081+00:00,2026-09-02 03:50 (Local Time),KORNOS,,,,,1,3,22.1,,,,,,,,,,,,55.0,0.0,,,,,
2026-09-02T00:50:00+00:00,2026-09-02T00:59:02.229081+00:00,2026-09-02T00:59:02.229081+00:00,2026-09-02 03:50 (Local Time),KOURIS,,,,,1,8,24.8,,27.4,24.6,3.1,1.6,,,56.0,,,,55.0,0.0,,,1.594776,,
2026-09-02T00:50:00+00:00,2026-09-02T00:59:02.229081+00:00,2026-09-02T00:59:02.229081+00:00,2026-09-02 03:50 (Local Time),KPYRGOS,,,,,1,8,24.5,,25.6,23.7,6.5,2.1,,,140.0,,,,50.0,0.0,,,3.343886,,
2026-09-02T00:50:00+00:00,2026-09-02T00:59:02.229081+00:00,2026-09-02T00:59:02.229081+00:00,2026-09-02 03:50 (Local Time),KYPEROUNTA,,,,,1,6,20.6,,21.4,19.2,,3.7,,0.0,,,,,47.0,,,,,,
2026-09-02T00:50:00+00:00,2026-09-02T00:59:02.229081+00:00,2026-09-02T00:59:02.229081+00:00,2026-09-02 03:50 (Local Time),LCLK,,,,,1,9,23.3,,27.5,23.1,,0.3,,,,,,,63.0,0.0,,,,,"{""Atmospheric Pressure (QNH)"": {""unit"": ""hPa"", ""value"": 1009.5}, ""Wind Direction (10m) at Runway 22"": {""unit"": ""Degrees"", ""value"": 315.0}, ""Wind Speed (10m) at Runway 22"": {""unit"": ""Knots"", ""value"": 2.3}}"
2026-09-02T00:50:00+00:00,2026-09-02T00:59:02.229081+00:00,2026-09-02T00:59:02.229081+00:00,2026-09-02 03:50 (Local Time),LCPH,,,,,1,9,24.4,,28.0,24.3,,0.8,,,,,,,54.0,0.0,,,,,"{""Atmospheric Pressure (QNH)"": {""unit"": ""hPa"", ""value"": 1009.6}, ""Wind Direction (10m) at Runway 29"": {""unit"": ""Degrees"", ""value"": 23.0}, ""Wind Speed (10m) at Runway 29"": {""unit"": ""Knots"", ""value"": 5.0}}"
2026-09-02T00:50:00+00:00,2026-09-02T00:59:02.229081+00:00,2026-09-02T00:59:02.229081+00:00,2026-09-02 03:50 (Local Time),LEFKARA,,,,,1,6,21.5,,25.0,21.2,,0.5,,,,,,,62.0,0.0,,,,,
2026-09-02T00:50:00+00:00,2026-09-02T00:59:02.229081+00:00,2026-09-02T00:59:02.229081+00:00,2026-09-02 03:50 (Local Time),LEFKOSIA,,,,,1,7,21.5,,26.0,21.4,,0.6,,,,,,,72.0,0.0,,,,,"{""Accumulated Rainfall (24 hours)"": {""unit"": ""mm"", ""value"": 0.0}}"
2026-09-02T00:50:00+00:00,2026-09-02T00:59:02.229081+00:00,2026-09-02T00:59:02.229081+00:00,2026-09-02 03:50 (Local Time),LIMASSOL,,,,,1,10,24.0,,26.8,24.0,,0.6,,0.0,,,,,64.0,0.0,1008.5,,,,"{""Wind Direction (10m) at Port Gate"": {""unit"": ""Degrees"", ""value"": 340.0}, ""Wind Speed (10m) at Port Gate"": {""unit"": ""Knots"", ""value"": 2.5}}"
2026-09-02T00:50:00+00:00,2026-09-02T00:59:02.229081+00:00,2026-09-02T00:59:02.229081+00:00,2026-09-02 03:50 (Local Time),LINOU,,,,,1,9,25.4,,26.3,25.2,3.9,1.6,,,196.0,,,,42.0,0.0,964.3,,2.006332,,
2026-09-02T00:50:00+00:00,2026-09-02T00:59:02.229081+00:00,2026-09-02T00:59:02.229081+00:00,2026-09-02 03:50 (Local Time),LYSOS,,,,,1,7,22.7,,22.8,22.1,6.7,,,,25.0,,,,41.0,0.0,,,3.446775,,
2026-09-02T00:50:00+00:00,2026-09-02T00:59:02.229081+00:00,2026-09-02T00:59:02.229081+00:00,2026-09-02 03:50 (Local Time),MALLIA,,,,,1,10,20.6,16.9,24.3,19.9,1.1,0.5,,11.0,35.0,,,,56.0,0.0,,,0.565888,,
2026-09-02T00:50:00+00:00,2026-09-02T00:59:02.229081+00:00,2026-09-02T00:59:02.229081+00:00,2026-09-02 03:50 (Local Time),MAMMARI,,,,,1,10,23.6,,26.4,22.8,,2.9,,4.0,,,,,57.0,0.0,,,,,"{""Atmospheric Pressure (QNH)"": {""unit"": ""hPa"", ""value"": 1010.8}, ""Wind Direction (10m) at Runway 12"": {""unit"": ""Degrees"", ""value"": 240.0}, ""Wind Speed (10m) at Runway 12"": {""unit"": ""Knots"", ""value"": 7.2}}"
2026-09-02T00:50:00+00:00,2026-09-02T00:59:02.229081+00:00,2026-09-02T00:59:02.229081+00:00,2026-09-02 03:50 (Local Time),MATHIATIS,,,,,1,10,22.3,,23.2,22.1,0.0,0.0,4.0,0.0,287.0,,,,49.0,0.0,,,0.0,,
2026-09-02T00:50:00+00:00,2026-09-02T00:59:02.229081+00:00,2026-09-02T00:59:02.229081+00:00,2026-09-02 03:50 (Local Time),PANAGIA_BRIDGE,,,,,1,6,18.2,18.8,22.3,18.0,,,,,,,,,75.0,0.0,,,,,
2026-09-02T00:50:00+00:00,2026-09-02T00:59:02.229081+00:00,2026-09-02T00:59:02.229081+00:00,2026-09-02 03:50 (Local Time),PAPHOS,,,,,1,8,23.9,,26.3,23.8,1.2,0.4,,,27.0,,,,48.0,0.0,,,0.617333,,
2026-09-02T00:50:00+00:00,2026-09-02T00:59:02.229081+00:00,2026-09-02T00:59:02.229081+00:00,2026-09-02 03:50 (Local Time),PAREKLISIA,,,,,1,7,23.3,,26.6,23.2,0.6,,,,26.0,,,,64.0,0.0,,,0.308666,,
2026-09-02T00:50:00+00:00,2026-09-02T00:59:02.229081+00:00,2026-09-02T00:59:02.229081+00:00,2026-09-02 03:50 (Local Time),PENTAKOMO,,,,,1,8,26.6,,27.8,26.1,5.5,1.7,,,12.0,,,,73.0,0.0,,,2.829442,,
2026-09-02T00:50:00+00:00,2026-09-02T00:59:02.229081+00:00,2026-09-02T00:59:02.229081+00:00,2026-09-02 03:50 (Local Time),PLATANIA,,,,,1,6,19.1,,19.3,18.2,,0.3,,,,,,,55.0,0.0,,,,,
2026-09-02T00:50:00+00:00,2026-09-02T00:59:02.229081+00:00,2026-09-02T00:59:02.229081+00:00,2026-09-02 03:50 (Local Time),POLIS,,,,,1,11,23.7,,26.1,23.4,6.5,1.5,4.0,,146.0,,,,55.0,0.0,1006.3,,3.343886,,"{""Atmospheric Pressure (Mean Sea Level)"": {""unit"": ""hPa"", ""value"": 1009.0}}"
2026-09-02T00:50:00+00:00,2026-09-02T00:59:02.229081+00:00,2026-09-02T00:59:02.229081+00:00,2026-09-02 03:50 (Local Time),POLYSTYPOS,,,,,1,8,21.8,,23.0,20.8,3.5,1.5,,,354.0,,,,44.0,0.0,,,1.800554,,
2026-09-02T00:50:00+00:00,2026-09-02T00:59:02.229081+00:00,2026-09-02T00:59:02.229081+00:00,2026-09-02 03:50 (Local Time),PRODROMOS,,,,,1,9,18.0,,25.2,17.0,6.2,1.5,,0.0,74.0,,,,55.0,0.0,,,3.189553,,
2026-09-02T00:50:00+00:00,2026-09-02T00:59:02.229081+00:00,2026-09-02T00:59:02.229081+00:00,2026-09-02 03:50 (Local Time),PYRGOS,,,,,1,5,24.5,,,,4.3,,,,257.9,,,,41.0,0.0,,,2.212109,,
2026-09-02T00:50:00+00:00,2026-09-02T00:59:02.229081+00:00,2026-09-02T00:59:02.229081+00:00,2026-09-02 03:50 (Local Time),SAITTAS,,,,,1,5,20.2,,23.4,19.6,,,,,,,,,61.0,0.0,,,,,
2026-09-02T00:50:00+00:00,2026-09-02T00:59:02.229081+00:00,2026-09-02T00:59:02.229081+00:00,2026-09-02 03:50 (Local Time),TAMASOS,,,,,1,9,26.4,25.5,26.5,22.3,4.2,0.5,,,242.0,,,,39.0,0.0,,,2.160665,,
2026-09-02T00:50:00+00:00,2026-09-02T00:59:02.229081+00:00,2026-09-02T00:59:02.229081+00:00,2026-09-02 03:50 (Local Time),TEPAK,,,,,1,9,23.9,,26.9,23.9,2.0,0.0,,,356.0,,,,63.0,0.0,,,1.028888,,"{""Accumulated Rainfall (24 hours)"": {""unit"": ""mm"", ""value"": 0.0}}"
2026-09-02T00:50:00+00:00,2026-09-02T00:59:02.229081+00:00,2026-09-02T00:59:02.229081+00:00,2026-09-02 03:50 (Local Time),TRIPILOS,,,,,1,7,20.0,,20.4,19.8,4.7,,,,0.0,,,,48.0,0.0,,,2.417887,,
2026-09-02T00:50:00+00:00,2026-09-02T00:59:02.229081+00:00,2026-09-02T00:59:02.229081+00:00,2026-09-02 03:50 (Local Time),TROODOS,,,,,1,9,16.8,,17.6,16.5,9.6,2.4,,,357.0,,,,56.0,0.0,828.2,,4.938662,,
2026-09-02T00:50:00+00:00,2026-09-02T00:59:02.229081+00:00,2026-09-02T00:59:02.229081+00:00,2026-09-02 03:50 (Local Time),VISITOR,,,,,1,7,21.8,,28.3,21.7,1.0,,,,264.0,,,,76.0,0.0,,,0.514444,,
2026-09-02T00:50:00+00:00,2026-09-02T00:59:02.229081+00:00,2026-09-02T00:59:02.229081+00:00,2026-09-02 03:50 (Local Time),XYLIATOS,,,,,1,8,24.3,,25.1,23.5,1.3,,,5.0,243.0,,,,42.0,0.0,,,0.668777,,
2026-09-02T00:50:00+00:00,2026-09-02T00:59:02.229081+00:00,2026-09-02T00:59:02.229081+00:00,2026-09-02 03:50 (Local Time),XYLOPHAGOU,,,,,1,9,24.0,24.1,27.5,23.6,3.6,0.3,,,323.0,,,,75.0,0.0,,,1.851998,,
2026-09-02T00:50:00+00:00,2026-09-02T00:59:02.229081+00:00,2026-09-02T00:59:02.229081+00:00,2026-09-02 03:50 (Local Time),ZYGI,,,,,1,9,21.7,21.0,25.8,21.5,1.8,0.4,,,335.0,,,,73.0,0.0,,,0.925999,,
2026-09-02T05:30:00+00:00,2026-09-02T05:39:43.544220+00:00,2026-09-02T05:39:43.544220+00:00,2026-09-02 08:30 (Local Time),ACHNA,,,,,1,8,28.8,,29.0,21.4,1.8,0.5,,,12.0,,,,57.0,0.0,,,0.925999,,
2026-09-02T05:30:00+00:00,2026-09-02T05:39:43.544220+00:00,2026-09-02T05:39:43.544220+00:00,2026-09-02 08:30 (Local Time),AGROS,,,,,1,10,25.4,,25.6,21.0,1.1,0.9,712.0,381.0,19.0,,,,40.0,0.0,,,0.565888,,
2026-09-02T05:30:00+00:00,2026-09-02T05:39:43.544220+00:00,2026-09-02T05:39:43.544220+00:00,2026-09-02 08:30 (Local Time),AKAMAS,,,,,1,7,28.7,,30.0,23.1,1.1,,,,215.0,,,,39.0,0.0,,,0.565888,,
2026-09-02T05:30:00+00:00,2026-09-02T05:39:43.544220+00:00,2026-09-02T05:39:43.544220+00:00,2026-09-02 08:30 (Local Time),ALONOUDI,,,,,1,5,23.1,,23.3,17.6,,,,,,,,,60.0,0.0,,,,,
2026-09-02T05:30:00+00:00,2026-09-02T05:39:43.544220+00:00,2026-09-02T05:39:43.544220+00:00,2026-09-02 08:30 (Local Time),AMARGETI,,,,,1,9,29.7,,29.8,23.1,2.5,1.0,,,138.0,,,,36.0,0.0,960.6,,1.28611,,
2026-09-02T05:30:00+00:00,2026-09-02T05:39:43.544220+00:00,2026-09-02T05:39:43.544220+00:00,2026-09-02 08:30 (Local Time),ASTROMERITIS,,,,,1,6,31.3,,,,2.2,1.1,,,345.0,,,,31.0,0.0,,,1.131777,,
2026-09-02T05:30:00+00:00,2026-09-02T05:39:43.544220+00:00,2026-09-02T05:39:43.544220+00:00,2026-09-02 08:30 (Local Time),ATHALASSA,,,,,1,11,28.1,30.4,28.2,20.2,1.2,1.1,,,341.0,,,,46.0,0.0,992.2,,0.617333,,"{""Atmospheric Pressure (Mean Sea Level)"": {""unit"": ""hPa"", ""value"": 1010.6}}"
2026-09-02T05:30:00+00:00,2026-09-02T05:39:43.544220+00:00,2026-09-02T05:39:43.544220+00:00,2026-09-02 08:30 (Local Time),ATHIENOU,,,,,1,9,28.8,37.0,29.2,22.8,0.6,0.1,,,337.0,,,,37.0,0.0,,,0.308666,,
2026-09-02T05:30:00+00:00,2026-09-02T05:39:43.544220+00:00,2026-09-02T05:39:43.544220+00:00,2026-09-02 08:30 (Local Time),AVDIMOU,,,,,1,11,30.1,36.5,30.2,20.2,1.3,0.9,828.0,375.0,131.0,,,,47.0,0.0,,,0.668777,,
2026-09-02T05:30:00+00:00,2026-09-02T05:39:43.544220+00:00,2026-09-02T05:39:43.544220+00:00,2026-09-02 08:30 (Local Time),CAVO_GRECO,,,,,1,9,29.0,,29.0,23.0,2.6,1.4,,,354.0,,,,70.0,0.0,1003.3,,1.337554,,
2026-09-02T05:30:00+00:00,2026-09-02T05:39:43.544220+00:00,2026-09-02T05:39:43.544220+00:00,2026-09-02 08:30 (Local Time),CHROMIO,,,,,1,9,20.5,,20.6,14.8,7.0,1.1,,,82.0,,,,45.0,0.0,,,3.601108,,"{""Snow Depth"": {""unit"": ""cm"", ""value"": 0.0}}"
2026-09-02T05:30:00+00:00,2026-09-02T05:39:43.544220+00:00,2026-09-02T05:39:43.544220+00:00,2026-09-02 08:30 (Local Time),CYTASAT,,,,,1,10,27.4,,27.7,19.8,1.5,0.6,,,148.0,,,,54.0,0.0,985.2,,0.771666,,"{""Atmospheric Pressure (Mean Sea Level)"": {""unit"": ""hPa"", ""value"": 1011.3}}"
2026-09-02T05:30:00+00:00,2026-09-02T05:39:43.544220+00:00,2026-09-02T05:39:43.544220+00:00,2026-09-02 08:30 (Local Time),EPTAGONEIA,,,,,1,8,25.2,,25.6,18.5,2.6,0.9,,,241.0,,,,45.0,0.0,,,1.337554,,
2026-09-02T05:30:00+00:00,2026-09-02T05:39:43.544220+00:00,2026-09-02T05:39:43.544220+00:00,2026-09-02 08:30 (Local Time),FANEROMENI,,,,,1,4,27.9,,,,,,,,,,,,52.0,0.0,,,,,"{""Rain Intensity (10 min.)"": {""unit"": ""mm/min"", ""value"": 0.0}}"
2026-09-02T05:30:00+00:00,2026-09-02T05:39:43.544220+00:00,2026-09-02T05:39:43.544220+00:00,2026-09-02 08:30 (Local Time),FARMAKAS,,,,,1,10,26.2,,26.4,19.0,1.5,0.7,729.0,360.0,79.0,,,,42.0,0.0,,,0.771666,,
2026-09-02T05:30:00+00:00,2026-09-02T05:39:43.544220+00:00,2026-09-02T05:39:43.544220+00:00,2026-09-02 08:30 (Local Time),FRENAROS,,,,,1,11,29.5,27.6,29.8,22.8,2.2,0.8,,389.0,19.0,,,,66.0,0.0,1000.4,,1.131777,,
2026-09-02T05:30:00+00:00,2026-09-02T05:39:43.544220+00:00,2026-09-02T05:39:43.544220+00:00,2026-09-02 08:30 (Local Time),KALAVASOS,,,,,1,5,31.2,,31.6,21.4,,,,,,,,,41.0,0.0,,,,,
2026-09-02T05:30:00+00:00,2026-09-02T05:39:43.544220+00:00,2026-09-02T05:39:43.544220+00:00,2026-09-02 08:30 (Local Time),KALOPANAYIOTIS,,,,,1,9,23.2,,23.7,19.6,2.5,0.6,,285.0,168.0,,,,53.0,0.0,,,1.28611,,
2026-09-02T05:30:00+00:00,2026-09-02T05:39:43.544220+00:00,2026-09-02T05:39:43.544220+00:00,2026-09-02 08:30 (Local Time),KAMPOS,,,,,1,11,27.4,25.0,27.4,24.7,1.1,0.5,313.0,192.0,299.0,,,,34.0,0.0,,,0.565888,,
2026-09-02T05:30:00+00:00,2026-09-02T05:39:43.544220+00:00,2026-09-02T05:39:43.544220+00:00,2026-09-02 08:30 (Local Time),KANNAVIOU,,,,,1,6,26.4,,26.7,21.6,,1.6,,,,,,,43.0,0.0,,,,,
2026-09-02T05:30:00+00:00,2026-09-02T05:39:43.544220+00:00,2026-09-02T05:39:43.544220+00:00,2026-09-02 08:30 (Local Time),KATHIKAS,,,,,1,6,29.5,,29.7,23.3,,,,,,,,,35.0,0.0,,,,,"{""Accumulated Rainfall (24 hours)"": {""unit"": ""mm"", ""value"": 0.0}}"
2026-09-02T05:30:00+00:00,2026-09-02T05:39:43.544220+00:00,2026-09-02T05:39:43.544220+00:00,2026-09-02 08:30 (Local Time),KEPNIC,,,,,1,1,,,,,,,,,,,,,,0.0,,,,,
2026-09-02T05:30:00+00:00,2026-09-02T05:39:43.544220+00:00,2026-09-02T05:39:43.544220+00:00,2026-09-02 08:30 (Local Time),KILANI,,,,,1,7,26.0,,26.1,18.4,,1.1,,403.0,,,,,50.0,0.0,,,,,
2026-09-02T05:30:00+00:00,2026-09-02T05:39:43.544220+00:00,2026-09-02T05:39:43.544220+00:00,2026-09-02 08:30 (Local Time),KORNOS,,,,,1,3,29.9,,,,,,,,,,,,37.0,0.0,,,,,
2026-09-02T05:30:00+00:00,2026-09-02T05:39:43.544220+00:00,2026-09-02T05:39:43.544220+00:00,2026-09-02 08:30 (Local Time),KOURIS,,,,,1,8,28.5,,28.6,23.2,0.6,1.0,,,217.0,,,,46.0,0.0,,,0.308666,,
2026-09-02T05:30:00+00:00,2026-09-02T05:39:43.544220+00:00,2026-09-02T05:39:43.544220+00:00,2026-09-02 08:30 (Local Time),KPYRGOS,,,,,1,8,29.8,,30.0,23.7,3.6,1.0,,,134.0,,,,41.0,0.0,,,1.851998,,
2026-09-02T05:30:00+00:00,2026-09-02T05:39:43.544220+00:00,2026-09-02T05:39:43.544220+00:00,2026-09-02 08:30 (Local Time),KYPEROUNTA,,,,,1,6,21.4,,21.5,19.2,,4.0,,419.0,,,,,46.0,,,,,,
2026-09-02T05:30:00+00:00,2026-09-02T05:39:43.544220+00:00,2026-09-02T05:39:43.544220+00:00,2026-09-02 08:30 (Local Time),LCLK,,,,,1,9,30.1,,30.5,21.8,,0.1,,,,,,,46.0,0.0,,,,,"{""Atmospheric Pressure (QNH)"": {""unit"": ""hPa"", ""value"": 1010.3}, ""Wind Direction (10m) at Runway 22"": {""unit"": ""Degrees"", ""value"": 279.0}, ""Wind Speed (10m) at Runway 22"": {""unit"": ""Knots"", ""value"": 0.0}}"
2026-09-02T05:30:00+00:00,2026-09-02T05:39:43.544220+00:00,2026-09-02T05:39:43.544220+00:00,2026-09-02 08:30 (Local Time),LCPH,,,,,1,9,29.7,,29.9,24.3,,1.0,,,,,,,39.0,0.0,,,,,"{""Atmospheric Pressure (QNH)"": {""unit"": ""hPa"", ""value"": 1010.3}, ""Wind Direction (10m) at Runway 29"": {""unit"": ""Degrees"", ""value"": 38.0}, ""Wind Speed (10m) at Runway 29"": {""unit"": ""Knots"", ""value"": 3.9}}"
2026-09-02T05:30:00+00:00,2026-09-02T05:39:43.544220+00:00,2026-09-02T05:39:43.544220+00:00,2026-09-02 08:30 (Local Time),LEFKARA,,,,,1,6,27.1,,27.6,19.3,,0.0,,,,,,,46.0,0.0,,,,,
2026-09-02T05:30:00+00:00,2026-09-02T05:39:43.544220+00:00,2026-09-02T05:39:43.544220+00:00,2026-09-02 08:30 (Local Time),LEFKOSIA,,,,,1,7,28.9,,29.3,20.2,,0.5,,,,,,,41.0,0.0,,,,,"{""Accumulated Rainfall (24 hours)"": {""unit"": ""mm"", ""value"": 0.0}}"
2026-09-02T05:30:00+00:00,2026-09-02T05:39:43.544220+00:00,2026-09-02T05:39:43.544220+00:00,2026-09-02 08:30 (Local Time),LIMASSOL,,,,,1,10,29.1,,29.5,23.5,,1.1,,375.0,,,,,60.0,0.0,1009.3,,,,"{""Wind Direction (10m) at Port Gate"": {""unit"": ""Degrees"", ""value"": 76.0}, ""Wind Speed (10m) at Port Gate"": {""unit"": ""Knots"", ""value"": 2.0}}"
2026-09-02T05:30:00+00:00,2026-09-02T05:39:43.544220+00:00,2026-09-02T05:39:43.544220+00:00,2026-09-02 08:30 (Local Time),LINOU,,,,,1,9,30.7,,30.8,24.7,3.7,2.0,,,204.0,,,,33.0,0.0,964.9,,1.903443,,
2026-09-02T05:30:00+00:00,2026-09-02T05:39:43.544220+00:00,2026-09-02T05:39:43.544220+00:00,2026-09-02 08:30 (Local Time),LYSOS,,,,,1,7,30.6,,30.9,22.1,3.7,,,,81.0,,,,30.0,0.0,,,1.903443,,
2026-09-02T05:30:00+00:00,2026-09-02T05:39:43.544220+00:00,2026-09-02T05:39:43.544220+00:00,2026-09-02 08:30 (Local Time),MALLIA,,,,,1,10,28.1,32.5,28.4,19.1,1.5,0.4,,418.0,71.0,,,,45.0,0.0,,,0.771666,,
2026-09-02T05:30:00+00:00,2026-09-02T05:39:43.544220+00:00,2026-09-02T05:39:43.544220+00:00,2026-09-02 08:30 (Local Time),MAMMARI,,,,,1,10,29.5,,29.7,22.8,,1.2,,385.0,,,,,40.0,0.0,,,,,"{""Atmospheric Pressure (QNH)"": {""unit"": ""hPa"", ""value"": 1011.6}, ""Wind Direction (10m) at Runway 12"": {""unit"": ""Degrees"", ""value"": 285.0}, ""Wind Speed (10m) at Runway 12"": {""unit"": ""Knots"", ""value"": 2.5}}"
2026-09-02T05:30:00+00:00,2026-09-02T05:39:43.544220+00:00,2026-09-02T05:39:43.544220+00:00,2026-09-02 08:30 (Local Time),MATHIATIS,,,,,1,10,29.7,,30.0,22.0,1.7,0.9,631.0,369.0,352.0,,,,35.0,0.0,,,0.874555,,
2026-09-02T05:30:00+00:00,2026-09-02T05:39:43.544220+00:00,2026-09-02T05:39:43.544220+00:00,2026-09-02 08:30 (Local Time),PANAGIA_BRIDGE,,,,,1,6,23.2,22.7,23.5,17.0,,,,,,,,,54.0,0.0,,,,,
2026-09-02T05:30:00+00:00,2026-09-02T05:39:43.544220+00:00,2026-09-02T05:39:43.544220+00:00,2026-09-02 08:30 (Local Time),PAPHOS,,,,,1,8,30.2,,30.4,23.0,0.7,0.7,,,328.0,,,,44.0,0.0,,,0.360111,,
2026-09-02T05:30:00+00:00,2026-09-02T05:39:43.544220+00:00,2026-09-02T05:39:43.544220+00:00,2026-09-02 08:30 (Local Time),PAREKLISIA,,,,,1,7,31.2,,31.3,22.2,0.7,,,,149.0,,,,53.0,0.0,,,0.360111,,
2026-09-02T05:30:00+00:00,2026-09-02T05:39:43.544220+00:00,2026-09-02T05:39:43.544220+00:00,2026-09-02 08:30 (Local Time),PENTAKOMO,,,,,1,8,29.7,,29.9,24.6,1.4,0.8,,,125.0,,,,64.0,0.0,,,0.720222,,
2026-09-02T05:30:00+00:00,2026-09-02T05:39:43.544220+00:00,2026-09-02T05:39:43.544220+00:00,2026-09-02 08:30 (Local Time),PLATANIA,,,,,1,6,22.7,,22.8,18.2,,0.2,,,,,,,47.0,0.0,,,,,
2026-09-02T05:30:00+00:00,2026-09-02T05:39:43.544220+00:00,2026-09-02T05:39:43.544220+00:00,2026-09-02 08:30 (Local Time),POLIS,,,,,1,11,30.6,,30.8,23.4,3.8,1.1,887.0,,148.0,,,,37.0,0.0,1006.7,,1.954887,,"{""Atmospheric Pressure (Mean Sea Level)"": {""unit"": ""hPa"", ""value"": 1009.3}}"
2026-09-02T05:30:00+00:00,2026-09-02T05:39:43.544220+00:00,2026-09-02T05:39:43.544220+00:00,2026-09-02 08:30 (Local Time),POLYSTYPOS,,,,,1,8,25.8,,26.1,20.8,2.8,0.8,,,336.0,,,,36.0,0.0,,,1.440443,,
2026-09-02T05:30:00+00:00,2026-09-02T05:39:43.544220+00:00,2026-09-02T05:39:43.544220+00:00,2026-09-02 08:30 (Local Time),PRODROMOS,,,,,1,9,20.8,,25.2,17.0,8.4,2.2,,377.0,63.0,,,,50.0,0.0,,,4.32133,,
2026-09-02T05:30:00+00:00,2026-09-02T05:39:43.544220+00:00,2026-09-02T05:39:43.544220+00:00,2026-09-02 08:30 (Local Time),PYRGOS,,,,,1,5,29.2,,,,2.1,,,,39.1,,,,31.0,0.0,,,1.080332,,
2026-09-02T05:30:00+00:00,2026-09-02T05:39:43.544220+00:00,2026-09-02T05:39:43.544220+00:00,2026-09-02 08:30 (Local Time),SAITTAS,,,,,1,5,25.7,,26.1,19.1,,,,,,,,,50.0,0.0,,,,,
2026-09-02T05:30:00+00:00,2026-09-02T05:39:43.544220+00:00,2026-09-02T05:39:43.544220+00:00,2026-09-02 08:30 (Local Time),TAMASOS,,,,,1,9,29.7,34.3,29.7,22.2,2.8,0.3,,,263.0,,,,31.0,0.0,,,1.440443,,
2026-09-02T05:30:00+00:00,2026-09-02T05:39:43.544220+00:00,2026-09-02T05:39:43.544220+00:00,2026-09-02 08:30 (Local Time),TEPAK,,,,,1,9,30.6,,31.1,23.6,0.7,0.4,,,220.0,,,,54.0,0.0,,,0.360111,,"{""Accumulated Rainfall (24 hours)"": {""unit"": ""mm"", ""value"": 0.0}}"
2026-09-02T05:30:00+00:00,2026-09-02T05:39:43.544220+00:00,2026-09-02T05:39:43.544220+00:00,2026-09-02 08:30 (Local Time),TRIPILOS,,,,,1,7,20.6,,20.7,19.6,1.9,,,,217.0,,,,49.0,0.0,,,0.977444,,
2026-09-02T05:30:00+00:00,2026-09-02T05:39:43.544220+00:00,2026-09-02T05:39:43.544220+00:00,2026-09-02 08:30 (Local Time),TROODOS,,,,,1,9,20.2,,20.3,16.2,7.9,1.9,,,15.0,,,,44.0,0.0,828.9,,4.064108,,
2026-09-02T05:30:00+00:00,2026-09-02T05:39:43.544220+00:00,2026-09-02T05:39:43.544220+00:00,2026-09-02 08:30 (Local Time),VISITOR,,,,,1,7,28.1,,28.4,20.0,1.6,,,,18.0,,,,47.0,0.0,,,0.82311,,
2026-09-02T05:30:00+00:00,2026-09-02T05:39:43.544220+00:00,2026-09-02T05:39:43.544220+00:00,2026-09-02 08:30 (Local Time),XYLIATOS,,,,,1,8,28.7,,29.0,23.5,1.2,,,387.0,357.0,,,,36.0,0.0,,,0.617333,,
2026-09-02T05:30:00+00:00,2026-09-02T05:39:43.544220+00:00,2026-09-02T05:39:43.544220+00:00,2026-09-02 08:30 (Local Time),XYLOPHAGOU,,,,,1,9,28.4,31.0,28.6,22.3,2.0,0.9,,,33.0,,,,70.0,0.0,,,1.028888,,
2026-09-02T05:30:00+00:00,2026-09-02T05:39:43.544220+00:00,2026-09-02T05:39:43.544220+00:00,2026-09-02 08:30 (Local Time),ZYGI,,,,,1,9,30.5,37.1,30.6,21.1,0.0,0.4,,,81.0,,,,53.0,0.0,,,0.0,,
2026-09-02T09:50:00+00:00,2026-09-02T09:55:26.773998+00:00,2026-09-02T09:55:26.773998+00:00,2026-09-02 12:50 (Local Time),ACHNA,,,,,1,8,34.8,,35.2,21.4,3.3,1.4,,,186.0,,,,46.0,0.0,,,1.697665,,
2026-09-02T09:50:00+00:00,2026-09-02T09:55:26.773998+00:00,2026-09-02T09:55:26.773998+00:00,2026-09-02 12:50 (Local Time),AGROS,,,,,1,10,29.7,,31.3,21.0,3.5,1.7,764.0,947.0,185.0,,,,40.0,0.0,,,1.800554,,
2026-09-02T09:50:00+00:00,2026-09-02T09:55:26.773998+00:00,2026-09-02T09:55:26.773998+00:00,2026-09-02 12:50 (Local Time),AKAMAS,,,,,1,7,30.3,,31.0,23.1,8.7,,,,227.0,,,,58.0,0.0,,,4.475663,,
2026-09-02T09:50:00+00:00,2026-09-02T09:55:26.773998+00:00,2026-09-02T09:55:26.773998+00:00,,ALONOUDI,,,,,0,0,,,,,,,,,,,,,,,,,,,
2026-09-02T09:50:00+00:00,2026-09-02T09:55:26.773998+00:00,2026-09-02T09:55:26.773998+00:00,2026-09-02 12:50 (Local Time),AMARGETI,,,,,1,9,32.8,,34.3,23.1,5.3,1.9,,,203.0,,,,36.0,0.0,960.6,,2.726553,,
2026-09-02T09:50:00+00:00,2026-09-02T09:55:26.773998+00:00,2026-09-02T09:55:26.773998+00:00,2026-09-02 12:50 (Local Time),ASTROMERITIS,,,,,1,6,34.2,,,,5.8,2.5,,,317.0,,,,35.0,0.0,,,2.983775,,
2026-09-02T09:50:00+00:00,2026-09-02T09:55:26.773998+00:00,2026-09-02T09:55:26.773998+00:00,2026-09-02 12:50 (Local Time),ATHALASSA,,,,,1,11,36.5,41.7,37.4,20.2,2.1,1.5,,,52.0,,,,25.0,0.0,991.6,,1.080332,,"{""Atmospheric Pressure (Mean Sea Level)"": {""unit"": ""hPa"", ""value"": 1009.5}}"
2026-09-02T09:50:00+00:00,2026-09-02T09:55:26.773998+00:00,2026-09-02T09:55:26.773998+00:00,2026-09-02 12:50 (Local Time),ATHIENOU,,,,,1,9,34.9,47.3,35.9,22.8,4.3,1.8,,,134.0,,,,33.0,0.0,,,2.212109,,
2026-09-02T09:50:00+00:00,2026-09-02T09:55:26.773998+00:00,2026-09-02T09:55:26.773998+00:00,2026-09-02 12:50 (Local Time),AVDIMOU,,,,,1,11,33.4,47.0,33.6,20.2,3.7,2.1,808.0,917.0,148.0,,,,40.0,0.0,,,1.903443,,
2026-09-02T09:50:00+00:00,2026-09-02T09:55:26.773998+00:00,2026-09-02T09:55:26.773998+00:00,2026-09-02 12:50 (Local Time),CAVO_GRECO,,,,,1,9,31.5,,31.6,23.0,5.0,2.0,,,64.0,,,,63.0,0.0,1003.4,,2.57222,,
2026-09-02T09:50:00+00:00,2026-09-02T09:55:26.773998+00:00,2026-09-02T09:55:26.773998+00:00,2026-09-02 12:50 (Local Time),CHROMIO,,,,,1,9,24.1,,24.7,14.8,7.0,1.5,,,75.0,,,,41.0,0.0,,,3.601108,,"{""Snow Depth"": {""unit"": ""cm"", ""value"": 0.0}}"
2026-09-02T09:50:00+00:00,2026-09-02T09:55:26.773998+00:00,2026-09-02T09:55:26.773998+00:00,2026-09-02 12:50 (Local Time),CYTASAT,,,,,1,10,33.5,,33.6,19.8,3.6,1.5,,,195.0,,,,44.0,0.0,984.8,,1.851998,,"{""Atmospheric Pressure (Mean Sea Level)"": {""unit"": ""hPa"", ""value"": 1010.4}}"
2026-09-02T09:50:00+00:00,2026-09-02T09:55:26.773998+00:00,2026-09-02T09:55:26.773998+00:00,2026-09-02 12:50 (Local Time),EPTAGONEIA,,,,,1,8,32.1,,33.1,18.5,8.8,3.1,,,247.0,,,,44.0,0.0,,,4.527107,,
2026-09-02T09:50:00+00:00,2026-09-02T09:55:26.773998+00:00,2026-09-02T09:55:26.773998+00:00,2026-09-02 12:50 (Local Time),FANEROMENI,,,,,1,4,34.2,,,,,,,,,,,,42.0,0.0,,,,,"{""Rain Intensity (10 min.)"": {""unit"": ""mm/min"", ""value"": 0.0}}"
2026-09-02T09:50:00+00:00,2026-09-02T09:55:26.773998+00:00,2026-09-02T09:55:26.773998+00:00,2026-09-02 12:50 (Local Time),FARMAKAS,,,,,1,10,34.1,,34.9,19.0,8.0,1.8,872.0,922.0,15.0,,,,27.0,0.0,,,4.115552,,
2026-09-02T09:50:00+00:00,2026-09-02T09:55:26.773998+00:00,2026-09-02T09:55:26.773998+00:00,2026-09-02 12:50 (Local Time),FRENAROS,,,,,1,11,34.2,37.3,35.3,22.8,5.3,2.4,,884.0,152.0,,,,56.0,0.0,1000.2,,2.726553,,
2026-09-02T09:50:00+00:00,2026-09-02T09:55:26.773998+00:00,2026-09-02T09:55:26.773998+00:00,2026-09-02 12:50 (Local Time),KALAVASOS,,,,,1,5,37.1,,37.3,21.4,,,,,,,,,36.0,0.0,,,,,
2026-09-02T09:50:00+00:00,2026-09-02T09:55:26.773998+00:00,2026-09-02T09:55:26.773998+00:00,2026-09-02 12:50 (Local Time),KALOPANAYIOTIS,,,,,1,9,33.9,,34.1,19.6,5.5,1.1,,901.0,327.0,,,,32.0,0.0,,,2.829442,,
2026-09-02T09:50:00+00:00,2026-09-02T09:55:26.773998+00:00,2026-09-02T09:55:26.773998+00:00,2026-09-02 12:50 (Local Time),KAMPOS,,,,,1,11,35.5,39.6,36.6,24.7,2.9,1.7,992.0,940.0,89.0,,,,28.0,0.0,,,1.491888,,
2026-09-02T09:50:00+00:00,2026-09-02T09:55:26.773998+00:00,2026-09-02T09:55:26.773998+00:00,2026-09-02 12:50 (Local Time),KANNAVIOU,,,,,1,6,33.8,,34.3,21.6,,1.9,,,,,,,34.0,0.0,,,,,
2026-09-02T09:50:00+00:00,2026-09-02T09:55:26.773998+00:00,2026-09-02T09:55:26.773998+00:00,2026-09-02 12:50 (Local Time),KATHIKAS,,,,,1,6,30.0,,30.8,23.3,,,,,,,,,46.0,0.0,,,,,"{""Accumulated Rainfall (24 hours)"": {""unit"": ""mm"", ""value"": 0.0}}"
2026-09-02T09:50:00+00:00,2026-09-02T09:55:26.773998+00:00,2026-09-02T09:55:26.773998+00:00,2026-09-02 12:50 (Local Time),KEPNIC,,,,,1,1,,,,,,,,,,,,,,0.0,,,,,
2026-09-02T09:50:00+00:00,2026-09-02T09:55:26.773998+00:00,2026-09-02T09:55:26.773998+00:00,2026-09-02 12:50 (Local Time),KILANI,,,,,1,7,29.6,,30.3,18.4,,2.3,,937.0,,,,,40.0,0.0,,,,,
2026-09-02T09:50:00+00:00,2026-09-02T09:55:26.773998+00:00,2026-09-02T09:55:26.773998+00:00,2026-09-02 12:50 (Local Time),KORNOS,,,,,1,3,34.1,,,,,,,,,,,,40.0,0.0,,,,,
2026-09-02T09:50:00+00:00,2026-09-02T09:55:26.773998+00:00,2026-09-02T09:55:26.773998+00:00,2026-09-02 12:50 (Local Time),KOURIS,,,,,1,8,34.5,,34.8,23.2,5.1,1.5,,,213.0,,,,33.0,0.0,,,2.623664,,
2026-09-02T09:50:00+00:00,2026-09-02T09:55:26.773998+00:00,2026-09-02T09:55:26.773998+00:00,2026-09-02 12:50 (Local Time),KPYRGOS,,,,,1,8,31.0,,32.1,23.7,7.4,3.0,,,326.0,,,,63.0,0.0,,,3.806886,,
2026-09-02T09:50:00+00:00,2026-09-02T09:55:26.773998+00:00,2026-09-02T09:55:26.773998+00:00,2026-09-02 12:50 (Local Time),KYPEROUNTA,,,,,1,6,26.8,,27.9,19.2,,1.7,,1014.0,,,,,36.0,,,,,,
2026-09-02T09:50:00+00:00,2026-09-02T09:55:26.773998+00:00,2026-09-02T09:55:26.773998+00:00,2026-09-02 12:50 (Local Time),LCLK,,,,,1,9,33.5,,34.6,21.8,,1.4,,,,,,,48.0,0.0,,,,,"{""Atmospheric Pressure (QNH)"": {""unit"": ""hPa"", ""value"": 1009.9}, ""Wind Direction (10m) at Runway 22"": {""unit"": ""Degrees"", ""value"": 145.0}, ""Wind Speed (10m) at Runway 22"": {""unit"": ""Knots"", ""value"": 3.3}}"
2026-09-02T09:50:00+00:00,2026-09-02T09:55:26.773998+00:00,2026-09-02T09:55:26.773998+00:00,2026-09-02 12:50 (Local Time),LCPH,,,,,1,9,31.2,,32.1,24.3,,1.5,,,,,,,58.0,0.0,,,,,"{""Atmospheric Pressure (QNH)"": {""unit"": ""hPa"", ""value"": 1010.5}, ""Wind Direction (10m) at Runway 29"": {""unit"": ""Degrees"", ""value"": 234.0}, ""Wind Speed (10m) at Runway 29"": {""unit"": ""Knots"", ""value"": 4.3}}"
2026-09-02T09:50:00+00:00,2026-09-02T09:55:26.773998+00:00,2026-09-02T09:55:26.773998+00:00,2026-09-02 12:50 (Local Time),LEFKARA,,,,,1,6,35.7,,37.5,19.3,,1.0,,,,,,,40.0,0.0,,,,,
2026-09-02T09:50:00+00:00,2026-09-02T09:55:26.773998+00:00,2026-09-02T09:55:26.773998+00:00,2026-09-02 12:50 (Local Time),LEFKOSIA,,,,,1,7,35.5,,36.2,20.2,,0.9,,,,,,,30.0,0.0,,,,,"{""Accumulated Rainfall (24 hours)"": {""unit"": ""mm"", ""value"": 0.0}}"
2026-09-02T09:50:00+00:00,2026-09-02T09:55:26.773998+00:00,2026-09-02T09:55:26.773998+00:00,2026-09-02 12:50 (Local Time),LIMASSOL,,,,,1,10,31.6,,32.1,23.5,,3.4,,914.0,,,,,53.0,0.0,1009.2,,,,"{""Wind Direction (10m) at Port Gate"": {""unit"": ""Degrees"", ""value"": 136.0}, ""Wind Speed (10m) at Port Gate"": {""unit"": ""Knots"", ""value"": 8.4}}"
2026-09-02T09:50:00+00:00,2026-09-02T09:55:26.773998+00:00,2026-09-02T09:55:26.773998+00:00,2026-09-02 12:50 (Local Time),LINOU,,,,,1,9,32.6,,33.4,24.7,7.6,3.0,,,336.0,,,,44.0,0.0,964.8,,3.909774,,
2026-09-02T09:50:00+00:00,2026-09-02T09:55:26.773998+00:00,2026-09-02T09:55:26.773998+00:00,2026-09-02 12:50 (Local Time),LYSOS,,,,,1,7,32.6,,33.0,22.1,6.6,,,,307.0,,,,35.0,0.0,,,3.39533,,
2026-09-02T09:50:00+00:00,2026-09-02T09:55:26.773998+00:00,2026-09-02T09:55:26.773998+00:00,2026-09-02 12:50 (Local Time),MALLIA,,,,,1,10,31.9,42.6,33.0,19.1,6.7,1.7,,947.0,217.0,,,,39.0,0.0,,,3.446775,,
2026-09-02T09:50:00+00:00,2026-09-02T09:55:26.773998+00:00,2026-09-02T09:55:26.773998+00:00,2026-09-02 12:50 (Local Time),MAMMARI,,,,,1,10,35.9,,36.6,22.8,,1.7,,914.0,,,,,26.0,0.0,,,,,"{""Atmospheric Pressure (QNH)"": {""unit"": ""hPa"", ""value"": 1011.2}, ""Wind Direction (10m) at Runway 12"": {""unit"": ""Degrees"", ""value"": 60.0}, ""Wind Speed (10m) at Runway 12"": {""unit"": ""Knots"", ""value"": 4.5}}"
2026-09-02T09:50:00+00:00,2026-09-02T09:55:26.773998+00:00,2026-09-02T09:55:26.773998+00:00,2026-09-02 12:50 (Local Time),MATHIATIS,,,,,1,10,34.5,,36.1,22.0,4.7,2.0,695.0,772.0,78.0,,,,29.0,0.0,,,2.417887,,
2026-09-02T09:50:00+00:00,2026-09-02T09:55:26.773998+00:00,2026-09-02T09:55:26.773998+00:00,2026-09-02 12:50 (Local Time),PANAGIA_BRIDGE,,,,,1,6,34.5,47.8,34.8,17.0,,,,,,,,,28.0,0.0,,,,,
2026-09-02T09:50:00+00:00,2026-09-02T09:55:26.773998+00:00,2026-09-02T09:55:26.773998+00:00,2026-09-02 12:50 (Local Time),PAPHOS,,,,,1,8,32.6,,33.7,23.0,3.2,1.4,,,233.0,,,,44.0,0.0,,,1.646221,,
2026-09-02T09:50:00+00:00,2026-09-02T09:55:26.773998+00:00,2026-09-02T09:55:26.773998+00:00,2026-09-02 12:50 (Local Time),PAREKLISIA,,,,,1,7,35.8,,36.1,22.2,2.4,,,,192.0,,,,46.0,0.0,,,1.234666,,
2026-09-02T09:50:00+00:00,2026-09-02T09:55:26.773998+00:00,2026-09-02T09:55:26.773998+00:00,2026-09-02 12:50 (Local Time),PENTAKOMO,,,,,1,8,31.1,,31.3,24.6,6.1,2.4,,,213.0,,,,65.0,0.0,,,3.138108,,
2026-09-02T09:50:00+00:00,2026-09-02T09:55:26.773998+00:00,2026-09-02T09:55:26.773998+00:00,2026-09-02 12:50 (Local Time),PLATANIA,,,,,1,6,28.3,,29.0,18.2,,0.5,,,,,,,37.0,0.0,,,,,
2026-09-02T09:50:00+00:00,2026-09-02T09:55:26.773998+00:00,2026-09-02T09:55:26.773998+00:00,2026-09-02 12:50 (Local Time),POLIS,,,,,1,11,32.2,,33.6,23.4,6.0,2.8,952.0,,352.0,,,,53.0,0.0,1006.9,,3.086664,,"{""Atmospheric Pressure (Mean Sea Level)"": {""unit"": ""hPa"", ""value"": 1009.5}}"
2026-09-02T09:50:00+00:00,2026-09-02T09:55:26.773998+00:00,2026-09-02T09:55:26.773998+00:00,2026-09-02 12:50 (Local Time),POLYSTYPOS,,,,,1,8,29.7,,30.3,20.8,1.6,1.6,,,41.0,,,,28.0,0.0,,,0.82311,,
2026-09-02T09:50:00+00:00,2026-09-02T09:55:26.773998+00:00,2026-09-02T09:55:26.773998+00:00,2026-09-02 12:50 (Local Time),PRODROMOS,,,,,1,9,26.0,,26.8,17.0,5.1,2.0,,916.0,38.0,,,,39.0,0.0,,,2.623664,,
2026-09-02T09:50:00+00:00,2026-09-02T09:55:26.773998+00:00,2026-09-02T09:55:26.773998+00:00,2026-09-02 12:50 (Local Time),PYRGOS,,,,,1,5,32.6,,,,2.5,,,,34.3,,,,43.0,0.0,,,1.28611,,
2026-09-02T09:50:00+00:00,2026-09-02T09:55:26.773998+00:00,2026-09-02T09:55:26.773998+00:00,2026-09-02 12:50 (Local Time),SAITTAS,,,,,1,5,33.3,,33.4,19.1,,,,,,,,,38.0,0.0,,,,,
2026-09-02T09:50:00+00:00,2026-09-02T09:55:26.773998+00:00,2026-09-02T09:55:26.773998+00:00,2026-09-02 12:50 (Local Time),TAMASOS,,,,,1,9,34.2,47.1,34.5,22.2,2.5,0.6,,,338.0,,,,26.0,0.0,,,1.28611,,
2026-09-02T09:50:00+00:00,2026-09-02T09:55:26.773998+00:00,2026-09-02T09:55:26.773998+00:00,2026-09-02 12:50 (Local Time),TEPAK,,,,,1,9,31.9,,32.2,23.6,3.5,1.3,,,161.0,,,,46.0,0.0,,,1.800554,,"{""Accumulated Rainfall (24 hours)"": {""unit"": ""mm"", ""value"": 0.0}}"
2026-09-02T09:50:00+00:00,2026-09-02T09:55:26.773998+00:00,2026-09-02T09:55:26.773998+00:00,2026-09-02 12:50 (Local Time),TRIPILOS,,,,,1,7,29.7,,30.1,19.6,2.9,,,,235.0,,,,39.0,0.0,,,1.491888,,
2026-09-02T09:50:00+00:00,2026-09-02T09:55:26.773998+00:00,2026-09-02T09:55:26.773998+00:00,2026-09-02 12:50 (Local Time),TROODOS,,,,,1,9,24.9,,26.0,16.2,2.4,1.1,,,93.0,,,,37.0,0.0,829.2,,1.234666,,
2026-09-02T09:50:00+00:00,2026-09-02T09:55:26.773998+00:00,2026-09-02T09:55:26.773998+00:00,2026-09-02 12:50 (Local Time),VISITOR,,,,,1,7,36.4,,36.8,20.0,0.0,,,,132.0,,,,27.0,0.0,,,0.0,,
2026-09-02T09:50:00+00:00,2026-09-02T09:55:26.773998+00:00,2026-09-02T09:55:26.773998+00:00,2026-09-02 12:50 (Local Time),XYLIATOS,,,,,1,8,33.1,,33.8,23.5,2.7,,,941.0,321.0,,,,33.0,0.0,,,1.388999,,
2026-09-02T09:50:00+00:00,2026-09-02T09:55:26.773998+00:00,2026-09-02T09:55:26.773998+00:00,2026-09-02 12:50 (Local Time),XYLOPHAGOU,,,,,1,9,33.1,43.0,33.4,22.3,6.5,1.9,,,181.0,,,,58.0,0.0,,,3.343886,,
2026-09-02T09:50:00+00:00,2026-09-02T09:55:26.773998+00:00,2026-09-02T09:55:26.773998+00:00,2026-09-02 12:50 (Local Time),ZYGI,,,,,1,9,32.7,43.5,33.2,21.1,4.1,1.7,,,208.0,,,,51.0,0.0,,,2.10922,,
2026-09-02T13:50:00+00:00,2026-09-02T13:57:56.283149+00:00,2026-09-02T13:57:56.283149+00:00,2026-09-02 16:50 (Local Time),ACHNA,,,,,1,8,32.2,,35.2,21.4,5.8,1.9,,,177.0,,,,44.0,0.0,,,2.983775,,
2026-09-02T13:50:00+00:00,2026-09-02T13:57:56.283149+00:00,2026-09-02T13:57:56.283149+00:00,2026-09-02 16:50 (Local Time),AGROS,,,,,1,10,28.4,,32.1,21.0,4.2,1.6,248.0,314.0,154.0,,,,45.0,0.0,,,2.160665,,
2026-09-02T13:50:00+00:00,2026-09-02T13:57:56.283149+00:00,2026-09-02T13:57:56.283149+00:00,2026-09-02 16:50 (Local Time),AKAMAS,,,,,1,7,29.5,,31.3,23.1,9.4,,,,220.0,,,,62.0,0.0,,,4.835774,,
2026-09-02T13:50:00+00:00,2026-09-02T13:57:56.283149+00:00,2026-09-02T13:57:56.283149+00:00,2026-09-02 16:50 (Local Time),ALONOUDI,,,,,1,5,32.9,,35.0,17.6,,,,,,,,,39.0,0.0,,,,,
2026-09-02T13:50:00+00:00,2026-09-02T13:57:56.283149+00:00,2026-09-02T13:57:56.283149+00:00,2026-09-02 16:50 (Local Time),AMARGETI,,,,,1,9,33.6,,34.9,23.1,5.9,2.0,,,267.0,,,,34.0,0.0,959.4,,3.03522,,
2026-09-02T13:50:00+00:00,2026-09-02T13:57:56.283149+00:00,2026-09-02T13:57:56.283149+00:00,2026-09-02 16:50 (Local Time),ASTROMERITIS,,,,,1,6,30.7,,,,8.0,3.3,,,300.0,,,,54.0,0.0,,,4.115552,,
2026-09-02T13:50:00+00:00,2026-09-02T13:57:56.283149+00:00,2026-09-02T13:57:56.283149+00:00,2026-09-02 16:50 (Local Time),ATHALASSA,,,,,1,11,36.7,40.8,38.7,20.2,4.2,1.8,,,124.0,,,,30.0,0.0,990.0,,2.160665,,"{""Atmospheric Pressure (Mean Sea Level)"": {""unit"": ""hPa"", ""value"": 1007.8}}"
2026-09-02T13:50:00+00:00,2026-09-02T13:57:56.283149+00:00,2026-09-02T13:57:56.283149+00:00,2026-09-02 16:50 (Local Time),ATHIENOU,,,,,1,9,34.7,42.1,37.5,22.8,8.2,3.0,,,124.0,,,,34.0,0.0,,,4.218441,,
2026-09-02T13:50:00+00:00,2026-09-02T13:57:56.283149+00:00,2026-09-02T13:57:56.283149+00:00,2026-09-02 16:50 (Local Time),AVDIMOU,,,,,1,11,34.5,43.6,35.0,20.2,2.8,1.2,866.0,444.0,209.0,,,,34.0,0.0,,,1.440443,,
2026-09-02T13:50:00+00:00,2026-09-02T13:57:56.283149+00:00,2026-09-02T13:57:56.283149+00:00,2026-09-02 16:50 (Local Time),CAVO_GRECO,,,,,1,9,30.9,,33.1,23.0,8.3,3.2,,,220.0,,,,65.0,0.0,1002.0,,4.269885,,
2026-09-02T13:50:00+00:00,2026-09-02T13:57:56.283149+00:00,2026-09-02T13:57:56.283149+00:00,2026-09-02 16:50 (Local Time),CHROMIO,,,,,1,9,20.9,,24.7,14.8,5.4,1.1,,,69.0,,,,64.0,0.0,,,2.777998,,"{""Snow Depth"": {""unit"": ""cm"", ""value"": 0.0}}"
2026-09-02T13:50:00+00:00,2026-09-02T13:57:56.283149+00:00,2026-09-02T13:57:56.283149+00:00,2026-09-02 16:50 (Local Time),CYTASAT,,,,,1,10,33.2,,34.7,19.8,3.4,1.7,,,196.0,,,,41.0,0.0,983.7,,1.74911,,"{""Atmospheric Pressure (Mean Sea Level)"": {""unit"": ""hPa"", ""value"": 1009.2}}"
2026-09-02T13:50:00+00:00,2026-09-02T13:57:56.283149+00:00,2026-09-02T13:57:56.283149+00:00,2026-09-02 16:50 (Local Time),EPTAGONEIA,,,,,1,8,31.4,,33.1,18.5,6.4,2.1,,,250.0,,,,40.0,0.0,,,3.292442,,
2026-09-02T13:50:00+00:00,2026-09-02T13:57:56.283149+00:00,2026-09-02T13:57:56.283149+00:00,2026-09-02 16:50 (Local Time),FANEROMENI,,,,,1,4,33.7,,,,,,,,,,,,51.0,0.0,,,,,"{""Rain Intensity (10 min.)"": {""unit"": ""mm/min"", ""value"": 0.0}}"
2026-09-02T13:50:00+00:00,2026-09-02T13:57:56.283149+00:00,2026-09-02T13:57:56.283149+00:00,2026-09-02 16:50 (Local Time),FARMAKAS,,,,,1,10,29.7,,35.5,19.0,4.9,3.1,791.0,488.0,219.0,,,,44.0,0.0,,,2.520776,,
2026-09-02T13:50:00+00:00,2026-09-02T13:57:56.283149+00:00,2026-09-02T13:57:56.283149+00:00,2026-09-02 16:50 (Local Time),FRENAROS,,,,,1,11,32.9,36.1,35.3,22.8,8.4,3.4,,420.0,178.0,,,,49.0,0.0,998.9,,4.32133,,
2026-09-02T13:50:00+00:00,2026-09-02T13:57:56.283149+00:00,2026-09-02T13:57:56.283149+00:00,2026-09-02 16:50 (Local Time),KALAVASOS,,,,,1,5,35.2,,37.9,21.4,,,,,,,,,41.0,0.0,,,,,
2026-09-02T13:50:00+00:00,2026-09-02T13:57:56.283149+00:00,2026-09-02T13:57:56.283149+00:00,2026-09-02 16:50 (Local Time),KALOPANAYIOTIS,,,,,1,9,32.3,,34.7,19.6,4.9,0.9,,412.0,315.0,,,,39.0,0.0,,,2.520776,,
2026-09-02T13:50:00+00:00,2026-09-02T13:57:56.283149+00:00,2026-09-02T13:57:56.283149+00:00,2026-09-02 16:50 (Local Time),KAMPOS,,,,,1,11,30.4,36.2,36.6,24.7,0.9,1.0,62.0,514.0,127.0,,,,43.0,0.0,,,0.463,,
2026-09-02T13:50:00+00:00,2026-09-02T13:57:56.283149+00:00,2026-09-02T13:57:56.283149+00:00,2026-09-02 16:50 (Local Time),KANNAVIOU,,,,,1,6,33.2,,34.7,21.6,,3.6,,,,,,,38.0,0.0,,,,,
2026-09-02T13:50:00+00:00,2026-09-02T13:57:56.283149+00:00,2026-09-02T13:57:56.283149+00:00,2026-09-02 16:50 (Local Time),KATHIKAS,,,,,1,6,31.8,,32.0,23.3,,,,,,,,,35.0,0.0,,,,,"{""Accumulated Rainfall (24 hours)"": {""unit"": ""mm"", ""value"": 0.0}}"
2026-09-02T13:50:00+00:00,2026-09-02T13:57:56.283149+00:00,2026-09-02T13:57:56.283149+00:00,2026-09-02 16:50 (Local Time),KEPNIC,,,,,1,1,,,,,,,,,,,,,,0.0,,,,,
2026-09-02T13:50:00+00:00,2026-09-02T13:57:56.283149+00:00,2026-09-02T13:57:56.283149+00:00,2026-09-02 16:50 (Local Time),KILANI,,,,,1,7,28.5,,30.6,18.4,,2.2,,458.0,,,,,44.0,0.0,,,,,
2026-09-02T13:50:00+00:00,2026-09-02T13:57:56.283149+00:00,2026-09-02T13:57:56.283149+00:00,2026-09-02 16:50 (Local Time),KORNOS,,,,,1,3,33.4,,,,,,,,,,,,38.0,0.0,,,,,
2026-09-02T13:50:00+00:00,2026-09-02T13:57:56.283149+00:00,2026-09-02T13:57:56.283149+00:00,2026-09-02 16:50 (Local Time),KOURIS,,,,,1,8,34.3,,36.0,23.2,6.6,1.5,,,210.0,,,,36.0,0.0,,,3.39533,,
2026-09-02T13:50:00+00:00,2026-09-02T13:57:56.283149+00:00,2026-09-02T13:57:56.283149+00:00,2026-09-02 16:50 (Local Time),KPYRGOS,,,,,1,8,31.6,,32.4,23.7,5.5,2.0,,,321.0,,,,66.0,0.0,,,2.829442,,
2026-09-02T13:50:00+00:00,2026-09-02T13:57:56.283149+00:00,2026-09-02T13:57:56.283149+00:00,2026-09-02 16:50 (Local Time),KYPEROUNTA,,,,,1,6,25.2,,28.9,19.2,,1.3,,143.0,,,,,53.0,,,,,,
2026-09-02T13:50:00+00:00,2026-09-02T13:57:56.283149+00:00,2026-09-02T13:57:56.283149+00:00,2026-09-02 16:50 (Local Time),LCLK,,,,,1,9,32.6,,34.6,21.8,,3.5,,,,,,,55.0,0.0,,,,,"{""Atmospheric Pressure (QNH)"": {""unit"": ""hPa"", ""value"": 1008.6}, ""Wind Direction (10m) at Runway 22"": {""unit"": ""Degrees"", ""value"": 204.0}, ""Wind Speed (10m) at Runway 22"": {""unit"": ""Knots"", ""value"": 9.3}}"
2026-09-02T13:50:00+00:00,2026-09-02T13:57:56.283149+00:00,2026-09-02T13:57:56.283149+00:00,2026-09-02 16:50 (Local Time),LCPH,,,,,1,9,30.6,,32.1,24.3,,4.3,,,,,,,70.0,0.0,,,,,"{""Atmospheric Pressure (QNH)"": {""unit"": ""hPa"", ""value"": 1009.2}, ""Wind Direction (10m) at Runway 29"": {""unit"": ""Degrees"", ""value"": 274.0}, ""Wind Speed (10m) at Runway 29"": {""unit"": ""Knots"", ""value"": 10.9}}"
2026-09-02T13:50:00+00:00,2026-09-02T13:57:56.283149+00:00,2026-09-02T13:57:56.283149+00:00,2026-09-02 16:50 (Local Time),LEFKARA,,,,,1,6,34.0,,37.5,19.3,,0.6,,,,,,,38.0,0.0,,,,,
2026-09-02T13:50:00+00:00,2026-09-02T13:57:56.283149+00:00,2026-09-02T13:57:56.283149+00:00,2026-09-02 16:50 (Local Time),LEFKOSIA,,,,,1,7,33.9,,38.1,20.2,,0.7,,,,,,,37.0,0.0,,,,,"{""Accumulated Rainfall (24 hours)"": {""unit"": ""mm"", ""value"": 0.0}}"
2026-09-02T13:50:00+00:00,2026-09-02T13:57:56.283149+00:00,2026-09-02T13:57:56.283149+00:00,2026-09-02 16:50 (Local Time),LIMASSOL,,,,,1,10,32.9,,34.4,23.5,,2.5,,432.0,,,,,46.0,0.0,1008.1,,,,"{""Wind Direction (10m) at Port Gate"": {""unit"": ""Degrees"", ""value"": 244.0}, ""Wind Speed (10m) at Port Gate"": {""unit"": ""Knots"", ""value"": 6.9}}"
2026-09-02T13:50:00+00:00,2026-09-02T13:57:56.283149+00:00,2026-09-02T13:57:56.283149+00:00,2026-09-02 16:50 (Local Time),LINOU,,,,,1,9,31.9,,33.4,24.7,6.5,2.3,,,329.0,,,,53.0,0.0,963.7,,3.343886,,
2026-09-02T13:50:00+00:00,2026-09-02T13:57:56.283149+00:00,2026-09-02T13:57:56.283149+00:00,2026-09-02 16:50 (Local Time),LYSOS,,,,,1,7,32.0,,34.7,22.1,5.1,,,,291.0,,,,37.0,0.0,,,2.623664,,
2026-09-02T13:50:00+00:00,2026-09-02T13:57:56.283149+00:00,2026-09-02T13:57:56.283149+00:00,2026-09-02 16:50 (Local Time),MALLIA,,,,,1,10,32.9,36.2,34.0,19.1,7.2,1.2,,453.0,258.0,,,,39.0,0.0,,,3.703997,,
2026-09-02T13:50:00+00:00,2026-09-02T13:57:56.283149+00:00,2026-09-02T13:57:56.283149+00:00,2026-09-02 16:50 (Local Time),MAMMARI,,,,,1,10,32.6,,38.1,22.8,,5.3,,429.0,,,,,57.0,0.0,,,,,"{""Atmospheric Pressure (QNH)"": {""unit"": ""hPa"", ""value"": 1009.8}, ""Wind Direction (10m) at Runway 12"": {""unit"": ""Degrees"", ""value"": 261.0}, ""Wind Speed (10m) at Runway 12"": {""unit"": ""Knots"", ""value"": 11.9}}"
2026-09-02T13:50:00+00:00,2026-09-02T13:57:56.283149+00:00,2026-09-02T13:57:56.283149+00:00,2026-09-02 16:50 (Local Time),MATHIATIS,,,,,1,10,31.8,,36.1,22.0,6.2,2.3,687.0,453.0,158.0,,,,44.0,0.0,,,3.189553,,
2026-09-02T13:50:00+00:00,2026-09-02T13:57:56.283149+00:00,2026-09-02T13:57:56.283149+00:00,2026-09-02 16:50 (Local Time),PANAGIA_BRIDGE,,,,,1,6,31.7,35.4,35.0,17.0,,,,,,,,,49.0,0.0,,,,,
2026-09-02T13:50:00+00:00,2026-09-02T13:57:56.283149+00:00,2026-09-02T13:57:56.283149+00:00,2026-09-02 16:50 (Local Time),PAPHOS,,,,,1,8,31.4,,33.7,23.0,3.3,1.5,,,281.0,,,,60.0,0.0,,,1.697665,,
2026-09-02T13:50:00+00:00,2026-09-02T13:57:56.283149+00:00,2026-09-02T13:57:56.283149+00:00,2026-09-02 16:50 (Local Time),PAREKLISIA,,,,,1,7,32.1,,36.7,22.2,1.6,,,,200.0,,,,48.0,0.0,,,0.82311,,
2026-09-02T13:50:00+00:00,2026-09-02T13:57:56.283149+00:00,2026-09-02T13:57:56.283149+00:00,2026-09-02 16:50 (Local Time),PENTAKOMO,,,,,1,8,31.3,,32.3,24.6,7.5,3.1,,,216.0,,,,61.0,0.0,,,3.85833,,
2026-09-02T13:50:00+00:00,2026-09-02T13:57:56.283149+00:00,2026-09-02T13:57:56.283149+00:00,2026-09-02 16:50 (Local Time),PLATANIA,,,,,1,6,26.2,,29.0,18.2,,0.2,,,,,,,52.0,0.0,,,,,
2026-09-02T13:50:00+00:00,2026-09-02T13:57:56.283149+00:00,2026-09-02T13:57:56.283149+00:00,2026-09-02 16:50 (Local Time),POLIS,,,,,1,11,33.7,,34.2,23.4,5.2,2.3,924.0,,271.0,,,,40.0,0.0,1005.4,,2.675109,,"{""Atmospheric Pressure (Mean Sea Level)"": {""unit"": ""hPa"", ""value"": 1008.0}}"
2026-09-02T13:50:00+00:00,2026-09-02T13:57:56.283149+00:00,2026-09-02T13:57:56.283149+00:00,2026-09-02 16:50 (Local Time),POLYSTYPOS,,,,,1,8,26.6,,30.6,20.8,1.9,0.7,,,38.0,,,,46.0,0.0,,,0.977444,,
2026-09-02T13:50:00+00:00,2026-09-02T13:57:56.283149+00:00,2026-09-02T13:57:56.283149+00:00,2026-09-02 16:50 (Local Time),PRODROMOS,,,,,1,9,24.4,,26.8,17.0,2.7,1.1,,418.0,9.0,,,,52.0,0.0,,,1.388999,,
2026-09-02T13:50:00+00:00,2026-09-02T13:57:56.283149+00:00,2026-09-02T13:57:56.283149+00:00,,PYRGOS,,,,,0,0,,,,,,,,,,,,,,,,,,,
2026-09-02T13:50:00+00:00,2026-09-02T13:57:56.283149+00:00,2026-09-02T13:57:56.283149+00:00,2026-09-02 16:50 (Local Time),SAITTAS,,,,,1,5,33.0,,34.3,19.1,,,,,,,,,38.0,0.0,,,,,
2026-09-02T13:50:00+00:00,2026-09-02T13:57:56.283149+00:00,2026-09-02T13:57:56.283149+00:00,2026-09-02 16:50 (Local Time),TAMASOS,,,,,1,9,32.6,38.7,35.8,22.2,6.8,1.3,,,316.0,,,,48.0,0.0,,,3.498219,,
2026-09-02T13:50:00+00:00,2026-09-02T13:57:56.283149+00:00,2026-09-02T13:57:56.283149+00:00,2026-09-02 16:50 (Local Time),TEPAK,,,,,1,9,32.1,,36.0,23.6,3.7,1.3,,,231.0,,,,43.0,0.0,,,1.903443,,"{""Accumulated Rainfall (24 hours)"": {""unit"": ""mm"", ""value"": 0.0}}"
2026-09-02T13:50:00+00:00,2026-09-02T13:57:56.283149+00:00,2026-09-02T13:57:56.283149+00:00,2026-09-02 16:50 (Local Time),TRIPILOS,,,,,1,7,29.7,,31.2,19.6,1.7,,,,213.0,,,,44.0,0.0,,,0.874555,,
2026-09-02T13:50:00+00:00,2026-09-02T13:57:56.283149+00:00,2026-09-02T13:57:56.283149+00:00,2026-09-02 16:50 (Local Time),TROODOS,,,,,1,9,22.0,,26.0,16.2,4.6,1.5,,,8.0,,,,60.0,0.0,828.5,,2.366442,,
2026-09-02T13:50:00+00:00,2026-09-02T13:57:56.283149+00:00,2026-09-02T13:57:56.283149+00:00,2026-09-02 16:50 (Local Time),VISITOR,,,,,1,7,36.3,,38.1,20.0,5.1,,,,120.0,,,,32.0,0.0,,,2.623664,,
2026-09-02T13:50:00+00:00,2026-09-02T13:57:56.283149+00:00,2026-09-02T13:57:56.283149+00:00,2026-09-02 16:50 (Local Time),XYLIATOS,,,,,1,8,30.2,,33.8,23.5,4.1,,,362.0,327.0,,,,52.0,0.0,,,2.10922,,
2026-09-02T13:50:00+00:00,2026-09-02T13:57:56.283149+00:00,2026-09-02T13:57:56.283149+00:00,2026-09-02 16:50 (Local Time),XYLOPHAGOU,,,,,1,9,31.1,38.0,34.8,22.3,8.6,3.3,,,209.0,,,,65.0,0.0,,,4.424218,,
2026-09-02T13:50:00+00:00,2026-09-02T13:57:56.283149+00:00,2026-09-02T13:57:56.283149+00:00,2026-09-02 16:50 (Local Time),ZYGI,,,,,1,9,31.7,36.1,33.8,21.1,5.1,2.1,,,203.0,,,,49.0,0.0,,,2.623664,,
2026-09-02T17:50:00+00:00,2026-09-02T17:50:45.979036+00:00,2026-09-02T17:50:45.979036+00:00,2026-09-02 20:40 (Local Time),ACHNA,,,,,1,8,27.1,,35.2,21.4,0.9,0.4,,,229.0,,,,76.0,0.0,,,0.463,,
2026-09-02T17:50:00+00:00,2026-09-02T17:50:45.979036+00:00,2026-09-02T17:50:45.979036+00:00,2026-09-02 20:40 (Local Time),AGROS,,,,,1,10,22.7,,32.1,21.0,4.9,1.6,4.0,0.0,336.0,,,,67.0,0.0,,,2.520776,,
2026-09-02T17:50:00+00:00,2026-09-02T17:50:45.979036+00:00,2026-09-02T17:50:45.979036+00:00,2026-09-02 20:40 (Local Time),AKAMAS,,,,,1,7,23.9,,31.3,23.1,2.4,,,,297.0,,,,90.0,0.0,,,1.234666,,
2026-09-02T17:50:00+00:00,2026-09-02T17:50:45.979036+00:00,2026-09-02T17:50:45.979036+00:00,,ALONOUDI,,,,,0,0,,,,,,,,,,,,,,,,,,,
2026-09-02T17:50:00+00:00,2026-09-02T17:50:45.979036+00:00,2026-09-02T17:50:45.979036+00:00,2026-09-02 20:40 (Local Time),AMARGETI,,,,,1,9,25.7,,34.9,23.1,5.5,2.0,,,308.0,,,,63.0,0.0,959.5,,2.829442,,
2026-09-02T17:50:00+00:00,2026-09-02T17:50:45.979036+00:00,2026-09-02T17:50:45.979036+00:00,2026-09-02 20:40 (Local Time),ASTROMERITIS,,,,,1,6,25.5,,,,3.6,0.9,,,266.0,,,,84.0,0.0,,,1.851998,,
2026-09-02T17:50:00+00:00,2026-09-02T17:50:45.979036+00:00,2026-09-02T17:50:45.979036+00:00,2026-09-02 20:40 (Local Time),ATHALASSA,,,,,1,11,28.1,26.0,38.7,20.2,7.6,3.2,,,269.0,,,,62.0,0.0,990.9,,3.909774,,"{""Atmospheric Pressure (Mean Sea Level)"": {""unit"": ""hPa"", ""value"": 1009.2}}"
2026-09-02T17:50:00+00:00,2026-09-02T17:50:45.979036+00:00,2026-09-02T17:50:45.979036+00:00,2026-09-02 20:40 (Local Time),ATHIENOU,,,,,1,9,27.5,26.6,37.5,22.8,7.0,1.7,,,264.0,,,,63.0,0.0,,,3.601108,,
2026-09-02T17:50:00+00:00,2026-09-02T17:50:45.979036+00:00,2026-09-02T17:50:45.979036+00:00,2026-09-02 20:40 (Local Time),AVDIMOU,,,,,1,11,27.3,24.6,35.0,20.2,0.0,0.1,3.0,3.0,304.0,,,,68.0,0.0,,,0.0,,
2026-09-02T17:50:00+00:00,2026-09-02T17:50:45.979036+00:00,2026-09-02T17:50:45.979036+00:00,2026-09-02 20:40 (Local Time),CAVO_GRECO,,,,,1,9,26.4,,33.1,23.0,7.5,2.3,,,263.0,,,,79.0,0.0,1001.5,,3.85833,,
2026-09-02T17:50:00+00:00,2026-09-02T17:50:45.979036+00:00,2026-09-02T17:50:45.979036+00:00,2026-09-02 20:40 (Local Time),CHROMIO,,,,,1,9,17.8,,24.7,14.8,13.3,2.2,,,78.0,,,,56.0,0.0,,,6.842105,,"{""Snow Depth"": {""unit"": ""cm"", ""value"": 0.0}}"
2026-09-02T17:50:00+00:00,2026-09-02T17:50:45.979036+00:00,2026-09-02T17:50:45.979036+00:00,2026-09-02 20:40 (Local Time),CYTASAT,,,,,1,10,25.2,,34.7,19.8,0.7,0.4,,,100.0,,,,62.0,0.0,983.7,,0.360111,,"{""Atmospheric Pressure (Mean Sea Level)"": {""unit"": ""hPa"", ""value"": 1009.9}}"
2026-09-02T17:50:00+00:00,2026-09-02T17:50:45.979036+00:00,2026-09-02T17:50:45.979036+00:00,2026-09-02 20:40 (Local Time),EPTAGONEIA,,,,,1,8,23.6,,33.1,18.5,1.7,0.1,,,302.0,,,,60.0,0.0,,,0.874555,,
2026-09-02T17:50:00+00:00,2026-09-02T17:50:45.979036+00:00,2026-09-02T17:50:45.979036+00:00,2026-09-02 20:40 (Local Time),FANEROMENI,,,,,1,4,28.8,,,,,,,,,,,,62.0,0.0,,,,,"{""Rain Intensity (10 min.)"": {""unit"": ""mm/min"", ""value"": 0.0}}"
2026-09-02T17:50:00+00:00,2026-09-02T17:50:45.979036+00:00,2026-09-02T17:50:45.979036+00:00,2026-09-02 20:40 (Local Time),FARMAKAS,,,,,1,10,22.4,,35.5,19.0,1.8,1.2,2.0,0.0,155.0,,,,73.0,0.0,,,0.925999,,
2026-09-02T17:50:00+00:00,2026-09-02T17:50:45.979036+00:00,2026-09-02T17:50:45.979036+00:00,2026-09-02 20:40 (Local Time),FRENAROS,,,,,1,11,27.5,26.2,35.3,22.8,4.1,1.5,,0.0,207.0,,,,77.0,0.0,998.8,,2.10922,,
2026-09-02T17:50:00+00:00,2026-09-02T17:50:45.979036+00:00,2026-09-02T17:50:45.979036+00:00,2026-09-02 20:40 (Local Time),KALAVASOS,,,,,1,5,26.8,,37.9,21.4,,,,,,,,,61.0,0.0,,,,,
2026-09-02T17:50:00+00:00,2026-09-02T17:50:45.979036+00:00,2026-09-02T17:50:45.979036+00:00,2026-09-02 20:40 (Local Time),KALOPANAYIOTIS,,,,,1,9,22.5,,34.7,19.6,4.4,0.4,,0.0,178.0,,,,77.0,0.0,,,2.263554,,
2026-09-02T17:50:00+00:00,2026-09-02T17:50:45.979036+00:00,2026-09-02T17:50:45.979036+00:00,2026-09-02 20:40 (Local Time),KAMPOS,,,,,1,11,24.7,24.6,36.6,24.3,2.0,0.2,4.0,0.0,321.0,,,,74.0,0.0,,,1.028888,,
2026-09-02T17:50:00+00:00,2026-09-02T17:50:45.979036+00:00,2026-09-02T17:50:45.979036+00:00,2026-09-02 20:40 (Local Time),KANNAVIOU,,,,,1,6,26.9,,34.7,21.6,,2.1,,,,,,,58.0,0.0,,,,,
2026-09-02T17:50:00+00:00,2026-09-02T17:50:45.979036+00:00,2026-09-02T17:50:45.979036+00:00,2026-09-02 20:40 (Local Time),KATHIKAS,,,,,1,6,24.6,,32.0,23.3,,,,,,,,,60.0,0.0,,,,,"{""Accumulated Rainfall (24 hours)"": {""unit"": ""mm"", ""value"": 0.0}}"
2026-09-02T17:50:00+00:00,2026-09-02T17:50:45.979036+00:00,2026-09-02T17:50:45.979036+00:00,2026-09-02 20:40 (Local Time),KEPNIC,,,,,1,1,,,,,,,,,,,,,,0.0,,,,,
2026-09-02T17:50:00+00:00,2026-09-02T17:50:45.979036+00:00,2026-09-02T17:50:45.979036+00:00,2026-09-02 20:40 (Local Time),KILANI,,,,,1,7,22.6,,30.6,18.4,,0.8,,1.0,,,,,64.0,0.0,,,,,
2026-09-02T17:50:00+00:00,2026-09-02T17:50:45.979036+00:00,2026-09-02T17:50:45.979036+00:00,2026-09-02 20:40 (Local Time),KORNOS,,,,,1,3,26.0,,,,,,,,,,,,62.0,0.0,,,,,
2026-09-02T17:50:00+00:00,2026-09-02T17:50:45.979036+00:00,2026-09-02T17:50:45.979036+00:00,2026-09-02 20:40 (Local Time),KOURIS,,,,,1,8,27.0,,36.0,23.2,3.1,1.1,,,0.0,,,,78.0,0.0,,,1.594776,,
2026-09-02T17:50:00+00:00,2026-09-02T17:50:45.979036+00:00,2026-09-02T17:50:45.979036+00:00,2026-09-02 20:40 (Local Time),KPYRGOS,,,,,1,8,25.9,,32.4,23.7,2.4,0.2,,,150.0,,,,80.0,0.0,,,1.234666,,
2026-09-02T17:50:00+00:00,2026-09-02T17:50:45.979036+00:00,2026-09-02T17:50:45.979036+00:00,2026-09-02 20:40 (Local Time),KYPEROUNTA,,,,,1,6,22.6,,28.9,19.2,,1.8,,0.0,,,,,50.0,,,,,,
2026-09-02T17:50:00+00:00,2026-09-02T17:50:45.979036+00:00,2026-09-02T17:50:45.979036+00:00,2026-09-02 20:40 (Local Time),LCLK,,,,,1,9,29.0,,34.6,21.8,,0.9,,,,,,,60.0,0.0,,,,,"{""Atmospheric Pressure (QNH)"": {""unit"": ""hPa"", ""value"": 1008.4}, ""Wind Direction (10m) at Runway 22"": {""unit"": ""Degrees"", ""value"": 235.0}, ""Wind Speed (10m) at Runway 22"": {""unit"": ""Knots"", ""value"": 3.9}}"
2026-09-02T17:50:00+00:00,2026-09-02T17:50:45.979036+00:00,2026-09-02T17:50:45.979036+00:00,2026-09-02 20:40 (Local Time),LCPH,,,,,1,9,28.4,,32.1,24.3,,2.6,,,,,,,79.0,0.0,,,,,"{""Atmospheric Pressure (QNH)"": {""unit"": ""hPa"", ""value"": 1009.2}, ""Wind Direction (10m) at Runway 29"": {""unit"": ""Degrees"", ""value"": 290.0}, ""Wind Speed (10m) at Runway 29"": {""unit"": ""Knots"", ""value"": 7.6}}"
2026-09-02T17:50:00+00:00,2026-09-02T17:50:45.979036+00:00,2026-09-02T17:50:45.979036+00:00,2026-09-02 20:40 (Local Time),LEFKARA,,,,,1,6,26.2,,37.5,19.3,,2.0,,,,,,,62.0,0.0,,,,,
2026-09-02T17:50:00+00:00,2026-09-02T17:50:45.979036+00:00,2026-09-02T17:50:45.979036+00:00,2026-09-02 20:40 (Local Time),LEFKOSIA,,,,,1,7,26.2,,38.1,20.2,,1.0,,,,,,,73.0,0.0,,,,,"{""Accumulated Rainfall (24 hours)"": {""unit"": ""mm"", ""value"": 0.0}}"
2026-09-02T17:50:00+00:00,2026-09-02T17:50:45.979036+00:00,2026-09-02T17:50:45.979036+00:00,2026-09-02 20:40 (Local Time),LIMASSOL,,,,,1,10,27.0,,34.4,23.5,,1.7,,1.0,,,,,79.0,0.0,1007.9,,,,"{""Wind Direction (10m) at Port Gate"": {""unit"": ""Degrees"", ""value"": 270.0}, ""Wind Speed (10m) at Port Gate"": {""unit"": ""Knots"", ""value"": 4.7}}"
2026-09-02T17:50:00+00:00,2026-09-02T17:50:45.979036+00:00,2026-09-02T17:50:45.979036+00:00,2026-09-02 20:40 (Local Time),LINOU,,,,,1,9,24.5,,33.4,24.4,4.6,1.8,,,128.0,,,,87.0,0.0,964.0,,2.366442,,
2026-09-02T17:50:00+00:00,2026-09-02T17:50:45.979036+00:00,2026-09-02T17:50:45.979036+00:00,2026-09-02 20:40 (Local Time),LYSOS,,,,,1,7,22.0,,34.7,21.5,3.9,,,,36.0,,,,58.0,0.0,,,2.006332,,
2026-09-02T17:50:00+00:00,2026-09-02T17:50:45.979036+00:00,2026-09-02T17:50:45.979036+00:00,2026-09-02 20:40 (Local Time),MALLIA,,,,,1,10,23.6,21.4,34.0,19.1,2.4,0.6,,11.0,16.0,,,,63.0,0.0,,,1.234666,,
2026-09-02T17:50:00+00:00,2026-09-02T17:50:45.979036+00:00,2026-09-02T17:50:45.979036+00:00,2026-09-02 20:40 (Local Time),MAMMARI,,,,,1,10,26.7,,38.1,22.8,,3.7,,4.0,,,,,80.0,0.0,,,,,"{""Atmospheric Pressure (QNH)"": {""unit"": ""hPa"", ""value"": 1010.7}, ""Wind Direction (10m) at Runway 12"": {""unit"": ""Degrees"", ""value"": 254.0}, ""Wind Speed (10m) at Runway 12"": {""unit"": ""Knots"", ""value"": 9.2}}"
2026-09-02T17:50:00+00:00,2026-09-02T17:50:45.979036+00:00,2026-09-02T17:50:45.979036+00:00,2026-09-02 20:40 (Local Time),MATHIATIS,,,,,1,10,24.2,,36.1,22.0,2.7,0.5,4.0,0.0,299.0,,,,75.0,0.0,,,1.388999,,
2026-09-02T17:50:00+00:00,2026-09-02T17:50:45.979036+00:00,2026-09-02T17:50:45.979036+00:00,2026-09-02 20:40 (Local Time),PANAGIA_BRIDGE,,,,,1,6,24.0,24.7,35.0,17.0,,,,,,,,,85.0,0.0,,,,,
2026-09-02T17:50:00+00:00,2026-09-02T17:50:45.979036+00:00,2026-09-02T17:50:45.979036+00:00,2026-09-02 20:40 (Local Time),PAPHOS,,,,,1,8,26.5,,33.7,23.0,3.3,1.7,,,319.0,,,,82.0,0.0,,,1.697665,,
2026-09-02T17:50:00+00:00,2026-09-02T17:50:45.979036+00:00,2026-09-02T17:50:45.979036+00:00,2026-09-02 20:40 (Local Time),PAREKLISIA,,,,,1,7,27.0,,36.7,22.2,0.0,,,,22.0,,,,61.0,0.0,,,0.0,,
2026-09-02T17:50:00+00:00,2026-09-02T17:50:45.979036+00:00,2026-09-02T17:50:45.979036+00:00,2026-09-02 20:40 (Local Time),PENTAKOMO,,,,,1,8,28.5,,32.3,24.6,5.6,2.1,,,266.0,,,,73.0,0.0,,,2.880886,,
2026-09-02T17:50:00+00:00,2026-09-02T17:50:45.979036+00:00,2026-09-02T17:50:45.979036+00:00,2026-09-02 20:40 (Local Time),PLATANIA,,,,,1,6,20.7,,29.0,18.2,,0.4,,,,,,,61.0,0.0,,,,,
2026-09-02T17:50:00+00:00,2026-09-02T17:50:45.979036+00:00,2026-09-02T17:50:45.979036+00:00,2026-09-02 20:40 (Local Time),POLIS,,,,,1,11,27.4,,34.2,23.4,2.6,1.0,4.0,,51.0,,,,74.0,0.0,1006.1,,1.337554,,"{""Atmospheric Pressure (Mean Sea Level)"": {""unit"": ""hPa"", ""value"": 1008.7}}"
2026-09-02T17:50:00+00:00,2026-09-02T17:50:45.979036+00:00,2026-09-02T17:50:45.979036+00:00,2026-09-02 20:40 (Local Time),POLYSTYPOS,,,,,1,8,22.7,,30.6,20.8,1.1,0.1,,,329.0,,,,65.0,0.0,,,0.565888,,
2026-09-02T17:50:00+00:00,2026-09-02T17:50:45.979036+00:00,2026-09-02T17:50:45.979036+00:00,2026-09-02 20:40 (Local Time),PRODROMOS,,,,,1,9,21.0,,26.8,17.0,7.5,1.9,,0.0,63.0,,,,50.0,0.0,,,3.85833,,
2026-09-02T17:50:00+00:00,2026-09-02T17:50:45.979036+00:00,2026-09-02T17:50:45.979036+00:00,2026-09-02 20:40 (Local Time),PYRGOS,,,,,1,5,24.6,,,,6.1,,,,227.4,,,,60.0,0.0,,,3.138108,,
2026-09-02T17:50:00+00:00,2026-09-02T17:50:45.979036+00:00,2026-09-02T17:50:45.979036+00:00,2026-09-02 20:40 (Local Time),SAITTAS,,,,,1,5,23.5,,34.3,19.1,,,,,,,,,65.0,0.0,,,,,
2026-09-02T17:50:00+00:00,2026-09-02T17:50:45.979036+00:00,2026-09-02T17:50:45.979036+00:00,2026-09-02 20:40 (Local Time),TAMASOS,,,,,1,9,25.4,25.4,35.8,22.2,1.3,0.0,,,261.0,,,,79.0,0.0,,,0.668777,,
2026-09-02T17:50:00+00:00,2026-09-02T17:50:45.979036+00:00,2026-09-02T17:50:45.979036+00:00,2026-09-02 20:40 (Local Time),TEPAK,,,,,1,9,27.2,,36.0,23.6,1.7,0.4,,,264.0,,,,73.0,0.0,,,0.874555,,"{""Accumulated Rainfall (24 hours)"": {""unit"": ""mm"", ""value"": 0.0}}"
2026-09-02T17:50:00+00:00,2026-09-02T17:50:45.979036+00:00,2026-09-02T17:50:45.979036+00:00,2026-09-02 20:40 (Local Time),TRIPILOS,,,,,1,7,20.2,,31.2,19.6,3.1,,,,68.0,,,,68.0,0.0,,,1.594776,,
2026-09-02T17:50:00+00:00,2026-09-02T17:50:45.979036+00:00,2026-09-02T17:50:45.979036+00:00,2026-09-02 20:40 (Local Time),TROODOS,,,,,1,9,18.6,,26.0,16.2,7.7,1.4,,,37.0,,,,51.0,0.0,828.5,,3.961219,,
2026-09-02T17:50:00+00:00,2026-09-02T17:50:45.979036+00:00,2026-09-02T17:50:45.979036+00:00,2026-09-02 20:40 (Local Time),VISITOR,,,,,1,7,28.6,,38.1,20.0,3.3,,,,256.0,,,,61.0,0.0,,,1.697665,,
2026-09-02T17:50:00+00:00,2026-09-02T17:50:45.979036+00:00,2026-09-02T17:50:45.979036+00:00,2026-09-02 20:40 (Local Time),XYLIATOS,,,,,1,8,22.3,,33.8,22.2,1.6,,,6.0,176.0,,,,89.0,0.0,,,0.82311,,
2026-09-02T17:50:00+00:00,2026-09-02T17:50:45.979036+00:00,2026-09-02T17:50:45.979036+00:00,2026-09-02 20:40 (Local Time),XYLOPHAGOU,,,,,1,9,27.8,28.4,34.8,22.3,6.0,2.2,,,226.0,,,,78.0,0.0,,,3.086664,,
2026-09-02T17:50:00+00:00,2026-09-02T17:50:45.979036+00:00,2026-09-02T17:50:45.979036+00:00,2026-09-02 20:40 (Local Time),ZYGI,,,,,1,9,25.6,25.4,33.8,21.1,0.8,0.3,,,314.0,,,,68.0,0.0,,,0.411555,,
2026-09-02T20:00:00+00:00,2026-09-02T20:09:15.329239+00:00,2026-09-02T20:09:15.329239+00:00,2026-09-02 23:00 (Local Time),ACHNA,,,,,1,8,27.5,,28.2,27.1,4.9,1.7,,,306.0,,,,69.0,0.0,,,2.520776,,
2026-09-02T20:00:00+00:00,2026-09-02T20:09:15.329239+00:00,2026-09-02T20:09:15.329239+00:00,2026-09-02 23:00 (Local Time),AGROS,,,,,1,10,23.7,,24.0,22.8,2.1,0.9,4.0,0.0,25.0,,,,45.0,0.0,,,1.080332,,
2026-09-02T20:00:00+00:00,2026-09-02T20:09:15.329239+00:00,2026-09-02T20:09:15.329239+00:00,2026-09-02 23:00 (Local Time),AKAMAS,,,,,1,7,23.8,,25.5,23.7,3.9,,,,42.0,,,,89.0,0.0,,,2.006332,,
2026-09-02T20:00:00+00:00,2026-09-02T20:09:15.329239+00:00,2026-09-02T20:09:15.329239+00:00,,ALONOUDI,,,,,0,0,,,,,,,,,,,,,,,,,,,
2026-09-02T20:00:00+00:00,2026-09-02T20:09:15.329239+00:00,2026-09-02T20:09:15.329239+00:00,2026-09-02 23:00 (Local Time),AMARGETI,,,,,1,9,24.0,,25.3,23.8,5.0,2.1,,,300.0,,,,66.0,0.0,959.3,,2.57222,,
2026-09-02T20:00:00+00:00,2026-09-02T20:09:15.329239+00:00,2026-09-02T20:09:15.329239+00:00,2026-09-02 23:00 (Local Time),ASTROMERITIS,,,,,1,6,24.0,,,,2.8,1.5,,,161.0,,,,93.0,0.0,,,1.440443,,
2026-09-02T20:00:00+00:00,2026-09-02T20:09:15.329239+00:00,2026-09-02T20:09:15.329239+00:00,2026-09-02 23:00 (Local Time),ATHALASSA,,,,,1,11,26.3,24.2,27.7,26.2,6.9,2.9,,,276.0,,,,87.0,0.0,990.6,,3.549664,,"{""Atmospheric Pressure (Mean Sea Level)"": {""unit"": ""hPa"", ""value"": 1009.0}}"
2026-09-02T20:00:00+00:00,2026-09-02T20:09:15.329239+00:00,2026-09-02T20:09:15.329239+00:00,2026-09-02 23:00 (Local Time),ATHIENOU,,,,,1,9,25.7,24.9,27.2,25.6,8.7,2.4,,,264.0,,,,84.0,0.0,,,4.475663,,
2026-09-02T20:00:00+00:00,2026-09-02T20:09:15.329239+00:00,2026-09-02T20:09:15.329239+00:00,2026-09-02 23:00 (Local Time),AVDIMOU,,,,,1,11,23.0,21.3,26.4,23.0,1.5,0.4,3.0,3.0,316.0,,,,77.0,0.0,,,0.771666,,
2026-09-02T20:00:00+00:00,2026-09-02T20:09:15.329239+00:00,2026-09-02T20:09:15.329239+00:00,2026-09-02 23:00 (Local Time),CAVO_GRECO,,,,,1,9,24.9,,26.4,24.9,1.1,0.0,,,236.0,,,,84.0,0.0,1001.7,,0.565888,,
2026-09-02T20:00:00+00:00,2026-09-02T20:09:15.329239+00:00,2026-09-02T20:09:15.329239+00:00,2026-09-02 23:00 (Local Time),CHROMIO,,,,,1,9,17.4,,17.8,17.3,10.5,1.3,,,80.0,,,,51.0,0.0,,,5.401662,,"{""Snow Depth"": {""unit"": ""cm"", ""value"": 0.0}}"
2026-09-02T20:00:00+00:00,2026-09-02T20:09:15.329239+00:00,2026-09-02T20:09:15.329239+00:00,2026-09-02 23:00 (Local Time),CYTASAT,,,,,1,10,25.3,,25.7,24.8,1.2,0.6,,,141.0,,,,65.0,0.0,983.4,,0.617333,,"{""Atmospheric Pressure (Mean Sea Level)"": {""unit"": ""hPa"", ""value"": 1009.6}}"
2026-09-02T20:00:00+00:00,2026-09-02T20:09:15.329239+00:00,2026-09-02T20:09:15.329239+00:00,2026-09-02 23:00 (Local Time),EPTAGONEIA,,,,,1,8,21.4,,23.0,20.8,1.9,0.0,,,276.0,,,,70.0,0.0,,,0.977444,,
2026-09-02T20:00:00+00:00,2026-09-02T20:09:15.329239+00:00,2026-09-02T20:09:15.329239+00:00,2026-09-02 23:00 (Local Time),FANEROMENI,,,,,1,4,28.8,,,,,,,,,,,,48.0,0.0,,,,,"{""Rain Intensity (10 min.)"": {""unit"": ""mm/min"", ""value"": 0.0}}"
2026-09-02T20:00:00+00:00,2026-09-02T20:09:15.329239+00:00,2026-09-02T20:09:15.329239+00:00,2026-09-02 23:00 (Local Time),FARMAKAS,,,,,1,10,20.4,,22.1,20.3,2.4,1.6,2.0,0.0,164.0,,,,77.0,0.0,,,1.234666,,
2026-09-02T20:00:00+00:00,2026-09-02T20:09:15.329239+00:00,2026-09-02T20:09:15.329239+00:00,2026-09-02 23:00 (Local Time),FRENAROS,,,,,1,11,26.8,25.5,27.5,26.8,5.4,2.1,,0.0,296.0,,,,72.0,0.0,998.8,,2.777998,,
2026-09-02T20:00:00+00:00,2026-09-02T20:09:15.329239+00:00,2026-09-02T20:09:15.329239+00:00,2026-09-02 23:00 (Local Time),KALAVASOS,,,,,1,5,26.7,,26.8,26.2,,,,,,,,,58.0,0.0,,,,,
2026-09-02T20:00:00+00:00,2026-09-02T20:09:15.329239+00:00,2026-09-02T20:09:15.329239+00:00,2026-09-02 23:00 (Local Time),KALOPANAYIOTIS,,,,,1,9,21.4,,22.4,21.4,5.1,0.7,,0.0,175.0,,,,73.0,0.0,,,2.623664,,
2026-09-02T20:00:00+00:00,2026-09-02T20:09:15.329239+00:00,2026-09-02T20:09:15.329239+00:00,2026-09-02 23:00 (Local Time),KAMPOS,,,,,1,11,24.9,23.7,25.3,24.3,1.0,0.2,4.0,0.0,277.0,,,,54.0,0.0,,,0.514444,,
2026-09-02T20:00:00+00:00,2026-09-02T20:09:15.329239+00:00,2026-09-02T20:09:15.329239+00:00,2026-09-02 23:00 (Local Time),KANNAVIOU,,,,,1,6,24.9,,26.2,24.5,,3.2,,,,,,,60.0,0.0,,,,,
2026-09-02T20:00:00+00:00,2026-09-02T20:09:15.329239+00:00,2026-09-02T20:09:15.329239+00:00,2026-09-02 23:00 (Local Time),KATHIKAS,,,,,1,6,25.1,,25.4,24.0,,,,,,,,,45.0,0.0,,,,,"{""Accumulated Rainfall (24 hours)"": {""unit"": ""mm"", ""value"": 0.0}}"
2026-09-02T20:00:00+00:00,2026-09-02T20:09:15.329239+00:00,2026-09-02T20:09:15.329239+00:00,2026-09-02 23:00 (Local Time),KEPNIC,,,,,1,1,,,,,,,,,,,,,,0.0,,,,,
2026-09-02T20:00:00+00:00,2026-09-02T20:09:15.329239+00:00,2026-09-02T20:09:15.329239+00:00,2026-09-02 23:00 (Local Time),KILANI,,,,,1,7,22.4,,23.6,22.1,,1.2,,1.0,,,,,46.0,0.0,,,,,
2026-09-02T20:00:00+00:00,2026-09-02T20:09:15.329239+00:00,2026-09-02T20:09:15.329239+00:00,2026-09-02 23:00 (Local Time),KORNOS,,,,,1,3,26.6,,,,,,,,,,,,60.0,0.0,,,,,
2026-09-02T20:00:00+00:00,2026-09-02T20:09:15.329239+00:00,2026-09-02T20:09:15.329239+00:00,2026-09-02 23:00 (Local Time),KOURIS,,,,,1,8,27.0,,27.3,26.8,11.0,4.7,,,19.0,,,,57.0,0.0,,,5.658884,,
2026-09-02T20:00:00+00:00,2026-09-02T20:09:15.329239+00:00,2026-09-02T20:09:15.329239+00:00,2026-09-02 23:00 (Local Time),KPYRGOS,,,,,1,8,24.4,,25.5,24.3,4.6,1.4,,,151.0,,,,84.0,0.0,,,2.366442,,
2026-09-02T20:00:00+00:00,2026-09-02T20:09:15.329239+00:00,2026-09-02T20:09:15.329239+00:00,2026-09-02 23:00 (Local Time),KYPEROUNTA,,,,,1,6,23.5,,23.8,22.7,,4.6,,0.0,,,,,32.0,,,,,,
2026-09-02T20:00:00+00:00,2026-09-02T20:09:15.329239+00:00,2026-09-02T20:09:15.329239+00:00,2026-09-02 23:00 (Local Time),LCLK,,,,,1,9,27.2,,28.3,27.1,,0.5,,,,,,,55.0,0.0,,,,,"{""Atmospheric Pressure (QNH)"": {""unit"": ""hPa"", ""value"": 1008.6}, ""Wind Direction (10m) at Runway 22"": {""unit"": ""Degrees"", ""value"": 201.0}, ""Wind Speed (10m) at Runway 22"": {""unit"": ""Knots"", ""value"": 1.7}}"
2026-09-02T20:00:00+00:00,2026-09-02T20:09:15.329239+00:00,2026-09-02T20:09:15.329239+00:00,2026-09-02 23:00 (Local Time),LCPH,,,,,1,9,27.1,,28.3,27.1,,0.6,,,,,,,80.0,0.0,,,,,"{""Atmospheric Pressure (QNH)"": {""unit"": ""hPa"", ""value"": 1008.9}, ""Wind Direction (10m) at Runway 29"": {""unit"": ""Degrees"", ""value"": 291.0}, ""Wind Speed (10m) at Runway 29"": {""unit"": ""Knots"", ""value"": 3.4}}"
2026-09-02T20:00:00+00:00,2026-09-02T20:09:15.329239+00:00,2026-09-02T20:09:15.329239+00:00,2026-09-02 23:00 (Local Time),LEFKARA,,,,,1,6,24.4,,25.5,24.0,,2.3,,,,,,,65.0,0.0,,,,,
2026-09-02T20:00:00+00:00,2026-09-02T20:09:15.329239+00:00,2026-09-02T20:09:15.329239+00:00,2026-09-02 23:00 (Local Time),LEFKOSIA,,,,,1,7,24.8,,25.9,24.7,,1.1,,,,,,,89.0,0.0,,,,,"{""Accumulated Rainfall (24 hours)"": {""unit"": ""mm"", ""value"": 0.0}}"
2026-09-02T20:00:00+00:00,2026-09-02T20:09:15.329239+00:00,2026-09-02T20:09:15.329239+00:00,2026-09-02 23:00 (Local Time),LIMASSOL,,,,,1,10,25.9,,26.7,25.9,,1.3,,0.0,,,,,80.0,0.0,1007.2,,,,"{""Wind Direction (10m) at Port Gate"": {""unit"": ""Degrees"", ""value"": 296.0}, ""Wind Speed (10m) at Port Gate"": {""unit"": ""Knots"", ""value"": 3.9}}"
2026-09-02T20:00:00+00:00,2026-09-02T20:09:15.329239+00:00,2026-09-02T20:09:15.329239+00:00,2026-09-02 23:00 (Local Time),LINOU,,,,,1,9,25.1,,25.2,24.4,4.7,1.8,,,177.0,,,,66.0,0.0,963.7,,2.417887,,
2026-09-02T20:00:00+00:00,2026-09-02T20:09:15.329239+00:00,2026-09-02T20:09:15.329239+00:00,2026-09-02 23:00 (Local Time),LYSOS,,,,,1,7,22.4,,22.9,21.8,5.3,,,,356.0,,,,46.0,0.0,,,2.726553,,
2026-09-02T20:00:00+00:00,2026-09-02T20:09:15.329239+00:00,2026-09-02T20:09:15.329239+00:00,2026-09-02 23:00 (Local Time),MALLIA,,,,,1,10,21.6,18.7,23.2,21.5,3.5,0.8,,11.0,60.0,,,,66.0,0.0,,,1.800554,,
2026-09-02T20:00:00+00:00,2026-09-02T20:09:15.329239+00:00,2026-09-02T20:09:15.329239+00:00,2026-09-02 23:00 (Local Time),MAMMARI,,,,,1,10,25.6,,26.6,25.6,,3.8,,4.0,,,,,95.0,0.0,,,,,"{""Atmospheric Pressure (QNH)"": {""unit"": ""hPa"", ""value"": 1010.4}, ""Wind Direction (10m) at Runway 12"": {""unit"": ""Degrees"", ""value"": 253.0}, ""Wind Speed (10m) at Runway 12"": {""unit"": ""Knots"", ""value"": 9.8}}"
2026-09-02T20:00:00+00:00,2026-09-02T20:09:15.329239+00:00,2026-09-02T20:09:15.329239+00:00,2026-09-02 23:00 (Local Time),MATHIATIS,,,,,1,10,21.9,,23.8,21.8,1.7,0.3,4.0,0.0,287.0,,,,76.0,0.0,,,0.874555,,
2026-09-02T20:00:00+00:00,2026-09-02T20:09:15.329239+00:00,2026-09-02T20:09:15.329239+00:00,2026-09-02 23:00 (Local Time),PANAGIA_BRIDGE,,,,,1,6,21.1,21.9,23.5,21.0,,,,,,,,,88.0,0.0,,,,,
2026-09-02T20:00:00+00:00,2026-09-02T20:09:15.329239+00:00,2026-09-02T20:09:15.329239+00:00,2026-09-02 23:00 (Local Time),PAPHOS,,,,,1,8,25.7,,26.4,25.6,0.7,0.6,,,322.0,,,,72.0,0.0,,,0.360111,,
2026-09-02T20:00:00+00:00,2026-09-02T20:09:15.329239+00:00,2026-09-02T20:09:15.329239+00:00,2026-09-02 23:00 (Local Time),PAREKLISIA,,,,,1,7,25.5,,26.9,25.3,0.0,,,,72.0,,,,62.0,0.0,,,0.0,,
2026-09-02T20:00:00+00:00,2026-09-02T20:09:15.329239+00:00,2026-09-02T20:09:15.329239+00:00,2026-09-02 23:00 (Local Time),PENTAKOMO,,,,,1,8,27.2,,28.1,25.6,2.5,0.9,,,157.0,,,,69.0,0.0,,,1.28611,,
2026-09-02T20:00:00+00:00,2026-09-02T20:09:15.329239+00:00,2026-09-02T20:09:15.329239+00:00,2026-09-02 23:00 (Local Time),PLATANIA,,,,,1,6,19.8,,20.7,19.5,,0.3,,,,,,,58.0,0.0,,,,,
2026-09-02T20:00:00+00:00,2026-09-02T20:09:15.329239+00:00,2026-09-02T20:09:15.329239+00:00,2026-09-02 23:00 (Local Time),POLIS,,,,,1,11,25.4,,27.3,25.2,4.0,1.0,4.0,,143.0,,,,84.0,0.0,1005.8,,2.057776,,"{""Atmospheric Pressure (Mean Sea Level)"": {""unit"": ""hPa"", ""value"": 1008.4}}"
2026-09-02T20:00:00+00:00,2026-09-02T20:09:15.329239+00:00,2026-09-02T20:09:15.329239+00:00,2026-09-02 23:00 (Local Time),POLYSTYPOS,,,,,1,8,22.7,,23.1,22.4,1.1,0.1,,,289.0,,,,49.0,0.0,,,0.565888,,
2026-09-02T20:00:00+00:00,2026-09-02T20:09:15.329239+00:00,2026-09-02T20:09:15.329239+00:00,2026-09-02 23:00 (Local Time),PRODROMOS,,,,,1,9,19.8,,20.7,18.8,7.0,1.7,,0.0,101.0,,,,48.0,0.0,,,3.601108,,
2026-09-02T20:00:00+00:00,2026-09-02T20:09:15.329239+00:00,2026-09-02T20:09:15.329239+00:00,2026-09-02 23:00 (Local Time),PYRGOS,,,,,1,5,26.7,,,,1.8,,,,340.6,,,,31.0,0.0,,,0.925999,,
2026-09-02T20:00:00+00:00,2026-09-02T20:09:15.329239+00:00,2026-09-02T20:09:15.329239+00:00,2026-09-02 23:00 (Local Time),SAITTAS,,,,,1,5,22.3,,22.8,21.9,,,,,,,,,53.0,0.0,,,,,
2026-09-02T20:00:00+00:00,2026-09-02T20:09:15.329239+00:00,2026-09-02T20:09:15.329239+00:00,2026-09-02 23:00 (Local Time),TAMASOS,,,,,1,9,24.6,24.0,26.0,24.6,2.2,0.0,,,220.0,,,,69.0,0.0,,,1.131777,,
2026-09-02T20:00:00+00:00,2026-09-02T20:09:15.329239+00:00,2026-09-02T20:09:15.329239+00:00,2026-09-02 23:00 (Local Time),TEPAK,,,,,1,9,26.7,,27.1,26.4,1.7,0.2,,,291.0,,,,58.0,0.0,,,0.874555,,"{""Accumulated Rainfall (24 hours)"": {""unit"": ""mm"", ""value"": 0.0}}"
2026-09-02T20:00:00+00:00,2026-09-02T20:09:15.329239+00:00,2026-09-02T20:09:15.329239+00:00,2026-09-02 23:00 (Local Time),TRIPILOS,,,,,1,7,20.6,,20.9,20.4,2.9,,,,69.0,,,,58.0,0.0,,,1.491888,,
2026-09-02T20:00:00+00:00,2026-09-02T20:09:15.329239+00:00,2026-09-02T20:09:15.329239+00:00,2026-09-02 23:00 (Local Time),TROODOS,,,,,1,9,17.5,,18.8,17.4,2.2,0.6,,,51.0,,,,51.0,0.0,828.4,,1.131777,,
2026-09-02T20:00:00+00:00,2026-09-02T20:09:15.329239+00:00,2026-09-02T20:09:15.329239+00:00,2026-09-02 23:00 (Local Time),VISITOR,,,,,1,7,26.9,,28.3,26.9,3.6,,,,255.0,,,,90.0,0.0,,,1.851998,,
2026-09-02T20:00:00+00:00,2026-09-02T20:09:15.329239+00:00,2026-09-02T20:09:15.329239+00:00,2026-09-02 23:00 (Local Time),XYLIATOS,,,,,1,8,24.0,,24.0,22.4,4.2,,,8.0,180.0,,,,63.0,0.0,,,2.160665,,
2026-09-02T20:00:00+00:00,2026-09-02T20:09:15.329239+00:00,2026-09-02T20:09:15.329239+00:00,2026-09-02 23:00 (Local Time),XYLOPHAGOU,,,,,1,9,26.7,26.9,27.8,26.7,3.6,0.6,,,331.0,,,,72.0,0.0,,,1.851998,,
2026-09-02T20:00:00+00:00,2026-09-02T20:09:15.329239+00:00,2026-09-02T20:09:15.329239+00:00,2026-09-02 23:00 (Local Time),ZYGI,,,,,1,9,24.5,24.1,25.0,23.7,1.1,0.5,,,89.0,,,,69.0,0.0,,,0.565888,,
2026-09-02T22:30:00+00:00,2026-09-02T22:38:45.682970+00:00,2026-09-02T22:38:45.682970+00:00,2026-09-03 01:30 (Local Time),ACHNA,,,,,1,8,24.0,,28.2,24.0,0.0,0.0,,,155.0,,,,81.0,0.0,,,0.0,,
2026-09-02T22:30:00+00:00,2026-09-02T22:38:45.682970+00:00,2026-09-02T22:38:45.682970+00:00,2026-09-03 01:30 (Local Time),AGROS,,,,,1,10,21.1,,24.1,21.0,3.2,1.3,4.0,0.0,318.0,,,,45.0,0.0,,,1.646221,,
2026-09-02T22:30:00+00:00,2026-09-02T22:38:45.682970+00:00,2026-09-02T22:38:45.682970+00:00,2026-09-03 01:30 (Local Time),AKAMAS,,,,,1,7,25.4,,26.8,23.2,5.1,,,,22.0,,,,49.0,0.0,,,2.623664,,
2026-09-02T22:30:00+00:00,2026-09-02T22:38:45.682970+00:00,2026-09-02T22:38:45.682970+00:00,2026-09-03 01:30 (Local Time),ALONOUDI,,,,,1,5,19.1,,23.3,19.0,,,,,,,,,76.0,0.0,,,,,
2026-09-02T22:30:00+00:00,2026-09-02T22:38:45.682970+00:00,2026-09-02T22:38:45.682970+00:00,2026-09-03 01:30 (Local Time),AMARGETI,,,,,1,9,25.3,,25.5,23.1,3.1,1.1,,,314.0,,,,51.0,0.0,958.5,,1.594776,,
2026-09-02T22:30:00+00:00,2026-09-02T22:38:45.682970+00:00,2026-09-02T22:38:45.682970+00:00,2026-09-03 01:30 (Local Time),ASTROMERITIS,,,,,1,6,22.7,,,,5.4,1.8,,,186.0,,,,71.0,0.0,,,2.777998,,
2026-09-02T22:30:00+00:00,2026-09-02T22:38:45.682970+00:00,2026-09-02T22:38:45.682970+00:00,2026-09-03 01:30 (Local Time),ATHALASSA,,,,,1,11,25.7,23.0,27.7,25.6,1.0,0.8,,,299.0,,,,79.0,0.0,990.1,,0.514444,,"{""Atmospheric Pressure (Mean Sea Level)"": {""unit"": ""hPa"", ""value"": 1008.6}}"
2026-09-02T22:30:00+00:00,2026-09-02T22:38:45.682970+00:00,2026-09-02T22:38:45.682970+00:00,2026-09-03 01:30 (Local Time),ATHIENOU,,,,,1,9,24.9,22.4,27.2,24.6,3.9,0.3,,,259.0,,,,70.0,0.0,,,2.006332,,
2026-09-02T22:30:00+00:00,2026-09-02T22:38:45.682970+00:00,2026-09-02T22:38:45.682970+00:00,2026-09-03 01:30 (Local Time),AVDIMOU,,,,,1,11,21.4,20.1,26.4,21.3,1.4,0.5,3.0,3.0,314.0,,,,82.0,0.0,,,0.720222,,
2026-09-02T22:30:00+00:00,2026-09-02T22:38:45.682970+00:00,2026-09-02T22:38:45.682970+00:00,2026-09-03 01:30 (Local Time),CAVO_GRECO,,,,,1,9,24.5,,26.4,24.4,5.5,1.6,,,280.0,,,,83.0,0.0,1001.2,,2.829442,,
2026-09-02T22:30:00+00:00,2026-09-02T22:38:45.682970+00:00,2026-09-02T22:38:45.682970+00:00,2026-09-03 01:30 (Local Time),CHROMIO,,,,,1,9,17.5,,18.5,16.9,2.4,0.1,,,135.0,,,,33.0,0.0,,,1.234666,,"{""Snow Depth"": {""unit"": ""cm"", ""value"": 0.0}}"
2026-09-02T22:30:00+00:00,2026-09-02T22:38:45.682970+00:00,2026-09-02T22:38:45.682970+00:00,2026-09-03 01:30 (Local Time),CYTASAT,,,,,1,10,22.2,,25.7,22.1,0.0,0.6,,,315.0,,,,76.0,0.0,983.4,,0.0,,"{""Atmospheric Pressure (Mean Sea Level)"": {""unit"": ""hPa"", ""value"": 1009.9}}"
2026-09-02T22:30:00+00:00,2026-09-02T22:38:45.682970+00:00,2026-09-02T22:38:45.682970+00:00,2026-09-03 01:30 (Local Time),EPTAGONEIA,,,,,1,8,21.0,,23.1,20.8,1.5,0.0,,,259.0,,,,67.0,0.0,,,0.771666,,
2026-09-02T22:30:00+00:00,2026-09-02T22:38:45.682970+00:00,2026-09-02T22:38:45.682970+00:00,2026-09-03 01:30 (Local Time),FANEROMENI,,,,,1,4,25.8,,,,,,,,,,,,72.0,0.0,,,,,"{""Rain Intensity (10 min.)"": {""unit"": ""mm/min"", ""value"": 0.0}}"
2026-09-02T22:30:00+00:00,2026-09-02T22:38:45.682970+00:00,2026-09-02T22:38:45.682970+00:00,2026-09-03 01:30 (Local Time),FARMAKAS,,,,,1,10,20.2,,22.1,20.2,2.6,1.8,2.0,0.0,164.0,,,,63.0,0.0,,,1.337554,,
2026-09-02T22:30:00+00:00,2026-09-02T22:38:45.682970+00:00,2026-09-02T22:38:45.682970+00:00,2026-09-03 01:30 (Local Time),FRENAROS,,,,,1,11,25.6,23.7,27.5,25.6,2.9,0.8,,0.0,228.0,,,,84.0,0.0,998.4,,1.491888,,
2026-09-02T22:30:00+00:00,2026-09-02T22:38:45.682970+00:00,2026-09-02T22:38:45.682970+00:00,2026-09-03 01:30 (Local Time),KALAVASOS,,,,,1,5,24.5,,26.8,24.3,,,,,,,,,68.0,0.0,,,,,
2026-09-02T22:30:00+00:00,2026-09-02T22:38:45.682970+00:00,2026-09-02T22:38:45.682970+00:00,2026-09-03 01:30 (Local Time),KALOPANAYIOTIS,,,,,1,9,20.8,,22.4,20.7,6.0,0.6,,0.0,182.0,,,,59.0,0.0,,,3.086664,,
2026-09-02T22:30:00+00:00,2026-09-02T22:38:45.682970+00:00,2026-09-02T22:38:45.682970+00:00,2026-09-03 01:30 (Local Time),KAMPOS,,,,,1,11,26.3,23.7,26.6,24.3,0.8,0.4,4.0,0.0,283.0,,,,36.0,0.0,,,0.411555,,
2026-09-02T22:30:00+00:00,2026-09-02T22:38:45.682970+00:00,2026-09-02T22:38:45.682970+00:00,2026-09-03 01:30 (Local Time),KANNAVIOU,,,,,1,6,22.8,,26.2,22.6,,3.6,,,,,,,58.0,0.0,,,,,
2026-09-02T22:30:00+00:00,2026-09-02T22:38:45.682970+00:00,2026-09-02T22:38:45.682970+00:00,2026-09-03 01:30 (Local Time),KATHIKAS,,,,,1,6,25.1,,25.6,24.0,,,,,,,,,39.0,0.0,,,,,"{""Accumulated Rainfall (24 hours)"": {""unit"": ""mm"", ""value"": 0.0}}"
2026-09-02T22:30:00+00:00,2026-09-02T22:38:45.682970+00:00,2026-09-02T22:38:45.682970+00:00,2026-09-03 01:30 (Local Time),KEPNIC,,,,,1,1,,,,,,,,,,,,,,0.0,,,,,
2026-09-02T22:30:00+00:00,2026-09-02T22:38:45.682970+00:00,2026-09-02T22:38:45.682970+00:00,2026-09-03 01:30 (Local Time),KILANI,,,,,1,7,21.2,,23.6,20.4,,1.1,,1.0,,,,,56.0,0.0,,,,,
2026-09-02T22:30:00+00:00,2026-09-02T22:38:45.682970+00:00,2026-09-02T22:38:45.682970+00:00,2026-09-03 01:30 (Local Time),KORNOS,,,,,1,3,24.0,,,,,,,,,,,,70.0,0.0,,,,,
2026-09-02T22:30:00+00:00,2026-09-02T22:38:45.682970+00:00,2026-09-02T22:38:45.682970+00:00,2026-09-03 01:30 (Local Time),KOURIS,,,,,1,8,26.7,,27.3,26.1,14.4,4.8,,,15.0,,,,45.0,0.0,,,7.407994,,
2026-09-02T22:30:00+00:00,2026-09-02T22:38:45.682970+00:00,2026-09-02T22:38:45.682970+00:00,2026-09-03 01:30 (Local Time),KPYRGOS,,,,,1,8,23.8,,25.5,23.3,5.5,1.7,,,141.0,,,,65.0,0.0,,,2.829442,,
2026-09-02T22:30:00+00:00,2026-09-02T22:38:45.682970+00:00,2026-09-02T22:38:45.682970+00:00,2026-09-03 01:30 (Local Time),KYPEROUNTA,,,,,1,6,22.7,,23.8,21.9,,3.5,,0.0,,,,,35.0,,,,,,
2026-09-02T22:30:00+00:00,2026-09-02T22:38:45.682970+00:00,2026-09-02T22:38:45.682970+00:00,2026-09-03 01:30 (Local Time),LCLK,,,,,1,9,24.9,,28.3,24.9,,0.1,,,,,,,70.0,0.0,,,,,"{""Atmospheric Pressure (QNH)"": {""unit"": ""hPa"", ""value"": 1008.1}, ""Wind Direction (10m) at Runway 22"": {""unit"": ""Degrees"", ""value"": 164.0}, ""Wind Speed (10m) at Runway 22"": {""unit"": ""Knots"", ""value"": 1.0}}"
2026-09-02T22:30:00+00:00,2026-09-02T22:38:45.682970+00:00,2026-09-02T22:38:45.682970+00:00,2026-09-03 01:30 (Local Time),LCPH,,,,,1,9,26.1,,28.3,25.3,,0.6,,,,,,,64.0,0.0,,,,,"{""Atmospheric Pressure (QNH)"": {""unit"": ""hPa"", ""value"": 1008.2}, ""Wind Direction (10m) at Runway 29"": {""unit"": ""Degrees"", ""value"": 295.0}, ""Wind Speed (10m) at Runway 29"": {""unit"": ""Knots"", ""value"": 3.4}}"
2026-09-02T22:30:00+00:00,2026-09-02T22:38:45.682970+00:00,2026-09-02T22:38:45.682970+00:00,2026-09-03 01:30 (Local Time),LEFKARA,,,,,1,6,22.6,,25.5,21.6,,1.1,,,,,,,63.0,0.0,,,,,
2026-09-02T22:30:00+00:00,2026-09-02T22:38:45.682970+00:00,2026-09-02T22:38:45.682970+00:00,2026-09-03 01:30 (Local Time),LEFKOSIA,,,,,1,7,23.5,,25.9,23.4,,0.8,,,,,,,89.0,0.0,,,,,"{""Accumulated Rainfall (24 hours)"": {""unit"": ""mm"", ""value"": 0.0}}"
2026-09-02T22:30:00+00:00,2026-09-02T22:38:45.682970+00:00,2026-09-02T22:38:45.682970+00:00,2026-09-03 01:30 (Local Time),LIMASSOL,,,,,1,10,25.1,,26.7,24.6,,0.0,,0.0,,,,,73.0,0.0,1007.0,,,,"{""Wind Direction (10m) at Port Gate"": {""unit"": ""Degrees"", ""value"": 35.0}, ""Wind Speed (10m) at Port Gate"": {""unit"": ""Knots"", ""value"": 1.4}}"
2026-09-02T22:30:00+00:00,2026-09-02T22:38:45.682970+00:00,2026-09-02T22:38:45.682970+00:00,2026-09-03 01:30 (Local Time),LINOU,,,,,1,9,25.9,,26.3,24.4,5.4,2.2,,,177.0,,,,47.0,0.0,963.0,,2.777998,,
2026-09-02T22:30:00+00:00,2026-09-02T22:38:45.682970+00:00,2026-09-02T22:38:45.682970+00:00,2026-09-03 01:30 (Local Time),LYSOS,,,,,1,7,22.9,,23.4,21.8,7.6,,,,5.0,,,,39.0,0.0,,,3.909774,,
2026-09-02T22:30:00+00:00,2026-09-02T22:38:45.682970+00:00,2026-09-02T22:38:45.682970+00:00,2026-09-03 01:30 (Local Time),MALLIA,,,,,1,10,21.1,18.2,23.2,19.6,2.7,0.4,,11.0,93.0,,,,60.0,0.0,,,1.388999,,
2026-09-02T22:30:00+00:00,2026-09-02T22:38:45.682970+00:00,2026-09-02T22:38:45.682970+00:00,2026-09-03 01:30 (Local Time),MAMMARI,,,,,1,10,23.7,,26.6,23.5,,2.9,,4.0,,,,,93.0,0.0,,,,,"{""Atmospheric Pressure (QNH)"": {""unit"": ""hPa"", ""value"": 1009.6}, ""Wind Direction (10m) at Runway 12"": {""unit"": ""Degrees"", ""value"": 230.0}, ""Wind Speed (10m) at Runway 12"": {""unit"": ""Knots"", ""value"": 7.5}}"
2026-09-02T22:30:00+00:00,2026-09-02T22:38:45.682970+00:00,2026-09-02T22:38:45.682970+00:00,2026-09-03 01:30 (Local Time),MATHIATIS,,,,,1,10,23.4,,24.4,21.8,3.9,1.3,4.0,0.0,242.0,,,,64.0,0.0,,,2.006332,,
2026-09-02T22:30:00+00:00,2026-09-02T22:38:45.682970+00:00,2026-09-02T22:38:45.682970+00:00,2026-09-03 01:30 (Local Time),PANAGIA_BRIDGE,,,,,1,6,19.7,20.5,23.5,19.7,,,,,,,,,85.0,0.0,,,,,
2026-09-02T22:30:00+00:00,2026-09-02T22:38:45.682970+00:00,2026-09-02T22:38:45.682970+00:00,2026-09-03 01:30 (Local Time),PAPHOS,,,,,1,8,23.9,,26.4,23.9,1.4,0.6,,,58.0,,,,60.0,0.0,,,0.720222,,
2026-09-02T22:30:00+00:00,2026-09-02T22:38:45.682970+00:00,2026-09-02T22:38:45.682970+00:00,2026-09-03 01:30 (Local Time),PAREKLISIA,,,,,1,7,24.3,,26.9,24.3,1.1,,,,70.0,,,,66.0,0.0,,,0.565888,,
2026-09-02T22:30:00+00:00,2026-09-02T22:38:45.682970+00:00,2026-09-02T22:38:45.682970+00:00,2026-09-03 01:30 (Local Time),PENTAKOMO,,,,,1,8,26.8,,28.1,25.6,4.3,1.3,,,63.0,,,,66.0,0.0,,,2.212109,,
2026-09-02T22:30:00+00:00,2026-09-02T22:38:45.682970+00:00,2026-09-02T22:38:45.682970+00:00,2026-09-03 01:30 (Local Time),PLATANIA,,,,,1,6,19.1,,20.7,18.8,,0.4,,,,,,,45.0,0.0,,,,,
2026-09-02T22:30:00+00:00,2026-09-02T22:38:45.682970+00:00,2026-09-02T22:38:45.682970+00:00,2026-09-03 01:30 (Local Time),POLIS,,,,,1,11,23.7,,27.3,23.6,5.9,1.3,4.0,,148.0,,,,75.0,0.0,1004.8,,3.03522,,"{""Atmospheric Pressure (Mean Sea Level)"": {""unit"": ""hPa"", ""value"": 1007.5}}"
2026-09-02T22:30:00+00:00,2026-09-02T22:38:45.682970+00:00,2026-09-02T22:38:45.682970+00:00,2026-09-03 01:30 (Local Time),POLYSTYPOS,,,,,1,8,22.7,,23.4,22.4,1.0,0.1,,,280.0,,,,38.0,0.0,,,0.514444,,
2026-09-02T22:30:00+00:00,2026-09-02T22:38:45.682970+00:00,2026-09-02T22:38:45.682970+00:00,2026-09-03 01:30 (Local Time),PRODROMOS,,,,,1,9,20.8,,22.2,18.8,2.4,0.7,,0.0,53.0,,,,44.0,0.0,,,1.234666,,
2026-09-02T22:30:00+00:00,2026-09-02T22:38:45.682970+00:00,2026-09-02T22:38:45.682970+00:00,2026-09-03 01:30 (Local Time),PYRGOS,,,,,1,5,26.8,,,,1.8,,,,317.9,,,,28.0,0.0,,,0.925999,,
2026-09-02T22:30:00+00:00,2026-09-02T22:38:45.682970+00:00,2026-09-02T22:38:45.682970+00:00,2026-09-03 01:30 (Local Time),SAITTAS,,,,,1,5,21.9,,22.8,21.1,,,,,,,,,52.0,0.0,,,,,
2026-09-02T22:30:00+00:00,2026-09-02T22:38:45.682970+00:00,2026-09-02T22:38:45.682970+00:00,2026-09-03 01:30 (Local Time),TAMASOS,,,,,1,9,23.3,22.9,26.6,23.1,3.0,0.0,,,189.0,,,,68.0,0.0,,,1.543332,,
2026-09-02T22:30:00+00:00,2026-09-02T22:38:45.682970+00:00,2026-09-02T22:38:45.682970+00:00,2026-09-03 01:30 (Local Time),TEPAK,,,,,1,9,25.4,,27.1,25.3,0.8,0.0,,,61.0,,,,63.0,0.0,,,0.411555,,"{""Accumulated Rainfall (24 hours)"": {""unit"": ""mm"", ""value"": 0.0}}"
2026-09-02T22:30:00+00:00,2026-09-02T22:38:45.682970+00:00,2026-09-02T22:38:45.682970+00:00,2026-09-03 01:30 (Local Time),TRIPILOS,,,,,1,7,21.5,,21.9,20.4,3.9,,,,56.0,,,,46.0,0.0,,,2.006332,,
2026-09-02T22:30:00+00:00,2026-09-02T22:38:45.682970+00:00,2026-09-02T22:38:45.682970+00:00,2026-09-03 01:30 (Local Time),TROODOS,,,,,1,9,17.4,,18.8,16.5,1.3,0.6,,,155.0,,,,36.0,0.0,827.9,,0.668777,,
2026-09-02T22:30:00+00:00,2026-09-02T22:38:45.682970+00:00,2026-09-02T22:38:45.682970+00:00,2026-09-03 01:30 (Local Time),VISITOR,,,,,1,7,26.2,,28.3,25.9,0.7,,,,327.0,,,,82.0,0.0,,,0.360111,,
2026-09-02T22:30:00+00:00,2026-09-02T22:38:45.682970+00:00,2026-09-02T22:38:45.682970+00:00,2026-09-03 01:30 (Local Time),XYLIATOS,,,,,1,8,23.9,,24.6,22.4,3.1,,,7.0,190.0,,,,53.0,0.0,,,1.594776,,
2026-09-02T22:30:00+00:00,2026-09-02T22:38:45.682970+00:00,2026-09-02T22:38:45.682970+00:00,2026-09-03 01:30 (Local Time),XYLOPHAGOU,,,,,1,9,25.1,24.5,27.8,24.9,2.4,0.0,,,238.0,,,,81.0,0.0,,,1.234666,,
2026-09-02T22:30:00+00:00,2026-09-02T22:38:45.682970+00:00,2026-09-02T22:38:45.682970+00:00,2026-09-03 01:30 (Local Time),ZYGI,,,,,1,9,24.1,23.5,25.0,22.9,2.4,0.7,,,349.0,,,,71.0,0.0,,,1.234666,,
2026-09-03T00:40:00+00:00,2026-09-03T00:41:04.689366+00:00,2026-09-03T00:41:04.689366+00:00,2026-09-03 03:30 (Local Time),ACHNA,,,,,1,8,25.7,,28.2,23.7,4.4,1.4,,,308.0,,,,78.0,0.0,,,2.263554,,
2026-09-03T00:40:00+00:00,2026-09-03T00:41:04.689366+00:00,2026-09-03T00:41:04.689366+00:00,2026-09-03 03:30 (Local Time),AGROS,,,,,1,10,20.5,,24.1,20.1,2.1,0.9,4.0,0.0,313.0,,,,54.0,0.0,,,1.080332,,
2026-09-03T00:40:00+00:00,2026-09-03T00:41:04.689366+00:00,2026-09-03T00:41:04.689366+00:00,2026-09-03 03:30 (Local Time),AKAMAS,,,,,1,7,26.2,,27.1,23.2,6.0,,,,15.0,,,,41.0,0.0,,,3.086664,,
2026-09-03T00:40:00+00:00,2026-09-03T00:41:04.689366+00:00,2026-09-03T00:41:04.689366+00:00,,ALONOUDI,,,,,0,0,,,,,,,,,,,,,,,,,,,
2026-09-03T00:40:00+00:00,2026-09-03T00:41:04.689366+00:00,2026-09-03T00:41:04.689366+00:00,2026-09-03 03:30 (Local Time),AMARGETI,,,,,1,9,25.7,,26.6,23.1,1.3,0.7,,,343.0,,,,45.0,0.0,958.2,,0.668777,,
2026-09-03T00:40:00+00:00,2026-09-03T00:41:04.689366+00:00,2026-09-03T00:41:04.689366+00:00,2026-09-03 03:30 (Local Time),ASTROMERITIS,,,,,1,6,23.0,,,,7.0,1.7,,,173.0,,,,62.0,0.0,,,3.601108,,
2026-09-03T00:40:00+00:00,2026-09-03T00:41:04.689366+00:00,2026-09-03T00:41:04.689366+00:00,2026-09-03 03:30 (Local Time),ATHALASSA,,,,,1,11,23.3,20.5,27.7,23.1,1.2,0.4,,,244.0,,,,87.0,0.0,989.8,,0.617333,,"{""Atmospheric Pressure (Mean Sea Level)"": {""unit"": ""hPa"", ""value"": 1008.5}}"
2026-09-03T00:40:00+00:00,2026-09-03T00:41:04.689366+00:00,2026-09-03T00:41:04.689366+00:00,2026-09-03 03:30 (Local Time),ATHIENOU,,,,,1,9,23.2,20.9,27.2,23.1,5.5,0.8,,,243.0,,,,74.0,0.0,,,2.829442,,
2026-09-03T00:40:00+00:00,2026-09-03T00:41:04.689366+00:00,2026-09-03T00:41:04.689366+00:00,2026-09-03 03:30 (Local Time),AVDIMOU,,,,,1,11,20.8,19.3,26.4,20.7,1.5,0.4,3.0,3.0,311.0,,,,83.0,0.0,,,0.771666,,
2026-09-03T00:40:00+00:00,2026-09-03T00:41:04.689366+00:00,2026-09-03T00:41:04.689366+00:00,2026-09-03 03:30 (Local Time),CAVO_GRECO,,,,,1,9,25.0,,26.4,24.4,3.7,1.0,,,234.0,,,,68.0,0.0,1000.8,,1.903443,,
2026-09-03T00:40:00+00:00,2026-09-03T00:41:04.689366+00:00,2026-09-03T00:41:04.689366+00:00,2026-09-03 03:30 (Local Time),CHROMIO,,,,,1,9,16.4,,18.5,16.3,1.1,0.1,,,70.0,,,,44.0,0.0,,,0.565888,,"{""Snow Depth"": {""unit"": ""cm"", ""value"": 0.0}}"
2026-09-03T00:40:00+00:00,2026-09-03T00:41:04.689366+00:00,2026-09-03T00:41:04.689366+00:00,2026-09-03 03:30 (Local Time),CYTASAT,,,,,1,10,21.7,,25.7,21.4,0.5,0.4,,,85.0,,,,79.0,0.0,982.7,,0.257222,,"{""Atmospheric Pressure (Mean Sea Level)"": {""unit"": ""hPa"", ""value"": 1009.3}}"
2026-09-03T00:40:00+00:00,2026-09-03T00:41:04.689366+00:00,2026-09-03T00:41:04.689366+00:00,2026-09-03 03:30 (Local Time),EPTAGONEIA,,,,,1,8,20.4,,23.1,20.1,2.7,0.4,,,256.0,,,,67.0,0.0,,,1.388999,,
2026-09-03T00:40:00+00:00,2026-09-03T00:41:04.689366+00:00,2026-09-03T00:41:04.689366+00:00,2026-09-03 03:30 (Local Time),FANEROMENI,,,,,1,4,25.7,,,,,,,,,,,,77.0,0.0,,,,,"{""Rain Intensity (10 min.)"": {""unit"": ""mm/min"", ""value"": 0.0}}"
2026-09-03T00:40:00+00:00,2026-09-03T00:41:04.689366+00:00,2026-09-03T00:41:04.689366+00:00,2026-09-03 03:30 (Local Time),FARMAKAS,,,,,1,10,20.2,,22.1,20.1,3.9,1.8,2.0,0.0,179.0,,,,68.0,0.0,,,2.006332,,
2026-09-03T00:40:00+00:00,2026-09-03T00:41:04.689366+00:00,2026-09-03T00:41:04.689366+00:00,2026-09-03 03:30 (Local Time),FRENAROS,,,,,1,11,24.7,23.2,27.5,24.7,3.2,1.3,,0.0,280.0,,,,84.0,0.0,997.9,,1.646221,,
2026-09-03T00:40:00+00:00,2026-09-03T00:41:04.689366+00:00,2026-09-03T00:41:04.689366+00:00,2026-09-03 03:30 (Local Time),KALAVASOS,,,,,1,5,25.9,,26.8,23.8,,,,,,,,,57.0,0.0,,,,,
2026-09-03T00:40:00+00:00,2026-09-03T00:41:04.689366+00:00,2026-09-03T00:41:04.689366+00:00,2026-09-03 03:30 (Local Time),KALOPANAYIOTIS,,,,,1,9,21.1,,22.4,20.7,5.0,1.2,,0.0,167.0,,,,63.0,0.0,,,2.57222,,
2026-09-03T00:40:00+00:00,2026-09-03T00:41:04.689366+00:00,2026-09-03T00:41:04.689366+00:00,2026-09-03 03:30 (Local Time),KAMPOS,,,,,1,11,26.6,22.5,27.2,24.3,1.1,0.0,4.0,0.0,114.0,,,,32.0,0.0,,,0.565888,,
2026-09-03T00:40:00+00:00,2026-09-03T00:41:04.689366+00:00,2026-09-03T00:41:04.689366+00:00,2026-09-03 03:30 (Local Time),KANNAVIOU,,,,,1,6,23.2,,26.2,22.6,,5.2,,,,,,,54.0,0.0,,,,,
2026-09-03T00:40:00+00:00,2026-09-03T00:41:04.689366+00:00,2026-09-03T00:41:04.689366+00:00,2026-09-03 03:30 (Local Time),KATHIKAS,,,,,1,6,25.9,,26.1,24.0,,,,,,,,,36.0,0.0,,,,,"{""Accumulated Rainfall (24 hours)"": {""unit"": ""mm"", ""value"": 0.0}}"
2026-09-03T00:40:00+00:00,2026-09-03T00:41:04.689366+00:00,2026-09-03T00:41:04.689366+00:00,2026-09-03 03:30 (Local Time),KEPNIC,,,,,1,1,,,,,,,,,,,,,,0.0,,,,,
2026-09-03T00:40:00+00:00,2026-09-03T00:41:04.689366+00:00,2026-09-03T00:41:04.689366+00:00,2026-09-03 03:30 (Local Time),KILANI,,,,,1,7,19.8,,23.6,19.5,,1.7,,2.0,,,,,67.0,0.0,,,,,
2026-09-03T00:40:00+00:00,2026-09-03T00:41:04.689366+00:00,2026-09-03T00:41:04.689366+00:00,2026-09-03 03:30 (Local Time),KORNOS,,,,,1,3,23.0,,,,,,,,,,,,76.0,0.0,,,,,
2026-09-03T00:40:00+00:00,2026-09-03T00:41:04.689366+00:00,2026-09-03T00:41:04.689366+00:00,2026-09-03 03:30 (Local Time),KOURIS,,,,,1,8,26.1,,27.3,25.8,15.0,4.9,,,14.0,,,,47.0,0.0,,,7.71666,,
2026-09-03T00:40:00+00:00,2026-09-03T00:41:04.689366+00:00,2026-09-03T00:41:04.689366+00:00,2026-09-03 03:30 (Local Time),KPYRGOS,,,,,1,8,23.8,,25.5,23.3,5.8,1.9,,,144.0,,,,56.0,0.0,,,2.983775,,
2026-09-03T00:40:00+00:00,2026-09-03T00:41:04.689366+00:00,2026-09-03T00:41:04.689366+00:00,2026-09-03 03:30 (Local Time),KYPEROUNTA,,,,,1,6,21.4,,23.8,21.2,,4.4,,0.0,,,,,57.0,,,,,,
2026-09-03T00:40:00+00:00,2026-09-03T00:41:04.689366+00:00,2026-09-03T00:41:04.689366+00:00,2026-09-03 03:30 (Local Time),LCLK,,,,,1,9,23.8,,28.3,23.7,,0.6,,,,,,,84.0,0.0,,,,,"{""Atmospheric Pressure (QNH)"": {""unit"": ""hPa"", ""value"": 1007.8}, ""Wind Direction (10m) at Runway 22"": {""unit"": ""Degrees"", ""value"": 234.0}, ""Wind Speed (10m) at Runway 22"": {""unit"": ""Knots"", ""value"": 1.3}}"
2026-09-03T00:40:00+00:00,2026-09-03T00:41:04.689366+00:00,2026-09-03T00:41:04.689366+00:00,2026-09-03 03:30 (Local Time),LCPH,,,,,1,9,25.7,,28.3,25.3,,0.4,,,,,,,51.0,0.0,,,,,"{""Atmospheric Pressure (QNH)"": {""unit"": ""hPa"", ""value"": 1007.9}, ""Wind Direction (10m) at Runway 29"": {""unit"": ""Degrees"", ""value"": 53.0}, ""Wind Speed (10m) at Runway 29"": {""unit"": ""Knots"", ""value"": 3.0}}"
2026-09-03T00:40:00+00:00,2026-09-03T00:41:04.689366+00:00,2026-09-03T00:41:04.689366+00:00,2026-09-03 03:30 (Local Time),LEFKARA,,,,,1,6,22.7,,25.5,21.6,,1.6,,,,,,,64.0,0.0,,,,,
2026-09-03T00:40:00+00:00,2026-09-03T00:41:04.689366+00:00,2026-09-03T00:41:04.689366+00:00,2026-09-03 03:30 (Local Time),LEFKOSIA,,,,,1,7,22.3,,25.9,22.3,,0.9,,,,,,,93.0,0.0,,,,,"{""Accumulated Rainfall (24 hours)"": {""unit"": ""mm"", ""value"": 0.0}}"
2026-09-03T00:40:00+00:00,2026-09-03T00:41:04.689366+00:00,2026-09-03T00:41:04.689366+00:00,2026-09-03 03:30 (Local Time),LIMASSOL,,,,,1,10,24.0,,26.7,23.9,,0.1,,0.0,,,,,72.0,0.0,1006.7,,,,"{""Wind Direction (10m) at Port Gate"": {""unit"": ""Degrees"", ""value"": 334.0}, ""Wind Speed (10m) at Port Gate"": {""unit"": ""Knots"", ""value"": 1.3}}"
2026-09-03T00:40:00+00:00,2026-09-03T00:41:04.689366+00:00,2026-09-03T00:41:04.689366+00:00,2026-09-03 03:30 (Local Time),LINOU,,,,,1,9,25.1,,26.7,24.4,2.1,1.4,,,123.0,,,,50.0,0.0,962.7,,1.080332,,
2026-09-03T00:40:00+00:00,2026-09-03T00:41:04.689366+00:00,2026-09-03T00:41:04.689366+00:00,2026-09-03 03:30 (Local Time),LYSOS,,,,,1,7,23.4,,23.8,21.8,3.2,,,,116.0,,,,44.0,0.0,,,1.646221,,
2026-09-03T00:40:00+00:00,2026-09-03T00:41:04.689366+00:00,2026-09-03T00:41:04.689366+00:00,2026-09-03 03:30 (Local Time),MALLIA,,,,,1,10,20.4,18.4,23.2,19.6,4.6,1.1,,11.0,71.0,,,,67.0,0.0,,,2.366442,,
2026-09-03T00:40:00+00:00,2026-09-03T00:41:04.689366+00:00,2026-09-03T00:41:04.689366+00:00,2026-09-03 03:30 (Local Time),MAMMARI,,,,,1,10,24.5,,26.6,23.5,,0.8,,2.0,,,,,70.0,0.0,,,,,"{""Atmospheric Pressure (QNH)"": {""unit"": ""hPa"", ""value"": 1009.5}, ""Wind Direction (10m) at Runway 12"": {""unit"": ""Degrees"", ""value"": 118.0}, ""Wind Speed (10m) at Runway 12"": {""unit"": ""Knots"", ""value"": 0.9}}"
2026-09-03T00:40:00+00:00,2026-09-03T00:41:04.689366+00:00,2026-09-03T00:41:04.689366+00:00,2026-09-03 03:30 (Local Time),MATHIATIS,,,,,1,10,22.3,,24.4,21.8,3.7,1.3,4.0,0.0,278.0,,,,61.0,0.0,,,1.903443,,
2026-09-03T00:40:00+00:00,2026-09-03T00:41:04.689366+00:00,2026-09-03T00:41:04.689366+00:00,2026-09-03 03:30 (Local Time),PANAGIA_BRIDGE,,,,,1,6,19.3,20.0,23.5,19.2,,,,,,,,,79.0,0.0,,,,,
2026-09-03T00:40:00+00:00,2026-09-03T00:41:04.689366+00:00,2026-09-03T00:41:04.689366+00:00,2026-09-03 03:30 (Local Time),PAPHOS,,,,,1,8,23.6,,26.4,23.4,1.3,0.8,,,358.0,,,,48.0,0.0,,,0.668777,,
2026-09-03T00:40:00+00:00,2026-09-03T00:41:04.689366+00:00,2026-09-03T00:41:04.689366+00:00,2026-09-03 03:30 (Local Time),PAREKLISIA,,,,,1,7,24.6,,26.9,23.9,0.0,,,,115.0,,,,63.0,0.0,,,0.0,,
2026-09-03T00:40:00+00:00,2026-09-03T00:41:04.689366+00:00,2026-09-03T00:41:04.689366+00:00,2026-09-03 03:30 (Local Time),PENTAKOMO,,,,,1,8,26.8,,28.1,25.6,4.0,1.3,,,258.0,,,,63.0,0.0,,,2.057776,,
2026-09-03T00:40:00+00:00,2026-09-03T00:41:04.689366+00:00,2026-09-03T00:41:04.689366+00:00,2026-09-03 03:30 (Local Time),PLATANIA,,,,,1,6,19.2,,20.7,18.6,,0.4,,,,,,,55.0,0.0,,,,,
2026-09-03T00:40:00+00:00,2026-09-03T00:41:04.689366+00:00,2026-09-03T00:41:04.689366+00:00,2026-09-03 03:30 (Local Time),POLIS,,,,,1,11,23.8,,27.3,23.6,6.1,1.6,4.0,,147.0,,,,58.0,0.0,1004.5,,3.138108,,"{""Atmospheric Pressure (Mean Sea Level)"": {""unit"": ""hPa"", ""value"": 1007.1}}"
2026-09-03T00:40:00+00:00,2026-09-03T00:41:04.689366+00:00,2026-09-03T00:41:04.689366+00:00,2026-09-03 03:30 (Local Time),POLYSTYPOS,,,,,1,8,22.2,,23.4,21.8,1.5,0.1,,,206.0,,,,52.0,0.0,,,0.771666,,
2026-09-03T00:40:00+00:00,2026-09-03T00:41:04.689366+00:00,2026-09-03T00:41:04.689366+00:00,2026-09-03 03:30 (Local Time),PRODROMOS,,,,,1,9,19.2,,22.2,18.8,5.1,1.2,,0.0,78.0,,,,59.0,0.0,,,2.623664,,
2026-09-03T00:40:00+00:00,2026-09-03T00:41:04.689366+00:00,2026-09-03T00:41:04.689366+00:00,,PYRGOS,,,,,0,0,,,,,,,,,,,,,,,,,,,
2026-09-03T00:40:00+00:00,2026-09-03T00:41:04.689366+00:00,2026-09-03T00:41:04.689366+00:00,2026-09-03 03:30 (Local Time),SAITTAS,,,,,1,5,20.9,,22.8,20.5,,,,,,,,,58.0,0.0,,,,,
2026-09-03T00:40:00+00:00,2026-09-03T00:41:04.689366+00:00,2026-09-03T00:41:04.689366+00:00,2026-09-03 03:30 (Local Time),TAMASOS,,,,,1,9,22.0,21.7,26.6,21.9,2.9,0.0,,,187.0,,,,71.0,0.0,,,1.491888,,
2026-09-03T00:40:00+00:00,2026-09-03T00:41:04.689366+00:00,2026-09-03T00:41:04.689366+00:00,2026-09-03 03:30 (Local Time),TEPAK,,,,,1,9,24.5,,27.1,24.4,1.3,0.0,,,327.0,,,,64.0,0.0,,,0.668777,,"{""Accumulated Rainfall (24 hours)"": {""unit"": ""mm"", ""value"": 0.0}}"
2026-09-03T00:40:00+00:00,2026-09-03T00:41:04.689366+00:00,2026-09-03T00:41:04.689366+00:00,2026-09-03 03:30 (Local Time),TRIPILOS,,,,,1,7,20.6,,21.9,20.4,4.1,,,,16.0,,,,53.0,0.0,,,2.10922,,
2026-09-03T00:40:00+00:00,2026-09-03T00:41:04.689366+00:00,2026-09-03T00:41:04.689366+00:00,2026-09-03 03:30 (Local Time),TROODOS,,,,,1,9,17.1,,18.8,16.5,0.8,0.7,,,353.0,,,,39.0,0.0,827.5,,0.411555,,
2026-09-03T00:40:00+00:00,2026-09-03T00:41:04.689366+00:00,2026-09-03T00:41:04.689366+00:00,2026-09-03 03:30 (Local Time),VISITOR,,,,,1,7,23.5,,28.3,23.3,0.7,,,,206.0,,,,100.0,0.0,,,0.360111,,
2026-09-03T00:40:00+00:00,2026-09-03T00:41:04.689366+00:00,2026-09-03T00:41:04.689366+00:00,2026-09-03 03:30 (Local Time),XYLIATOS,,,,,1,8,25.1,,25.4,22.4,3.7,,,8.0,175.0,,,,48.0,0.0,,,1.903443,,
2026-09-03T00:40:00+00:00,2026-09-03T00:41:04.689366+00:00,2026-09-03T00:41:04.689366+00:00,2026-09-03 03:30 (Local Time),XYLOPHAGOU,,,,,1,9,24.7,24.7,27.8,24.3,2.5,0.1,,,325.0,,,,78.0,0.0,,,1.28611,,
2026-09-03T00:40:00+00:00,2026-09-03T00:41:04.689366+00:00,2026-09-03T00:41:04.689366+00:00,2026-09-03 03:30 (Local Time),ZYGI,,,,,1,9,23.8,22.2,25.0,22.9,2.2,0.1,,,340.0,,,,67.0,0.0,,,1.131777,,
2026-09-03T05:00:00+00:00,2026-09-03T05:05:18.192986+00:00,2026-09-03T05:05:18.192986+00:00,2026-09-03 08:00 (Local Time),ACHNA,,,,,1,8,25.8,,28.2,22.7,1.3,0.8,,,331.0,,,,70.0,0.0,,,0.668777,,
2026-09-03T05:00:00+00:00,2026-09-03T05:05:18.192986+00:00,2026-09-03T05:05:18.192986+00:00,2026-09-03 08:00 (Local Time),AGROS,,,,,1,10,25.3,,25.6,19.9,1.0,0.1,634.0,270.0,129.0,,,,49.0,0.0,,,0.514444,,
2026-09-03T05:00:00+00:00,2026-09-03T05:05:18.192986+00:00,2026-09-03T05:05:18.192986+00:00,2026-09-03 08:00 (Local Time),AKAMAS,,,,,1,7,24.5,,27.1,23.2,2.5,,,,203.0,,,,85.0,0.0,,,1.28611,,
2026-09-03T05:00:00+00:00,2026-09-03T05:05:18.192986+00:00,2026-09-03T05:05:18.192986+00:00,,ALONOUDI,,,,,0,0,,,,,,,,,,,,,,,,,,,
2026-09-03T05:00:00+00:00,2026-09-03T05:05:18.192986+00:00,2026-09-03T05:05:18.192986+00:00,2026-09-03 08:00 (Local Time),AMARGETI,,,,,1,9,27.4,,28.2,23.1,0.6,0.4,,,260.0,,,,44.0,0.0,958.7,,0.308666,,
2026-09-03T05:00:00+00:00,2026-09-03T05:05:18.192986+00:00,2026-09-03T05:05:18.192986+00:00,2026-09-03 08:00 (Local Time),ASTROMERITIS,,,,,1,6,29.1,,,,4.7,2.0,,,155.0,,,,39.0,0.0,,,2.417887,,
2026-09-03T05:00:00+00:00,2026-09-03T05:05:18.192986+00:00,2026-09-03T05:05:18.192986+00:00,2026-09-03 08:00 (Local Time),ATHALASSA,,,,,1,11,27.1,30.3,27.7,21.1,1.3,0.8,,,336.0,,,,58.0,0.0,990.3,,0.668777,,"{""Atmospheric Pressure (Mean Sea Level)"": {""unit"": ""hPa"", ""value"": 1008.7}}"
2026-09-03T05:00:00+00:00,2026-09-03T05:05:18.192986+00:00,2026-09-03T05:05:18.192986+00:00,2026-09-03 08:00 (Local Time),ATHIENOU,,,,,1,9,25.5,27.4,27.2,23.1,1.7,0.3,,,261.0,,,,69.0,0.0,,,0.874555,,
2026-09-03T05:00:00+00:00,2026-09-03T05:05:18.192986+00:00,2026-09-03T05:05:18.192986+00:00,2026-09-03 08:00 (Local Time),AVDIMOU,,,,,1,11,27.0,30.5,27.4,19.9,1.2,0.0,712.0,261.0,342.0,,,,67.0,0.0,,,0.617333,,
2026-09-03T05:00:00+00:00,2026-09-03T05:05:18.192986+00:00,2026-09-03T05:05:18.192986+00:00,2026-09-03 08:00 (Local Time),CAVO_GRECO,,,,,1,9,29.4,,29.5,23.7,2.4,1.0,,,236.0,,,,55.0,0.0,1001.4,,1.234666,,
2026-09-03T05:00:00+00:00,2026-09-03T05:05:18.192986+00:00,2026-09-03T05:05:18.192986+00:00,2026-09-03 08:00 (Local Time),CHROMIO,,,,,1,9,20.2,,20.4,15.8,4.6,1.1,,,62.0,,,,43.0,0.0,,,2.366442,,"{""Snow Depth"": {""unit"": ""cm"", ""value"": 0.0}}"
2026-09-03T05:00:00+00:00,2026-09-03T05:05:18.192986+00:00,2026-09-03T05:05:18.192986+00:00,2026-09-03 08:00 (Local Time),CYTASAT,,,,,1,10,24.6,,25.7,20.4,0.0,0.1,,,89.0,,,,68.0,0.0,983.2,,0.0,,"{""Atmospheric Pressure (Mean Sea Level)"": {""unit"": ""hPa"", ""value"": 1009.6}}"
2026-09-03T05:00:00+00:00,2026-09-03T05:05:18.192986+00:00,2026-09-03T05:05:18.192986+00:00,2026-09-03 08:00 (Local Time),EPTAGONEIA,,,,,1,8,22.4,,23.1,18.7,1.4,0.3,,,238.0,,,,58.0,0.0,,,0.720222,,
2026-09-03T05:00:00+00:00,2026-09-03T05:05:18.192986+00:00,2026-09-03T05:05:18.192986+00:00,2026-09-03 08:00 (Local Time),FANEROMENI,,,,,1,4,26.9,,,,,,,,,,,,75.0,0.0,,,,,"{""Rain Intensity (10 min.)"": {""unit"": ""mm/min"", ""value"": 0.0}}"
2026-09-03T05:00:00+00:00,2026-09-03T05:05:18.192986+00:00,2026-09-03T05:05:18.192986+00:00,2026-09-03 08:00 (Local Time),FARMAKAS,,,,,1,10,22.8,,23.3,19.8,2.2,1.0,650.0,241.0,154.0,,,,56.0,0.0,,,1.131777,,
2026-09-03T05:00:00+00:00,2026-09-03T05:05:18.192986+00:00,2026-09-03T05:05:18.192986+00:00,2026-09-03 08:00 (Local Time),FRENAROS,,,,,1,11,27.0,25.4,27.5,23.5,1.8,0.9,,266.0,296.0,,,,80.0,0.0,998.5,,0.925999,,
2026-09-03T05:00:00+00:00,2026-09-03T05:05:18.192986+00:00,2026-09-03T05:05:18.192986+00:00,2026-09-03 08:00 (Local Time),KALAVASOS,,,,,1,5,29.1,,29.5,22.4,,,,,,,,,49.0,0.0,,,,,
2026-09-03T05:00:00+00:00,2026-09-03T05:05:18.192986+00:00,2026-09-03T05:05:18.192986+00:00,2026-09-03 08:00 (Local Time),KALOPANAYIOTIS,,,,,1,9,22.2,,22.4,20.6,3.4,0.8,,20.0,162.0,,,,57.0,0.0,,,1.74911,,
2026-09-03T05:00:00+00:00,2026-09-03T05:05:18.192986+00:00,2026-09-03T05:05:18.192986+00:00,2026-09-03 08:00 (Local Time),KAMPOS,,,,,1,11,28.1,25.2,28.3,24.3,3.7,1.7,124.0,63.0,132.0,,,,33.0,0.0,,,1.903443,,
2026-09-03T05:00:00+00:00,2026-09-03T05:05:18.192986+00:00,2026-09-03T05:05:18.192986+00:00,2026-09-03 08:00 (Local Time),KANNAVIOU,,,,,1,6,24.7,,26.2,22.6,,3.2,,,,,,,48.0,0.0,,,,,
2026-09-03T05:00:00+00:00,2026-09-03T05:05:18.192986+00:00,2026-09-03T05:05:18.192986+00:00,2026-09-03 08:00 (Local Time),KATHIKAS,,,,,1,6,28.2,,28.5,24.0,,,,,,,,,40.0,0.0,,,,,"{""Accumulated Rainfall (24 hours)"": {""unit"": ""mm"", ""value"": 0.0}}"
2026-09-03T05:00:00+00:00,2026-09-03T05:05:18.192986+00:00,2026-09-03T05:05:18.192986+00:00,2026-09-03 08:00 (Local Time),KEPNIC,,,,,1,1,,,,,,,,,,,,,,0.0,,,,,
2026-09-03T05:00:00+00:00,2026-09-03T05:05:18.192986+00:00,2026-09-03T05:05:18.192986+00:00,2026-09-03 08:00 (Local Time),KILANI,,,,,1,7,25.6,,25.7,19.2,,1.4,,288.0,,,,,47.0,0.0,,,,,
2026-09-03T05:00:00+00:00,2026-09-03T05:05:18.192986+00:00,2026-09-03T05:05:18.192986+00:00,2026-09-03 08:00 (Local Time),KORNOS,,,,,1,3,29.6,,,,,,,,,,,,47.0,0.0,,,,,
2026-09-03T05:00:00+00:00,2026-09-03T05:05:18.192986+00:00,2026-09-03T05:05:18.192986+00:00,2026-09-03 08:00 (Local Time),KOURIS,,,,,1,8,27.3,,27.4,24.7,9.8,3.8,,,18.0,,,,42.0,0.0,,,5.041551,,
2026-09-03T05:00:00+00:00,2026-09-03T05:05:18.192986+00:00,2026-09-03T05:05:18.192986+00:00,2026-09-03 08:00 (Local Time),KPYRGOS,,,,,1,8,26.4,,26.6,23.2,5.8,1.9,,,138.0,,,,44.0,0.0,,,2.983775,,
2026-09-03T05:00:00+00:00,2026-09-03T05:05:18.192986+00:00,2026-09-03T05:05:18.192986+00:00,2026-09-03 08:00 (Local Time),KYPEROUNTA,,,,,1,6,23.3,,23.8,21.0,,2.5,,300.0,,,,,41.0,,,,,,
2026-09-03T05:00:00+00:00,2026-09-03T05:05:18.192986+00:00,2026-09-03T05:05:18.192986+00:00,2026-09-03 08:00 (Local Time),LCLK,,,,,1,9,29.3,,29.7,22.9,,0.4,,,,,,,68.0,0.0,,,,,"{""Atmospheric Pressure (QNH)"": {""unit"": ""hPa"", ""value"": 1008.3}, ""Wind Direction (10m) at Runway 22"": {""unit"": ""Degrees"", ""value"": 293.0}, ""Wind Speed (10m) at Runway 22"": {""unit"": ""Knots"", ""value"": 1.1}}"
2026-09-03T05:00:00+00:00,2026-09-03T05:05:18.192986+00:00,2026-09-03T05:05:18.192986+00:00,2026-09-03 08:00 (Local Time),LCPH,,,,,1,9,28.1,,28.3,24.1,,1.4,,,,,,,56.0,0.0,,,,,"{""Atmospheric Pressure (QNH)"": {""unit"": ""hPa"", ""value"": 1008.6}, ""Wind Direction (10m) at Runway 29"": {""unit"": ""Degrees"", ""value"": 26.0}, ""Wind Speed (10m) at Runway 29"": {""unit"": ""Knots"", ""value"": 4.5}}"
2026-09-03T05:00:00+00:00,2026-09-03T05:05:18.192986+00:00,2026-09-03T05:05:18.192986+00:00,2026-09-03 08:00 (Local Time),LEFKARA,,,,,1,6,23.0,,25.5,20.3,,0.7,,,,,,,63.0,0.0,,,,,
2026-09-03T05:00:00+00:00,2026-09-03T05:05:18.192986+00:00,2026-09-03T05:05:18.192986+00:00,2026-09-03 08:00 (Local Time),LEFKOSIA,,,,,1,7,24.8,,25.9,20.8,,0.9,,,,,,,69.0,0.0,,,,,"{""Accumulated Rainfall (24 hours)"": {""unit"": ""mm"", ""value"": 0.0}}"
2026-09-03T05:00:00+00:00,2026-09-03T05:05:18.192986+00:00,2026-09-03T05:05:18.192986+00:00,2026-09-03 08:00 (Local Time),LIMASSOL,,,,,1,10,27.4,,27.5,23.1,,1.1,,265.0,,,,,61.0,0.0,1007.4,,,,"{""Wind Direction (10m) at Port Gate"": {""unit"": ""Degrees"", ""value"": 350.0}, ""Wind Speed (10m) at Port Gate"": {""unit"": ""Knots"", ""value"": 2.3}}"
2026-09-03T05:00:00+00:00,2026-09-03T05:05:18.192986+00:00,2026-09-03T05:05:18.192986+00:00,2026-09-03 08:00 (Local Time),LINOU,,,,,1,9,29.6,,30.1,24.0,3.5,1.3,,,104.0,,,,39.0,0.0,963.1,,1.800554,,
2026-09-03T05:00:00+00:00,2026-09-03T05:05:18.192986+00:00,2026-09-03T05:05:18.192986+00:00,2026-09-03 08:00 (Local Time),LYSOS,,,,,1,7,27.9,,28.7,21.8,0.9,,,,146.0,,,,38.0,0.0,,,0.463,,
2026-09-03T05:00:00+00:00,2026-09-03T05:05:18.192986+00:00,2026-09-03T05:05:18.192986+00:00,2026-09-03 08:00 (Local Time),MALLIA,,,,,1,10,26.9,28.8,27.3,19.4,1.9,0.3,,305.0,90.0,,,,48.0,0.0,,,0.977444,,
2026-09-03T05:00:00+00:00,2026-09-03T05:05:18.192986+00:00,2026-09-03T05:05:18.192986+00:00,2026-09-03 08:00 (Local Time),MAMMARI,,,,,1,10,26.9,,27.2,22.3,,0.9,,281.0,,,,,53.0,0.0,,,,,"{""Atmospheric Pressure (QNH)"": {""unit"": ""hPa"", ""value"": 1009.8}, ""Wind Direction (10m) at Runway 12"": {""unit"": ""Degrees"", ""value"": 94.0}, ""Wind Speed (10m) at Runway 12"": {""unit"": ""Knots"", ""value"": 2.3}}"
2026-09-03T05:00:00+00:00,2026-09-03T05:05:18.192986+00:00,2026-09-03T05:05:18.192986+00:00,2026-09-03 08:00 (Local Time),MATHIATIS,,,,,1,10,27.0,,27.3,21.8,2.0,1.1,564.0,236.0,181.0,,,,53.0,0.0,,,1.028888,,
2026-09-03T05:00:00+00:00,2026-09-03T05:05:18.192986+00:00,2026-09-03T05:05:18.192986+00:00,2026-09-03 08:00 (Local Time),PANAGIA_BRIDGE,,,,,1,6,21.3,21.5,23.5,18.8,,,,,,,,,71.0,0.0,,,,,
2026-09-03T05:00:00+00:00,2026-09-03T05:05:18.192986+00:00,2026-09-03T05:05:18.192986+00:00,2026-09-03 08:00 (Local Time),PAPHOS,,,,,1,8,27.8,,28.1,23.0,0.8,0.8,,,40.0,,,,62.0,0.0,,,0.411555,,
2026-09-03T05:00:00+00:00,2026-09-03T05:05:18.192986+00:00,2026-09-03T05:05:18.192986+00:00,2026-09-03 08:00 (Local Time),PAREKLISIA,,,,,1,7,28.6,,28.9,22.5,0.5,,,,28.0,,,,57.0,0.0,,,0.257222,,
2026-09-03T05:00:00+00:00,2026-09-03T05:05:18.192986+00:00,2026-09-03T05:05:18.192986+00:00,2026-09-03 08:00 (Local Time),PENTAKOMO,,,,,1,8,28.4,,28.6,25.2,1.8,0.9,,,147.0,,,,68.0,0.0,,,0.925999,,
2026-09-03T05:00:00+00:00,2026-09-03T05:05:18.192986+00:00,2026-09-03T05:05:18.192986+00:00,2026-09-03 08:00 (Local Time),PLATANIA,,,,,1,6,21.9,,22.1,18.6,,0.3,,,,,,,50.0,0.0,,,,,
2026-09-03T05:00:00+00:00,2026-09-03T05:05:18.192986+00:00,2026-09-03T05:05:18.192986+00:00,2026-09-03 08:00 (Local Time),POLIS,,,,,1,11,27.1,,27.3,22.8,2.0,0.9,776.0,,135.0,,,,48.0,0.0,1005.0,,1.028888,,"{""Atmospheric Pressure (Mean Sea Level)"": {""unit"": ""hPa"", ""value"": 1007.7}}"
2026-09-03T05:00:00+00:00,2026-09-03T05:05:18.192986+00:00,2026-09-03T05:05:18.192986+00:00,2026-09-03 08:00 (Local Time),POLYSTYPOS,,,,,1,8,26.5,,27.2,21.6,0.0,0.5,,,314.0,,,,39.0,0.0,,,0.0,,
2026-09-03T05:00:00+00:00,2026-09-03T05:05:18.192986+00:00,2026-09-03T05:05:18.192986+00:00,2026-09-03 08:00 (Local Time),PRODROMOS,,,,,1,9,21.6,,22.2,18.8,2.4,0.9,,141.0,36.0,,,,43.0,0.0,,,1.234666,,
2026-09-03T05:00:00+00:00,2026-09-03T05:05:18.192986+00:00,2026-09-03T05:05:18.192986+00:00,2026-09-03 08:00 (Local Time),PYRGOS,,,,,1,5,27.4,,,,0.9,,,,39.8,,,,32.0,0.0,,,0.463,,
2026-09-03T05:00:00+00:00,2026-09-03T05:05:18.192986+00:00,2026-09-03T05:05:18.192986+00:00,2026-09-03 08:00 (Local Time),SAITTAS,,,,,1,5,23.8,,23.9,20.1,,,,,,,,,50.0,0.0,,,,,
2026-09-03T05:00:00+00:00,2026-09-03T05:05:18.192986+00:00,2026-09-03T05:05:18.192986+00:00,2026-09-03 08:00 (Local Time),TAMASOS,,,,,1,9,25.1,26.7,26.6,21.3,1.5,0.0,,,185.0,,,,54.0,0.0,,,0.771666,,
2026-09-03T05:00:00+00:00,2026-09-03T05:05:18.192986+00:00,2026-09-03T05:05:18.192986+00:00,2026-09-03 08:00 (Local Time),TEPAK,,,,,1,9,28.6,,28.7,23.6,1.6,0.6,,,321.0,,,,52.0,0.0,,,0.82311,,"{""Accumulated Rainfall (24 hours)"": {""unit"": ""mm"", ""value"": 0.0}}"
2026-09-03T05:00:00+00:00,2026-09-03T05:05:18.192986+00:00,2026-09-03T05:05:18.192986+00:00,2026-09-03 08:00 (Local Time),TRIPILOS,,,,,1,7,22.2,,22.3,20.4,4.1,,,,77.0,,,,48.0,0.0,,,2.10922,,
2026-09-03T05:00:00+00:00,2026-09-03T05:05:18.192986+00:00,2026-09-03T05:05:18.192986+00:00,2026-09-03 08:00 (Local Time),TROODOS,,,,,1,9,20.9,,21.7,16.5,2.2,0.7,,,76.0,,,,41.0,0.0,827.6,,1.131777,,
2026-09-03T05:00:00+00:00,2026-09-03T05:05:18.192986+00:00,2026-09-03T05:05:18.192986+00:00,2026-09-03 08:00 (Local Time),VISITOR,,,,,1,7,27.8,,28.3,21.3,0.7,,,,5.0,,,,63.0,0.0,,,0.360111,,
2026-09-03T05:00:00+00:00,2026-09-03T05:05:18.192986+00:00,2026-09-03T05:05:18.192986+00:00,2026-09-03 08:00 (Local Time),XYLIATOS,,,,,1,8,25.5,,25.6,22.4,0.0,,,96.0,350.0,,,,44.0,0.0,,,0.0,,
2026-09-03T05:00:00+00:00,2026-09-03T05:05:18.192986+00:00,2026-09-03T05:05:18.192986+00:00,2026-09-03 08:00 (Local Time),XYLOPHAGOU,,,,,1,9,26.7,32.5,27.8,23.4,1.4,0.0,,,5.0,,,,78.0,0.0,,,0.720222,,
2026-09-03T05:00:00+00:00,2026-09-03T05:05:18.192986+00:00,2026-09-03T05:05:18.192986+00:00,2026-09-03 08:00 (Local Time),ZYGI,,,,,1,9,28.2,33.9,28.5,21.5,0.8,0.3,,,324.0,,,,53.0,0.0,,,0.411555,,
2026-09-03T09:30:00+00:00,2026-09-03T09:39:30.444970+00:00,2026-09-03T09:39:30.444970+00:00,2026-09-03 12:30 (Local Time),ACHNA,,,,,1,8,33.5,,34.0,22.7,4.6,1.6,,,176.0,,,,51.0,0.0,,,2.366442,,
2026-09-03T09:30:00+00:00,2026-09-03T09:39:30.444970+00:00,2026-09-03T09:39:30.444970+00:00,2026-09-03 12:30 (Local Time),AGROS,,,,,1,10,29.9,,32.2,19.9,3.9,1.7,612.0,814.0,161.0,,,,40.0,0.0,,,2.006332,,
2026-09-03T09:30:00+00:00,2026-09-03T09:39:30.444970+00:00,2026-09-03T09:39:30.444970+00:00,2026-09-03 12:30 (Local Time),AKAMAS,,,,,1,7,30.0,,31.3,23.2,8.2,,,,221.0,,,,63.0,0.0,,,4.218441,,
2026-09-03T09:30:00+00:00,2026-09-03T09:39:30.444970+00:00,2026-09-03T09:39:30.444970+00:00,2026-09-03 12:30 (Local Time),ALONOUDI,,,,,1,5,35.1,,36.4,18.8,,,,,,,,,30.0,0.0,,,,,
2026-09-03T09:30:00+00:00,2026-09-03T09:39:30.444970+00:00,2026-09-03T09:39:30.444970+00:00,2026-09-03 12:30 (Local Time),AMARGETI,,,,,1,9,34.0,,35.4,23.1,4.8,1.5,,,197.0,,,,39.0,0.0,957.9,,2.469331,,
2026-09-03T09:30:00+00:00,2026-09-03T09:39:30.444970+00:00,2026-09-03T09:39:30.444970+00:00,2026-09-03 12:30 (Local Time),ASTROMERITIS,,,,,1,6,34.1,,,,10.3,3.8,,,320.0,,,,37.0,0.0,,,5.298773,,
2026-09-03T09:30:00+00:00,2026-09-03T09:39:30.444970+00:00,2026-09-03T09:39:30.444970+00:00,2026-09-03 12:30 (Local Time),ATHALASSA,,,,,1,11,36.8,42.3,37.1,21.1,2.4,1.4,,,145.0,,,,26.0,0.0,988.8,,1.234666,,"{""Atmospheric Pressure (Mean Sea Level)"": {""unit"": ""hPa"", ""value"": 1006.6}}"
2026-09-03T09:30:00+00:00,2026-09-03T09:39:30.444970+00:00,2026-09-03T09:39:30.444970+00:00,2026-09-03 12:30 (Local Time),ATHIENOU,,,,,1,9,35.5,46.2,35.9,23.1,6.0,2.4,,,129.0,,,,34.0,0.0,,,3.086664,,
2026-09-03T09:30:00+00:00,2026-09-03T09:39:30.444970+00:00,2026-09-03T09:39:30.444970+00:00,2026-09-03 12:30 (Local Time),AVDIMOU,,,,,1,11,32.3,46.9,32.5,19.9,4.2,2.1,828.0,914.0,134.0,,,,56.0,0.0,,,2.160665,,
2026-09-03T09:30:00+00:00,2026-09-03T09:39:30.444970+00:00,2026-09-03T09:39:30.444970+00:00,2026-09-03 12:30 (Local Time),CAVO_GRECO,,,,,1,9,32.0,,32.1,23.7,4.6,1.6,,,169.0,,,,66.0,0.0,1000.8,,2.366442,,
2026-09-03T09:30:00+00:00,2026-09-03T09:39:30.444970+00:00,2026-09-03T09:39:30.444970+00:00,2026-09-03 12:30 (Local Time),CHROMIO,,,,,1,9,23.2,,25.1,15.8,6.5,1.3,,,84.0,,,,40.0,0.0,,,3.343886,,"{""Snow Depth"": {""unit"": ""cm"", ""value"": 0.0}}"
2026-09-03T09:30:00+00:00,2026-09-03T09:39:30.444970+00:00,2026-09-03T09:39:30.444970+00:00,2026-09-03 12:30 (Local Time),CYTASAT,,,,,1,10,33.7,,33.9,20.4,1.9,1.3,,,146.0,,,,38.0,0.0,982.3,,0.977444,,"{""Atmospheric Pressure (Mean Sea Level)"": {""unit"": ""hPa"", ""value"": 1007.8}}"
2026-09-03T09:30:00+00:00,2026-09-03T09:39:30.444970+00:00,2026-09-03T09:39:30.444970+00:00,2026-09-03 12:30 (Local Time),EPTAGONEIA,,,,,1,8,32.5,,35.2,18.7,5.3,2.0,,,212.0,,,,39.0,0.0,,,2.726553,,
2026-09-03T09:30:00+00:00,2026-09-03T09:39:30.444970+00:00,2026-09-03T09:39:30.444970+00:00,2026-09-03 12:30 (Local Time),FANEROMENI,,,,,1,4,33.7,,,,,,,,,,,,57.0,0.0,,,,,"{""Rain Intensity (10 min.)"": {""unit"": ""mm/min"", ""value"": 0.0}}"
2026-09-03T09:30:00+00:00,2026-09-03T09:39:30.444970+00:00,2026-09-03T09:39:30.444970+00:00,2026-09-03 12:30 (Local Time),FARMAKAS,,,,,1,10,33.2,,34.6,19.8,4.7,2.2,822.0,926.0,194.0,,,,35.0,0.0,,,2.417887,,
2026-09-03T09:30:00+00:00,2026-09-03T09:39:30.444970+00:00,2026-09-03T09:39:30.444970+00:00,2026-09-03 12:30 (Local Time),FRENAROS,,,,,1,11,34.1,38.0,34.3,23.5,4.5,2.1,,879.0,151.0,,,,54.0,0.0,997.7,,2.314998,,
2026-09-03T09:30:00+00:00,2026-09-03T09:39:30.444970+00:00,2026-09-03T09:39:30.444970+00:00,2026-09-03 12:30 (Local Time),KALAVASOS,,,,,1,5,35.3,,35.5,22.4,,,,,,,,,38.0,0.0,,,,,
2026-09-03T09:30:00+00:00,2026-09-03T09:39:30.444970+00:00,2026-09-03T09:39:30.444970+00:00,2026-09-03 12:30 (Local Time),KALOPANAYIOTIS,,,,,1,9,32.6,,34.2,20.6,5.7,1.1,,341.0,322.0,,,,33.0,0.0,,,2.932331,,
2026-09-03T09:30:00+00:00,2026-09-03T09:39:30.444970+00:00,2026-09-03T09:39:30.444970+00:00,2026-09-03 12:30 (Local Time),KAMPOS,,,,,1,11,35.7,38.4,36.8,24.3,2.7,1.4,671.0,701.0,117.0,,,,27.0,0.0,,,1.388999,,
2026-09-03T09:30:00+00:00,2026-09-03T09:39:30.444970+00:00,2026-09-03T09:39:30.444970+00:00,2026-09-03 12:30 (Local Time),KANNAVIOU,,,,,1,6,34.7,,35.1,22.6,,2.1,,,,,,,32.0,0.0,,,,,
2026-09-03T09:30:00+00:00,2026-09-03T09:39:30.444970+00:00,2026-09-03T09:39:30.444970+00:00,2026-09-03 12:30 (Local Time),KATHIKAS,,,,,1,6,30.4,,31.8,24.0,,,,,,,,,50.0,0.0,,,,,"{""Accumulated Rainfall (24 hours)"": {""unit"": ""mm"", ""value"": 0.0}}"
2026-09-03T09:30:00+00:00,2026-09-03T09:39:30.444970+00:00,2026-09-03T09:39:30.444970+00:00,2026-09-03 12:30 (Local Time),KEPNIC,,,,,1,1,,,,,,,,,,,,,,0.0,,,,,
2026-09-03T09:30:00+00:00,2026-09-03T09:39:30.444970+00:00,2026-09-03T09:39:30.444970+00:00,2026-09-03 12:30 (Local Time),KILANI,,,,,1,7,30.7,,31.2,19.2,,2.0,,927.0,,,,,38.0,0.0,,,,,
2026-09-03T09:30:00+00:00,2026-09-03T09:39:30.444970+00:00,2026-09-03T09:39:30.444970+00:00,2026-09-03 12:30 (Local Time),KORNOS,,,,,1,3,34.1,,,,,,,,,,,,33.0,0.0,,,,,
2026-09-03T09:30:00+00:00,2026-09-03T09:39:30.444970+00:00,2026-09-03T09:39:30.444970+00:00,2026-09-03 12:30 (Local Time),KOURIS,,,,,1,8,33.6,,34.5,24.7,4.8,1.6,,,200.0,,,,50.0,0.0,,,2.469331,,
2026-09-03T09:30:00+00:00,2026-09-03T09:39:30.444970+00:00,2026-09-03T09:39:30.444970+00:00,2026-09-03 12:30 (Local Time),KPYRGOS,,,,,1,8,30.7,,31.5,23.2,7.5,2.7,,,335.0,,,,68.0,0.0,,,3.85833,,
2026-09-03T09:30:00+00:00,2026-09-03T09:39:30.444970+00:00,2026-09-03T09:39:30.444970+00:00,2026-09-03 12:30 (Local Time),KYPEROUNTA,,,,,1,6,25.7,,27.9,21.0,,1.0,,343.0,,,,,39.0,,,,,,
2026-09-03T09:30:00+00:00,2026-09-03T09:39:30.444970+00:00,2026-09-03T09:39:30.444970+00:00,2026-09-03 12:30 (Local Time),LCLK,,,,,1,9,32.1,,32.3,22.9,,2.7,,,,,,,63.0,0.0,,,,,"{""Atmospheric Pressure (QNH)"": {""unit"": ""hPa"", ""value"": 1007.4}, ""Wind Direction (10m) at Runway 22"": {""unit"": ""Degrees"", ""value"": 166.0}, ""Wind Speed (10m) at Runway 22"": {""unit"": ""Knots"", ""value"": 6.8}}"
2026-09-03T09:30:00+00:00,2026-09-03T09:39:30.444970+00:00,2026-09-03T09:39:30.444970+00:00,2026-09-03 12:30 (Local Time),LCPH,,,,,1,9,30.9,,31.1,24.1,,2.8,,,,,,,69.0,0.0,,,,,"{""Atmospheric Pressure (QNH)"": {""unit"": ""hPa"", ""value"": 1007.8}, ""Wind Direction (10m) at Runway 29"": {""unit"": ""Degrees"", ""value"": 230.0}, ""Wind Speed (10m) at Runway 29"": {""unit"": ""Knots"", ""value"": 8.0}}"
2026-09-03T09:30:00+00:00,2026-09-03T09:39:30.444970+00:00,2026-09-03T09:39:30.444970+00:00,2026-09-03 12:30 (Local Time),LEFKARA,,,,,1,6,35.2,,35.8,20.3,,1.2,,,,,,,32.0,0.0,,,,,
2026-09-03T09:30:00+00:00,2026-09-03T09:39:30.444970+00:00,2026-09-03T09:39:30.444970+00:00,2026-09-03 12:30 (Local Time),LEFKOSIA,,,,,1,7,37.2,,37.5,20.8,,0.6,,,,,,,27.0,0.0,,,,,"{""Accumulated Rainfall (24 hours)"": {""unit"": ""mm"", ""value"": 0.0}}"
2026-09-03T09:30:00+00:00,2026-09-03T09:39:30.444970+00:00,2026-09-03T09:39:30.444970+00:00,2026-09-03 12:30 (Local Time),LIMASSOL,,,,,1,10,31.5,,31.8,23.1,,2.0,,895.0,,,,,61.0,0.0,1006.7,,,,"{""Wind Direction (10m) at Port Gate"": {""unit"": ""Degrees"", ""value"": 133.0}, ""Wind Speed (10m) at Port Gate"": {""unit"": ""Knots"", ""value"": 4.4}}"
2026-09-03T09:30:00+00:00,2026-09-03T09:39:30.444970+00:00,2026-09-03T09:39:30.444970+00:00,2026-09-03 12:30 (Local Time),LINOU,,,,,1,9,32.6,,33.7,24.0,7.2,2.7,,,330.0,,,,36.0,0.0,962.2,,3.703997,,
2026-09-03T09:30:00+00:00,2026-09-03T09:39:30.444970+00:00,2026-09-03T09:39:30.444970+00:00,2026-09-03 12:30 (Local Time),LYSOS,,,,,1,7,31.9,,33.0,21.8,6.4,,,,306.0,,,,41.0,0.0,,,3.292442,,
2026-09-03T09:30:00+00:00,2026-09-03T09:39:30.444970+00:00,2026-09-03T09:39:30.444970+00:00,2026-09-03 12:30 (Local Time),MALLIA,,,,,1,10,32.5,44.3,33.9,19.4,6.2,2.0,,942.0,125.0,,,,42.0,0.0,,,3.189553,,
2026-09-03T09:30:00+00:00,2026-09-03T09:39:30.444970+00:00,2026-09-03T09:39:30.444970+00:00,2026-09-03 12:30 (Local Time),MAMMARI,,,,,1,10,36.6,,37.1,22.3,,2.2,,909.0,,,,,21.0,0.0,,,,,"{""Atmospheric Pressure (QNH)"": {""unit"": ""hPa"", ""value"": 1008.4}, ""Wind Direction (10m) at Runway 12"": {""unit"": ""Degrees"", ""value"": 89.0}, ""Wind Speed (10m) at Runway 12"": {""unit"": ""Knots"", ""value"": 4.2}}"
2026-09-03T09:30:00+00:00,2026-09-03T09:39:30.444970+00:00,2026-09-03T09:39:30.444970+00:00,2026-09-03 12:30 (Local Time),MATHIATIS,,,,,1,10,33.6,,34.3,21.8,7.2,2.7,673.0,902.0,148.0,,,,36.0,0.0,,,3.703997,,
2026-09-03T09:30:00+00:00,2026-09-03T09:39:30.444970+00:00,2026-09-03T09:39:30.444970+00:00,2026-09-03 12:30 (Local Time),PANAGIA_BRIDGE,,,,,1,6,35.1,48.4,35.6,18.8,,,,,,,,,24.0,0.0,,,,,
2026-09-03T09:30:00+00:00,2026-09-03T09:39:30.444970+00:00,2026-09-03T09:39:30.444970+00:00,2026-09-03 12:30 (Local Time),PAPHOS,,,,,1,8,30.9,,32.3,23.0,3.1,1.8,,,254.0,,,,64.0,0.0,,,1.594776,,
2026-09-03T09:30:00+00:00,2026-09-03T09:39:30.444970+00:00,2026-09-03T09:39:30.444970+00:00,2026-09-03 12:30 (Local Time),PAREKLISIA,,,,,1,7,35.4,,36.2,22.5,1.3,,,,195.0,,,,50.0,0.0,,,0.668777,,
2026-09-03T09:30:00+00:00,2026-09-03T09:39:30.444970+00:00,2026-09-03T09:39:30.444970+00:00,2026-09-03 12:30 (Local Time),PENTAKOMO,,,,,1,8,30.3,,32.9,25.2,4.2,2.0,,,172.0,,,,72.0,0.0,,,2.160665,,
2026-09-03T09:30:00+00:00,2026-09-03T09:39:30.444970+00:00,2026-09-03T09:39:30.444970+00:00,2026-09-03 12:30 (Local Time),PLATANIA,,,,,1,6,29.5,,30.3,18.6,,0.6,,,,,,,33.0,0.0,,,,,
2026-09-03T09:30:00+00:00,2026-09-03T09:39:30.444970+00:00,2026-09-03T09:39:30.444970+00:00,2026-09-03 12:30 (Local Time),POLIS,,,,,1,11,30.5,,32.7,22.8,6.7,3.0,875.0,,318.0,,,,70.0,0.0,1004.4,,3.446775,,"{""Atmospheric Pressure (Mean Sea Level)"": {""unit"": ""hPa"", ""value"": 1007.0}}"
2026-09-03T09:30:00+00:00,2026-09-03T09:39:30.444970+00:00,2026-09-03T09:39:30.444970+00:00,2026-09-03 12:30 (Local Time),POLYSTYPOS,,,,,1,8,29.4,,30.2,21.6,2.2,1.3,,,167.0,,,,29.0,0.0,,,1.131777,,
2026-09-03T09:30:00+00:00,2026-09-03T09:39:30.444970+00:00,2026-09-03T09:39:30.444970+00:00,2026-09-03 12:30 (Local Time),PRODROMOS,,,,,1,9,24.9,,26.2,18.8,2.2,0.9,,294.0,23.0,,,,42.0,0.0,,,1.131777,,
2026-09-03T09:30:00+00:00,2026-09-03T09:39:30.444970+00:00,2026-09-03T09:39:30.444970+00:00,2026-09-03 12:30 (Local Time),PYRGOS,,,,,1,5,31.3,,,,2.6,,,,307.0,,,,57.0,0.0,,,1.337554,,
2026-09-03T09:30:00+00:00,2026-09-03T09:39:30.444970+00:00,2026-09-03T09:39:30.444970+00:00,2026-09-03 12:30 (Local Time),SAITTAS,,,,,1,5,34.2,,34.3,20.1,,,,,,,,,37.0,0.0,,,,,
2026-09-03T09:30:00+00:00,2026-09-03T09:39:30.444970+00:00,2026-09-03T09:39:30.444970+00:00,2026-09-03 12:30 (Local Time),TAMASOS,,,,,1,9,34.8,45.9,35.0,21.3,2.4,0.6,,,34.0,,,,28.0,0.0,,,1.234666,,
2026-09-03T09:30:00+00:00,2026-09-03T09:39:30.444970+00:00,2026-09-03T09:39:30.444970+00:00,2026-09-03 12:30 (Local Time),TEPAK,,,,,1,9,31.6,,32.1,23.6,2.3,1.3,,,136.0,,,,60.0,0.0,,,1.183221,,"{""Accumulated Rainfall (24 hours)"": {""unit"": ""mm"", ""value"": 0.0}}"
2026-09-03T09:30:00+00:00,2026-09-03T09:39:30.444970+00:00,2026-09-03T09:39:30.444970+00:00,2026-09-03 12:30 (Local Time),TRIPILOS,,,,,1,7,30.8,,31.6,20.4,4.1,,,,241.0,,,,35.0,0.0,,,2.10922,,
2026-09-03T09:30:00+00:00,2026-09-03T09:39:30.444970+00:00,2026-09-03T09:39:30.444970+00:00,2026-09-03 12:30 (Local Time),TROODOS,,,,,1,9,24.8,,26.3,16.5,4.9,1.4,,,111.0,,,,38.0,0.0,827.2,,2.520776,,
2026-09-03T09:30:00+00:00,2026-09-03T09:39:30.444970+00:00,2026-09-03T09:39:30.444970+00:00,2026-09-03 12:30 (Local Time),VISITOR,,,,,1,7,37.2,,37.5,21.3,4.6,,,,131.0,,,,28.0,0.0,,,2.366442,,
2026-09-03T09:30:00+00:00,2026-09-03T09:39:30.444970+00:00,2026-09-03T09:39:30.444970+00:00,2026-09-03 12:30 (Local Time),XYLIATOS,,,,,1,8,32.6,,33.3,22.4,6.9,,,917.0,343.0,,,,30.0,0.0,,,3.549664,,
2026-09-03T09:30:00+00:00,2026-09-03T09:39:30.444970+00:00,2026-09-03T09:39:30.444970+00:00,2026-09-03 12:30 (Local Time),XYLOPHAGOU,,,,,1,9,31.9,42.0,32.3,23.4,6.7,2.2,,,182.0,,,,62.0,0.0,,,3.446775,,
2026-09-03T09:30:00+00:00,2026-09-03T09:39:30.444970+00:00,2026-09-03T09:39:30.444970+00:00,2026-09-03 12:30 (Local Time),ZYGI,,,,,1,9,32.6,42.1,33.0,21.5,3.7,1.5,,,170.0,,,,52.0,0.0,,,1.903443,,
2026-09-03T13:50:00+00:00,2026-09-03T13:53:05.760897+00:00,2026-09-03T13:53:05.760897+00:00,2026-09-03 16:40 (Local Time),ACHNA,,,,,1,8,31.5,,34.1,22.7,7.6,2.1,,,181.0,,,,56.0,0.0,,,3.909774,,
2026-09-03T13:50:00+00:00,2026-09-03T13:53:05.760897+00:00,2026-09-03T13:53:05.760897+00:00,2026-09-03 16:40 (Local Time),AGROS,,,,,1,10,28.4,,32.2,19.9,2.2,0.3,465.0,394.0,81.0,,,,43.0,0.0,,,1.131777,,
2026-09-03T13:50:00+00:00,2026-09-03T13:53:05.760897+00:00,2026-09-03T13:53:05.760897+00:00,2026-09-03 16:40 (Local Time),AKAMAS,,,,,1,7,29.4,,31.6,23.2,10.7,,,,219.0,,,,58.0,0.0,,,5.504551,,
2026-09-03T13:50:00+00:00,2026-09-03T13:53:05.760897+00:00,2026-09-03T13:53:05.760897+00:00,2026-09-03 16:40 (Local Time),ALONOUDI,,,,,1,5,27.9,,36.4,18.8,,,,,,,,,60.0,0.0,,,,,
2026-09-03T13:50:00+00:00,2026-09-03T13:53:05.760897+00:00,2026-09-03T13:53:05.760897+00:00,2026-09-03 16:40 (Local Time),AMARGETI,,,,,1,9,33.8,,35.4,23.1,5.8,1.6,,,236.0,,,,35.0,0.0,956.9,,2.983775,,
2026-09-03T13:50:00+00:00,2026-09-03T13:53:05.760897+00:00,2026-09-03T13:53:05.760897+00:00,2026-09-03 16:40 (Local Time),ASTROMERITIS,,,,,1,6,30.4,,,,7.8,3.0,,,306.0,,,,51.0,0.0,,,4.012663,,
2026-09-03T13:50:00+00:00,2026-09-03T13:53:05.760897+00:00,2026-09-03T13:53:05.760897+00:00,2026-09-03 16:40 (Local Time),ATHALASSA,,,,,1,11,37.1,41.9,38.3,21.1,2.7,1.2,,,167.0,,,,25.0,0.0,987.4,,1.388999,,"{""Atmospheric Pressure (Mean Sea Level)"": {""unit"": ""hPa"", ""value"": 1005.2}}"
2026-09-03T13:50:00+00:00,2026-09-03T13:53:05.760897+00:00,2026-09-03T13:53:05.760897+00:00,2026-09-03 16:40 (Local Time),ATHIENOU,,,,,1,9,33.8,41.8,36.8,23.1,9.9,3.9,,,149.0,,,,31.0,0.0,,,5.092996,,
2026-09-03T13:50:00+00:00,2026-09-03T13:53:05.760897+00:00,2026-09-03T13:53:05.760897+00:00,2026-09-03 16:40 (Local Time),AVDIMOU,,,,,1,11,33.1,41.8,35.2,19.9,4.2,1.8,906.0,483.0,215.0,,,,47.0,0.0,,,2.160665,,
2026-09-03T13:50:00+00:00,2026-09-03T13:53:05.760897+00:00,2026-09-03T13:53:05.760897+00:00,2026-09-03 16:40 (Local Time),CAVO_GRECO,,,,,1,9,30.2,,32.6,23.7,8.6,3.1,,,218.0,,,,66.0,0.0,999.4,,4.424218,,
2026-09-03T13:50:00+00:00,2026-09-03T13:53:05.760897+00:00,2026-09-03T13:53:05.760897+00:00,2026-09-03 16:40 (Local Time),CHROMIO,,,,,1,9,19.3,,25.1,15.8,4.2,1.5,,,257.0,,,,60.0,0.0,,,2.160665,,"{""Snow Depth"": {""unit"": ""cm"", ""value"": 0.0}}"
2026-09-03T13:50:00+00:00,2026-09-03T13:53:05.760897+00:00,2026-09-03T13:53:05.760897+00:00,2026-09-03 16:40 (Local Time),CYTASAT,,,,,1,10,33.2,,34.7,20.4,4.0,1.4,,,203.0,,,,41.0,0.0,981.0,,2.057776,,"{""Atmospheric Pressure (Mean Sea Level)"": {""unit"": ""hPa"", ""value"": 1006.6}}"
2026-09-03T13:50:00+00:00,2026-09-03T13:53:05.760897+00:00,2026-09-03T13:53:05.760897+00:00,2026-09-03 16:40 (Local Time),EPTAGONEIA,,,,,1,8,31.4,,35.2,18.7,6.8,2.5,,,242.0,,,,43.0,0.0,,,3.498219,,
2026-09-03T13:50:00+00:00,2026-09-03T13:53:05.760897+00:00,2026-09-03T13:53:05.760897+00:00,2026-09-03 16:40 (Local Time),FANEROMENI,,,,,1,4,33.1,,,,,,,,,,,,51.0,0.0,,,,,"{""Rain Intensity (10 min.)"": {""unit"": ""mm/min"", ""value"": 0.0}}"
2026-09-03T13:50:00+00:00,2026-09-03T13:53:05.760897+00:00,2026-09-03T13:53:05.760897+00:00,2026-09-03 16:40 (Local Time),FARMAKAS,,,,,1,10,30.1,,35.0,19.8,3.5,1.2,170.0,129.0,356.0,,,,36.0,0.0,,,1.800554,,
2026-09-03T13:50:00+00:00,2026-09-03T13:53:05.760897+00:00,2026-09-03T13:53:05.760897+00:00,2026-09-03 16:40 (Local Time),FRENAROS,,,,,1,11,32.3,35.8,34.5,23.5,8.9,3.4,,444.0,181.0,,,,53.0,0.0,996.3,,4.578552,,
2026-09-03T13:50:00+00:00,2026-09-03T13:53:05.760897+00:00,2026-09-03T13:53:05.760897+00:00,2026-09-03 16:40 (Local Time),KALAVASOS,,,,,1,5,35.2,,37.3,22.4,,,,,,,,,44.0,0.0,,,,,
2026-09-03T13:50:00+00:00,2026-09-03T13:53:05.760897+00:00,2026-09-03T13:53:05.760897+00:00,2026-09-03 16:40 (Local Time),KALOPANAYIOTIS,,,,,1,9,30.4,,34.2,20.6,5.2,1.1,,250.0,324.0,,,,49.0,0.0,,,2.675109,,
2026-09-03T13:50:00+00:00,2026-09-03T13:53:05.760897+00:00,2026-09-03T13:53:05.760897+00:00,2026-09-03 16:40 (Local Time),KAMPOS,,,,,1,11,28.0,30.3,36.8,24.3,4.0,2.0,7.0,163.0,136.0,,,,69.0,0.0,,,2.057776,,
2026-09-03T13:50:00+00:00,2026-09-03T13:53:05.760897+00:00,2026-09-03T13:53:05.760897+00:00,2026-09-03 16:40 (Local Time),KANNAVIOU,,,,,1,6,32.8,,35.1,22.6,,2.2,,,,,,,50.0,0.0,,,,,
2026-09-03T13:50:00+00:00,2026-09-03T13:53:05.760897+00:00,2026-09-03T13:53:05.760897+00:00,2026-09-03 16:40 (Local Time),KATHIKAS,,,,,1,6,30.4,,32.3,24.0,,,,,,,,,57.0,0.0,,,,,"{""Accumulated Rainfall (24 hours)"": {""unit"": ""mm"", ""value"": 0.0}}"
2026-09-03T13:50:00+00:00,2026-09-03T13:53:05.760897+00:00,2026-09-03T13:53:05.760897+00:00,2026-09-03 16:40 (Local Time),KEPNIC,,,,,1,1,,,,,,,,,,,,,,0.0,,,,,
2026-09-03T13:50:00+00:00,2026-09-03T13:53:05.760897+00:00,2026-09-03T13:53:05.760897+00:00,2026-09-03 16:40 (Local Time),KILANI,,,,,1,7,28.8,,31.2,19.2,,1.7,,489.0,,,,,43.0,0.0,,,,,
2026-09-03T13:50:00+00:00,2026-09-03T13:53:05.760897+00:00,2026-09-03T13:53:05.760897+00:00,2026-09-03 16:40 (Local Time),KORNOS,,,,,1,3,33.4,,,,,,,,,,,,34.0,0.0,,,,,
2026-09-03T13:50:00+00:00,2026-09-03T13:53:05.760897+00:00,2026-09-03T13:53:05.760897+00:00,2026-09-03 16:40 (Local Time),KOURIS,,,,,1,8,32.7,,35.5,24.7,7.6,1.8,,,210.0,,,,53.0,0.0,,,3.909774,,
2026-09-03T13:50:00+00:00,2026-09-03T13:53:05.760897+00:00,2026-09-03T13:53:05.760897+00:00,2026-09-03 16:40 (Local Time),KPYRGOS,,,,,1,8,30.1,,31.5,23.2,6.2,2.4,,,323.0,,,,73.0,0.0,,,3.189553,,
2026-09-03T13:50:00+00:00,2026-09-03T13:53:05.760897+00:00,2026-09-03T13:53:05.760897+00:00,2026-09-03 16:40 (Local Time),KYPEROUNTA,,,,,1,6,24.9,,27.9,21.0,,1.6,,227.0,,,,,46.0,,,,,,
2026-09-03T13:50:00+00:00,2026-09-03T13:53:05.760897+00:00,2026-09-03T13:53:05.760897+00:00,2026-09-03 16:40 (Local Time),LCLK,,,,,1,9,32.1,,33.9,22.9,,4.4,,,,,,,59.0,0.0,,,,,"{""Atmospheric Pressure (QNH)"": {""unit"": ""hPa"", ""value"": 1006.0}, ""Wind Direction (10m) at Runway 22"": {""unit"": ""Degrees"", ""value"": 220.0}, ""Wind Speed (10m) at Runway 22"": {""unit"": ""Knots"", ""value"": 10.6}}"
2026-09-03T13:50:00+00:00,2026-09-03T13:53:05.760897+00:00,2026-09-03T13:53:05.760897+00:00,2026-09-03 16:40 (Local Time),LCPH,,,,,1,9,30.3,,31.1,24.1,,4.0,,,,,,,70.0,0.0,,,,,"{""Atmospheric Pressure (QNH)"": {""unit"": ""hPa"", ""value"": 1006.7}, ""Wind Direction (10m) at Runway 29"": {""unit"": ""Degrees"", ""value"": 273.0}, ""Wind Speed (10m) at Runway 29"": {""unit"": ""Knots"", ""value"": 9.9}}"
2026-09-03T13:50:00+00:00,2026-09-03T13:53:05.760897+00:00,2026-09-03T13:53:05.760897+00:00,2026-09-03 16:40 (Local Time),LEFKARA,,,,,1,6,34.0,,36.8,20.3,,0.4,,,,,,,39.0,0.0,,,,,
2026-09-03T13:50:00+00:00,2026-09-03T13:53:05.760897+00:00,2026-09-03T13:53:05.760897+00:00,2026-09-03 16:40 (Local Time),LEFKOSIA,,,,,1,7,33.3,,38.1,20.8,,1.0,,,,,,,48.0,0.0,,,,,"{""Accumulated Rainfall (24 hours)"": {""unit"": ""mm"", ""value"": 0.0}}"
2026-09-03T13:50:00+00:00,2026-09-03T13:53:05.760897+00:00,2026-09-03T13:53:05.760897+00:00,2026-09-03 16:40 (Local Time),LIMASSOL,,,,,1,10,31.0,,33.4,23.1,,3.9,,472.0,,,,,65.0,0.0,1005.6,,,,"{""Wind Direction (10m) at Port Gate"": {""unit"": ""Degrees"", ""value"": 247.0}, ""Wind Speed (10m) at Port Gate"": {""unit"": ""Knots"", ""value"": 10.5}}"
2026-09-03T13:50:00+00:00,2026-09-03T13:53:05.760897+00:00,2026-09-03T13:53:05.760897+00:00,2026-09-03 16:40 (Local Time),LINOU,,,,,1,9,28.0,,33.7,24.0,2.8,1.5,,,284.0,,,,69.0,0.0,961.5,,1.440443,,
2026-09-03T13:50:00+00:00,2026-09-03T13:53:05.760897+00:00,2026-09-03T13:53:05.760897+00:00,2026-09-03 16:40 (Local Time),LYSOS,,,,,1,7,31.6,,34.4,21.8,4.3,,,,317.0,,,,50.0,0.0,,,2.212109,,
2026-09-03T13:50:00+00:00,2026-09-03T13:53:05.760897+00:00,2026-09-03T13:53:05.760897+00:00,2026-09-03 16:40 (Local Time),MALLIA,,,,,1,10,31.9,35.3,33.9,19.4,12.0,1.8,,489.0,256.0,,,,41.0,0.0,,,6.173328,,
2026-09-03T13:50:00+00:00,2026-09-03T13:53:05.760897+00:00,2026-09-03T13:53:05.760897+00:00,2026-09-03 16:40 (Local Time),MAMMARI,,,,,1,10,32.8,,37.8,22.3,,6.0,,447.0,,,,,44.0,0.0,,,,,"{""Atmospheric Pressure (QNH)"": {""unit"": ""hPa"", ""value"": 1007.3}, ""Wind Direction (10m) at Runway 12"": {""unit"": ""Degrees"", ""value"": 249.0}, ""Wind Speed (10m) at Runway 12"": {""unit"": ""Knots"", ""value"": 14.0}}"
2026-09-03T13:50:00+00:00,2026-09-03T13:53:05.760897+00:00,2026-09-03T13:53:05.760897+00:00,2026-09-03 16:40 (Local Time),MATHIATIS,,,,,1,10,31.7,,34.3,21.8,6.3,2.6,688.0,479.0,162.0,,,,38.0,0.0,,,3.240997,,
2026-09-03T13:50:00+00:00,2026-09-03T13:53:05.760897+00:00,2026-09-03T13:53:05.760897+00:00,2026-09-03 16:40 (Local Time),PANAGIA_BRIDGE,,,,,1,6,29.5,32.9,36.0,18.8,,,,,,,,,45.0,0.0,,,,,
2026-09-03T13:50:00+00:00,2026-09-03T13:53:05.760897+00:00,2026-09-03T13:53:05.760897+00:00,2026-09-03 16:40 (Local Time),PAPHOS,,,,,1,8,31.3,,32.3,23.0,3.5,2.0,,,264.0,,,,55.0,0.0,,,1.800554,,
2026-09-03T13:50:00+00:00,2026-09-03T13:53:05.760897+00:00,2026-09-03T13:53:05.760897+00:00,2026-09-03 16:40 (Local Time),PAREKLISIA,,,,,1,7,32.5,,36.2,22.5,1.7,,,,239.0,,,,52.0,0.0,,,0.874555,,
2026-09-03T13:50:00+00:00,2026-09-03T13:53:05.760897+00:00,2026-09-03T13:53:05.760897+00:00,2026-09-03 16:40 (Local Time),PENTAKOMO,,,,,1,8,30.1,,32.9,25.2,12.4,5.3,,,220.0,,,,73.0,0.0,,,6.379106,,
2026-09-03T13:50:00+00:00,2026-09-03T13:53:05.760897+00:00,2026-09-03T13:53:05.760897+00:00,2026-09-03 16:40 (Local Time),PLATANIA,,,,,1,6,23.9,,30.3,18.6,,0.0,,,,,,,54.0,0.0,,,,,
2026-09-03T13:50:00+00:00,2026-09-03T13:53:05.760897+00:00,2026-09-03T13:53:05.760897+00:00,2026-09-03 16:40 (Local Time),POLIS,,,,,1,11,31.3,,32.7,22.8,6.5,3.1,507.0,,32.0,,,,70.0,0.0,1003.0,,3.343886,,"{""Atmospheric Pressure (Mean Sea Level)"": {""unit"": ""hPa"", ""value"": 1005.6}}"
2026-09-03T13:50:00+00:00,2026-09-03T13:53:05.760897+00:00,2026-09-03T13:53:05.760897+00:00,2026-09-03 16:40 (Local Time),POLYSTYPOS,,,,,1,8,26.5,,30.8,21.6,3.0,1.2,,,327.0,,,,44.0,0.0,,,1.543332,,
2026-09-03T13:50:00+00:00,2026-09-03T13:53:05.760897+00:00,2026-09-03T13:53:05.760897+00:00,2026-09-03 16:40 (Local Time),PRODROMOS,,,,,1,9,22.4,,26.2,18.8,2.8,0.9,,134.0,59.0,,,,58.0,0.0,,,1.440443,,
2026-09-03T13:50:00+00:00,2026-09-03T13:53:05.760897+00:00,2026-09-03T13:53:05.760897+00:00,2026-09-03 16:40 (Local Time),PYRGOS,,,,,1,5,27.7,,,,8.1,,,,232.2,,,,64.0,0.0,,,4.166996,,
2026-09-03T13:50:00+00:00,2026-09-03T13:53:05.760897+00:00,2026-09-03T13:53:05.760897+00:00,2026-09-03 16:40 (Local Time),SAITTAS,,,,,1,5,33.2,,34.4,20.1,,,,,,,,,40.0,0.0,,,,,
2026-09-03T13:50:00+00:00,2026-09-03T13:53:05.760897+00:00,2026-09-03T13:53:05.760897+00:00,2026-09-03 16:40 (Local Time),TAMASOS,,,,,1,9,32.1,35.5,36.2,21.3,5.7,1.3,,,286.0,,,,35.0,0.0,,,2.932331,,
2026-09-03T13:50:00+00:00,2026-09-03T13:53:05.760897+00:00,2026-09-03T13:53:05.760897+00:00,2026-09-03 16:40 (Local Time),TEPAK,,,,,1,9,31.0,,34.1,23.6,4.2,1.5,,,280.0,,,,55.0,0.0,,,2.160665,,"{""Accumulated Rainfall (24 hours)"": {""unit"": ""mm"", ""value"": 0.0}}"
2026-09-03T13:50:00+00:00,2026-09-03T13:53:05.760897+00:00,2026-09-03T13:53:05.760897+00:00,2026-09-03 16:40 (Local Time),TRIPILOS,,,,,1,7,21.7,,31.6,20.4,1.8,,,,321.0,,,,73.0,0.0,,,0.925999,,
2026-09-03T13:50:00+00:00,2026-09-03T13:53:05.760897+00:00,2026-09-03T13:53:05.760897+00:00,2026-09-03 16:40 (Local Time),TROODOS,,,,,1,9,20.5,,26.3,16.5,2.6,1.0,,,236.0,,,,58.0,0.0,826.3,,1.337554,,
2026-09-03T13:50:00+00:00,2026-09-03T13:53:05.760897+00:00,2026-09-03T13:53:05.760897+00:00,2026-09-03 16:40 (Local Time),VISITOR,,,,,1,7,36.6,,37.7,21.3,3.9,,,,145.0,,,,28.0,0.0,,,2.006332,,
2026-09-03T13:50:00+00:00,2026-09-03T13:53:05.760897+00:00,2026-09-03T13:53:05.760897+00:00,2026-09-03 16:40 (Local Time),XYLIATOS,,,,,1,8,28.5,,33.3,22.4,3.0,,,330.0,349.0,,,,49.0,0.0,,,1.543332,,
2026-09-03T13:50:00+00:00,2026-09-03T13:53:05.760897+00:00,2026-09-03T13:53:05.760897+00:00,2026-09-03 16:40 (Local Time),XYLOPHAGOU,,,,,1,9,31.0,37.7,32.7,23.4,9.9,2.8,,,195.0,,,,66.0,0.0,,,5.092996,,
2026-09-03T13:50:00+00:00,2026-09-03T13:53:05.760897+00:00,2026-09-03T13:53:05.760897+00:00,2026-09-03 16:40 (Local Time),ZYGI,,,,,1,9,31.4,36.4,33.7,21.5,2.6,1.8,,,216.0,,,,64.0,0.0,,,1.337554,,
2026-09-03T17:10:00+00:00,2026-09-03T17:19:20.989738+00:00,2026-09-03T17:19:20.989738+00:00,2026-09-03 20:10 (Local Time),ACHNA,,,,,1,8,27.3,,34.1,22.7,1.3,0.6,,,196.0,,,,87.0,0.0,,,0.668777,,
2026-09-03T17:10:00+00:00,2026-09-03T17:19:20.989738+00:00,2026-09-03T17:19:20.989738+00:00,2026-09-03 20:10 (Local Time),AGROS,,,,,1,10,21.6,,32.2,19.9,2.7,1.4,4.0,0.0,318.0,,,,66.0,0.0,,,1.388999,,
2026-09-03T17:10:00+00:00,2026-09-03T17:19:20.989738+00:00,2026-09-03T17:19:20.989738+00:00,2026-09-03 20:10 (Local Time),AKAMAS,,,,,1,7,24.5,,31.6,23.2,5.1,,,,241.0,,,,80.0,0.0,,,2.623664,,
2026-09-03T17:10:00+00:00,2026-09-03T17:19:20.989738+00:00,2026-09-03T17:19:20.989738+00:00,2026-09-03 20:10 (Local Time),ALONOUDI,,,,,1,5,23.6,,36.4,18.8,,,,,,,,,81.0,0.0,,,,,
2026-09-03T17:10:00+00:00,2026-09-03T17:19:20.989738+00:00,2026-09-03T17:19:20.989738+00:00,2026-09-03 20:10 (Local Time),AMARGETI,,,,,1,9,25.9,,35.4,23.1,5.7,1.8,,,310.0,,,,63.0,0.0,957.2,,2.932331,,
2026-09-03T17:10:00+00:00,2026-09-03T17:19:20.989738+00:00,2026-09-03T17:19:20.989738+00:00,2026-09-03 20:10 (Local Time),ASTROMERITIS,,,,,1,6,26.5,,,,2.4,1.0,,,303.0,,,,84.0,0.0,,,1.234666,,
2026-09-03T17:10:00+00:00,2026-09-03T17:19:20.989738+00:00,2026-09-03T17:19:20.989738+00:00,2026-09-03 20:10 (Local Time),ATHALASSA,,,,,1,11,27.7,25.9,38.3,21.1,4.1,2.0,,,271.0,,,,76.0,0.0,988.5,,2.10922,,"{""Atmospheric Pressure (Mean Sea Level)"": {""unit"": ""hPa"", ""value"": 1006.8}}"
2026-09-03T17:10:00+00:00,2026-09-03T17:19:20.989738+00:00,2026-09-03T17:19:20.989738+00:00,2026-09-03 20:10 (Local Time),ATHIENOU,,,,,1,9,27.7,27.0,36.8,23.1,6.5,1.5,,,258.0,,,,68.0,0.0,,,3.343886,,
2026-09-03T17:10:00+00:00,2026-09-03T17:19:20.989738+00:00,2026-09-03T17:19:20.989738+00:00,2026-09-03 20:10 (Local Time),AVDIMOU,,,,,1,11,28.1,26.5,35.2,19.9,0.8,0.6,3.0,4.0,230.0,,,,66.0,0.0,,,0.411555,,
2026-09-03T17:10:00+00:00,2026-09-03T17:19:20.989738+00:00,2026-09-03T17:19:20.989738+00:00,2026-09-03 20:10 (Local Time),CAVO_GRECO,,,,,1,9,26.7,,32.6,23.7,10.3,2.8,,,232.0,,,,85.0,0.0,999.5,,5.298773,,
2026-09-03T17:10:00+00:00,2026-09-03T17:19:20.989738+00:00,2026-09-03T17:19:20.989738+00:00,2026-09-03 20:10 (Local Time),CHROMIO,,,,,1,9,17.3,,25.1,15.8,5.0,1.6,,,16.0,,,,48.0,0.0,,,2.57222,,"{""Snow Depth"": {""unit"": ""cm"", ""value"": 0.0}}"
2026-09-03T17:10:00+00:00,2026-09-03T17:19:20.989738+00:00,2026-09-03T17:19:20.989738+00:00,2026-09-03 20:10 (Local Time),CYTASAT,,,,,1,10,25.8,,34.7,20.4,0.0,0.5,,,80.0,,,,72.0,0.0,981.4,,0.0,,"{""Atmospheric Pressure (Mean Sea Level)"": {""unit"": ""hPa"", ""value"": 1007.6}}"
2026-09-03T17:10:00+00:00,2026-09-03T17:19:20.989738+00:00,2026-09-03T17:19:20.989738+00:00,2026-09-03 20:10 (Local Time),EPTAGONEIA,,,,,1,8,24.3,,35.2,18.7,0.0,0.2,,,348.0,,,,64.0,0.0,,,0.0,,
2026-09-03T17:10:00+00:00,2026-09-03T17:19:20.989738+00:00,2026-09-03T17:19:20.989738+00:00,2026-09-03 20:10 (Local Time),FANEROMENI,,,,,1,4,28.4,,,,,,,,,,,,80.0,0.0,,,,,"{""Rain Intensity (10 min.)"": {""unit"": ""mm/min"", ""value"": 0.0}}"
2026-09-03T17:10:00+00:00,2026-09-03T17:19:20.989738+00:00,2026-09-03T17:19:20.989738+00:00,2026-09-03 20:10 (Local Time),FARMAKAS,,,,,1,10,22.1,,35.0,19.8,1.9,1.2,2.0,0.0,166.0,,,,56.0,0.0,,,0.977444,,
2026-09-03T17:10:00+00:00,2026-09-03T17:19:20.989738+00:00,2026-09-03T17:19:20.989738+00:00,2026-09-03 20:10 (Local Time),FRENAROS,,,,,1,11,27.3,26.3,34.5,23.5,6.7,2.6,,0.0,209.0,,,,87.0,0.0,996.7,,3.446775,,
2026-09-03T17:10:00+00:00,2026-09-03T17:19:20.989738+00:00,2026-09-03T17:19:20.989738+00:00,2026-09-03 20:10 (Local Time),KALAVASOS,,,,,1,5,27.5,,37.3,22.4,,,,,,,,,75.0,0.0,,,,,
2026-09-03T17:10:00+00:00,2026-09-03T17:19:20.989738+00:00,2026-09-03T17:19:20.989738+00:00,2026-09-03 20:10 (Local Time),KALOPANAYIOTIS,,,,,1,9,22.8,,34.2,20.6,4.6,0.9,,0.0,172.0,,,,59.0,0.0,,,2.366442,,
2026-09-03T17:10:00+00:00,2026-09-03T17:19:20.989738+00:00,2026-09-03T17:19:20.989738+00:00,2026-09-03 20:10 (Local Time),KAMPOS,,,,,1,11,25.8,24.7,36.8,24.3,2.8,0.8,4.0,0.0,272.0,,,,51.0,0.0,,,1.440443,,
2026-09-03T17:10:00+00:00,2026-09-03T17:19:20.989738+00:00,2026-09-03T17:19:20.989738+00:00,2026-09-03 20:10 (Local Time),KANNAVIOU,,,,,1,6,26.7,,35.1,22.6,,1.7,,,,,,,70.0,0.0,,,,,
2026-09-03T17:10:00+00:00,2026-09-03T17:19:20.989738+00:00,2026-09-03T17:19:20.989738+00:00,2026-09-03 20:10 (Local Time),KATHIKAS,,,,,1,6,25.4,,32.3,24.0,,,,,,,,,36.0,0.0,,,,,"{""Accumulated Rainfall (24 hours)"": {""unit"": ""mm"", ""value"": 0.0}}"
2026-09-03T17:10:00+00:00,2026-09-03T17:19:20.989738+00:00,2026-09-03T17:19:20.989738+00:00,2026-09-03 20:10 (Local Time),KEPNIC,,,,,1,1,,,,,,,,,,,,,,0.0,,,,,
2026-09-03T17:10:00+00:00,2026-09-03T17:19:20.989738+00:00,2026-09-03T17:19:20.989738+00:00,2026-09-03 20:10 (Local Time),KILANI,,,,,1,7,22.8,,31.2,19.2,,1.1,,1.0,,,,,62.0,0.0,,,,,
2026-09-03T17:10:00+00:00,2026-09-03T17:19:20.989738+00:00,2026-09-03T17:19:20.989738+00:00,2026-09-03 20:10 (Local Time),KORNOS,,,,,1,3,27.4,,,,,,,,,,,,53.0,0.0,,,,,
2026-09-03T17:10:00+00:00,2026-09-03T17:19:20.989738+00:00,2026-09-03T17:19:20.989738+00:00,2026-09-03 20:10 (Local Time),KOURIS,,,,,1,8,27.3,,35.5,24.7,0.0,0.1,,,---,,,,73.0,0.0,,,0.0,,
2026-09-03T17:10:00+00:00,2026-09-03T17:19:20.989738+00:00,2026-09-03T17:19:20.989738+00:00,2026-09-03 20:10 (Local Time),KPYRGOS,,,,,1,8,27.7,,31.5,23.2,1.7,0.3,,,240.0,,,,76.0,0.0,,,0.874555,,
2026-09-03T17:10:00+00:00,2026-09-03T17:19:20.989738+00:00,2026-09-03T17:19:20.989738+00:00,2026-09-03 20:10 (Local Time),KYPEROUNTA,,,,,1,6,21.3,,27.9,21.0,,4.9,,0.0,,,,,57.0,,,,,,
2026-09-03T17:10:00+00:00,2026-09-03T17:19:20.989738+00:00,2026-09-03T17:19:20.989738+00:00,2026-09-03 20:10 (Local Time),LCLK,,,,,1,9,27.7,,33.9,22.9,,2.5,,,,,,,82.0,0.0,,,,,"{""Atmospheric Pressure (QNH)"": {""unit"": ""hPa"", ""value"": 1006.3}, ""Wind Direction (10m) at Runway 22"": {""unit"": ""Degrees"", ""value"": 224.0}, ""Wind Speed (10m) at Runway 22"": {""unit"": ""Knots"", ""value"": 7.9}}"
2026-09-03T17:10:00+00:00,2026-09-03T17:19:20.989738+00:00,2026-09-03T17:19:20.989738+00:00,2026-09-03 20:10 (Local Time),LCPH,,,,,1,9,28.1,,31.1,24.1,,2.0,,,,,,,78.0,0.0,,,,,"{""Atmospheric Pressure (QNH)"": {""unit"": ""hPa"", ""value"": 1006.9}, ""Wind Direction (10m) at Runway 29"": {""unit"": ""Degrees"", ""value"": 290.0}, ""Wind Speed (10m) at Runway 29"": {""unit"": ""Knots"", ""value"": 6.1}}"
2026-09-03T17:10:00+00:00,2026-09-03T17:19:20.989738+00:00,2026-09-03T17:19:20.989738+00:00,2026-09-03 20:10 (Local Time),LEFKARA,,,,,1,6,26.8,,36.8,20.3,,0.7,,,,,,,57.0,0.0,,,,,
2026-09-03T17:10:00+00:00,2026-09-03T17:19:20.989738+00:00,2026-09-03T17:19:20.989738+00:00,2026-09-03 20:10 (Local Time),LEFKOSIA,,,,,1,7,26.2,,38.1,20.8,,0.9,,,,,,,81.0,0.0,,,,,"{""Accumulated Rainfall (24 hours)"": {""unit"": ""mm"", ""value"": 0.0}}"
2026-09-03T17:10:00+00:00,2026-09-03T17:19:20.989738+00:00,2026-09-03T17:19:20.989738+00:00,2026-09-03 20:10 (Local Time),LIMASSOL,,,,,1,10,26.8,,33.4,23.1,,1.9,,1.0,,,,,82.0,0.0,1005.5,,,,"{""Wind Direction (10m) at Port Gate"": {""unit"": ""Degrees"", ""value"": 261.0}, ""Wind Speed (10m) at Port Gate"": {""unit"": ""Knots"", ""value"": 6.0}}"
2026-09-03T17:10:00+00:00,2026-09-03T17:19:20.989738+00:00,2026-09-03T17:19:20.989738+00:00,2026-09-03 20:10 (Local Time),LINOU,,,,,1,9,24.6,,33.7,24.0,1.4,0.5,,,80.0,,,,90.0,0.0,961.6,,0.720222,,
2026-09-03T17:10:00+00:00,2026-09-03T17:19:20.989738+00:00,2026-09-03T17:19:20.989738+00:00,2026-09-03 20:10 (Local Time),LYSOS,,,,,1,7,22.8,,34.4,21.8,0.0,,,,288.0,,,,59.0,0.0,,,0.0,,
2026-09-03T17:10:00+00:00,2026-09-03T17:19:20.989738+00:00,2026-09-03T17:19:20.989738+00:00,2026-09-03 20:10 (Local Time),MALLIA,,,,,1,10,22.8,21.4,33.9,19.4,2.4,0.0,,11.0,265.0,,,,69.0,0.0,,,1.234666,,
2026-09-03T17:10:00+00:00,2026-09-03T17:19:20.989738+00:00,2026-09-03T17:19:20.989738+00:00,2026-09-03 20:10 (Local Time),MAMMARI,,,,,1,10,26.7,,37.8,22.3,,4.4,,4.0,,,,,85.0,0.0,,,,,"{""Atmospheric Pressure (QNH)"": {""unit"": ""hPa"", ""value"": 1008.1}, ""Wind Direction (10m) at Runway 12"": {""unit"": ""Degrees"", ""value"": 261.0}, ""Wind Speed (10m) at Runway 12"": {""unit"": ""Knots"", ""value"": 10.6}}"
2026-09-03T17:10:00+00:00,2026-09-03T17:19:20.989738+00:00,2026-09-03T17:19:20.989738+00:00,2026-09-03 20:10 (Local Time),MATHIATIS,,,,,1,10,24.6,,34.3,21.8,2.1,0.4,4.0,0.0,344.0,,,,73.0,0.0,,,1.080332,,
2026-09-03T17:10:00+00:00,2026-09-03T17:19:20.989738+00:00,2026-09-03T17:19:20.989738+00:00,2026-09-03 20:10 (Local Time),PANAGIA_BRIDGE,,,,,1,6,24.2,24.9,36.0,18.8,,,,,,,,,90.0,0.0,,,,,
2026-09-03T17:10:00+00:00,2026-09-03T17:19:20.989738+00:00,2026-09-03T17:19:20.989738+00:00,2026-09-03 20:10 (Local Time),PAPHOS,,,,,1,8,26.6,,32.3,23.0,1.3,0.8,,,297.0,,,,78.0,0.0,,,0.668777,,
2026-09-03T17:10:00+00:00,2026-09-03T17:19:20.989738+00:00,2026-09-03T17:19:20.989738+00:00,2026-09-03 20:10 (Local Time),PAREKLISIA,,,,,1,7,26.8,,36.2,22.5,1.1,,,,232.0,,,,76.0,0.0,,,0.565888,,
2026-09-03T17:10:00+00:00,2026-09-03T17:19:20.989738+00:00,2026-09-03T17:19:20.989738+00:00,2026-09-03 20:10 (Local Time),PENTAKOMO,,,,,1,8,28.1,,32.9,25.2,11.2,4.7,,,247.0,,,,77.0,0.0,,,5.761773,,
2026-09-03T17:10:00+00:00,2026-09-03T17:19:20.989738+00:00,2026-09-03T17:19:20.989738+00:00,2026-09-03 20:10 (Local Time),PLATANIA,,,,,1,6,19.1,,30.3,18.6,,0.2,,,,,,,58.0,0.0,,,,,
2026-09-03T17:10:00+00:00,2026-09-03T17:19:20.989738+00:00,2026-09-03T17:19:20.989738+00:00,2026-09-03 20:10 (Local Time),POLIS,,,,,1,11,27.6,,32.7,22.8,3.3,1.4,4.0,,51.0,,,,77.0,0.0,1003.5,,1.697665,,"{""Atmospheric Pressure (Mean Sea Level)"": {""unit"": ""hPa"", ""value"": 1006.1}}"
2026-09-03T17:10:00+00:00,2026-09-03T17:19:20.989738+00:00,2026-09-03T17:19:20.989738+00:00,2026-09-03 20:10 (Local Time),POLYSTYPOS,,,,,1,8,22.2,,30.8,21.6,0.6,0.1,,,276.0,,,,43.0,0.0,,,0.308666,,
2026-09-03T17:10:00+00:00,2026-09-03T17:19:20.989738+00:00,2026-09-03T17:19:20.989738+00:00,2026-09-03 20:10 (Local Time),PRODROMOS,,,,,1,9,18.5,,26.2,18.4,5.8,1.3,,0.0,77.0,,,,76.0,0.0,,,2.983775,,
2026-09-03T17:10:00+00:00,2026-09-03T17:19:20.989738+00:00,2026-09-03T17:19:20.989738+00:00,2026-09-03 20:10 (Local Time),PYRGOS,,,,,1,5,23.6,,,,10.1,,,,222.0,,,,82.0,0.0,,,5.195884,,
2026-09-03T17:10:00+00:00,2026-09-03T17:19:20.989738+00:00,2026-09-03T17:19:20.989738+00:00,2026-09-03 20:10 (Local Time),SAITTAS,,,,,1,5,24.9,,34.4,20.1,,,,,,,,,51.0,0.0,,,,,
2026-09-03T17:10:00+00:00,2026-09-03T17:19:20.989738+00:00,2026-09-03T17:19:20.989738+00:00,2026-09-03 20:10 (Local Time),TAMASOS,,,,,1,9,25.1,25.1,36.2,21.3,2.2,0.0,,,289.0,,,,91.0,0.0,,,1.131777,,
2026-09-03T17:10:00+00:00,2026-09-03T17:19:20.989738+00:00,2026-09-03T17:19:20.989738+00:00,2026-09-03 20:10 (Local Time),TEPAK,,,,,1,9,26.9,,34.1,23.6,3.0,0.7,,,263.0,,,,75.0,0.0,,,1.543332,,"{""Accumulated Rainfall (24 hours)"": {""unit"": ""mm"", ""value"": 0.0}}"
2026-09-03T17:10:00+00:00,2026-09-03T17:19:20.989738+00:00,2026-09-03T17:19:20.989738+00:00,2026-09-03 20:10 (Local Time),TRIPILOS,,,,,1,7,20.2,,31.6,19.7,3.7,,,,324.0,,,,49.0,0.0,,,1.903443,,
2026-09-03T17:10:00+00:00,2026-09-03T17:19:20.989738+00:00,2026-09-03T17:19:20.989738+00:00,2026-09-03 20:10 (Local Time),TROODOS,,,,,1,9,17.9,,26.3,16.5,6.0,1.7,,,336.0,,,,47.0,0.0,826.2,,3.086664,,
2026-09-03T17:10:00+00:00,2026-09-03T17:19:20.989738+00:00,2026-09-03T17:19:20.989738+00:00,2026-09-03 20:10 (Local Time),VISITOR,,,,,1,7,28.3,,37.7,21.3,3.4,,,,262.0,,,,76.0,0.0,,,1.74911,,
2026-09-03T17:10:00+00:00,2026-09-03T17:19:20.989738+00:00,2026-09-03T17:19:20.989738+00:00,2026-09-03 20:10 (Local Time),XYLIATOS,,,,,1,8,22.3,,33.3,21.9,0.0,,,4.0,306.0,,,,87.0,0.0,,,0.0,,
2026-09-03T17:10:00+00:00,2026-09-03T17:19:20.989738+00:00,2026-09-03T17:19:20.989738+00:00,2026-09-03 20:10 (Local Time),XYLOPHAGOU,,,,,1,9,27.4,28.1,32.7,23.4,8.6,3.3,,,222.0,,,,88.0,0.0,,,4.424218,,
2026-09-03T17:10:00+00:00,2026-09-03T17:19:20.989738+00:00,2026-09-03T17:19:20.989738+00:00,2026-09-03 20:10 (Local Time),ZYGI,,,,,1,9,27.5,27.8,33.7,21.5,1.8,0.2,,,262.0,,,,77.0,0.0,,,0.925999,,
2026-09-03T19:50:00+00:00,2026-09-03T19:57:59.047371+00:00,2026-09-03T19:57:59.047371+00:00,2026-09-03 22:50 (Local Time),ACHNA,,,,,1,8,26.2,,26.7,25.4,1.4,0.2,,,244.0,,,,85.0,0.0,,,0.720222,,
2026-09-03T19:50:00+00:00,2026-09-03T19:57:59.047371+00:00,2026-09-03T19:57:59.047371+00:00,2026-09-03 22:50 (Local Time),AGROS,,,,,1,10,21.2,,21.8,21.0,0.0,0.6,4.0,0.0,283.0,,,,47.0,0.0,,,0.0,,
2026-09-03T19:50:00+00:00,2026-09-03T19:57:59.047371+00:00,2026-09-03T19:57:59.047371+00:00,2026-09-03 22:50 (Local Time),AKAMAS,,,,,1,7,23.6,,25.3,23.5,2.5,,,,268.0,,,,77.0,0.0,,,1.28611,,
2026-09-03T19:50:00+00:00,2026-09-03T19:57:59.047371+00:00,2026-09-03T19:57:59.047371+00:00,,ALONOUDI,,,,,0,0,,,,,,,,,,,,,,,,,,,
2026-09-03T19:50:00+00:00,2026-09-03T19:57:59.047371+00:00,2026-09-03T19:57:59.047371+00:00,2026-09-03 22:50 (Local Time),AMARGETI,,,,,1,9,24.4,,25.5,24.2,3.2,1.2,,,290.0,,,,71.0,0.0,957.4,,1.646221,,
2026-09-03T19:50:00+00:00,2026-09-03T19:57:59.047371+00:00,2026-09-03T19:57:59.047371+00:00,2026-09-03 22:50 (Local Time),ASTROMERITIS,,,,,1,6,23.9,,,,5.6,1.9,,,173.0,,,,89.0,0.0,,,2.880886,,
2026-09-03T19:50:00+00:00,2026-09-03T19:57:59.047371+00:00,2026-09-03T19:57:59.047371+00:00,2026-09-03 22:50 (Local Time),ATHALASSA,,,,,1,11,26.5,24.3,27.1,26.4,3.5,1.3,,,280.0,,,,81.0,0.0,988.6,,1.800554,,"{""Atmospheric Pressure (Mean Sea Level)"": {""unit"": ""hPa"", ""value"": 1007.0}}"
2026-09-03T19:50:00+00:00,2026-09-03T19:57:59.047371+00:00,2026-09-03T19:57:59.047371+00:00,2026-09-03 22:50 (Local Time),ATHIENOU,,,,,1,9,25.3,24.3,26.6,25.2,3.9,0.6,,,260.0,,,,88.0,0.0,,,2.006332,,
2026-09-03T19:50:00+00:00,2026-09-03T19:57:59.047371+00:00,2026-09-03T19:57:59.047371+00:00,2026-09-03 22:50 (Local Time),AVDIMOU,,,,,1,11,24.6,22.8,26.9,24.5,1.2,0.5,3.0,5.0,347.0,,,,77.0,0.0,,,0.617333,,
2026-09-03T19:50:00+00:00,2026-09-03T19:57:59.047371+00:00,2026-09-03T19:57:59.047371+00:00,2026-09-03 22:50 (Local Time),CAVO_GRECO,,,,,1,9,26.2,,26.4,26.2,7.1,2.9,,,177.0,,,,90.0,0.0,999.6,,3.652552,,
2026-09-03T19:50:00+00:00,2026-09-03T19:57:59.047371+00:00,2026-09-03T19:57:59.047371+00:00,2026-09-03 22:50 (Local Time),CHROMIO,,,,,1,9,15.3,,17.2,15.2,0.0,0.0,,,40.0,,,,72.0,0.0,,,0.0,,"{""Snow Depth"": {""unit"": ""cm"", ""value"": 0.0}}"
2026-09-03T19:50:00+00:00,2026-09-03T19:57:59.047371+00:00,2026-09-03T19:57:59.047371+00:00,2026-09-03 22:50 (Local Time),CYTASAT,,,,,1,10,22.2,,24.6,22.2,0.5,0.3,,,78.0,,,,73.0,0.0,981.7,,0.257222,,"{""Atmospheric Pressure (Mean Sea Level)"": {""unit"": ""hPa"", ""value"": 1008.3}}"
2026-09-03T19:50:00+00:00,2026-09-03T19:57:59.047371+00:00,2026-09-03T19:57:59.047371+00:00,2026-09-03 22:50 (Local Time),EPTAGONEIA,,,,,1,8,20.9,,22.8,20.8,1.1,0.0,,,274.0,,,,67.0,0.0,,,0.565888,,
2026-09-03T19:50:00+00:00,2026-09-03T19:57:59.047371+00:00,2026-09-03T19:57:59.047371+00:00,2026-09-03 22:50 (Local Time),FANEROMENI,,,,,1,4,27.1,,,,,,,,,,,,81.0,0.0,,,,,"{""Rain Intensity (10 min.)"": {""unit"": ""mm/min"", ""value"": 0.0}}"
2026-09-03T19:50:00+00:00,2026-09-03T19:57:59.047371+00:00,2026-09-03T19:57:59.047371+00:00,2026-09-03 22:50 (Local Time),FARMAKAS,,,,,1,10,21.5,,21.5,21.0,2.6,1.6,2.0,0.0,184.0,,,,44.0,0.0,,,1.337554,,
2026-09-03T19:50:00+00:00,2026-09-03T19:57:59.047371+00:00,2026-09-03T19:57:59.047371+00:00,2026-09-03 22:50 (Local Time),FRENAROS,,,,,1,11,26.4,25.0,27.1,26.4,4.3,1.6,,0.0,229.0,,,,87.0,0.0,996.8,,2.212109,,
2026-09-03T19:50:00+00:00,2026-09-03T19:57:59.047371+00:00,2026-09-03T19:57:59.047371+00:00,2026-09-03 22:50 (Local Time),KALAVASOS,,,,,1,5,24.6,,26.6,24.4,,,,,,,,,76.0,0.0,,,,,
2026-09-03T19:50:00+00:00,2026-09-03T19:57:59.047371+00:00,2026-09-03T19:57:59.047371+00:00,2026-09-03 22:50 (Local Time),KALOPANAYIOTIS,,,,,1,9,21.7,,22.5,21.6,5.5,0.8,,0.0,177.0,,,,55.0,0.0,,,2.829442,,
2026-09-03T19:50:00+00:00,2026-09-03T19:57:59.047371+00:00,2026-09-03T19:57:59.047371+00:00,2026-09-03 22:50 (Local Time),KAMPOS,,,,,1,11,26.1,23.6,26.1,25.6,1.2,0.2,4.0,0.0,187.0,,,,41.0,0.0,,,0.617333,,
2026-09-03T19:50:00+00:00,2026-09-03T19:57:59.047371+00:00,2026-09-03T19:57:59.047371+00:00,2026-09-03 22:50 (Local Time),KANNAVIOU,,,,,1,6,23.0,,24.8,23.0,,4.2,,,,,,,69.0,0.0,,,,,
2026-09-03T19:50:00+00:00,2026-09-03T19:57:59.047371+00:00,2026-09-03T19:57:59.047371+00:00,2026-09-03 22:50 (Local Time),KATHIKAS,,,,,1,6,24.5,,24.7,24.1,,,,,,,,,40.0,0.0,,,,,"{""Accumulated Rainfall (24 hours)"": {""unit"": ""mm"", ""value"": 0.0}}"
2026-09-03T19:50:00+00:00,2026-09-03T19:57:59.047371+00:00,2026-09-03T19:57:59.047371+00:00,2026-09-03 22:50 (Local Time),KEPNIC,,,,,1,1,,,,,,,,,,,,,,0.0,,,,,
2026-09-03T19:50:00+00:00,2026-09-03T19:57:59.047371+00:00,2026-09-03T19:57:59.047371+00:00,2026-09-03 22:50 (Local Time),KILANI,,,,,1,7,21.2,,23.1,20.6,,1.0,,1.0,,,,,61.0,0.0,,,,,
2026-09-03T19:50:00+00:00,2026-09-03T19:57:59.047371+00:00,2026-09-03T19:57:59.047371+00:00,2026-09-03 22:50 (Local Time),KORNOS,,,,,1,3,23.3,,,,,,,,,,,,74.0,0.0,,,,,
2026-09-03T19:50:00+00:00,2026-09-03T19:57:59.047371+00:00,2026-09-03T19:57:59.047371+00:00,2026-09-03 22:50 (Local Time),KOURIS,,,,,1,8,27.5,,28.0,26.6,6.0,2.5,,,13.0,,,,50.0,0.0,,,3.086664,,
2026-09-03T19:50:00+00:00,2026-09-03T19:57:59.047371+00:00,2026-09-03T19:57:59.047371+00:00,2026-09-03 22:50 (Local Time),KPYRGOS,,,,,1,8,24.5,,26.0,24.5,3.6,1.3,,,173.0,,,,81.0,0.0,,,1.851998,,
2026-09-03T19:50:00+00:00,2026-09-03T19:57:59.047371+00:00,2026-09-03T19:57:59.047371+00:00,2026-09-03 22:50 (Local Time),KYPEROUNTA,,,,,1,6,21.1,,21.8,21.0,,3.2,,0.0,,,,,41.0,,,,,,
2026-09-03T19:50:00+00:00,2026-09-03T19:57:59.047371+00:00,2026-09-03T19:57:59.047371+00:00,2026-09-03 22:50 (Local Time),LCLK,,,,,1,9,27.0,,27.4,26.9,,1.3,,,,,,,82.0,0.0,,,,,"{""Atmospheric Pressure (QNH)"": {""unit"": ""hPa"", ""value"": 1006.7}, ""Wind Direction (10m) at Runway 22"": {""unit"": ""Degrees"", ""value"": 243.0}, ""Wind Speed (10m) at Runway 22"": {""unit"": ""Knots"", ""value"": 4.7}}"
2026-09-03T19:50:00+00:00,2026-09-03T19:57:59.047371+00:00,2026-09-03T19:57:59.047371+00:00,2026-09-03 22:50 (Local Time),LCPH,,,,,1,9,26.5,,28.0,26.4,,0.6,,,,,,,79.0,0.0,,,,,"{""Atmospheric Pressure (QNH)"": {""unit"": ""hPa"", ""value"": 1007.2}, ""Wind Direction (10m) at Runway 29"": {""unit"": ""Degrees"", ""value"": 314.0}, ""Wind Speed (10m) at Runway 29"": {""unit"": ""Knots"", ""value"": 3.4}}"
2026-09-03T19:50:00+00:00,2026-09-03T19:57:59.047371+00:00,2026-09-03T19:57:59.047371+00:00,2026-09-03 22:50 (Local Time),LEFKARA,,,,,1,6,23.8,,25.5,23.7,,2.2,,,,,,,54.0,0.0,,,,,
2026-09-03T19:50:00+00:00,2026-09-03T19:57:59.047371+00:00,2026-09-03T19:57:59.047371+00:00,2026-09-03 22:50 (Local Time),LEFKOSIA,,,,,1,7,24.8,,25.5,24.8,,0.9,,,,,,,87.0,0.0,,,,,"{""Accumulated Rainfall (24 hours)"": {""unit"": ""mm"", ""value"": 0.0}}"
2026-09-03T19:50:00+00:00,2026-09-03T19:57:59.047371+00:00,2026-09-03T19:57:59.047371+00:00,2026-09-03 22:50 (Local Time),LIMASSOL,,,,,1,10,25.9,,26.6,25.9,,0.6,,0.0,,,,,85.0,0.0,1005.7,,,,"{""Wind Direction (10m) at Port Gate"": {""unit"": ""Degrees"", ""value"": 255.0}, ""Wind Speed (10m) at Port Gate"": {""unit"": ""Knots"", ""value"": 2.4}}"
2026-09-03T19:50:00+00:00,2026-09-03T19:57:59.047371+00:00,2026-09-03T19:57:59.047371+00:00,2026-09-03 22:50 (Local Time),LINOU,,,,,1,9,23.7,,24.9,23.4,2.3,1.0,,,102.0,,,,73.0,0.0,961.7,,1.183221,,
2026-09-03T19:50:00+00:00,2026-09-03T19:57:59.047371+00:00,2026-09-03T19:57:59.047371+00:00,2026-09-03 22:50 (Local Time),LYSOS,,,,,1,7,22.7,,23.3,22.3,2.3,,,,15.0,,,,43.0,0.0,,,1.183221,,
2026-09-03T19:50:00+00:00,2026-09-03T19:57:59.047371+00:00,2026-09-03T19:57:59.047371+00:00,2026-09-03 22:50 (Local Time),MALLIA,,,,,1,10,21.4,18.9,23.8,21.3,1.0,0.3,,11.0,50.0,,,,63.0,0.0,,,0.514444,,
2026-09-03T19:50:00+00:00,2026-09-03T19:57:59.047371+00:00,2026-09-03T19:57:59.047371+00:00,2026-09-03 22:50 (Local Time),MAMMARI,,,,,1,10,25.5,,26.2,25.5,,2.2,,3.0,,,,,92.0,0.0,,,,,"{""Atmospheric Pressure (QNH)"": {""unit"": ""hPa"", ""value"": 1008.3}, ""Wind Direction (10m) at Runway 12"": {""unit"": ""Degrees"", ""value"": 250.0}, ""Wind Speed (10m) at Runway 12"": {""unit"": ""Knots"", ""value"": 5.5}}"
2026-09-03T19:50:00+00:00,2026-09-03T19:57:59.047371+00:00,2026-09-03T19:57:59.047371+00:00,2026-09-03 22:50 (Local Time),MATHIATIS,,,,,1,10,22.9,,23.4,22.7,2.6,1.0,4.0,0.0,266.0,,,,52.0,0.0,,,1.337554,,
2026-09-03T19:50:00+00:00,2026-09-03T19:57:59.047371+00:00,2026-09-03T19:57:59.047371+00:00,2026-09-03 22:50 (Local Time),PANAGIA_BRIDGE,,,,,1,6,20.0,20.7,22.6,19.9,,,,,,,,,77.0,0.0,,,,,
2026-09-03T19:50:00+00:00,2026-09-03T19:57:59.047371+00:00,2026-09-03T19:57:59.047371+00:00,2026-09-03 22:50 (Local Time),PAPHOS,,,,,1,8,24.4,,26.2,24.3,1.7,0.8,,,45.0,,,,61.0,0.0,,,0.874555,,
2026-09-03T19:50:00+00:00,2026-09-03T19:57:59.047371+00:00,2026-09-03T19:57:59.047371+00:00,2026-09-03 22:50 (Local Time),PAREKLISIA,,,,,1,7,24.9,,26.1,24.9,1.5,,,,27.0,,,,82.0,0.0,,,0.771666,,
2026-09-03T19:50:00+00:00,2026-09-03T19:57:59.047371+00:00,2026-09-03T19:57:59.047371+00:00,2026-09-03 22:50 (Local Time),PENTAKOMO,,,,,1,8,26.4,,28.0,26.3,1.6,0.9,,,291.0,,,,85.0,0.0,,,0.82311,,
2026-09-03T19:50:00+00:00,2026-09-03T19:57:59.047371+00:00,2026-09-03T19:57:59.047371+00:00,2026-09-03 22:50 (Local Time),PLATANIA,,,,,1,6,19.5,,19.6,18.8,,0.3,,,,,,,54.0,0.0,,,,,
2026-09-03T19:50:00+00:00,2026-09-03T19:57:59.047371+00:00,2026-09-03T19:57:59.047371+00:00,2026-09-03 22:50 (Local Time),POLIS,,,,,1,11,25.4,,26.7,25.2,4.2,1.3,4.0,,159.0,,,,65.0,0.0,1003.7,,2.160665,,"{""Atmospheric Pressure (Mean Sea Level)"": {""unit"": ""hPa"", ""value"": 1006.3}}"
2026-09-03T19:50:00+00:00,2026-09-03T19:57:59.047371+00:00,2026-09-03T19:57:59.047371+00:00,2026-09-03 22:50 (Local Time),POLYSTYPOS,,,,,1,8,22.6,,22.7,21.7,1.5,0.3,,,260.0,,,,36.0,0.0,,,0.771666,,
2026-09-03T19:50:00+00:00,2026-09-03T19:57:59.047371+00:00,2026-09-03T19:57:59.047371+00:00,2026-09-03 22:50 (Local Time),PRODROMOS,,,,,1,9,19.1,,19.3,18.6,5.5,1.4,,0.0,86.0,,,,45.0,0.0,,,2.829442,,
2026-09-03T19:50:00+00:00,2026-09-03T19:57:59.047371+00:00,2026-09-03T19:57:59.047371+00:00,,PYRGOS,,,,,0,0,,,,,,,,,,,,,,,,,,,
2026-09-03T19:50:00+00:00,2026-09-03T19:57:59.047371+00:00,2026-09-03T19:57:59.047371+00:00,2026-09-03 22:50 (Local Time),SAITTAS,,,,,1,5,21.8,,23.4,21.4,,,,,,,,,61.0,0.0,,,,,
2026-09-03T19:50:00+00:00,2026-09-03T19:57:59.047371+00:00,2026-09-03T19:57:59.047371+00:00,2026-09-03 22:50 (Local Time),TAMASOS,,,,,1,9,22.4,21.9,24.7,22.2,1.0,0.0,,,197.0,,,,66.0,0.0,,,0.514444,,
2026-09-03T19:50:00+00:00,2026-09-03T19:57:59.047371+00:00,2026-09-03T19:57:59.047371+00:00,2026-09-03 22:50 (Local Time),TEPAK,,,,,1,9,25.9,,26.9,25.9,0.7,0.0,,,228.0,,,,75.0,0.0,,,0.360111,,"{""Accumulated Rainfall (24 hours)"": {""unit"": ""mm"", ""value"": 0.0}}"
2026-09-03T19:50:00+00:00,2026-09-03T19:57:59.047371+00:00,2026-09-03T19:57:59.047371+00:00,2026-09-03 22:50 (Local Time),TRIPILOS,,,,,1,7,21.1,,21.5,21.0,2.0,,,,354.0,,,,36.0,0.0,,,1.028888,,
2026-09-03T19:50:00+00:00,2026-09-03T19:57:59.047371+00:00,2026-09-03T19:57:59.047371+00:00,2026-09-03 22:50 (Local Time),TROODOS,,,,,1,9,16.4,,17.9,16.2,2.9,0.9,,,338.0,,,,66.0,0.0,826.4,,1.491888,,
2026-09-03T19:50:00+00:00,2026-09-03T19:57:59.047371+00:00,2026-09-03T19:57:59.047371+00:00,2026-09-03 22:50 (Local Time),VISITOR,,,,,1,7,27.1,,27.7,27.1,2.8,,,,260.0,,,,82.0,0.0,,,1.440443,,
2026-09-03T19:50:00+00:00,2026-09-03T19:57:59.047371+00:00,2026-09-03T19:57:59.047371+00:00,2026-09-03 22:50 (Local Time),XYLIATOS,,,,,1,8,24.7,,25.1,24.2,3.6,,,8.0,193.0,,,,38.0,0.0,,,1.851998,,
2026-09-03T19:50:00+00:00,2026-09-03T19:57:59.047371+00:00,2026-09-03T19:57:59.047371+00:00,2026-09-03 22:50 (Local Time),XYLOPHAGOU,,,,,1,9,26.7,26.7,27.4,26.4,3.6,0.9,,,250.0,,,,82.0,0.0,,,1.851998,,
2026-09-03T19:50:00+00:00,2026-09-03T19:57:59.047371+00:00,2026-09-03T19:57:59.047371+00:00,2026-09-03 22:50 (Local Time),ZYGI,,,,,1,9,24.5,24.7,26.9,24.5,0.8,0.2,,,297.0,,,,85.0,0.0,,,0.411555,,
2026-09-03T22:20:00+00:00,2026-09-03T22:29:57.465558+00:00,2026-09-03T22:29:57.465558+00:00,2026-09-04 01:20 (Local Time),ACHNA,,,,,1,8,24.0,,26.7,23.9,2.1,0.0,,,212.0,,,,97.0,0.0,,,1.080332,,
2026-09-03T22:20:00+00:00,2026-09-03T22:29:57.465558+00:00,2026-09-03T22:29:57.465558+00:00,,AGROS,,,,,0,0,,,,,,,,,,,,,,,,,,,
2026-09-03T22:20:00+00:00,2026-09-03T22:29:57.465558+00:00,2026-09-03T22:29:57.465558+00:00,2026-09-04 01:20 (Local Time),AKAMAS,,,,,1,7,23.7,,27.1,23.5,7.8,,,,216.0,,,,95.0,0.0,,,4.012663,,
2026-09-03T22:20:00+00:00,2026-09-03T22:29:57.465558+00:00,2026-09-03T22:29:57.465558+00:00,2026-09-04 01:20 (Local Time),ALONOUDI,,,,,1,5,18.7,,22.4,18.6,,,,,,,,,68.0,0.0,,,,,
2026-09-03T22:20:00+00:00,2026-09-03T22:29:57.465558+00:00,2026-09-03T22:29:57.465558+00:00,2026-09-04 01:20 (Local Time),AMARGETI,,,,,1,9,24.4,,25.5,23.5,3.5,1.3,,,312.0,,,,52.0,0.0,957.0,,1.800554,,
2026-09-03T22:20:00+00:00,2026-09-03T22:29:57.465558+00:00,2026-09-03T22:29:57.465558+00:00,2026-09-04 01:20 (Local Time),ASTROMERITIS,,,,,1,6,23.0,,,,8.6,2.5,,,174.0,,,,54.0,0.0,,,4.424218,,
2026-09-03T22:20:00+00:00,2026-09-03T22:29:57.465558+00:00,2026-09-03T22:29:57.465558+00:00,2026-09-04 01:20 (Local Time),ATHALASSA,,,,,1,11,25.5,23.0,27.1,25.4,3.3,1.0,,,256.0,,,,87.0,0.0,988.2,,1.697665,,"{""Atmospheric Pressure (Mean Sea Level)"": {""unit"": ""hPa"", ""value"": 1006.7}}"
2026-09-03T22:20:00+00:00,2026-09-03T22:29:57.465558+00:00,2026-09-03T22:29:57.465558+00:00,2026-09-04 01:20 (Local Time),ATHIENOU,,,,,1,9,24.9,23.0,26.6,24.7,6.4,1.5,,,217.0,,,,74.0,0.0,,,3.292442,,
2026-09-03T22:20:00+00:00,2026-09-03T22:29:57.465558+00:00,2026-09-03T22:29:57.465558+00:00,2026-09-04 01:20 (Local Time),AVDIMOU,,,,,1,11,21.8,20.0,26.9,21.7,1.0,0.1,3.0,5.0,344.0,,,,78.0,0.0,,,0.514444,,
2026-09-03T22:20:00+00:00,2026-09-03T22:29:57.465558+00:00,2026-09-03T22:29:57.465558+00:00,2026-09-04 01:20 (Local Time),CAVO_GRECO,,,,,1,9,25.8,,26.4,25.6,5.5,1.5,,,232.0,,,,90.0,0.0,999.5,,2.829442,,
2026-09-03T22:20:00+00:00,2026-09-03T22:29:57.465558+00:00,2026-09-03T22:29:57.465558+00:00,2026-09-04 01:20 (Local Time),CHROMIO,,,,,1,9,14.9,,17.2,14.4,3.3,0.0,,,360.0,,,,79.0,0.0,,,1.697665,,"{""Snow Depth"": {""unit"": ""cm"", ""value"": 0.0}}"
2026-09-03T22:20:00+00:00,2026-09-03T22:29:57.465558+00:00,2026-09-03T22:29:57.465558+00:00,2026-09-04 01:20 (Local Time),CYTASAT,,,,,1,10,21.0,,24.6,21.0,1.1,0.5,,,73.0,,,,84.0,0.0,981.5,,0.565888,,"{""Atmospheric Pressure (Mean Sea Level)"": {""unit"": ""hPa"", ""value"": 1008.2}}"
2026-09-03T22:20:00+00:00,2026-09-03T22:29:57.465558+00:00,2026-09-03T22:29:57.465558+00:00,2026-09-04 01:20 (Local Time),EPTAGONEIA,,,,,1,8,19.7,,22.8,19.4,0.0,0.0,,,283.0,,,,59.0,0.0,,,0.0,,
2026-09-03T22:20:00+00:00,2026-09-03T22:29:57.465558+00:00,2026-09-03T22:29:57.465558+00:00,2026-09-04 01:20 (Local Time),FANEROMENI,,,,,1,4,25.2,,,,,,,,,,,,85.0,0.0,,,,,"{""Rain Intensity (10 min.)"": {""unit"": ""mm/min"", ""value"": 0.0}}"
2026-09-03T22:20:00+00:00,2026-09-03T22:29:57.465558+00:00,2026-09-03T22:29:57.465558+00:00,2026-09-04 01:20 (Local Time),FARMAKAS,,,,,1,10,20.8,,21.5,20.2,2.3,1.6,2.0,0.0,169.0,,,,42.0,0.0,,,1.183221,,
2026-09-03T22:20:00+00:00,2026-09-03T22:29:57.465558+00:00,2026-09-03T22:29:57.465558+00:00,2026-09-04 01:20 (Local Time),FRENAROS,,,,,1,11,25.5,23.6,27.1,25.5,3.1,0.8,,0.0,183.0,,,,92.0,0.0,996.6,,1.594776,,
2026-09-03T22:20:00+00:00,2026-09-03T22:29:57.465558+00:00,2026-09-03T22:29:57.465558+00:00,2026-09-04 01:20 (Local Time),KALAVASOS,,,,,1,5,23.4,,26.6,23.1,,,,,,,,,65.0,0.0,,,,,
2026-09-03T22:20:00+00:00,2026-09-03T22:29:57.465558+00:00,2026-09-03T22:29:57.465558+00:00,2026-09-04 01:20 (Local Time),KALOPANAYIOTIS,,,,,1,9,20.8,,22.5,20.6,5.6,1.2,,0.0,173.0,,,,54.0,0.0,,,2.880886,,
2026-09-03T22:20:00+00:00,2026-09-03T22:29:57.465558+00:00,2026-09-03T22:29:57.465558+00:00,2026-09-04 01:20 (Local Time),KAMPOS,,,,,1,11,26.7,23.1,27.0,25.6,1.4,0.6,4.0,0.0,238.0,,,,28.0,0.0,,,0.720222,,
2026-09-03T22:20:00+00:00,2026-09-03T22:29:57.465558+00:00,2026-09-03T22:29:57.465558+00:00,2026-09-04 01:20 (Local Time),KANNAVIOU,,,,,1,6,21.7,,24.8,21.6,,5.3,,,,,,,55.0,0.0,,,,,
2026-09-03T22:20:00+00:00,2026-09-03T22:29:57.465558+00:00,2026-09-03T22:29:57.465558+00:00,2026-09-04 01:20 (Local Time),KATHIKAS,,,,,1,6,24.7,,25.1,24.1,,,,,,,,,36.0,0.0,,,,,"{""Accumulated Rainfall (24 hours)"": {""unit"": ""mm"", ""value"": 0.0}}"
2026-09-03T22:20:00+00:00,2026-09-03T22:29:57.465558+00:00,2026-09-03T22:29:57.465558+00:00,2026-09-04 01:20 (Local Time),KEPNIC,,,,,1,1,,,,,,,,,,,,,,0.0,,,,,
2026-09-03T22:20:00+00:00,2026-09-03T22:29:57.465558+00:00,2026-09-03T22:29:57.465558+00:00,2026-09-04 01:20 (Local Time),KILANI,,,,,1,7,19.9,,23.1,19.6,,0.9,,2.0,,,,,60.0,0.0,,,,,
2026-09-03T22:20:00+00:00,2026-09-03T22:29:57.465558+00:00,2026-09-03T22:29:57.465558+00:00,2026-09-04 01:20 (Local Time),KORNOS,,,,,1,3,22.5,,,,,,,,,,,,76.0,0.0,,,,,
2026-09-03T22:20:00+00:00,2026-09-03T22:29:57.465558+00:00,2026-09-03T22:29:57.465558+00:00,2026-09-04 01:20 (Local Time),KOURIS,,,,,1,8,25.8,,28.0,25.6,8.0,3.2,,,21.0,,,,44.0,0.0,,,4.115552,,
2026-09-03T22:20:00+00:00,2026-09-03T22:29:57.465558+00:00,2026-09-03T22:29:57.465558+00:00,2026-09-04 01:20 (Local Time),KPYRGOS,,,,,1,8,24.0,,26.0,23.3,5.5,1.8,,,145.0,,,,54.0,0.0,,,2.829442,,
2026-09-03T22:20:00+00:00,2026-09-03T22:29:57.465558+00:00,2026-09-03T22:29:57.465558+00:00,2026-09-04 01:20 (Local Time),KYPEROUNTA,,,,,1,6,21.1,,22.1,20.9,,2.0,,0.0,,,,,57.0,,,,,,
2026-09-03T22:20:00+00:00,2026-09-03T22:29:57.465558+00:00,2026-09-03T22:29:57.465558+00:00,2026-09-04 01:20 (Local Time),LCLK,,,,,1,9,24.4,,27.4,24.3,,0.2,,,,,,,86.0,0.0,,,,,"{""Atmospheric Pressure (QNH)"": {""unit"": ""hPa"", ""value"": 1006.4}, ""Wind Direction (10m) at Runway 22"": {""unit"": ""Degrees"", ""value"": 277.0}, ""Wind Speed (10m) at Runway 22"": {""unit"": ""Knots"", ""value"": 1.6}}"
2026-09-03T22:20:00+00:00,2026-09-03T22:29:57.465558+00:00,2026-09-03T22:29:57.465558+00:00,2026-09-04 01:20 (Local Time),LCPH,,,,,1,9,25.3,,28.0,25.3,,0.8,,,,,,,63.0,0.0,,,,,"{""Atmospheric Pressure (QNH)"": {""unit"": ""hPa"", ""value"": 1007.0}, ""Wind Direction (10m) at Runway 29"": {""unit"": ""Degrees"", ""value"": 34.0}, ""Wind Speed (10m) at Runway 29"": {""unit"": ""Knots"", ""value"": 5.8}}"
2026-09-03T22:20:00+00:00,2026-09-03T22:29:57.465558+00:00,2026-09-03T22:29:57.465558+00:00,2026-09-04 01:20 (Local Time),LEFKARA,,,,,1,6,21.9,,25.5,21.7,,1.4,,,,,,,54.0,0.0,,,,,
2026-09-03T22:20:00+00:00,2026-09-03T22:29:57.465558+00:00,2026-09-03T22:29:57.465558+00:00,2026-09-04 01:20 (Local Time),LEFKOSIA,,,,,1,7,23.4,,25.5,23.3,,0.6,,,,,,,90.0,0.0,,,,,"{""Accumulated Rainfall (24 hours)"": {""unit"": ""mm"", ""value"": 0.0}}"
2026-09-03T22:20:00+00:00,2026-09-03T22:29:57.465558+00:00,2026-09-03T22:29:57.465558+00:00,2026-09-04 01:20 (Local Time),LIMASSOL,,,,,1,10,24.1,,26.6,24.1,,0.5,,0.0,,,,,78.0,0.0,1005.5,,,,"{""Wind Direction (10m) at Port Gate"": {""unit"": ""Degrees"", ""value"": 306.0}, ""Wind Speed (10m) at Port Gate"": {""unit"": ""Knots"", ""value"": 2.1}}"
2026-09-03T22:20:00+00:00,2026-09-03T22:29:57.465558+00:00,2026-09-03T22:29:57.465558+00:00,2026-09-04 01:20 (Local Time),LINOU,,,,,1,9,25.6,,25.9,23.4,5.2,2.0,,,169.0,,,,41.0,0.0,961.1,,2.675109,,
2026-09-03T22:20:00+00:00,2026-09-03T22:29:57.465558+00:00,2026-09-03T22:29:57.465558+00:00,2026-09-04 01:20 (Local Time),LYSOS,,,,,1,7,23.6,,24.0,22.3,3.2,,,,317.0,,,,33.0,0.0,,,1.646221,,
2026-09-03T22:20:00+00:00,2026-09-03T22:29:57.465558+00:00,2026-09-03T22:29:57.465558+00:00,2026-09-04 01:20 (Local Time),MALLIA,,,,,1,10,20.2,17.9,23.8,20.2,2.4,0.7,,11.0,89.0,,,,62.0,0.0,,,1.234666,,
2026-09-03T22:20:00+00:00,2026-09-03T22:29:57.465558+00:00,2026-09-03T22:29:57.465558+00:00,2026-09-04 01:20 (Local Time),MAMMARI,,,,,1,10,24.3,,26.2,23.8,,2.9,,4.0,,,,,68.0,0.0,,,,,"{""Atmospheric Pressure (QNH)"": {""unit"": ""hPa"", ""value"": 1007.7}, ""Wind Direction (10m) at Runway 12"": {""unit"": ""Degrees"", ""value"": 223.0}, ""Wind Speed (10m) at Runway 12"": {""unit"": ""Knots"", ""value"": 8.1}}"
2026-09-03T22:20:00+00:00,2026-09-03T22:29:57.465558+00:00,2026-09-03T22:29:57.465558+00:00,2026-09-04 01:20 (Local Time),MATHIATIS,,,,,1,10,22.8,,23.6,22.1,2.4,1.0,4.0,0.0,220.0,,,,58.0,0.0,,,1.234666,,
2026-09-03T22:20:00+00:00,2026-09-03T22:29:57.465558+00:00,2026-09-03T22:29:57.465558+00:00,2026-09-04 01:20 (Local Time),PANAGIA_BRIDGE,,,,,1,6,18.8,19.6,22.6,18.6,,,,,,,,,66.0,0.0,,,,,
2026-09-03T22:20:00+00:00,2026-09-03T22:29:57.465558+00:00,2026-09-03T22:29:57.465558+00:00,2026-09-04 01:20 (Local Time),PAPHOS,,,,,1,8,24.0,,26.2,23.9,1.7,0.8,,,37.0,,,,60.0,0.0,,,0.874555,,
2026-09-03T22:20:00+00:00,2026-09-03T22:29:57.465558+00:00,2026-09-03T22:29:57.465558+00:00,2026-09-04 01:20 (Local Time),PAREKLISIA,,,,,1,7,23.5,,26.1,23.5,0.7,,,,29.0,,,,85.0,0.0,,,0.360111,,
2026-09-03T22:20:00+00:00,2026-09-03T22:29:57.465558+00:00,2026-09-03T22:29:57.465558+00:00,2026-09-04 01:20 (Local Time),PENTAKOMO,,,,,1,8,25.6,,28.0,25.5,1.7,0.8,,,109.0,,,,88.0,0.0,,,0.874555,,
2026-09-03T22:20:00+00:00,2026-09-03T22:29:57.465558+00:00,2026-09-03T22:29:57.465558+00:00,2026-09-04 01:20 (Local Time),PLATANIA,,,,,1,6,19.3,,19.6,18.8,,0.4,,,,,,,63.0,0.0,,,,,
2026-09-03T22:20:00+00:00,2026-09-03T22:29:57.465558+00:00,2026-09-03T22:29:57.465558+00:00,2026-09-04 01:20 (Local Time),POLIS,,,,,1,11,24.9,,26.7,24.3,6.4,1.6,4.0,,161.0,,,,57.0,0.0,1003.1,,3.292442,,"{""Atmospheric Pressure (Mean Sea Level)"": {""unit"": ""hPa"", ""value"": 1005.7}}"
2026-09-03T22:20:00+00:00,2026-09-03T22:29:57.465558+00:00,2026-09-03T22:29:57.465558+00:00,2026-09-04 01:20 (Local Time),POLYSTYPOS,,,,,1,8,22.4,,22.9,21.7,1.6,0.3,,,223.0,,,,41.0,0.0,,,0.82311,,
2026-09-03T22:20:00+00:00,2026-09-03T22:29:57.465558+00:00,2026-09-03T22:29:57.465558+00:00,2026-09-04 01:20 (Local Time),PRODROMOS,,,,,1,9,18.9,,19.6,18.6,3.1,0.1,,0.0,96.0,,,,60.0,0.0,,,1.594776,,
2026-09-03T22:20:00+00:00,2026-09-03T22:29:57.465558+00:00,2026-09-03T22:29:57.465558+00:00,2026-09-04 01:20 (Local Time),PYRGOS,,,,,1,5,25.0,,,,10.0,,,,226.4,,,,35.0,0.0,,,5.14444,,
2026-09-03T22:20:00+00:00,2026-09-03T22:29:57.465558+00:00,2026-09-03T22:29:57.465558+00:00,2026-09-04 01:20 (Local Time),SAITTAS,,,,,1,5,21.8,,23.4,21.2,,,,,,,,,57.0,0.0,,,,,
2026-09-03T22:20:00+00:00,2026-09-03T22:29:57.465558+00:00,2026-09-03T22:29:57.465558+00:00,2026-09-04 01:20 (Local Time),TAMASOS,,,,,1,9,21.8,21.7,24.7,21.7,3.3,0.0,,,189.0,,,,59.0,0.0,,,1.697665,,
2026-09-03T22:20:00+00:00,2026-09-03T22:29:57.465558+00:00,2026-09-03T22:29:57.465558+00:00,2026-09-04 01:20 (Local Time),TEPAK,,,,,1,9,24.9,,26.9,24.8,0.9,0.0,,,253.0,,,,77.0,0.0,,,0.463,,"{""Accumulated Rainfall (24 hours)"": {""unit"": ""mm"", ""value"": 0.0}}"
2026-09-03T22:20:00+00:00,2026-09-03T22:29:57.465558+00:00,2026-09-03T22:29:57.465558+00:00,2026-09-04 01:20 (Local Time),TRIPILOS,,,,,1,7,20.9,,21.5,20.6,2.5,,,,33.0,,,,33.0,0.0,,,1.28611,,
2026-09-03T22:20:00+00:00,2026-09-03T22:29:57.465558+00:00,2026-09-03T22:29:57.465558+00:00,2026-09-04 01:20 (Local Time),TROODOS,,,,,1,9,15.8,,17.9,15.4,1.3,0.6,,,327.0,,,,70.0,0.0,826.0,,0.668777,,
2026-09-03T22:20:00+00:00,2026-09-03T22:29:57.465558+00:00,2026-09-03T22:29:57.465558+00:00,2026-09-04 01:20 (Local Time),VISITOR,,,,,1,7,25.8,,27.7,25.8,1.1,,,,237.0,,,,92.0,0.0,,,0.565888,,
2026-09-03T22:20:00+00:00,2026-09-03T22:29:57.465558+00:00,2026-09-03T22:29:57.465558+00:00,2026-09-04 01:20 (Local Time),XYLIATOS,,,,,1,8,24.6,,25.1,24.0,4.1,,,9.0,180.0,,,,37.0,0.0,,,2.10922,,
2026-09-03T22:20:00+00:00,2026-09-03T22:29:57.465558+00:00,2026-09-03T22:29:57.465558+00:00,2026-09-04 01:20 (Local Time),XYLOPHAGOU,,,,,1,9,26.2,26.6,27.4,25.8,5.3,1.9,,,215.0,,,,93.0,0.0,,,2.726553,,
2026-09-03T22:20:00+00:00,2026-09-03T22:29:57.465558+00:00,2026-09-03T22:29:57.465558+00:00,2026-09-04 01:20 (Local Time),ZYGI,,,,,1,9,22.3,22.1,26.9,22.2,1.3,0.3,,,337.0,,,,84.0,0.0,,,0.668777,,
2026-09-04T00:10:00+00:00,2026-09-04T00:18:56.580579+00:00,2026-09-04T00:18:56.580579+00:00,2026-09-04 03:10 (Local Time),ACHNA,,,,,1,8,24.3,,26.7,23.8,0.9,0.1,,,215.0,,,,100.0,0.0,,,0.463,,
2026-09-04T00:10:00+00:00,2026-09-04T00:18:56.580579+00:00,2026-09-04T00:18:56.580579+00:00,2026-09-04 03:10 (Local Time),AGROS,,,,,1,10,20.3,,21.8,19.9,3.1,0.9,4.0,0.0,332.0,,,,63.0,0.0,,,1.594776,,
2026-09-04T00:10:00+00:00,2026-09-04T00:18:56.580579+00:00,2026-09-04T00:18:56.580579+00:00,2026-09-04 03:10 (Local Time),AKAMAS,,,,,1,7,23.5,,27.1,23.4,8.6,,,,222.0,,,,99.0,0.0,,,4.424218,,
2026-09-04T00:10:00+00:00,2026-09-04T00:18:56.580579+00:00,2026-09-04T00:18:56.580579+00:00,2026-09-04 03:10 (Local Time),ALONOUDI,,,,,1,5,18.4,,22.4,18.2,,,,,,,,,61.0,0.0,,,,,
2026-09-04T00:10:00+00:00,2026-09-04T00:18:56.580579+00:00,2026-09-04T00:18:56.580579+00:00,2026-09-04 03:10 (Local Time),AMARGETI,,,,,1,9,24.8,,25.5,22.8,2.2,0.3,,,130.0,,,,43.0,0.0,956.5,,1.131777,,
2026-09-04T00:10:00+00:00,2026-09-04T00:18:56.580579+00:00,2026-09-04T00:18:56.580579+00:00,2026-09-04 03:10 (Local Time),ASTROMERITIS,,,,,1,6,23.0,,,,4.6,1.8,,,189.0,,,,48.0,0.0,,,2.366442,,
2026-09-04T00:10:00+00:00,2026-09-04T00:18:56.580579+00:00,2026-09-04T00:18:56.580579+00:00,2026-09-04 03:10 (Local Time),ATHALASSA,,,,,1,11,22.4,18.7,27.1,22.2,1.1,0.2,,,183.0,,,,64.0,0.0,988.1,,0.565888,,"{""Atmospheric Pressure (Mean Sea Level)"": {""unit"": ""hPa"", ""value"": 1006.8}}"
2026-09-04T00:10:00+00:00,2026-09-04T00:18:56.580579+00:00,2026-09-04T00:18:56.580579+00:00,2026-09-04 03:10 (Local Time),ATHIENOU,,,,,1,9,24.7,22.7,26.6,23.8,5.0,1.2,,,162.0,,,,75.0,0.0,,,2.57222,,
2026-09-04T00:10:00+00:00,2026-09-04T00:18:56.580579+00:00,2026-09-04T00:18:56.580579+00:00,2026-09-04 03:10 (Local Time),AVDIMOU,,,,,1,11,20.2,18.7,26.9,20.2,1.3,0.2,3.0,4.0,293.0,,,,84.0,0.0,,,0.668777,,
2026-09-04T00:10:00+00:00,2026-09-04T00:18:56.580579+00:00,2026-09-04T00:18:56.580579+00:00,2026-09-04 03:10 (Local Time),CAVO_GRECO,,,,,1,9,25.8,,26.4,25.6,5.5,2.0,,,232.0,,,,90.0,0.0,999.2,,2.829442,,
2026-09-04T00:10:00+00:00,2026-09-04T00:18:56.580579+00:00,2026-09-04T00:18:56.580579+00:00,2026-09-04 03:10 (Local Time),CHROMIO,,,,,1,9,15.6,,17.2,14.4,3.9,0.7,,,27.0,,,,58.0,0.0,,,2.006332,,"{""Snow Depth"": {""unit"": ""cm"", ""value"": 0.0}}"
2026-09-04T00:10:00+00:00,2026-09-04T00:18:56.580579+00:00,2026-09-04T00:18:56.580579+00:00,2026-09-04 03:10 (Local Time),CYTASAT,,,,,1,10,20.4,,24.6,20.3,0.9,0.3,,,281.0,,,,83.0,0.0,981.1,,0.463,,"{""Atmospheric Pressure (Mean Sea Level)"": {""unit"": ""hPa"", ""value"": 1007.8}}"
2026-09-04T00:10:00+00:00,2026-09-04T00:18:56.580579+00:00,2026-09-04T00:18:56.580579+00:00,2026-09-04 03:10 (Local Time),EPTAGONEIA,,,,,1,8,19.2,,22.8,18.9,1.2,0.3,,,288.0,,,,61.0,0.0,,,0.617333,,
2026-09-04T00:10:00+00:00,2026-09-04T00:18:56.580579+00:00,2026-09-04T00:18:56.580579+00:00,2026-09-04 03:10 (Local Time),FANEROMENI,,,,,1,4,24.3,,,,,,,,,,,,88.0,0.0,,,,,"{""Rain Intensity (10 min.)"": {""unit"": ""mm/min"", ""value"": 0.0}}"
2026-09-04T00:10:00+00:00,2026-09-04T00:18:56.580579+00:00,2026-09-04T00:18:56.580579+00:00,2026-09-04 03:10 (Local Time),FARMAKAS,,,,,1,10,20.1,,21.5,20.0,2.2,1.3,2.0,0.0,164.0,,,,56.0,0.0,,,1.131777,,
2026-09-04T00:10:00+00:00,2026-09-04T00:18:56.580579+00:00,2026-09-04T00:18:56.580579+00:00,2026-09-04 03:10 (Local Time),FRENAROS,,,,,1,11,25.3,23.7,27.1,25.3,4.0,1.2,,0.0,197.0,,,,96.0,0.0,996.2,,2.057776,,
2026-09-04T00:10:00+00:00,2026-09-04T00:18:56.580579+00:00,2026-09-04T00:18:56.580579+00:00,2026-09-04 03:10 (Local Time),KALAVASOS,,,,,1,5,23.1,,26.6,23.1,,,,,,,,,63.0,0.0,,,,,
2026-09-04T00:10:00+00:00,2026-09-04T00:18:56.580579+00:00,2026-09-04T00:18:56.580579+00:00,2026-09-04 03:10 (Local Time),KALOPANAYIOTIS,,,,,1,9,20.2,,22.5,20.2,6.5,0.9,,0.0,176.0,,,,55.0,0.0,,,3.343886,,
2026-09-04T00:10:00+00:00,2026-09-04T00:18:56.580579+00:00,2026-09-04T00:18:56.580579+00:00,2026-09-04 03:10 (Local Time),KAMPOS,,,,,1,11,26.4,23.5,27.0,25.6,2.3,0.8,4.0,0.0,249.0,,,,29.0,0.0,,,1.183221,,
2026-09-04T00:10:00+00:00,2026-09-04T00:18:56.580579+00:00,2026-09-04T00:18:56.580579+00:00,2026-09-04 03:10 (Local Time),KANNAVIOU,,,,,1,6,21.4,,24.8,21.3,,5.6,,,,,,,51.0,0.0,,,,,
2026-09-04T00:10:00+00:00,2026-09-04T00:18:56.580579+00:00,2026-09-04T00:18:56.580579+00:00,2026-09-04 03:10 (Local Time),KATHIKAS,,,,,1,6,24.5,,25.1,24.1,,,,,,,,,39.0,0.0,,,,,"{""Accumulated Rainfall (24 hours)"": {""unit"": ""mm"", ""value"": 0.0}}"
2026-09-04T00:10:00+00:00,2026-09-04T00:18:56.580579+00:00,2026-09-04T00:18:56.580579+00:00,2026-09-04 03:10 (Local Time),KEPNIC,,,,,1,1,,,,,,,,,,,,,,0.0,,,,,
2026-09-04T00:10:00+00:00,2026-09-04T00:18:56.580579+00:00,2026-09-04T00:18:56.580579+00:00,2026-09-04 03:10 (Local Time),KILANI,,,,,1,7,21.0,,23.1,19.4,,1.1,,1.0,,,,,50.0,0.0,,,,,
2026-09-04T00:10:00+00:00,2026-09-04T00:18:56.580579+00:00,2026-09-04T00:18:56.580579+00:00,2026-09-04 03:10 (Local Time),KORNOS,,,,,1,3,21.7,,,,,,,,,,,,75.0,0.0,,,,,
2026-09-04T00:10:00+00:00,2026-09-04T00:18:56.580579+00:00,2026-09-04T00:18:56.580579+00:00,2026-09-04 03:10 (Local Time),KOURIS,,,,,1,8,25.5,,28.0,25.3,10.4,4.4,,,20.0,,,,47.0,0.0,,,5.350218,,
2026-09-04T00:10:00+00:00,2026-09-04T00:18:56.580579+00:00,2026-09-04T00:18:56.580579+00:00,2026-09-04 03:10 (Local Time),KPYRGOS,,,,,1,8,22.9,,26.0,22.7,4.4,1.5,,,163.0,,,,53.0,0.0,,,2.263554,,
2026-09-04T00:10:00+00:00,2026-09-04T00:18:56.580579+00:00,2026-09-04T00:18:56.580579+00:00,2026-09-04 03:10 (Local Time),KYPEROUNTA,,,,,1,6,20.5,,22.1,20.4,,2.1,,0.0,,,,,55.0,,,,,,
2026-09-04T00:10:00+00:00,2026-09-04T00:18:56.580579+00:00,2026-09-04T00:18:56.580579+00:00,2026-09-04 03:10 (Local Time),LCLK,,,,,1,9,23.4,,27.4,23.4,,0.2,,,,,,,88.0,0.0,,,,,"{""Atmospheric Pressure (QNH)"": {""unit"": ""hPa"", ""value"": 1006.2}, ""Wind Direction (10m) at Runway 22"": {""unit"": ""Degrees"", ""value"": 258.0}, ""Wind Speed (10m) at Runway 22"": {""unit"": ""Knots"", ""value"": 0.0}}"
2026-09-04T00:10:00+00:00,2026-09-04T00:18:56.580579+00:00,2026-09-04T00:18:56.580579+00:00,2026-09-04 03:10 (Local Time),LCPH,,,,,1,9,24.7,,28.0,24.6,,1.5,,,,,,,66.0,0.0,,,,,"{""Atmospheric Pressure (QNH)"": {""unit"": ""hPa"", ""value"": 1006.5}, ""Wind Direction (10m) at Runway 29"": {""unit"": ""Degrees"", ""value"": 31.0}, ""Wind Speed (10m) at Runway 29"": {""unit"": ""Knots"", ""value"": 6.9}}"
2026-09-04T00:10:00+00:00,2026-09-04T00:18:56.580579+00:00,2026-09-04T00:18:56.580579+00:00,2026-09-04 03:10 (Local Time),LEFKARA,,,,,1,6,21.8,,25.5,20.9,,1.5,,,,,,,59.0,0.0,,,,,
2026-09-04T00:10:00+00:00,2026-09-04T00:18:56.580579+00:00,2026-09-04T00:18:56.580579+00:00,2026-09-04 03:10 (Local Time),LEFKOSIA,,,,,1,7,21.2,,25.5,21.2,,0.5,,,,,,,84.0,0.0,,,,,"{""Accumulated Rainfall (24 hours)"": {""unit"": ""mm"", ""value"": 0.0}}"
2026-09-04T00:10:00+00:00,2026-09-04T00:18:56.580579+00:00,2026-09-04T00:18:56.580579+00:00,2026-09-04 03:10 (Local Time),LIMASSOL,,,,,1,10,23.8,,26.6,23.7,,0.9,,0.0,,,,,65.0,0.0,1005.1,,,,"{""Wind Direction (10m) at Port Gate"": {""unit"": ""Degrees"", ""value"": 341.0}, ""Wind Speed (10m) at Port Gate"": {""unit"": ""Knots"", ""value"": 2.7}}"
2026-09-04T00:10:00+00:00,2026-09-04T00:18:56.580579+00:00,2026-09-04T00:18:56.580579+00:00,2026-09-04 03:10 (Local Time),LINOU,,,,,1,9,25.6,,25.9,23.4,3.1,1.3,,,181.0,,,,40.0,0.0,960.7,,1.594776,,
2026-09-04T00:10:00+00:00,2026-09-04T00:18:56.580579+00:00,2026-09-04T00:18:56.580579+00:00,2026-09-04 03:10 (Local Time),LYSOS,,,,,1,7,24.0,,24.3,22.3,1.3,,,,127.0,,,,32.0,0.0,,,0.668777,,
2026-09-04T00:10:00+00:00,2026-09-04T00:18:56.580579+00:00,2026-09-04T00:18:56.580579+00:00,2026-09-04 03:10 (Local Time),MALLIA,,,,,1,10,19.7,16.5,23.8,19.5,1.8,0.1,,10.0,56.0,,,,59.0,0.0,,,0.925999,,
2026-09-04T00:10:00+00:00,2026-09-04T00:18:56.580579+00:00,2026-09-04T00:18:56.580579+00:00,2026-09-04 03:10 (Local Time),MAMMARI,,,,,1,10,25.0,,26.2,23.8,,2.2,,2.0,,,,,48.0,0.0,,,,,"{""Atmospheric Pressure (QNH)"": {""unit"": ""hPa"", ""value"": 1007.3}, ""Wind Direction (10m) at Runway 12"": {""unit"": ""Degrees"", ""value"": 239.0}, ""Wind Speed (10m) at Runway 12"": {""unit"": ""Knots"", ""value"": 5.0}}"
2026-09-04T00:10:00+00:00,2026-09-04T00:18:56.580579+00:00,2026-09-04T00:18:56.580579+00:00,2026-09-04 03:10 (Local Time),MATHIATIS,,,,,1,10,23.0,,23.6,22.1,3.3,0.8,4.0,0.0,184.0,,,,64.0,0.0,,,1.697665,,
2026-09-04T00:10:00+00:00,2026-09-04T00:18:56.580579+00:00,2026-09-04T00:18:56.580579+00:00,2026-09-04 03:10 (Local Time),PANAGIA_BRIDGE,,,,,1,6,18.5,19.0,22.6,18.3,,,,,,,,,64.0,0.0,,,,,
2026-09-04T00:10:00+00:00,2026-09-04T00:18:56.580579+00:00,2026-09-04T00:18:56.580579+00:00,2026-09-04 03:10 (Local Time),PAPHOS,,,,,1,8,24.1,,26.2,23.7,2.0,1.1,,,5.0,,,,81.0,0.0,,,1.028888,,
2026-09-04T00:10:00+00:00,2026-09-04T00:18:56.580579+00:00,2026-09-04T00:18:56.580579+00:00,2026-09-04 03:10 (Local Time),PAREKLISIA,,,,,1,7,22.3,,26.1,22.3,0.7,,,,46.0,,,,79.0,0.0,,,0.360111,,
2026-09-04T00:10:00+00:00,2026-09-04T00:18:56.580579+00:00,2026-09-04T00:18:56.580579+00:00,2026-09-04 03:10 (Local Time),PENTAKOMO,,,,,1,8,25.3,,28.0,25.0,0.0,0.6,,,51.0,,,,90.0,0.0,,,0.0,,
2026-09-04T00:10:00+00:00,2026-09-04T00:18:56.580579+00:00,2026-09-04T00:18:56.580579+00:00,2026-09-04 03:10 (Local Time),PLATANIA,,,,,1,6,18.9,,19.6,18.8,,0.4,,,,,,,64.0,0.0,,,,,
2026-09-04T00:10:00+00:00,2026-09-04T00:18:56.580579+00:00,2026-09-04T00:18:56.580579+00:00,2026-09-04 03:10 (Local Time),POLIS,,,,,1,11,23.2,,26.7,23.1,5.7,1.7,4.0,,142.0,,,,55.0,0.0,1002.8,,2.932331,,"{""Atmospheric Pressure (Mean Sea Level)"": {""unit"": ""hPa"", ""value"": 1005.4}}"
2026-09-04T00:10:00+00:00,2026-09-04T00:18:56.580579+00:00,2026-09-04T00:18:56.580579+00:00,2026-09-04 03:10 (Local Time),POLYSTYPOS,,,,,1,8,21.5,,22.9,21.5,0.9,0.3,,,137.0,,,,55.0,0.0,,,0.463,,
2026-09-04T00:10:00+00:00,2026-09-04T00:18:56.580579+00:00,2026-09-04T00:18:56.580579+00:00,2026-09-04 03:10 (Local Time),PRODROMOS,,,,,1,9,18.8,,19.6,18.4,1.1,0.0,,0.0,99.0,,,,48.0,0.0,,,0.565888,,
2026-09-04T00:10:00+00:00,2026-09-04T00:18:56.580579+00:00,2026-09-04T00:18:56.580579+00:00,2026-09-04 03:10 (Local Time),PYRGOS,,,,,1,5,25.4,,,,8.9,,,,228.2,,,,32.0,0.0,,,4.578552,,
2026-09-04T00:10:00+00:00,2026-09-04T00:18:56.580579+00:00,2026-09-04T00:18:56.580579+00:00,2026-09-04 03:10 (Local Time),SAITTAS,,,,,1,5,20.6,,23.4,20.3,,,,,,,,,61.0,0.0,,,,,
2026-09-04T00:10:00+00:00,2026-09-04T00:18:56.580579+00:00,2026-09-04T00:18:56.580579+00:00,2026-09-04 03:10 (Local Time),TAMASOS,,,,,1,9,21.6,21.4,24.7,21.6,2.3,0.0,,,192.0,,,,53.0,0.0,,,1.183221,,
2026-09-04T00:10:00+00:00,2026-09-04T00:18:56.580579+00:00,2026-09-04T00:18:56.580579+00:00,2026-09-04 03:10 (Local Time),TEPAK,,,,,1,9,24.2,,26.9,24.2,1.7,0.0,,,304.0,,,,69.0,0.0,,,0.874555,,"{""Accumulated Rainfall (24 hours)"": {""unit"": ""mm"", ""value"": 0.0}}"
2026-09-04T00:10:00+00:00,2026-09-04T00:18:56.580579+00:00,2026-09-04T00:18:56.580579+00:00,2026-09-04 03:10 (Local Time),TRIPILOS,,,,,1,7,19.8,,21.5,19.3,2.0,,,,259.0,,,,36.0,0.0,,,1.028888,,
2026-09-04T00:10:00+00:00,2026-09-04T00:18:56.580579+00:00,2026-09-04T00:18:56.580579+00:00,2026-09-04 03:10 (Local Time),TROODOS,,,,,1,9,15.3,,17.9,15.2,1.5,0.6,,,323.0,,,,70.0,0.0,825.5,,0.771666,,
2026-09-04T00:10:00+00:00,2026-09-04T00:18:56.580579+00:00,2026-09-04T00:18:56.580579+00:00,2026-09-04 03:10 (Local Time),VISITOR,,,,,1,7,21.8,,27.7,21.7,0.8,,,,203.0,,,,72.0,0.0,,,0.411555,,
2026-09-04T00:10:00+00:00,2026-09-04T00:18:56.580579+00:00,2026-09-04T00:18:56.580579+00:00,2026-09-04 03:10 (Local Time),XYLIATOS,,,,,1,8,24.3,,25.1,24.0,2.7,,,7.0,182.0,,,,37.0,0.0,,,1.388999,,
2026-09-04T00:10:00+00:00,2026-09-04T00:18:56.580579+00:00,2026-09-04T00:18:56.580579+00:00,2026-09-04 03:10 (Local Time),XYLOPHAGOU,,,,,1,9,25.9,26.3,27.4,25.8,5.2,1.9,,,207.0,,,,94.0,0.0,,,2.675109,,
2026-09-04T00:10:00+00:00,2026-09-04T00:18:56.580579+00:00,2026-09-04T00:18:56.580579+00:00,2026-09-04 03:10 (Local Time),ZYGI,,,,,1,9,21.4,21.0,26.9,21.2,0.8,0.1,,,329.0,,,,78.0,0.0,,,0.411555,,
2026-09-04T04:40:00+00:00,2026-09-04T04:45:45.717527+00:00,2026-09-04T04:45:45.717527+00:00,2026-09-04 07:40 (Local Time),ACHNA,,,,,1,8,23.1,,26.7,21.9,0.9,0.5,,,312.0,,,,100.0,0.0,,,0.463,,
2026-09-04T04:40:00+00:00,2026-09-04T04:45:45.717527+00:00,2026-09-04T04:45:45.717527+00:00,2026-09-04 07:40 (Local Time),AGROS,,,,,1,10,22.8,,23.1,19.3,1.6,0.2,577.0,65.0,330.0,,,,39.0,0.0,,,0.82311,,
2026-09-04T04:40:00+00:00,2026-09-04T04:45:45.717527+00:00,2026-09-04T04:45:45.717527+00:00,2026-09-04 07:40 (Local Time),AKAMAS,,,,,1,7,23.3,,27.1,22.9,7.7,,,,210.0,,,,100.0,0.0,,,3.961219,,
2026-09-04T04:40:00+00:00,2026-09-04T04:45:45.717527+00:00,2026-09-04T04:45:45.717527+00:00,2026-09-04 07:40 (Local Time),ALONOUDI,,,,,1,5,19.1,,22.4,17.5,,,,,,,,,61.0,0.0,,,,,
2026-09-04T04:40:00+00:00,2026-09-04T04:45:45.717527+00:00,2026-09-04T04:45:45.717527+00:00,2026-09-04 07:40 (Local Time),AMARGETI,,,,,1,9,25.7,,26.2,22.5,2.3,0.8,,,131.0,,,,45.0,0.0,957.1,,1.183221,,
2026-09-04T04:40:00+00:00,2026-09-04T04:45:45.717527+00:00,2026-09-04T04:45:45.717527+00:00,2026-09-04 07:40 (Local Time),ASTROMERITIS,,,,,1,6,25.6,,,,5.2,2.1,,,108.0,,,,61.0,0.0,,,2.675109,,
2026-09-04T04:40:00+00:00,2026-09-04T04:45:45.717527+00:00,2026-09-04T04:45:45.717527+00:00,2026-09-04 07:40 (Local Time),ATHALASSA,,,,,1,11,23.4,26.6,27.1,19.6,0.6,0.6,,,195.0,,,,59.0,0.0,989.2,,0.308666,,"{""Atmospheric Pressure (Mean Sea Level)"": {""unit"": ""hPa"", ""value"": 1007.8}}"
2026-09-04T04:40:00+00:00,2026-09-04T04:45:45.717527+00:00,2026-09-04T04:45:45.717527+00:00,2026-09-04 07:40 (Local Time),ATHIENOU,,,,,1,9,24.1,27.4,26.6,21.0,1.2,0.3,,,189.0,,,,75.0,0.0,,,0.617333,,
2026-09-04T04:40:00+00:00,2026-09-04T04:45:45.717527+00:00,2026-09-04T04:45:45.717527+00:00,2026-09-04 07:40 (Local Time),AVDIMOU,,,,,1,11,22.5,24.5,26.9,18.0,0.0,0.0,660.0,187.0,346.0,,,,70.0,0.0,,,0.0,,
2026-09-04T04:40:00+00:00,2026-09-04T04:45:45.717527+00:00,2026-09-04T04:45:45.717527+00:00,2026-09-04 07:40 (Local Time),CAVO_GRECO,,,,,1,9,26.8,,26.9,25.0,3.7,1.4,,,228.0,,,,82.0,0.0,1000.2,,1.903443,,
2026-09-04T04:40:00+00:00,2026-09-04T04:45:45.717527+00:00,2026-09-04T04:45:45.717527+00:00,2026-09-04 07:40 (Local Time),CHROMIO,,,,,1,9,17.6,,17.9,14.4,1.8,0.5,,,341.0,,,,45.0,0.0,,,0.925999,,"{""Snow Depth"": {""unit"": ""cm"", ""value"": 0.0}}"
2026-09-04T04:40:00+00:00,2026-09-04T04:45:45.717527+00:00,2026-09-04T04:45:45.717527+00:00,2026-09-04 07:40 (Local Time),CYTASAT,,,,,1,10,22.2,,24.6,19.3,0.0,0.4,,,194.0,,,,65.0,0.0,982.1,,0.0,,"{""Atmospheric Pressure (Mean Sea Level)"": {""unit"": ""hPa"", ""value"": 1008.6}}"
2026-09-04T04:40:00+00:00,2026-09-04T04:45:45.717527+00:00,2026-09-04T04:45:45.717527+00:00,2026-09-04 07:40 (Local Time),EPTAGONEIA,,,,,1,8,21.0,,22.8,17.9,0.0,0.0,,,---,,,,59.0,0.0,,,0.0,,
2026-09-04T04:40:00+00:00,2026-09-04T04:45:45.717527+00:00,2026-09-04T04:45:45.717527+00:00,2026-09-04 07:40 (Local Time),FANEROMENI,,,,,1,4,25.1,,,,,,,,,,,,87.0,0.0,,,,,"{""Rain Intensity (10 min.)"": {""unit"": ""mm/min"", ""value"": 0.0}}"
2026-09-04T04:40:00+00:00,2026-09-04T04:45:45.717527+00:00,2026-09-04T04:45:45.717527+00:00,2026-09-04 07:40 (Local Time),FARMAKAS,,,,,1,10,20.1,,21.5,19.3,2.4,1.6,17.0,7.0,155.0,,,,48.0,0.0,,,1.234666,,
2026-09-04T04:40:00+00:00,2026-09-04T04:45:45.717527+00:00,2026-09-04T04:45:45.717527+00:00,2026-09-04 07:40 (Local Time),FRENAROS,,,,,1,11,25.5,24.9,27.1,25.0,2.0,1.0,,135.0,288.0,,,,93.0,0.0,997.4,,1.028888,,
2026-09-04T04:40:00+00:00,2026-09-04T04:45:45.717527+00:00,2026-09-04T04:45:45.717527+00:00,2026-09-04 07:40 (Local Time),KALAVASOS,,,,,1,5,23.9,,26.6,22.0,,,,,,,,,56.0,0.0,,,,,
2026-09-04T04:40:00+00:00,2026-09-04T04:45:45.717527+00:00,2026-09-04T04:45:45.717527+00:00,2026-09-04 07:40 (Local Time),KALOPANAYIOTIS,,,,,1,9,20.7,,22.5,19.8,5.9,1.2,,8.0,175.0,,,,52.0,0.0,,,3.03522,,
2026-09-04T04:40:00+00:00,2026-09-04T04:45:45.717527+00:00,2026-09-04T04:45:45.717527+00:00,2026-09-04 07:40 (Local Time),KAMPOS,,,,,1,11,27.4,24.0,27.6,25.5,3.3,1.5,67.0,49.0,129.0,,,,34.0,0.0,,,1.697665,,
2026-09-04T04:40:00+00:00,2026-09-04T04:45:45.717527+00:00,2026-09-04T04:45:45.717527+00:00,2026-09-04 07:40 (Local Time),KANNAVIOU,,,,,1,6,22.7,,24.8,21.2,,4.4,,,,,,,45.0,0.0,,,,,
2026-09-04T04:40:00+00:00,2026-09-04T04:45:45.717527+00:00,2026-09-04T04:45:45.717527+00:00,2026-09-04 07:40 (Local Time),KATHIKAS,,,,,1,6,24.0,,25.1,21.7,,,,,,,,,47.0,0.0,,,,,"{""Accumulated Rainfall (24 hours)"": {""unit"": ""mm"", ""value"": 0.0}}"
2026-09-04T04:40:00+00:00,2026-09-04T04:45:45.717527+00:00,2026-09-04T04:45:45.717527+00:00,2026-09-04 07:40 (Local Time),KEPNIC,,,,,1,1,,,,,,,,,,,,,,0.0,,,,,
2026-09-04T04:40:00+00:00,2026-09-04T04:45:45.717527+00:00,2026-09-04T04:45:45.717527+00:00,2026-09-04 07:40 (Local Time),KILANI,,,,,1,7,25.2,,25.4,19.0,,0.4,,211.0,,,,,35.0,0.0,,,,,
2026-09-04T04:40:00+00:00,2026-09-04T04:45:45.717527+00:00,2026-09-04T04:45:45.717527+00:00,2026-09-04 07:40 (Local Time),KORNOS,,,,,1,3,26.3,,,,,,,,,,,,48.0,0.0,,,,,
2026-09-04T04:40:00+00:00,2026-09-04T04:45:45.717527+00:00,2026-09-04T04:45:45.717527+00:00,2026-09-04 07:40 (Local Time),KOURIS,,,,,1,8,26.1,,28.0,24.0,4.0,1.7,,,24.0,,,,43.0,0.0,,,2.057776,,
2026-09-04T04:40:00+00:00,2026-09-04T04:45:45.717527+00:00,2026-09-04T04:45:45.717527+00:00,2026-09-04 07:40 (Local Time),KPYRGOS,,,,,1,8,24.0,,26.0,21.5,4.9,1.7,,,147.0,,,,50.0,0.0,,,2.520776,,
2026-09-04T04:40:00+00:00,2026-09-04T04:45:45.717527+00:00,2026-09-04T04:45:45.717527+00:00,2026-09-04 07:40 (Local Time),KYPEROUNTA,,,,,1,6,21.9,,22.1,20.3,,1.1,,222.0,,,,,34.0,,,,,,
2026-09-04T04:40:00+00:00,2026-09-04T04:45:45.717527+00:00,2026-09-04T04:45:45.717527+00:00,2026-09-04 07:40 (Local Time),LCLK,,,,,1,9,25.5,,27.4,21.8,,0.9,,,,,,,80.0,0.0,,,,,"{""Atmospheric Pressure (QNH)"": {""unit"": ""hPa"", ""value"": 1007.2}, ""Wind Direction (10m) at Runway 22"": {""unit"": ""Degrees"", ""value"": 307.0}, ""Wind Speed (10m) at Runway 22"": {""unit"": ""Knots"", ""value"": 2.5}}"
2026-09-04T04:40:00+00:00,2026-09-04T04:45:45.717527+00:00,2026-09-04T04:45:45.717527+00:00,2026-09-04 07:40 (Local Time),LCPH,,,,,1,9,25.6,,28.0,23.4,,1.6,,,,,,,54.0,0.0,,,,,"{""Atmospheric Pressure (QNH)"": {""unit"": ""hPa"", ""value"": 1007.1}, ""Wind Direction (10m) at Runway 29"": {""unit"": ""Degrees"", ""value"": 30.0}, ""Wind Speed (10m) at Runway 29"": {""unit"": ""Knots"", ""value"": 5.6}}"
2026-09-04T04:40:00+00:00,2026-09-04T04:45:45.717527+00:00,2026-09-04T04:45:45.717527+00:00,2026-09-04 07:40 (Local Time),LEFKARA,,,,,1,6,22.1,,25.5,19.8,,1.3,,,,,,,50.0,0.0,,,,,
2026-09-04T04:40:00+00:00,2026-09-04T04:45:45.717527+00:00,2026-09-04T04:45:45.717527+00:00,2026-09-04 07:40 (Local Time),LEFKOSIA,,,,,1,7,22.2,,25.5,20.2,,0.5,,,,,,,67.0,0.0,,,,,"{""Accumulated Rainfall (24 hours)"": {""unit"": ""mm"", ""value"": 0.0}}"
2026-09-04T04:40:00+00:00,2026-09-04T04:45:45.717527+00:00,2026-09-04T04:45:45.717527+00:00,2026-09-04 07:40 (Local Time),LIMASSOL,,,,,1,10,25.7,,26.6,22.3,,0.1,,189.0,,,,,59.0,0.0,1006.0,,,,"{""Wind Direction (10m) at Port Gate"": {""unit"": ""Degrees"", ""value"": 73.0}, ""Wind Speed (10m) at Port Gate"": {""unit"": ""Knots"", ""value"": 0.0}}"
2026-09-04T04:40:00+00:00,2026-09-04T04:45:45.717527+00:00,2026-09-04T04:45:45.717527+00:00,2026-09-04 07:40 (Local Time),LINOU,,,,,1,9,25.1,,26.4,22.8,7.6,3.1,,,61.0,,,,63.0,0.0,961.6,,3.909774,,
2026-09-04T04:40:00+00:00,2026-09-04T04:45:45.717527+00:00,2026-09-04T04:45:45.717527+00:00,2026-09-04 07:40 (Local Time),LYSOS,,,,,1,7,26.1,,26.4,22.2,3.2,,,,250.0,,,,31.0,0.0,,,1.646221,,
2026-09-04T04:40:00+00:00,2026-09-04T04:45:45.717527+00:00,2026-09-04T04:45:45.717527+00:00,2026-09-04 07:40 (Local Time),MALLIA,,,,,1,10,23.9,25.4,24.4,19.0,1.1,0.3,,229.0,94.0,,,,45.0,0.0,,,0.565888,,
2026-09-04T04:40:00+00:00,2026-09-04T04:45:45.717527+00:00,2026-09-04T04:45:45.717527+00:00,2026-09-04 07:40 (Local Time),MAMMARI,,,,,1,10,23.8,,26.2,22.4,,0.9,,203.0,,,,,62.0,0.0,,,,,"{""Atmospheric Pressure (QNH)"": {""unit"": ""hPa"", ""value"": 1008.4}, ""Wind Direction (10m) at Runway 12"": {""unit"": ""Degrees"", ""value"": 165.0}, ""Wind Speed (10m) at Runway 12"": {""unit"": ""Knots"", ""value"": 2.1}}"
2026-09-04T04:40:00+00:00,2026-09-04T04:45:45.717527+00:00,2026-09-04T04:45:45.717527+00:00,2026-09-04 07:40 (Local Time),MATHIATIS,,,,,1,10,24.3,,24.6,21.0,1.5,0.5,522.0,160.0,96.0,,,,48.0,0.0,,,0.771666,,
2026-09-04T04:40:00+00:00,2026-09-04T04:45:45.717527+00:00,2026-09-04T04:45:45.717527+00:00,2026-09-04 07:40 (Local Time),PANAGIA_BRIDGE,,,,,1,6,18.5,19.1,22.6,17.2,,,,,,,,,68.0,0.0,,,,,
2026-09-04T04:40:00+00:00,2026-09-04T04:45:45.717527+00:00,2026-09-04T04:45:45.717527+00:00,2026-09-04 07:40 (Local Time),PAPHOS,,,,,1,8,26.1,,26.3,23.1,1.4,0.7,,,44.0,,,,76.0,0.0,,,0.720222,,
2026-09-04T04:40:00+00:00,2026-09-04T04:45:45.717527+00:00,2026-09-04T04:45:45.717527+00:00,2026-09-04 07:40 (Local Time),PAREKLISIA,,,,,1,7,24.7,,26.1,21.6,0.0,,,,43.0,,,,67.0,0.0,,,0.0,,
2026-09-04T04:40:00+00:00,2026-09-04T04:45:45.717527+00:00,2026-09-04T04:45:45.717527+00:00,2026-09-04 07:40 (Local Time),PENTAKOMO,,,,,1,8,25.5,,28.0,24.1,1.3,0.3,,,251.0,,,,90.0,0.0,,,0.668777,,
2026-09-04T04:40:00+00:00,2026-09-04T04:45:45.717527+00:00,2026-09-04T04:45:45.717527+00:00,2026-09-04 07:40 (Local Time),PLATANIA,,,,,1,6,20.3,,20.4,17.8,,0.2,,,,,,,49.0,0.0,,,,,
2026-09-04T04:40:00+00:00,2026-09-04T04:45:45.717527+00:00,2026-09-04T04:45:45.717527+00:00,2026-09-04 07:40 (Local Time),POLIS,,,,,1,11,25.2,,26.7,21.1,4.3,1.2,681.0,,151.0,,,,45.0,0.0,1003.5,,2.212109,,"{""Atmospheric Pressure (Mean Sea Level)"": {""unit"": ""hPa"", ""value"": 1006.1}}"
2026-09-04T04:40:00+00:00,2026-09-04T04:45:45.717527+00:00,2026-09-04T04:45:45.717527+00:00,2026-09-04 07:40 (Local Time),POLYSTYPOS,,,,,1,8,24.7,,24.9,20.6,1.2,0.6,,,272.0,,,,29.0,0.0,,,0.617333,,
2026-09-04T04:40:00+00:00,2026-09-04T04:45:45.717527+00:00,2026-09-04T04:45:45.717527+00:00,2026-09-04 07:40 (Local Time),PRODROMOS,,,,,1,9,19.4,,19.6,18.2,2.4,0.4,,86.0,79.0,,,,40.0,0.0,,,1.234666,,
2026-09-04T04:40:00+00:00,2026-09-04T04:45:45.717527+00:00,2026-09-04T04:45:45.717527+00:00,,PYRGOS,,,,,0,0,,,,,,,,,,,,,,,,,,,
2026-09-04T04:40:00+00:00,2026-09-04T04:45:45.717527+00:00,2026-09-04T04:45:45.717527+00:00,2026-09-04 07:40 (Local Time),SAITTAS,,,,,1,5,22.4,,23.4,19.4,,,,,,,,,46.0,0.0,,,,,
2026-09-04T04:40:00+00:00,2026-09-04T04:45:45.717527+00:00,2026-09-04T04:45:45.717527+00:00,2026-09-04 07:40 (Local Time),TAMASOS,,,,,1,9,22.2,28.6,24.7,19.6,1.8,0.0,,,183.0,,,,50.0,0.0,,,0.925999,,
2026-09-04T04:40:00+00:00,2026-09-04T04:45:45.717527+00:00,2026-09-04T04:45:45.717527+00:00,2026-09-04 07:40 (Local Time),TEPAK,,,,,1,9,26.6,,26.9,23.0,0.6,0.5,,,255.0,,,,59.0,0.0,,,0.308666,,"{""Accumulated Rainfall (24 hours)"": {""unit"": ""mm"", ""value"": 0.0}}"
2026-09-04T04:40:00+00:00,2026-09-04T04:45:45.717527+00:00,2026-09-04T04:45:45.717527+00:00,2026-09-04 07:40 (Local Time),TRIPILOS,,,,,1,7,21.5,,21.6,19.3,3.9,,,,13.0,,,,37.0,0.0,,,2.006332,,
2026-09-04T04:40:00+00:00,2026-09-04T04:45:45.717527+00:00,2026-09-04T04:45:45.717527+00:00,2026-09-04 07:40 (Local Time),TROODOS,,,,,1,9,19.2,,19.4,15.0,3.2,1.1,,,354.0,,,,39.0,0.0,826.0,,1.646221,,
2026-09-04T04:40:00+00:00,2026-09-04T04:45:45.717527+00:00,2026-09-04T04:45:45.717527+00:00,2026-09-04 07:40 (Local Time),VISITOR,,,,,1,7,24.0,,27.7,19.7,1.1,,,,195.0,,,,62.0,0.0,,,0.565888,,
2026-09-04T04:40:00+00:00,2026-09-04T04:45:45.717527+00:00,2026-09-04T04:45:45.717527+00:00,2026-09-04 07:40 (Local Time),XYLIATOS,,,,,1,8,25.8,,26.0,23.7,1.2,,,48.0,335.0,,,,34.0,0.0,,,0.617333,,
2026-09-04T04:40:00+00:00,2026-09-04T04:45:45.717527+00:00,2026-09-04T04:45:45.717527+00:00,2026-09-04 07:40 (Local Time),XYLOPHAGOU,,,,,1,9,23.7,26.2,27.4,23.7,3.2,1.1,,,323.0,,,,96.0,0.0,,,1.646221,,
2026-09-04T04:40:00+00:00,2026-09-04T04:45:45.717527+00:00,2026-09-04T04:45:45.717527+00:00,2026-09-04 07:40 (Local Time),ZYGI,,,,,1,9,24.2,27.8,26.9,20.4,1.7,0.5,,,314.0,,,,60.0,0.0,,,0.874555,,
2026-09-04T09:00:00+00:00,2026-09-04T09:05:06.541164+00:00,2026-09-04T09:05:06.541164+00:00,2026-09-04 12:00 (Local Time),ACHNA,,,,,1,8,31.8,,32.2,21.9,3.6,1.2,,,191.0,,,,59.0,0.0,,,1.851998,,
2026-09-04T09:00:00+00:00,2026-09-04T09:05:06.541164+00:00,2026-09-04T09:05:06.541164+00:00,2026-09-04 12:00 (Local Time),AGROS,,,,,1,10,29.0,,31.4,19.3,3.1,1.5,688.0,912.0,156.0,,,,43.0,0.0,,,1.594776,,
2026-09-04T09:00:00+00:00,2026-09-04T09:05:06.541164+00:00,2026-09-04T09:05:06.541164+00:00,2026-09-04 12:00 (Local Time),AKAMAS,,,,,1,7,28.5,,29.6,22.9,5.5,,,,224.0,,,,72.0,0.0,,,2.829442,,
2026-09-04T09:00:00+00:00,2026-09-04T09:05:06.541164+00:00,2026-09-04T09:05:06.541164+00:00,2026-09-04 12:00 (Local Time),ALONOUDI,,,,,1,5,33.9,,34.7,17.5,,,,,,,,,28.0,0.0,,,,,
2026-09-04T09:00:00+00:00,2026-09-04T09:05:06.541164+00:00,2026-09-04T09:05:06.541164+00:00,2026-09-04 12:00 (Local Time),AMARGETI,,,,,1,9,32.8,,34.0,22.5,2.2,1.1,,,216.0,,,,43.0,0.0,957.9,,1.131777,,
2026-09-04T09:00:00+00:00,2026-09-04T09:05:06.541164+00:00,2026-09-04T09:05:06.541164+00:00,2026-09-04 12:00 (Local Time),ASTROMERITIS,,,,,1,6,32.1,,,,7.7,3.1,,,331.0,,,,52.0,0.0,,,3.961219,,
2026-09-04T09:00:00+00:00,2026-09-04T09:05:06.541164+00:00,2026-09-04T09:05:06.541164+00:00,2026-09-04 12:00 (Local Time),ATHALASSA,,,,,1,11,33.9,39.7,34.3,19.6,3.1,1.9,,,67.0,,,,32.0,0.0,989.3,,1.594776,,"{""Atmospheric Pressure (Mean Sea Level)"": {""unit"": ""hPa"", ""value"": 1007.2}}"
2026-09-04T09:00:00+00:00,2026-09-04T09:05:06.541164+00:00,2026-09-04T09:05:06.541164+00:00,2026-09-04 12:00 (Local Time),ATHIENOU,,,,,1,9,32.0,42.2,33.2,21.0,5.0,2.0,,,161.0,,,,48.0,0.0,,,2.57222,,
2026-09-04T09:00:00+00:00,2026-09-04T09:05:06.541164+00:00,2026-09-04T09:05:06.541164+00:00,2026-09-04 12:00 (Local Time),AVDIMOU,,,,,1,11,31.6,43.9,32.1,18.0,6.3,2.6,817.0,875.0,159.0,,,,60.0,0.0,,,3.240997,,
2026-09-04T09:00:00+00:00,2026-09-04T09:05:06.541164+00:00,2026-09-04T09:05:06.541164+00:00,2026-09-04 12:00 (Local Time),CAVO_GRECO,,,,,1,9,30.5,,30.7,25.0,7.4,2.8,,,223.0,,,,67.0,0.0,1001.1,,3.806886,,
2026-09-04T09:00:00+00:00,2026-09-04T09:05:06.541164+00:00,2026-09-04T09:05:06.541164+00:00,2026-09-04 12:00 (Local Time),CHROMIO,,,,,1,9,23.5,,23.8,14.4,5.3,1.3,,,76.0,,,,32.0,0.0,,,2.726553,,"{""Snow Depth"": {""unit"": ""cm"", ""value"": 0.0}}"
2026-09-04T09:00:00+00:00,2026-09-04T09:05:06.541164+00:00,2026-09-04T09:05:06.541164+00:00,2026-09-04 12:00 (Local Time),CYTASAT,,,,,1,10,30.9,,32.0,19.3,5.3,1.7,,,195.0,,,,55.0,0.0,982.5,,2.726553,,"{""Atmospheric Pressure (Mean Sea Level)"": {""unit"": ""hPa"", ""value"": 1008.3}}"
2026-09-04T09:00:00+00:00,2026-09-04T09:05:06.541164+00:00,2026-09-04T09:05:06.541164+00:00,2026-09-04 12:00 (Local Time),EPTAGONEIA,,,,,1,8,31.1,,33.4,17.9,3.8,1.1,,,191.0,,,,44.0,0.0,,,1.954887,,
2026-09-04T09:00:00+00:00,2026-09-04T09:05:06.541164+00:00,2026-09-04T09:05:06.541164+00:00,2026-09-04 12:00 (Local Time),FANEROMENI,,,,,1,4,32.3,,,,,,,,,,,,60.0,0.0,,,,,"{""Rain Intensity (10 min.)"": {""unit"": ""mm/min"", ""value"": 0.0}}"
2026-09-04T09:00:00+00:00,2026-09-04T09:05:06.541164+00:00,2026-09-04T09:05:06.541164+00:00,2026-09-04 12:00 (Local Time),FARMAKAS,,,,,1,10,31.9,,35.1,19.3,3.2,2.1,603.0,614.0,66.0,,,,30.0,0.0,,,1.646221,,
2026-09-04T09:00:00+00:00,2026-09-04T09:05:06.541164+00:00,2026-09-04T09:05:06.541164+00:00,2026-09-04 12:00 (Local Time),FRENAROS,,,,,1,11,31.6,35.6,32.0,25.0,6.4,2.9,,931.0,177.0,,,,66.0,0.0,998.0,,3.292442,,
2026-09-04T09:00:00+00:00,2026-09-04T09:05:06.541164+00:00,2026-09-04T09:05:06.541164+00:00,2026-09-04 12:00 (Local Time),KALAVASOS,,,,,1,5,34.7,,34.9,22.0,,,,,,,,,49.0,0.0,,,,,
2026-09-04T09:00:00+00:00,2026-09-04T09:05:06.541164+00:00,2026-09-04T09:05:06.541164+00:00,2026-09-04 12:00 (Local Time),KALOPANAYIOTIS,,,,,1,9,29.9,,31.9,19.8,4.2,0.9,,213.0,328.0,,,,52.0,0.0,,,2.160665,,
2026-09-04T09:00:00+00:00,2026-09-04T09:05:06.541164+00:00,2026-09-04T09:05:06.541164+00:00,2026-09-04 12:00 (Local Time),KAMPOS,,,,,1,11,33.3,36.5,34.8,25.5,3.2,1.7,1027.0,908.0,137.0,,,,45.0,0.0,,,1.646221,,
2026-09-04T09:00:00+00:00,2026-09-04T09:05:06.541164+00:00,2026-09-04T09:05:06.541164+00:00,2026-09-04 12:00 (Local Time),KANNAVIOU,,,,,1,6,33.3,,34.0,21.2,,2.0,,,,,,,40.0,0.0,,,,,
2026-09-04T09:00:00+00:00,2026-09-04T09:05:06.541164+00:00,2026-09-04T09:05:06.541164+00:00,2026-09-04 12:00 (Local Time),KATHIKAS,,,,,1,6,28.9,,30.0,21.7,,,,,,,,,63.0,0.0,,,,,"{""Accumulated Rainfall (24 hours)"": {""unit"": ""mm"", ""value"": 0.0}}"
2026-09-04T09:00:00+00:00,2026-09-04T09:05:06.541164+00:00,2026-09-04T09:05:06.541164+00:00,2026-09-04 12:00 (Local Time),KEPNIC,,,,,1,1,,,,,,,,,,,,,,0.0,,,,,
2026-09-04T09:00:00+00:00,2026-09-04T09:05:06.541164+00:00,2026-09-04T09:05:06.541164+00:00,2026-09-04 12:00 (Local Time),KILANI,,,,,1,7,29.7,,30.1,19.0,,2.3,,904.0,,,,,41.0,0.0,,,,,
2026-09-04T09:00:00+00:00,2026-09-04T09:05:06.541164+00:00,2026-09-04T09:05:06.541164+00:00,2026-09-04 12:00 (Local Time),KORNOS,,,,,1,3,31.8,,,,,,,,,,,,47.0,0.0,,,,,
2026-09-04T09:00:00+00:00,2026-09-04T09:05:06.541164+00:00,2026-09-04T09:05:06.541164+00:00,2026-09-04 12:00 (Local Time),KOURIS,,,,,1,8,31.9,,32.6,24.0,5.3,1.5,,,203.0,,,,58.0,0.0,,,2.726553,,
2026-09-04T09:00:00+00:00,2026-09-04T09:05:06.541164+00:00,2026-09-04T09:05:06.541164+00:00,2026-09-04 12:00 (Local Time),KPYRGOS,,,,,1,8,30.0,,31.6,21.5,4.5,1.9,,,344.0,,,,66.0,0.0,,,2.314998,,
2026-09-04T09:00:00+00:00,2026-09-04T09:05:06.541164+00:00,2026-09-04T09:05:06.541164+00:00,2026-09-04 12:00 (Local Time),KYPEROUNTA,,,,,1,6,25.6,,26.9,20.3,,1.3,,763.0,,,,,47.0,,,,,,
2026-09-04T09:00:00+00:00,2026-09-04T09:05:06.541164+00:00,2026-09-04T09:05:06.541164+00:00,2026-09-04 12:00 (Local Time),LCLK,,,,,1,9,31.5,,31.8,21.8,,3.3,,,,,,,65.0,0.0,,,,,"{""Atmospheric Pressure (QNH)"": {""unit"": ""hPa"", ""value"": 1007.8}, ""Wind Direction (10m) at Runway 22"": {""unit"": ""Degrees"", ""value"": 192.0}, ""Wind Speed (10m) at Runway 22"": {""unit"": ""Knots"", ""value"": 7.6}}"
2026-09-04T09:00:00+00:00,2026-09-04T09:05:06.541164+00:00,2026-09-04T09:05:06.541164+00:00,2026-09-04 12:00 (Local Time),LCPH,,,,,1,9,31.0,,31.2,23.4,,2.3,,,,,,,65.0,0.0,,,,,"{""Atmospheric Pressure (QNH)"": {""unit"": ""hPa"", ""value"": 1007.9}, ""Wind Direction (10m) at Runway 29"": {""unit"": ""Degrees"", ""value"": 232.0}, ""Wind Speed (10m) at Runway 29"": {""unit"": ""Knots"", ""value"": 6.1}}"
2026-09-04T09:00:00+00:00,2026-09-04T09:05:06.541164+00:00,2026-09-04T09:05:06.541164+00:00,2026-09-04 12:00 (Local Time),LEFKARA,,,,,1,6,34.4,,34.7,19.8,,1.1,,,,,,,40.0,0.0,,,,,
2026-09-04T09:00:00+00:00,2026-09-04T09:05:06.541164+00:00,2026-09-04T09:05:06.541164+00:00,2026-09-04 12:00 (Local Time),LEFKOSIA,,,,,1,7,34.4,,35.0,20.2,,0.7,,,,,,,33.0,0.0,,,,,"{""Accumulated Rainfall (24 hours)"": {""unit"": ""mm"", ""value"": 0.0}}"
2026-09-04T09:00:00+00:00,2026-09-04T09:05:06.541164+00:00,2026-09-04T09:05:06.541164+00:00,2026-09-04 12:00 (Local Time),LIMASSOL,,,,,1,10,30.6,,30.9,22.3,,2.8,,880.0,,,,,65.0,0.0,1007.1,,,,"{""Wind Direction (10m) at Port Gate"": {""unit"": ""Degrees"", ""value"": 231.0}, ""Wind Speed (10m) at Port Gate"": {""unit"": ""Knots"", ""value"": 7.7}}"
2026-09-04T09:00:00+00:00,2026-09-04T09:05:06.541164+00:00,2026-09-04T09:05:06.541164+00:00,2026-09-04 12:00 (Local Time),LINOU,,,,,1,9,30.4,,31.3,22.8,6.3,3.3,,,23.0,,,,56.0,0.0,962.2,,3.240997,,
2026-09-04T09:00:00+00:00,2026-09-04T09:05:06.541164+00:00,2026-09-04T09:05:06.541164+00:00,2026-09-04 12:00 (Local Time),LYSOS,,,,,1,7,30.6,,31.8,22.2,6.6,,,,293.0,,,,47.0,0.0,,,3.39533,,
2026-09-04T09:00:00+00:00,2026-09-04T09:05:06.541164+00:00,2026-09-04T09:05:06.541164+00:00,2026-09-04 12:00 (Local Time),MALLIA,,,,,1,10,31.2,41.5,32.5,19.0,8.9,2.2,,920.0,195.0,,,,43.0,0.0,,,4.578552,,
2026-09-04T09:00:00+00:00,2026-09-04T09:05:06.541164+00:00,2026-09-04T09:05:06.541164+00:00,2026-09-04 12:00 (Local Time),MAMMARI,,,,,1,10,34.1,,34.8,22.4,,1.8,,898.0,,,,,29.0,0.0,,,,,"{""Atmospheric Pressure (QNH)"": {""unit"": ""hPa"", ""value"": 1008.7}, ""Wind Direction (10m) at Runway 12"": {""unit"": ""Degrees"", ""value"": 71.0}, ""Wind Speed (10m) at Runway 12"": {""unit"": ""Knots"", ""value"": 4.0}}"
2026-09-04T09:00:00+00:00,2026-09-04T09:05:06.541164+00:00,2026-09-04T09:05:06.541164+00:00,2026-09-04 12:00 (Local Time),MATHIATIS,,,,,1,10,31.8,,33.4,21.0,6.8,2.1,625.0,889.0,124.0,,,,47.0,0.0,,,3.498219,,
2026-09-04T09:00:00+00:00,2026-09-04T09:05:06.541164+00:00,2026-09-04T09:05:06.541164+00:00,2026-09-04 12:00 (Local Time),PANAGIA_BRIDGE,,,,,1,6,32.4,45.6,32.7,17.2,,,,,,,,,31.0,0.0,,,,,
2026-09-04T09:00:00+00:00,2026-09-04T09:05:06.541164+00:00,2026-09-04T09:05:06.541164+00:00,2026-09-04 12:00 (Local Time),PAPHOS,,,,,1,8,30.5,,31.1,23.1,3.4,1.7,,,229.0,,,,64.0,0.0,,,1.74911,,
2026-09-04T09:00:00+00:00,2026-09-04T09:05:06.541164+00:00,2026-09-04T09:05:06.541164+00:00,2026-09-04 12:00 (Local Time),PAREKLISIA,,,,,1,7,33.4,,33.6,21.6,2.0,,,,210.0,,,,58.0,0.0,,,1.028888,,
2026-09-04T09:00:00+00:00,2026-09-04T09:05:06.541164+00:00,2026-09-04T09:05:06.541164+00:00,2026-09-04 12:00 (Local Time),PENTAKOMO,,,,,1,8,30.2,,30.6,24.1,9.6,4.3,,,212.0,,,,69.0,0.0,,,4.938662,,
2026-09-04T09:00:00+00:00,2026-09-04T09:05:06.541164+00:00,2026-09-04T09:05:06.541164+00:00,2026-09-04 12:00 (Local Time),PLATANIA,,,,,1,6,28.3,,29.1,17.8,,0.5,,,,,,,39.0,0.0,,,,,
2026-09-04T09:00:00+00:00,2026-09-04T09:05:06.541164+00:00,2026-09-04T09:05:06.541164+00:00,2026-09-04 12:00 (Local Time),POLIS,,,,,1,11,30.4,,30.7,21.1,5.7,2.7,914.0,,343.0,,,,68.0,0.0,1004.4,,2.932331,,"{""Atmospheric Pressure (Mean Sea Level)"": {""unit"": ""hPa"", ""value"": 1007.0}}"
2026-09-04T09:00:00+00:00,2026-09-04T09:05:06.541164+00:00,2026-09-04T09:05:06.541164+00:00,2026-09-04 12:00 (Local Time),POLYSTYPOS,,,,,1,8,27.7,,29.9,20.6,2.3,1.1,,,42.0,,,,31.0,0.0,,,1.183221,,
2026-09-04T09:00:00+00:00,2026-09-04T09:05:06.541164+00:00,2026-09-04T09:05:06.541164+00:00,2026-09-04 12:00 (Local Time),PRODROMOS,,,,,1,9,25.6,,26.4,18.2,3.1,1.3,,932.0,38.0,,,,27.0,0.0,,,1.594776,,
2026-09-04T09:00:00+00:00,2026-09-04T09:05:06.541164+00:00,2026-09-04T09:05:06.541164+00:00,2026-09-04 12:00 (Local Time),PYRGOS,,,,,1,5,30.5,,,,2.6,,,,41.5,,,,55.0,0.0,,,1.337554,,
2026-09-04T09:00:00+00:00,2026-09-04T09:05:06.541164+00:00,2026-09-04T09:05:06.541164+00:00,2026-09-04 12:00 (Local Time),SAITTAS,,,,,1,5,32.5,,32.6,19.4,,,,,,,,,38.0,0.0,,,,,
2026-09-04T09:00:00+00:00,2026-09-04T09:05:06.541164+00:00,2026-09-04T09:05:06.541164+00:00,2026-09-04 12:00 (Local Time),TAMASOS,,,,,1,9,33.2,45.3,33.3,19.6,1.4,0.4,,,86.0,,,,27.0,0.0,,,0.720222,,
2026-09-04T09:00:00+00:00,2026-09-04T09:05:06.541164+00:00,2026-09-04T09:05:06.541164+00:00,2026-09-04 12:00 (Local Time),TEPAK,,,,,1,9,31.6,,31.9,23.0,4.5,2.7,,,181.0,,,,56.0,0.0,,,2.314998,,"{""Accumulated Rainfall (24 hours)"": {""unit"": ""mm"", ""value"": 0.0}}"
2026-09-04T09:00:00+00:00,2026-09-04T09:05:06.541164+00:00,2026-09-04T09:05:06.541164+00:00,2026-09-04 12:00 (Local Time),TRIPILOS,,,,,1,7,28.8,,29.3,19.3,4.3,,,,242.0,,,,31.0,0.0,,,2.212109,,
2026-09-04T09:00:00+00:00,2026-09-04T09:05:06.541164+00:00,2026-09-04T09:05:06.541164+00:00,2026-09-04 12:00 (Local Time),TROODOS,,,,,1,9,23.4,,24.2,15.0,1.0,1.2,,,336.0,,,,27.0,0.0,826.7,,0.514444,,
2026-09-04T09:00:00+00:00,2026-09-04T09:05:06.541164+00:00,2026-09-04T09:05:06.541164+00:00,2026-09-04 12:00 (Local Time),VISITOR,,,,,1,7,34.5,,34.7,19.7,1.5,,,,98.0,,,,32.0,0.0,,,0.771666,,
2026-09-04T09:00:00+00:00,2026-09-04T09:05:06.541164+00:00,2026-09-04T09:05:06.541164+00:00,2026-09-04 12:00 (Local Time),XYLIATOS,,,,,1,8,31.5,,31.7,23.7,3.2,,,922.0,335.0,,,,36.0,0.0,,,1.646221,,
2026-09-04T09:00:00+00:00,2026-09-04T09:05:06.541164+00:00,2026-09-04T09:05:06.541164+00:00,2026-09-04 12:00 (Local Time),XYLOPHAGOU,,,,,1,9,30.2,38.7,31.0,23.7,8.2,2.6,,,189.0,,,,73.0,0.0,,,4.218441,,
2026-09-04T09:00:00+00:00,2026-09-04T09:05:06.541164+00:00,2026-09-04T09:05:06.541164+00:00,2026-09-04 12:00 (Local Time),ZYGI,,,,,1,9,31.0,40.7,31.7,20.4,4.9,1.9,,,209.0,,,,64.0,0.0,,,2.520776,,
2026-09-04T13:20:00+00:00,2026-09-04T13:26:14.774263+00:00,2026-09-04T13:26:14.774263+00:00,2026-09-04 16:20 (Local Time),ACHNA,,,,,1,8,30.3,,32.6,21.9,7.2,1.7,,,194.0,,,,67.0,0.0,,,3.703997,,
2026-09-04T13:20:00+00:00,2026-09-04T13:26:14.774263+00:00,2026-09-04T13:26:14.774263+00:00,2026-09-04 16:20 (Local Time),AGROS,,,,,1,10,26.4,,31.4,19.3,3.0,1.2,287.0,286.0,225.0,,,,56.0,0.0,,,1.543332,,
2026-09-04T13:20:00+00:00,2026-09-04T13:26:14.774263+00:00,2026-09-04T13:26:14.774263+00:00,2026-09-04 16:20 (Local Time),AKAMAS,,,,,1,7,28.5,,30.2,22.9,11.8,,,,225.0,,,,69.0,0.0,,,6.070439,,
2026-09-04T13:20:00+00:00,2026-09-04T13:26:14.774263+00:00,2026-09-04T13:26:14.774263+00:00,2026-09-04 16:20 (Local Time),ALONOUDI,,,,,1,5,30.6,,34.7,17.5,,,,,,,,,55.0,0.0,,,,,
2026-09-04T13:20:00+00:00,2026-09-04T13:26:14.774263+00:00,2026-09-04T13:26:14.774263+00:00,2026-09-04 16:20 (Local Time),AMARGETI,,,,,1,9,32.7,,34.0,22.5,5.9,1.5,,,225.0,,,,49.0,0.0,957.4,,3.03522,,
2026-09-04T13:20:00+00:00,2026-09-04T13:26:14.774263+00:00,2026-09-04T13:26:14.774263+00:00,2026-09-04 16:20 (Local Time),ASTROMERITIS,,,,,1,6,30.8,,,,11.0,4.1,,,329.0,,,,56.0,0.0,,,5.658884,,
2026-09-04T13:20:00+00:00,2026-09-04T13:26:14.774263+00:00,2026-09-04T13:26:14.774263+00:00,2026-09-04 16:20 (Local Time),ATHALASSA,,,,,1,11,34.1,34.3,36.8,19.6,4.7,1.5,,,138.0,,,,39.0,0.0,987.8,,2.417887,,"{""Atmospheric Pressure (Mean Sea Level)"": {""unit"": ""hPa"", ""value"": 1005.8}}"
2026-09-04T13:20:00+00:00,2026-09-04T13:26:14.774263+00:00,2026-09-04T13:26:14.774263+00:00,2026-09-04 16:20 (Local Time),ATHIENOU,,,,,1,9,32.0,37.3,34.6,21.0,12.0,4.5,,,140.0,,,,48.0,0.0,,,6.173328,,
2026-09-04T13:20:00+00:00,2026-09-04T13:26:14.774263+00:00,2026-09-04T13:26:14.774263+00:00,2026-09-04 16:20 (Local Time),AVDIMOU,,,,,1,11,31.6,43.1,32.9,18.0,3.2,1.8,720.0,583.0,219.0,,,,60.0,0.0,,,1.646221,,
2026-09-04T13:20:00+00:00,2026-09-04T13:26:14.774263+00:00,2026-09-04T13:26:14.774263+00:00,2026-09-04 16:20 (Local Time),CAVO_GRECO,,,,,1,9,29.9,,30.8,25.0,8.9,3.5,,,209.0,,,,68.0,0.0,1000.3,,4.578552,,
2026-09-04T13:20:00+00:00,2026-09-04T13:26:14.774263+00:00,2026-09-04T13:26:14.774263+00:00,2026-09-04 16:20 (Local Time),CHROMIO,,,,,1,9,20.1,,24.1,14.4,4.2,1.1,,,359.0,,,,55.0,0.0,,,2.160665,,"{""Snow Depth"": {""unit"": ""cm"", ""value"": 0.0}}"
2026-09-04T13:20:00+00:00,2026-09-04T13:26:14.774263+00:00,2026-09-04T13:26:14.774263+00:00,2026-09-04 16:20 (Local Time),CYTASAT,,,,,1,10,32.0,,32.4,19.3,4.2,1.5,,,194.0,,,,55.0,0.0,981.7,,2.160665,,"{""Atmospheric Pressure (Mean Sea Level)"": {""unit"": ""hPa"", ""value"": 1007.4}}"
2026-09-04T13:20:00+00:00,2026-09-04T13:26:14.774263+00:00,2026-09-04T13:26:14.774263+00:00,2026-09-04 16:20 (Local Time),EPTAGONEIA,,,,,1,8,28.4,,33.4,17.9,6.0,1.9,,,231.0,,,,57.0,0.0,,,3.086664,,
2026-09-04T13:20:00+00:00,2026-09-04T13:26:14.774263+00:00,2026-09-04T13:26:14.774263+00:00,2026-09-04 16:20 (Local Time),FANEROMENI,,,,,1,4,32.4,,,,,,,,,,,,61.0,0.0,,,,,"{""Rain Intensity (10 min.)"": {""unit"": ""mm/min"", ""value"": 0.0}}"
2026-09-04T13:20:00+00:00,2026-09-04T13:26:14.774263+00:00,2026-09-04T13:26:14.774263+00:00,2026-09-04 16:20 (Local Time),FARMAKAS,,,,,1,10,27.1,,35.1,19.3,7.1,2.9,589.0,466.0,179.0,,,,59.0,0.0,,,3.652552,,
2026-09-04T13:20:00+00:00,2026-09-04T13:26:14.774263+00:00,2026-09-04T13:26:14.774263+00:00,2026-09-04 16:20 (Local Time),FRENAROS,,,,,1,11,31.0,35.1,32.4,25.0,7.9,3.2,,506.0,199.0,,,,68.0,0.0,997.2,,4.064108,,
2026-09-04T13:20:00+00:00,2026-09-04T13:26:14.774263+00:00,2026-09-04T13:26:14.774263+00:00,2026-09-04 16:20 (Local Time),KALAVASOS,,,,,1,5,32.0,,35.5,22.0,,,,,,,,,58.0,0.0,,,,,
2026-09-04T13:20:00+00:00,2026-09-04T13:26:14.774263+00:00,2026-09-04T13:26:14.774263+00:00,2026-09-04 16:20 (Local Time),KALOPANAYIOTIS,,,,,1,9,30.2,,33.5,19.8,4.2,1.3,,395.0,332.0,,,,52.0,0.0,,,2.160665,,
2026-09-04T13:20:00+00:00,2026-09-04T13:26:14.774263+00:00,2026-09-04T13:26:14.774263+00:00,2026-09-04 16:20 (Local Time),KAMPOS,,,,,1,11,30.1,35.2,34.8,25.5,2.8,1.6,922.0,596.0,138.0,,,,60.0,0.0,,,1.440443,,
2026-09-04T13:20:00+00:00,2026-09-04T13:26:14.774263+00:00,2026-09-04T13:26:14.774263+00:00,2026-09-04 16:20 (Local Time),KANNAVIOU,,,,,1,6,33.4,,34.9,21.2,,3.1,,,,,,,28.0,0.0,,,,,
2026-09-04T13:20:00+00:00,2026-09-04T13:26:14.774263+00:00,2026-09-04T13:26:14.774263+00:00,2026-09-04 16:20 (Local Time),KATHIKAS,,,,,1,6,28.4,,30.1,21.7,,,,,,,,,64.0,0.0,,,,,"{""Accumulated Rainfall (24 hours)"": {""unit"": ""mm"", ""value"": 0.0}}"
2026-09-04T13:20:00+00:00,2026-09-04T13:26:14.774263+00:00,2026-09-04T13:26:14.774263+00:00,2026-09-04 16:20 (Local Time),KEPNIC,,,,,1,1,,,,,,,,,,,,,,0.0,,,,,
2026-09-04T13:20:00+00:00,2026-09-04T13:26:14.774263+00:00,2026-09-04T13:26:14.774263+00:00,2026-09-04 16:20 (Local Time),KILANI,,,,,1,7,28.5,,30.1,19.0,,2.0,,578.0,,,,,49.0,0.0,,,,,
2026-09-04T13:20:00+00:00,2026-09-04T13:26:14.774263+00:00,2026-09-04T13:26:14.774263+00:00,2026-09-04 16:20 (Local Time),KORNOS,,,,,1,3,31.9,,,,,,,,,,,,45.0,0.0,,,,,
2026-09-04T13:20:00+00:00,2026-09-04T13:26:14.774263+00:00,2026-09-04T13:26:14.774263+00:00,2026-09-04 16:20 (Local Time),KOURIS,,,,,1,8,31.1,,33.6,24.0,8.1,1.8,,,211.0,,,,61.0,0.0,,,4.166996,,
2026-09-04T13:20:00+00:00,2026-09-04T13:26:14.774263+00:00,2026-09-04T13:26:14.774263+00:00,2026-09-04 16:20 (Local Time),KPYRGOS,,,,,1,8,30.9,,31.6,21.5,6.2,2.3,,,322.0,,,,66.0,0.0,,,3.189553,,
2026-09-04T13:20:00+00:00,2026-09-04T13:26:14.774263+00:00,2026-09-04T13:26:14.774263+00:00,2026-09-04 16:20 (Local Time),KYPEROUNTA,,,,,1,6,25.7,,26.9,20.3,,1.9,,585.0,,,,,41.0,,,,,,
2026-09-04T13:20:00+00:00,2026-09-04T13:26:14.774263+00:00,2026-09-04T13:26:14.774263+00:00,2026-09-04 16:20 (Local Time),LCLK,,,,,1,9,31.6,,32.7,21.8,,4.7,,,,,,,65.0,0.0,,,,,"{""Atmospheric Pressure (QNH)"": {""unit"": ""hPa"", ""value"": 1006.8}, ""Wind Direction (10m) at Runway 22"": {""unit"": ""Degrees"", ""value"": 206.0}, ""Wind Speed (10m) at Runway 22"": {""unit"": ""Knots"", ""value"": 11.9}}"
2026-09-04T13:20:00+00:00,2026-09-04T13:26:14.774263+00:00,2026-09-04T13:26:14.774263+00:00,2026-09-04 16:20 (Local Time),LCPH,,,,,1,9,30.0,,31.8,23.4,,2.3,,,,,,,67.0,0.0,,,,,"{""Atmospheric Pressure (QNH)"": {""unit"": ""hPa"", ""value"": 1007.2}, ""Wind Direction (10m) at Runway 29"": {""unit"": ""Degrees"", ""value"": 252.0}, ""Wind Speed (10m) at Runway 29"": {""unit"": ""Knots"", ""value"": 7.0}}"
2026-09-04T13:20:00+00:00,2026-09-04T13:26:14.774263+00:00,2026-09-04T13:26:14.774263+00:00,2026-09-04 16:20 (Local Time),LEFKARA,,,,,1,6,30.9,,36.9,19.8,,1.1,,,,,,,54.0,0.0,,,,,
2026-09-04T13:20:00+00:00,2026-09-04T13:26:14.774263+00:00,2026-09-04T13:26:14.774263+00:00,2026-09-04 16:20 (Local Time),LEFKOSIA,,,,,1,7,32.6,,36.5,20.2,,0.7,,,,,,,44.0,0.0,,,,,"{""Accumulated Rainfall (24 hours)"": {""unit"": ""mm"", ""value"": 0.0}}"
2026-09-04T13:20:00+00:00,2026-09-04T13:26:14.774263+00:00,2026-09-04T13:26:14.774263+00:00,2026-09-04 16:20 (Local Time),LIMASSOL,,,,,1,10,29.3,,31.9,22.3,,3.1,,224.0,,,,,69.0,0.0,1006.2,,,,"{""Wind Direction (10m) at Port Gate"": {""unit"": ""Degrees"", ""value"": 257.0}, ""Wind Speed (10m) at Port Gate"": {""unit"": ""Knots"", ""value"": 9.3}}"
2026-09-04T13:20:00+00:00,2026-09-04T13:26:14.774263+00:00,2026-09-04T13:26:14.774263+00:00,2026-09-04 16:20 (Local Time),LINOU,,,,,1,9,30.3,,33.0,22.8,7.8,3.0,,,335.0,,,,64.0,0.0,961.8,,4.012663,,
2026-09-04T13:20:00+00:00,2026-09-04T13:26:14.774263+00:00,2026-09-04T13:26:14.774263+00:00,2026-09-04 16:20 (Local Time),LYSOS,,,,,1,7,33.5,,34.2,22.2,5.2,,,,310.0,,,,41.0,0.0,,,2.675109,,
2026-09-04T13:20:00+00:00,2026-09-04T13:26:14.774263+00:00,2026-09-04T13:26:14.774263+00:00,2026-09-04 16:20 (Local Time),MALLIA,,,,,1,10,29.5,30.4,33.3,19.0,5.2,0.8,,237.0,274.0,,,,49.0,0.0,,,2.675109,,
2026-09-04T13:20:00+00:00,2026-09-04T13:26:14.774263+00:00,2026-09-04T13:26:14.774263+00:00,2026-09-04 16:20 (Local Time),MAMMARI,,,,,1,10,34.4,,36.7,22.4,,6.6,,507.0,,,,,31.0,0.0,,,,,"{""Atmospheric Pressure (QNH)"": {""unit"": ""hPa"", ""value"": 1007.5}, ""Wind Direction (10m) at Runway 12"": {""unit"": ""Degrees"", ""value"": 280.0}, ""Wind Speed (10m) at Runway 12"": {""unit"": ""Knots"", ""value"": 15.9}}"
2026-09-04T13:20:00+00:00,2026-09-04T13:26:14.774263+00:00,2026-09-04T13:26:14.774263+00:00,2026-09-04 16:20 (Local Time),MATHIATIS,,,,,1,10,29.0,,33.4,21.0,4.3,2.1,26.0,115.0,188.0,,,,51.0,0.0,,,2.212109,,
2026-09-04T13:20:00+00:00,2026-09-04T13:26:14.774263+00:00,2026-09-04T13:26:14.774263+00:00,2026-09-04 16:20 (Local Time),PANAGIA_BRIDGE,,,,,1,6,31.1,36.2,34.3,17.2,,,,,,,,,46.0,0.0,,,,,
2026-09-04T13:20:00+00:00,2026-09-04T13:26:14.774263+00:00,2026-09-04T13:26:14.774263+00:00,2026-09-04 16:20 (Local Time),PAPHOS,,,,,1,8,31.2,,31.5,23.1,3.1,1.4,,,249.0,,,,60.0,0.0,,,1.594776,,
2026-09-04T13:20:00+00:00,2026-09-04T13:26:14.774263+00:00,2026-09-04T13:26:14.774263+00:00,2026-09-04 16:20 (Local Time),PAREKLISIA,,,,,1,7,32.0,,34.5,21.6,3.0,,,,220.0,,,,59.0,0.0,,,1.543332,,
2026-09-04T13:20:00+00:00,2026-09-04T13:26:14.774263+00:00,2026-09-04T13:26:14.774263+00:00,2026-09-04 16:20 (Local Time),PENTAKOMO,,,,,1,8,30.0,,31.0,24.1,13.3,5.5,,,221.0,,,,71.0,0.0,,,6.842105,,
2026-09-04T13:20:00+00:00,2026-09-04T13:26:14.774263+00:00,2026-09-04T13:26:14.774263+00:00,2026-09-04 16:20 (Local Time),PLATANIA,,,,,1,6,25.6,,29.3,17.8,,0.4,,,,,,,35.0,0.0,,,,,
2026-09-04T13:20:00+00:00,2026-09-04T13:26:14.774263+00:00,2026-09-04T13:26:14.774263+00:00,2026-09-04 16:20 (Local Time),POLIS,,,,,1,11,34.1,,34.4,21.1,7.6,3.1,951.0,,252.0,,,,43.0,0.0,1003.2,,3.909774,,"{""Atmospheric Pressure (Mean Sea Level)"": {""unit"": ""hPa"", ""value"": 1005.8}}"
2026-09-04T13:20:00+00:00,2026-09-04T13:26:14.774263+00:00,2026-09-04T13:26:14.774263+00:00,2026-09-04 16:20 (Local Time),POLYSTYPOS,,,,,1,8,26.7,,29.9,20.6,1.4,0.7,,,52.0,,,,34.0,0.0,,,0.720222,,
2026-09-04T13:20:00+00:00,2026-09-04T13:26:14.774263+00:00,2026-09-04T13:26:14.774263+00:00,2026-09-04 16:20 (Local Time),PRODROMOS,,,,,1,9,20.5,,26.5,18.2,1.3,0.1,,198.0,39.0,,,,60.0,0.0,,,0.668777,,
2026-09-04T13:20:00+00:00,2026-09-04T13:26:14.774263+00:00,2026-09-04T13:26:14.774263+00:00,2026-09-04 16:20 (Local Time),PYRGOS,,,,,1,5,31.3,,,,6.9,,,,237.9,,,,47.0,0.0,,,3.549664,,
2026-09-04T13:20:00+00:00,2026-09-04T13:26:14.774263+00:00,2026-09-04T13:26:14.774263+00:00,2026-09-04 16:20 (Local Time),SAITTAS,,,,,1,5,29.6,,34.2,19.4,,,,,,,,,63.0,0.0,,,,,
2026-09-04T13:20:00+00:00,2026-09-04T13:26:14.774263+00:00,2026-09-04T13:26:14.774263+00:00,2026-09-04 16:20 (Local Time),TAMASOS,,,,,1,9,32.0,34.1,34.6,19.6,9.0,2.4,,,289.0,,,,39.0,0.0,,,4.629996,,
2026-09-04T13:20:00+00:00,2026-09-04T13:26:14.774263+00:00,2026-09-04T13:26:14.774263+00:00,2026-09-04 16:20 (Local Time),TEPAK,,,,,1,9,30.0,,33.1,23.0,4.5,1.6,,,234.0,,,,62.0,0.0,,,2.314998,,"{""Accumulated Rainfall (24 hours)"": {""unit"": ""mm"", ""value"": 0.0}}"
2026-09-04T13:20:00+00:00,2026-09-04T13:26:14.774263+00:00,2026-09-04T13:26:14.774263+00:00,2026-09-04 16:20 (Local Time),TRIPILOS,,,,,1,7,28.3,,29.5,19.3,3.9,,,,246.0,,,,34.0,0.0,,,2.006332,,
2026-09-04T13:20:00+00:00,2026-09-04T13:26:14.774263+00:00,2026-09-04T13:26:14.774263+00:00,2026-09-04 16:20 (Local Time),TROODOS,,,,,1,9,21.4,,24.9,15.0,4.0,1.3,,,359.0,,,,48.0,0.0,826.4,,2.057776,,
2026-09-04T13:20:00+00:00,2026-09-04T13:26:14.774263+00:00,2026-09-04T13:26:14.774263+00:00,2026-09-04 16:20 (Local Time),VISITOR,,,,,1,7,34.3,,36.5,19.7,5.2,,,,129.0,,,,41.0,0.0,,,2.675109,,
2026-09-04T13:20:00+00:00,2026-09-04T13:26:14.774263+00:00,2026-09-04T13:26:14.774263+00:00,2026-09-04 16:20 (Local Time),XYLIATOS,,,,,1,8,29.1,,32.2,23.7,6.3,,,545.0,341.0,,,,54.0,0.0,,,3.240997,,
2026-09-04T13:20:00+00:00,2026-09-04T13:26:14.774263+00:00,2026-09-04T13:26:14.774263+00:00,2026-09-04 16:20 (Local Time),XYLOPHAGOU,,,,,1,9,30.2,36.7,31.8,23.7,11.8,3.7,,,201.0,,,,71.0,0.0,,,6.070439,,
2026-09-04T13:20:00+00:00,2026-09-04T13:26:14.774263+00:00,2026-09-04T13:26:14.774263+00:00,2026-09-04 16:20 (Local Time),ZYGI,,,,,1,9,30.8,36.0,32.4,20.4,4.1,2.0,,,215.0,,,,64.0,0.0,,,2.10922,,
2026-09-04T16:50:00+00:00,2026-09-04T16:55:20.414199+00:00,2026-09-04T16:55:20.414199+00:00,2026-09-04 19:50 (Local Time),ACHNA,,,,,1,8,27.4,,32.6,21.9,3.8,0.9,,,194.0,,,,83.0,0.0,,,1.954887,,
2026-09-04T16:50:00+00:00,2026-09-04T16:55:20.414199+00:00,2026-09-04T16:55:20.414199+00:00,2026-09-04 19:50 (Local Time),AGROS,,,,,1,10,22.4,,31.4,19.3,1.8,0.7,4.0,0.0,349.0,,,,81.0,0.0,,,0.925999,,
2026-09-04T16:50:00+00:00,2026-09-04T16:55:20.414199+00:00,2026-09-04T16:55:20.414199+00:00,2026-09-04 19:50 (Local Time),AKAMAS,,,,,1,7,24.3,,30.2,22.9,7.0,,,,222.0,,,,93.0,0.0,,,3.601108,,
2026-09-04T16:50:00+00:00,2026-09-04T16:55:20.414199+00:00,2026-09-04T16:55:20.414199+00:00,,ALONOUDI,,,,,0,0,,,,,,,,,,,,,,,,,,,
2026-09-04T16:50:00+00:00,2026-09-04T16:55:20.414199+00:00,2026-09-04T16:55:20.414199+00:00,2026-09-04 19:50 (Local Time),AMARGETI,,,,,1,9,24.5,,34.0,22.5,3.8,1.4,,,119.0,,,,84.0,0.0,958.2,,1.954887,,
2026-09-04T16:50:00+00:00,2026-09-04T16:55:20.414199+00:00,2026-09-04T16:55:20.414199+00:00,2026-09-04 19:50 (Local Time),ASTROMERITIS,,,,,1,6,26.2,,,,3.9,1.4,,,288.0,,,,81.0,0.0,,,2.006332,,
2026-09-04T16:50:00+00:00,2026-09-04T16:55:20.414199+00:00,2026-09-04T16:55:20.414199+00:00,2026-09-04 19:50 (Local Time),ATHALASSA,,,,,1,11,28.5,26.5,36.8,19.6,7.3,2.5,,,259.0,,,,58.0,0.0,989.4,,3.755441,,"{""Atmospheric Pressure (Mean Sea Level)"": {""unit"": ""hPa"", ""value"": 1007.7}}"
2026-09-04T16:50:00+00:00,2026-09-04T16:55:20.414199+00:00,2026-09-04T16:55:20.414199+00:00,2026-09-04 19:50 (Local Time),ATHIENOU,,,,,1,9,27.9,27.1,34.6,21.0,8.8,2.4,,,258.0,,,,64.0,0.0,,,4.527107,,
2026-09-04T16:50:00+00:00,2026-09-04T16:55:20.414199+00:00,2026-09-04T16:55:20.414199+00:00,2026-09-04 19:50 (Local Time),AVDIMOU,,,,,1,11,27.2,26.3,32.9,18.0,2.8,0.9,3.0,5.0,232.0,,,,77.0,0.0,,,1.440443,,
2026-09-04T16:50:00+00:00,2026-09-04T16:55:20.414199+00:00,2026-09-04T16:55:20.414199+00:00,2026-09-04 19:50 (Local Time),CAVO_GRECO,,,,,1,9,26.4,,30.8,25.0,6.6,2.9,,,197.0,,,,83.0,0.0,1000.7,,3.39533,,
2026-09-04T16:50:00+00:00,2026-09-04T16:55:20.414199+00:00,2026-09-04T16:55:20.414199+00:00,2026-09-04 19:50 (Local Time),CHROMIO,,,,,1,9,16.1,,24.1,14.4,3.7,1.1,,,260.0,,,,87.0,0.0,,,1.903443,,"{""Snow Depth"": {""unit"": ""cm"", ""value"": 0.0}}"
2026-09-04T16:50:00+00:00,2026-09-04T16:55:20.414199+00:00,2026-09-04T16:55:20.414199+00:00,2026-09-04 19:50 (Local Time),CYTASAT,,,,,1,10,25.9,,32.4,19.3,0.8,0.5,,,71.0,,,,71.0,0.0,982.3,,0.411555,,"{""Atmospheric Pressure (Mean Sea Level)"": {""unit"": ""hPa"", ""value"": 1008.5}}"
2026-09-04T16:50:00+00:00,2026-09-04T16:55:20.414199+00:00,2026-09-04T16:55:20.414199+00:00,2026-09-04 19:50 (Local Time),EPTAGONEIA,,,,,1,8,25.0,,33.4,17.9,2.0,0.2,,,265.0,,,,76.0,0.0,,,1.028888,,
2026-09-04T16:50:00+00:00,2026-09-04T16:55:20.414199+00:00,2026-09-04T16:55:20.414199+00:00,2026-09-04 19:50 (Local Time),FANEROMENI,,,,,1,4,28.5,,,,,,,,,,,,79.0,0.0,,,,,"{""Rain Intensity (10 min.)"": {""unit"": ""mm/min"", ""value"": 0.0}}"
2026-09-04T16:50:00+00:00,2026-09-04T16:55:20.414199+00:00,2026-09-04T16:55:20.414199+00:00,2026-09-04 19:50 (Local Time),FARMAKAS,,,,,1,10,22.6,,35.1,19.3,1.8,1.0,2.0,0.0,156.0,,,,78.0,0.0,,,0.925999,,
2026-09-04T16:50:00+00:00,2026-09-04T16:55:20.414199+00:00,2026-09-04T16:55:20.414199+00:00,2026-09-04 19:50 (Local Time),FRENAROS,,,,,1,11,27.3,26.3,32.4,25.0,5.6,2.5,,0.0,190.0,,,,84.0,0.0,997.7,,2.880886,,
2026-09-04T16:50:00+00:00,2026-09-04T16:55:20.414199+00:00,2026-09-04T16:55:20.414199+00:00,2026-09-04 19:50 (Local Time),KALAVASOS,,,,,1,5,27.4,,35.5,22.0,,,,,,,,,76.0,0.0,,,,,
2026-09-04T16:50:00+00:00,2026-09-04T16:55:20.414199+00:00,2026-09-04T16:55:20.414199+00:00,2026-09-04 19:50 (Local Time),KALOPANAYIOTIS,,,,,1,9,23.2,,33.5,19.8,1.6,0.0,,0.0,181.0,,,,86.0,0.0,,,0.82311,,
2026-09-04T16:50:00+00:00,2026-09-04T16:55:20.414199+00:00,2026-09-04T16:55:20.414199+00:00,2026-09-04 19:50 (Local Time),KAMPOS,,,,,1,11,23.6,24.0,34.8,23.5,1.1,0.5,4.0,0.0,270.0,,,,83.0,0.0,,,0.565888,,
2026-09-04T16:50:00+00:00,2026-09-04T16:55:20.414199+00:00,2026-09-04T16:55:20.414199+00:00,2026-09-04 19:50 (Local Time),KANNAVIOU,,,,,1,6,27.0,,34.9,21.2,,0.4,,,,,,,55.0,0.0,,,,,
2026-09-04T16:50:00+00:00,2026-09-04T16:55:20.414199+00:00,2026-09-04T16:55:20.414199+00:00,2026-09-04 19:50 (Local Time),KATHIKAS,,,,,1,6,23.1,,30.1,21.7,,,,,,,,,86.0,0.0,,,,,"{""Accumulated Rainfall (24 hours)"": {""unit"": ""mm"", ""value"": 0.0}}"
2026-09-04T16:50:00+00:00,2026-09-04T16:55:20.414199+00:00,2026-09-04T16:55:20.414199+00:00,2026-09-04 19:50 (Local Time),KEPNIC,,,,,1,1,,,,,,,,,,,,,,0.0,,,,,
2026-09-04T16:50:00+00:00,2026-09-04T16:55:20.414199+00:00,2026-09-04T16:55:20.414199+00:00,2026-09-04 19:50 (Local Time),KILANI,,,,,1,7,22.5,,30.1,19.0,,0.3,,1.0,,,,,71.0,0.0,,,,,
2026-09-04T16:50:00+00:00,2026-09-04T16:55:20.414199+00:00,2026-09-04T16:55:20.414199+00:00,2026-09-04 19:50 (Local Time),KORNOS,,,,,1,3,27.3,,,,,,,,,,,,66.0,0.0,,,,,
2026-09-04T16:50:00+00:00,2026-09-04T16:55:20.414199+00:00,2026-09-04T16:55:20.414199+00:00,2026-09-04 19:50 (Local Time),KOURIS,,,,,1,8,26.9,,33.6,24.0,0.9,0.6,,,271.0,,,,78.0,0.0,,,0.463,,
2026-09-04T16:50:00+00:00,2026-09-04T16:55:20.414199+00:00,2026-09-04T16:55:20.414199+00:00,2026-09-04 19:50 (Local Time),KPYRGOS,,,,,1,8,27.7,,31.6,21.5,1.3,0.1,,,323.0,,,,76.0,0.0,,,0.668777,,
2026-09-04T16:50:00+00:00,2026-09-04T16:55:20.414199+00:00,2026-09-04T16:55:20.414199+00:00,2026-09-04 19:50 (Local Time),KYPEROUNTA,,,,,1,6,19.8,,26.9,19.7,,1.1,,0.0,,,,,81.0,,,,,,
2026-09-04T16:50:00+00:00,2026-09-04T16:55:20.414199+00:00,2026-09-04T16:55:20.414199+00:00,2026-09-04 19:50 (Local Time),LCLK,,,,,1,9,27.9,,32.7,21.8,,2.6,,,,,,,81.0,0.0,,,,,"{""Atmospheric Pressure (QNH)"": {""unit"": ""hPa"", ""value"": 1007.4}, ""Wind Direction (10m) at Runway 22"": {""unit"": ""Degrees"", ""value"": 215.0}, ""Wind Speed (10m) at Runway 22"": {""unit"": ""Knots"", ""value"": 8.5}}"
2026-09-04T16:50:00+00:00,2026-09-04T16:55:20.414199+00:00,2026-09-04T16:55:20.414199+00:00,2026-09-04 19:50 (Local Time),LCPH,,,,,1,9,28.2,,31.8,23.4,,2.0,,,,,,,77.0,0.0,,,,,"{""Atmospheric Pressure (QNH)"": {""unit"": ""hPa"", ""value"": 1008.0}, ""Wind Direction (10m) at Runway 29"": {""unit"": ""Degrees"", ""value"": 289.0}, ""Wind Speed (10m) at Runway 29"": {""unit"": ""Knots"", ""value"": 6.4}}"
2026-09-04T16:50:00+00:00,2026-09-04T16:55:20.414199+00:00,2026-09-04T16:55:20.414199+00:00,2026-09-04 19:50 (Local Time),LEFKARA,,,,,1,6,26.5,,36.9,19.8,,0.7,,,,,,,69.0,0.0,,,,,
2026-09-04T16:50:00+00:00,2026-09-04T16:55:20.414199+00:00,2026-09-04T16:55:20.414199+00:00,2026-09-04 19:50 (Local Time),LEFKOSIA,,,,,1,7,27.0,,36.5,20.2,,0.9,,,,,,,65.0,0.0,,,,,"{""Accumulated Rainfall (24 hours)"": {""unit"": ""mm"", ""value"": 0.0}}"
2026-09-04T16:50:00+00:00,2026-09-04T16:55:20.414199+00:00,2026-09-04T16:55:20.414199+00:00,2026-09-04 19:50 (Local Time),LIMASSOL,,,,,1,10,26.9,,31.9,22.3,,1.3,,0.0,,,,,81.0,0.0,1006.8,,,,"{""Wind Direction (10m) at Port Gate"": {""unit"": ""Degrees"", ""value"": 243.0}, ""Wind Speed (10m) at Port Gate"": {""unit"": ""Knots"", ""value"": 3.7}}"
2026-09-04T16:50:00+00:00,2026-09-04T16:55:20.414199+00:00,2026-09-04T16:55:20.414199+00:00,2026-09-04 19:50 (Local Time),LINOU,,,,,1,9,24.4,,33.0,22.8,2.3,1.0,,,319.0,,,,84.0,0.0,962.8,,1.183221,,
2026-09-04T16:50:00+00:00,2026-09-04T16:55:20.414199+00:00,2026-09-04T16:55:20.414199+00:00,2026-09-04 19:50 (Local Time),LYSOS,,,,,1,7,21.8,,34.2,21.7,4.6,,,,25.0,,,,75.0,0.0,,,2.366442,,
2026-09-04T16:50:00+00:00,2026-09-04T16:55:20.414199+00:00,2026-09-04T16:55:20.414199+00:00,2026-09-04 19:50 (Local Time),MALLIA,,,,,1,10,22.7,21.4,33.3,19.0,1.4,0.4,,11.0,244.0,,,,83.0,0.0,,,0.720222,,
2026-09-04T16:50:00+00:00,2026-09-04T16:55:20.414199+00:00,2026-09-04T16:55:20.414199+00:00,2026-09-04 19:50 (Local Time),MAMMARI,,,,,1,10,27.0,,36.7,22.4,,4.0,,5.0,,,,,77.0,0.0,,,,,"{""Atmospheric Pressure (QNH)"": {""unit"": ""hPa"", ""value"": 1009.2}, ""Wind Direction (10m) at Runway 12"": {""unit"": ""Degrees"", ""value"": 261.0}, ""Wind Speed (10m) at Runway 12"": {""unit"": ""Knots"", ""value"": 10.1}}"
2026-09-04T16:50:00+00:00,2026-09-04T16:55:20.414199+00:00,2026-09-04T16:55:20.414199+00:00,2026-09-04 19:50 (Local Time),MATHIATIS,,,,,1,10,24.4,,33.4,21.0,1.9,0.6,4.0,0.0,331.0,,,,75.0,0.0,,,0.977444,,
2026-09-04T16:50:00+00:00,2026-09-04T16:55:20.414199+00:00,2026-09-04T16:55:20.414199+00:00,2026-09-04 19:50 (Local Time),PANAGIA_BRIDGE,,,,,1,6,24.4,25.0,34.3,17.2,,,,,,,,,82.0,0.0,,,,,
2026-09-04T16:50:00+00:00,2026-09-04T16:55:20.414199+00:00,2026-09-04T16:55:20.414199+00:00,2026-09-04 19:50 (Local Time),PAPHOS,,,,,1,8,26.7,,31.5,23.1,2.0,1.1,,,311.0,,,,77.0,0.0,,,1.028888,,
2026-09-04T16:50:00+00:00,2026-09-04T16:55:20.414199+00:00,2026-09-04T16:55:20.414199+00:00,2026-09-04 19:50 (Local Time),PAREKLISIA,,,,,1,7,27.0,,34.5,21.6,1.0,,,,245.0,,,,76.0,0.0,,,0.514444,,
2026-09-04T16:50:00+00:00,2026-09-04T16:55:20.414199+00:00,2026-09-04T16:55:20.414199+00:00,2026-09-04 19:50 (Local Time),PENTAKOMO,,,,,1,8,28.1,,31.0,24.1,12.0,5.1,,,237.0,,,,77.0,0.0,,,6.173328,,
2026-09-04T16:50:00+00:00,2026-09-04T16:55:20.414199+00:00,2026-09-04T16:55:20.414199+00:00,2026-09-04 19:50 (Local Time),PLATANIA,,,,,1,6,19.9,,29.3,17.8,,0.3,,,,,,,57.0,0.0,,,,,
2026-09-04T16:50:00+00:00,2026-09-04T16:55:20.414199+00:00,2026-09-04T16:55:20.414199+00:00,2026-09-04 19:50 (Local Time),POLIS,,,,,1,11,27.9,,34.4,21.1,3.8,1.3,4.0,,233.0,,,,76.0,0.0,1004.5,,1.954887,,"{""Atmospheric Pressure (Mean Sea Level)"": {""unit"": ""hPa"", ""value"": 1007.2}}"
2026-09-04T16:50:00+00:00,2026-09-04T16:55:20.414199+00:00,2026-09-04T16:55:20.414199+00:00,2026-09-04 19:50 (Local Time),POLYSTYPOS,,,,,1,8,22.0,,29.9,20.6,1.2,0.1,,,282.0,,,,76.0,0.0,,,0.617333,,
2026-09-04T16:50:00+00:00,2026-09-04T16:55:20.414199+00:00,2026-09-04T16:55:20.414199+00:00,2026-09-04 19:50 (Local Time),PRODROMOS,,,,,1,9,19.1,,26.5,18.2,1.7,0.0,,0.0,187.0,,,,76.0,0.0,,,0.874555,,
2026-09-04T16:50:00+00:00,2026-09-04T16:55:20.414199+00:00,2026-09-04T16:55:20.414199+00:00,2026-09-04 19:50 (Local Time),PYRGOS,,,,,1,5,23.5,,,,6.7,,,,230.8,,,,82.0,0.0,,,3.446775,,
2026-09-04T16:50:00+00:00,2026-09-04T16:55:20.414199+00:00,2026-09-04T16:55:20.414199+00:00,2026-09-04 19:50 (Local Time),SAITTAS,,,,,1,5,24.0,,34.2,19.4,,,,,,,,,79.0,0.0,,,,,
2026-09-04T16:50:00+00:00,2026-09-04T16:55:20.414199+00:00,2026-09-04T16:55:20.414199+00:00,2026-09-04 19:50 (Local Time),TAMASOS,,,,,1,9,25.5,25.5,34.6,19.6,2.2,0.2,,,285.0,,,,76.0,0.0,,,1.131777,,
2026-09-04T16:50:00+00:00,2026-09-04T16:55:20.414199+00:00,2026-09-04T16:55:20.414199+00:00,2026-09-04 19:50 (Local Time),TEPAK,,,,,1,9,27.0,,33.1,23.0,2.2,0.7,,,277.0,,,,75.0,0.0,,,1.131777,,"{""Accumulated Rainfall (24 hours)"": {""unit"": ""mm"", ""value"": 0.0}}"
2026-09-04T16:50:00+00:00,2026-09-04T16:55:20.414199+00:00,2026-09-04T16:55:20.414199+00:00,2026-09-04 19:50 (Local Time),TRIPILOS,,,,,1,7,20.7,,31.0,19.3,4.8,,,,297.0,,,,38.0,0.0,,,2.469331,,
2026-09-04T16:50:00+00:00,2026-09-04T16:55:20.414199+00:00,2026-09-04T16:55:20.414199+00:00,2026-09-04 19:50 (Local Time),TROODOS,,,,,1,9,16.6,,24.9,15.0,2.4,1.1,,,240.0,,,,68.0,0.0,827.0,,1.234666,,
2026-09-04T16:50:00+00:00,2026-09-04T16:55:20.414199+00:00,2026-09-04T16:55:20.414199+00:00,2026-09-04 19:50 (Local Time),VISITOR,,,,,1,7,28.9,,36.5,19.7,5.2,,,,250.0,,,,59.0,0.0,,,2.675109,,
2026-09-04T16:50:00+00:00,2026-09-04T16:55:20.414199+00:00,2026-09-04T16:55:20.414199+00:00,2026-09-04 19:50 (Local Time),XYLIATOS,,,,,1,8,22.2,,32.2,22.1,0.0,,,4.0,328.0,,,,88.0,0.0,,,0.0,,
2026-09-04T16:50:00+00:00,2026-09-04T16:55:20.414199+00:00,2026-09-04T16:55:20.414199+00:00,2026-09-04 19:50 (Local Time),XYLOPHAGOU,,,,,1,9,27.4,28.2,31.8,23.7,7.3,2.3,,,201.0,,,,85.0,0.0,,,3.755441,,
2026-09-04T16:50:00+00:00,2026-09-04T16:55:20.414199+00:00,2026-09-04T16:55:20.414199+00:00,2026-09-04 19:50 (Local Time),ZYGI,,,,,1,9,27.8,28.2,32.4,20.4,1.5,0.3,,,235.0,,,,75.0,0.0,,,0.771666,,
2026-09-04T21:20:00+00:00,2026-09-04T21:28:37.350031+00:00,2026-09-04T21:28:37.350031+00:00,2026-09-05 00:20 (Local Time),ACHNA,,,,,1,8,25.7,,27.0,25.0,3.0,1.0,,,312.0,,,,90.0,0.0,,,1.543332,,
2026-09-04T21:20:00+00:00,2026-09-04T21:28:37.350031+00:00,2026-09-04T21:28:37.350031+00:00,2026-09-05 00:20 (Local Time),AGROS,,,,,1,10,21.6,,21.9,20.7,1.1,0.8,4.0,0.0,301.0,,,,36.0,0.0,,,0.565888,,
2026-09-04T21:20:00+00:00,2026-09-04T21:28:37.350031+00:00,2026-09-04T21:28:37.350031+00:00,2026-09-05 00:20 (Local Time),AKAMAS,,,,,1,7,23.6,,24.1,23.4,6.2,,,,231.0,,,,100.0,0.0,,,3.189553,,
2026-09-04T21:20:00+00:00,2026-09-04T21:28:37.350031+00:00,2026-09-04T21:28:37.350031+00:00,,ALONOUDI,,,,,0,0,,,,,,,,,,,,,,,,,,,
2026-09-04T21:20:00+00:00,2026-09-04T21:28:37.350031+00:00,2026-09-04T21:28:37.350031+00:00,2026-09-05 00:20 (Local Time),AMARGETI,,,,,1,9,22.8,,24.7,22.5,4.9,1.7,,,316.0,,,,68.0,0.0,959.0,,2.520776,,
2026-09-04T21:20:00+00:00,2026-09-04T21:28:37.350031+00:00,2026-09-04T21:28:37.350031+00:00,2026-09-05 00:20 (Local Time),ASTROMERITIS,,,,,1,6,22.8,,,,5.3,2.0,,,178.0,,,,88.0,0.0,,,2.726553,,
2026-09-04T21:20:00+00:00,2026-09-04T21:28:37.350031+00:00,2026-09-04T21:28:37.350031+00:00,2026-09-05 00:20 (Local Time),ATHALASSA,,,,,1,11,25.4,22.9,27.0,25.3,2.4,1.0,,,258.0,,,,88.0,0.0,990.9,,1.234666,,"{""Atmospheric Pressure (Mean Sea Level)"": {""unit"": ""hPa"", ""value"": 1009.4}}"
2026-09-04T21:20:00+00:00,2026-09-04T21:28:37.350031+00:00,2026-09-04T21:28:37.350031+00:00,2026-09-05 00:20 (Local Time),ATHIENOU,,,,,1,9,24.0,22.1,26.4,23.9,3.4,0.3,,,236.0,,,,91.0,0.0,,,1.74911,,
2026-09-04T21:20:00+00:00,2026-09-04T21:28:37.350031+00:00,2026-09-04T21:28:37.350031+00:00,2026-09-05 00:20 (Local Time),AVDIMOU,,,,,1,11,21.6,19.8,26.0,21.5,1.4,0.3,3.0,3.0,350.0,,,,93.0,0.0,,,0.720222,,
2026-09-04T21:20:00+00:00,2026-09-04T21:28:37.350031+00:00,2026-09-04T21:28:37.350031+00:00,2026-09-05 00:20 (Local Time),CAVO_GRECO,,,,,1,9,25.9,,26.3,25.9,5.5,1.9,,,212.0,,,,88.0,0.0,1002.1,,2.829442,,
2026-09-04T21:20:00+00:00,2026-09-04T21:28:37.350031+00:00,2026-09-04T21:28:37.350031+00:00,2026-09-05 00:20 (Local Time),CHROMIO,,,,,1,9,15.7,,16.8,14.3,4.5,0.8,,,282.0,,,,44.0,0.0,,,2.314998,,"{""Snow Depth"": {""unit"": ""cm"", ""value"": 0.0}}"
2026-09-04T21:20:00+00:00,2026-09-04T21:28:37.350031+00:00,2026-09-04T21:28:37.350031+00:00,2026-09-05 00:20 (Local Time),CYTASAT,,,,,1,10,21.9,,24.6,21.7,0.6,0.6,,,76.0,,,,86.0,0.0,983.9,,0.308666,,"{""Atmospheric Pressure (Mean Sea Level)"": {""unit"": ""hPa"", ""value"": 1010.5}}"
2026-09-04T21:20:00+00:00,2026-09-04T21:28:37.350031+00:00,2026-09-04T21:28:37.350031+00:00,2026-09-05 00:20 (Local Time),EPTAGONEIA,,,,,1,8,19.4,,23.2,19.4,0.0,0.1,,,---,,,,82.0,0.0,,,0.0,,
2026-09-04T21:20:00+00:00,2026-09-04T21:28:37.350031+00:00,2026-09-04T21:28:37.350031+00:00,2026-09-05 00:20 (Local Time),FANEROMENI,,,,,1,4,26.8,,,,,,,,,,,,78.0,0.0,,,,,"{""Rain Intensity (10 min.)"": {""unit"": ""mm/min"", ""value"": 0.0}}"
2026-09-04T21:20:00+00:00,2026-09-04T21:28:37.350031+00:00,2026-09-04T21:28:37.350031+00:00,2026-09-05 00:20 (Local Time),FARMAKAS,,,,,1,10,20.8,,21.7,20.4,2.3,1.9,2.0,0.0,179.0,,,,47.0,0.0,,,1.183221,,
2026-09-04T21:20:00+00:00,2026-09-04T21:28:37.350031+00:00,2026-09-04T21:28:37.350031+00:00,2026-09-05 00:20 (Local Time),FRENAROS,,,,,1,11,25.2,23.9,26.9,25.2,2.2,0.8,,0.0,258.0,,,,90.0,0.0,999.1,,1.131777,,
2026-09-04T21:20:00+00:00,2026-09-04T21:28:37.350031+00:00,2026-09-04T21:28:37.350031+00:00,2026-09-05 00:20 (Local Time),KALAVASOS,,,,,1,5,23.6,,26.6,23.6,,,,,,,,,80.0,0.0,,,,,
2026-09-04T21:20:00+00:00,2026-09-04T21:28:37.350031+00:00,2026-09-04T21:28:37.350031+00:00,2026-09-05 00:20 (Local Time),KALOPANAYIOTIS,,,,,1,9,20.5,,21.8,20.3,4.2,1.1,,0.0,166.0,,,,48.0,0.0,,,2.160665,,
2026-09-04T21:20:00+00:00,2026-09-04T21:28:37.350031+00:00,2026-09-04T21:28:37.350031+00:00,2026-09-05 00:20 (Local Time),KAMPOS,,,,,1,11,24.1,22.3,24.3,22.9,1.8,0.4,4.0,0.0,208.0,,,,53.0,0.0,,,0.925999,,
2026-09-04T21:20:00+00:00,2026-09-04T21:28:37.350031+00:00,2026-09-04T21:28:37.350031+00:00,2026-09-05 00:20 (Local Time),KANNAVIOU,,,,,1,6,21.9,,25.0,21.8,,4.7,,,,,,,56.0,0.0,,,,,
2026-09-04T21:20:00+00:00,2026-09-04T21:28:37.350031+00:00,2026-09-04T21:28:37.350031+00:00,2026-09-05 00:20 (Local Time),KATHIKAS,,,,,1,6,22.5,,24.1,20.7,,,,,,,,,57.0,0.0,,,,,"{""Accumulated Rainfall (24 hours)"": {""unit"": ""mm"", ""value"": 0.0}}"
2026-09-04T21:20:00+00:00,2026-09-04T21:28:37.350031+00:00,2026-09-04T21:28:37.350031+00:00,2026-09-05 00:20 (Local Time),KEPNIC,,,,,1,1,,,,,,,,,,,,,,0.0,,,,,
2026-09-04T21:20:00+00:00,2026-09-04T21:28:37.350031+00:00,2026-09-04T21:28:37.350031+00:00,2026-09-05 00:20 (Local Time),KILANI,,,,,1,7,20.4,,21.8,20.3,,0.6,,1.0,,,,,40.0,0.0,,,,,
2026-09-04T21:20:00+00:00,2026-09-04T21:28:37.350031+00:00,2026-09-04T21:28:37.350031+00:00,2026-09-05 00:20 (Local Time),KORNOS,,,,,1,3,23.4,,,,,,,,,,,,84.0,0.0,,,,,
2026-09-04T21:20:00+00:00,2026-09-04T21:28:37.350031+00:00,2026-09-04T21:28:37.350031+00:00,2026-09-05 00:20 (Local Time),KOURIS,,,,,1,8,25.9,,26.1,24.6,10.9,4.5,,,24.0,,,,53.0,0.0,,,5.60744,,
2026-09-04T21:20:00+00:00,2026-09-04T21:28:37.350031+00:00,2026-09-04T21:28:37.350031+00:00,2026-09-05 00:20 (Local Time),KPYRGOS,,,,,1,8,23.1,,24.8,23.0,4.0,1.2,,,140.0,,,,77.0,0.0,,,2.057776,,
2026-09-04T21:20:00+00:00,2026-09-04T21:28:37.350031+00:00,2026-09-04T21:28:37.350031+00:00,2026-09-05 00:20 (Local Time),KYPEROUNTA,,,,,1,6,22.2,,22.4,20.9,,1.6,,0.0,,,,,30.0,,,,,,
2026-09-04T21:20:00+00:00,2026-09-04T21:28:37.350031+00:00,2026-09-04T21:28:37.350031+00:00,2026-09-05 00:20 (Local Time),LCLK,,,,,1,9,25.0,,27.7,25.0,,0.4,,,,,,,80.0,0.0,,,,,"{""Atmospheric Pressure (QNH)"": {""unit"": ""hPa"", ""value"": 1009.0}, ""Wind Direction (10m) at Runway 22"": {""unit"": ""Degrees"", ""value"": 275.0}, ""Wind Speed (10m) at Runway 22"": {""unit"": ""Knots"", ""value"": 1.6}}"
2026-09-04T21:20:00+00:00,2026-09-04T21:28:37.350031+00:00,2026-09-04T21:28:37.350031+00:00,2026-09-05 00:20 (Local Time),LCPH,,,,,1,9,24.7,,28.2,24.6,,0.9,,,,,,,75.0,0.0,,,,,"{""Atmospheric Pressure (QNH)"": {""unit"": ""hPa"", ""value"": 1008.9}, ""Wind Direction (10m) at Runway 29"": {""unit"": ""Degrees"", ""value"": 23.0}, ""Wind Speed (10m) at Runway 29"": {""unit"": ""Knots"", ""value"": 5.0}}"
2026-09-04T21:20:00+00:00,2026-09-04T21:28:37.350031+00:00,2026-09-04T21:28:37.350031+00:00,2026-09-05 00:20 (Local Time),LEFKARA,,,,,1,6,21.7,,25.0,21.5,,0.4,,,,,,,75.0,0.0,,,,,
2026-09-04T21:20:00+00:00,2026-09-04T21:28:37.350031+00:00,2026-09-04T21:28:37.350031+00:00,2026-09-05 00:20 (Local Time),LEFKOSIA,,,,,1,7,23.8,,25.5,23.7,,0.7,,,,,,,90.0,0.0,,,,,"{""Accumulated Rainfall (24 hours)"": {""unit"": ""mm"", ""value"": 0.0}}"
2026-09-04T21:20:00+00:00,2026-09-04T21:28:37.350031+00:00,2026-09-04T21:28:37.350031+00:00,2026-09-05 00:20 (Local Time),LIMASSOL,,,,,1,10,25.1,,26.4,25.1,,0.2,,0.0,,,,,86.0,0.0,1007.7,,,,"{""Wind Direction (10m) at Port Gate"": {""unit"": ""Degrees"", ""value"": 303.0}, ""Wind Speed (10m) at Port Gate"": {""unit"": ""Knots"", ""value"": 1.2}}"
2026-09-04T21:20:00+00:00,2026-09-04T21:28:37.350031+00:00,2026-09-04T21:28:37.350031+00:00,2026-09-05 00:20 (Local Time),LINOU,,,,,1,9,24.0,,24.6,23.1,3.1,1.3,,,169.0,,,,54.0,0.0,963.5,,1.594776,,
2026-09-04T21:20:00+00:00,2026-09-04T21:28:37.350031+00:00,2026-09-04T21:28:37.350031+00:00,2026-09-05 00:20 (Local Time),LYSOS,,,,,1,7,22.2,,22.5,20.6,1.4,,,,109.0,,,,46.0,0.0,,,0.720222,,
2026-09-04T21:20:00+00:00,2026-09-04T21:28:37.350031+00:00,2026-09-04T21:28:37.350031+00:00,2026-09-05 00:20 (Local Time),MALLIA,,,,,1,10,19.7,16.6,21.0,19.3,3.5,1.0,,11.0,48.0,,,,51.0,0.0,,,1.800554,,
2026-09-04T21:20:00+00:00,2026-09-04T21:28:37.350031+00:00,2026-09-04T21:28:37.350031+00:00,2026-09-05 00:20 (Local Time),MAMMARI,,,,,1,10,24.2,,26.1,24.1,,1.7,,3.0,,,,,95.0,0.0,,,,,"{""Atmospheric Pressure (QNH)"": {""unit"": ""hPa"", ""value"": 1010.3}, ""Wind Direction (10m) at Runway 12"": {""unit"": ""Degrees"", ""value"": 237.0}, ""Wind Speed (10m) at Runway 12"": {""unit"": ""Knots"", ""value"": 4.3}}"
2026-09-04T21:20:00+00:00,2026-09-04T21:28:37.350031+00:00,2026-09-04T21:28:37.350031+00:00,2026-09-05 00:20 (Local Time),MATHIATIS,,,,,1,10,20.8,,22.8,20.4,1.2,0.3,4.0,0.0,198.0,,,,84.0,0.0,,,0.617333,,
2026-09-04T21:20:00+00:00,2026-09-04T21:28:37.350031+00:00,2026-09-04T21:28:37.350031+00:00,2026-09-05 00:20 (Local Time),PANAGIA_BRIDGE,,,,,1,6,19.1,20.0,22.8,19.1,,,,,,,,,90.0,0.0,,,,,
2026-09-04T21:20:00+00:00,2026-09-04T21:28:37.350031+00:00,2026-09-04T21:28:37.350031+00:00,2026-09-05 00:20 (Local Time),PAPHOS,,,,,1,8,24.6,,26.2,24.5,2.1,1.1,,,6.0,,,,81.0,0.0,,,1.080332,,
2026-09-04T21:20:00+00:00,2026-09-04T21:28:37.350031+00:00,2026-09-04T21:28:37.350031+00:00,2026-09-05 00:20 (Local Time),PAREKLISIA,,,,,1,7,24.4,,26.3,24.4,0.9,,,,38.0,,,,84.0,0.0,,,0.463,,
2026-09-04T21:20:00+00:00,2026-09-04T21:28:37.350031+00:00,2026-09-04T21:28:37.350031+00:00,2026-09-05 00:20 (Local Time),PENTAKOMO,,,,,1,8,25.9,,27.9,25.8,3.6,1.4,,,29.0,,,,86.0,0.0,,,1.851998,,
2026-09-04T21:20:00+00:00,2026-09-04T21:28:37.350031+00:00,2026-09-04T21:28:37.350031+00:00,2026-09-05 00:20 (Local Time),PLATANIA,,,,,1,6,19.4,,19.7,18.8,,0.4,,,,,,,42.0,0.0,,,,,
2026-09-04T21:20:00+00:00,2026-09-04T21:28:37.350031+00:00,2026-09-04T21:28:37.350031+00:00,2026-09-05 00:20 (Local Time),POLIS,,,,,1,11,24.0,,26.1,23.8,6.4,1.9,4.0,,147.0,,,,70.0,0.0,1005.6,,3.292442,,"{""Atmospheric Pressure (Mean Sea Level)"": {""unit"": ""hPa"", ""value"": 1008.3}}"
2026-09-04T21:20:00+00:00,2026-09-04T21:28:37.350031+00:00,2026-09-04T21:28:37.350031+00:00,2026-09-05 00:20 (Local Time),POLYSTYPOS,,,,,1,8,22.6,,23.3,21.9,2.4,0.5,,,317.0,,,,29.0,0.0,,,1.234666,,
2026-09-04T21:20:00+00:00,2026-09-04T21:28:37.350031+00:00,2026-09-04T21:28:37.350031+00:00,2026-09-05 00:20 (Local Time),PRODROMOS,,,,,1,9,20.2,,20.8,19.3,3.1,0.6,,0.0,64.0,,,,34.0,0.0,,,1.594776,,
2026-09-04T21:20:00+00:00,2026-09-04T21:28:37.350031+00:00,2026-09-04T21:28:37.350031+00:00,2026-09-05 00:20 (Local Time),PYRGOS,,,,,1,5,23.4,,,,7.3,,,,224.8,,,,59.0,0.0,,,3.755441,,
2026-09-04T21:20:00+00:00,2026-09-04T21:28:37.350031+00:00,2026-09-04T21:28:37.350031+00:00,2026-09-05 00:20 (Local Time),SAITTAS,,,,,1,5,19.8,,22.5,19.7,,,,,,,,,55.0,0.0,,,,,
2026-09-04T21:20:00+00:00,2026-09-04T21:28:37.350031+00:00,2026-09-04T21:28:37.350031+00:00,2026-09-05 00:20 (Local Time),TAMASOS,,,,,1,9,20.9,20.9,24.7,20.8,2.2,0.0,,,179.0,,,,80.0,0.0,,,1.131777,,
2026-09-04T21:20:00+00:00,2026-09-04T21:28:37.350031+00:00,2026-09-04T21:28:37.350031+00:00,2026-09-05 00:20 (Local Time),TEPAK,,,,,1,9,25.5,,26.6,25.4,1.1,0.1,,,177.0,,,,79.0,0.0,,,0.565888,,"{""Accumulated Rainfall (24 hours)"": {""unit"": ""mm"", ""value"": 0.0}}"
2026-09-04T21:20:00+00:00,2026-09-04T21:28:37.350031+00:00,2026-09-04T21:28:37.350031+00:00,2026-09-05 00:20 (Local Time),TRIPILOS,,,,,1,7,21.6,,21.8,21.3,4.9,,,,317.0,,,,32.0,0.0,,,2.520776,,
2026-09-04T21:20:00+00:00,2026-09-04T21:28:37.350031+00:00,2026-09-04T21:28:37.350031+00:00,2026-09-05 00:20 (Local Time),TROODOS,,,,,1,9,17.5,,17.6,16.7,4.3,1.5,,,311.0,,,,39.0,0.0,827.9,,2.212109,,
2026-09-04T21:20:00+00:00,2026-09-04T21:28:37.350031+00:00,2026-09-04T21:28:37.350031+00:00,2026-09-05 00:20 (Local Time),VISITOR,,,,,1,7,25.8,,27.8,25.7,1.2,,,,246.0,,,,93.0,0.0,,,0.617333,,
2026-09-04T21:20:00+00:00,2026-09-04T21:28:37.350031+00:00,2026-09-04T21:28:37.350031+00:00,2026-09-05 00:20 (Local Time),XYLIATOS,,,,,1,8,22.0,,23.2,20.6,1.0,,,5.0,188.0,,,,64.0,0.0,,,0.514444,,
2026-09-04T21:20:00+00:00,2026-09-04T21:28:37.350031+00:00,2026-09-04T21:28:37.350031+00:00,2026-09-05 00:20 (Local Time),XYLOPHAGOU,,,,,1,9,25.7,26.0,27.3,25.6,3.7,1.2,,,251.0,,,,83.0,0.0,,,1.903443,,
2026-09-04T21:20:00+00:00,2026-09-04T21:28:37.350031+00:00,2026-09-04T21:28:37.350031+00:00,2026-09-05 00:20 (Local Time),ZYGI,,,,,1,9,24.0,23.9,27.0,23.8,1.7,0.3,,,340.0,,,,81.0,0.0,,,0.874555,,
2026-09-04T23:10:00+00:00,2026-09-04T23:13:59.362901+00:00,2026-09-04T23:13:59.362901+00:00,2026-09-05 02:00 (Local Time),ACHNA,,,,,1,8,25.0,,27.0,24.9,2.1,0.8,,,288.0,,,,94.0,0.0,,,1.080332,,
2026-09-04T23:10:00+00:00,2026-09-04T23:13:59.362901+00:00,2026-09-04T23:13:59.362901+00:00,2026-09-05 02:00 (Local Time),AGROS,,,,,1,10,20.2,,21.9,19.9,3.3,1.0,4.0,0.0,329.0,,,,37.0,0.0,,,1.697665,,
2026-09-04T23:10:00+00:00,2026-09-04T23:13:59.362901+00:00,2026-09-04T23:13:59.362901+00:00,2026-09-05 02:00 (Local Time),AKAMAS,,,,,1,7,23.0,,24.1,22.9,4.0,,,,245.0,,,,100.0,0.1,,,2.057776,,
2026-09-04T23:10:00+00:00,2026-09-04T23:13:59.362901+00:00,2026-09-04T23:13:59.362901+00:00,2026-09-05 02:00 (Local Time),ALONOUDI,,,,,1,5,18.3,,22.2,17.9,,,,,,,,,58.0,0.0,,,,,
2026-09-04T23:10:00+00:00,2026-09-04T23:13:59.362901+00:00,2026-09-04T23:13:59.362901+00:00,2026-09-05 02:00 (Local Time),AMARGETI,,,,,1,9,23.4,,24.7,22.3,0.9,0.6,,,321.0,,,,54.0,0.0,958.7,,0.463,,
2026-09-04T23:10:00+00:00,2026-09-04T23:13:59.362901+00:00,2026-09-04T23:13:59.362901+00:00,2026-09-05 02:00 (Local Time),ASTROMERITIS,,,,,1,6,21.4,,,,4.3,1.5,,,141.0,,,,82.0,0.0,,,2.212109,,
2026-09-04T23:10:00+00:00,2026-09-04T23:13:59.362901+00:00,2026-09-04T23:13:59.362901+00:00,2026-09-05 02:00 (Local Time),ATHALASSA,,,,,1,11,24.2,21.3,27.0,24.0,0.0,0.4,,,155.0,,,,94.0,0.0,990.9,,0.0,,"{""Atmospheric Pressure (Mean Sea Level)"": {""unit"": ""hPa"", ""value"": 1009.5}}"
2026-09-04T23:10:00+00:00,2026-09-04T23:13:59.362901+00:00,2026-09-04T23:13:59.362901+00:00,2026-09-05 02:00 (Local Time),ATHIENOU,,,,,1,9,23.3,21.5,26.4,23.2,4.1,0.5,,,233.0,,,,94.0,0.0,,,2.10922,,
2026-09-04T23:10:00+00:00,2026-09-04T23:13:59.362901+00:00,2026-09-04T23:13:59.362901+00:00,2026-09-05 02:00 (Local Time),AVDIMOU,,,,,1,11,20.7,19.4,26.0,20.6,1.6,0.3,3.0,3.0,322.0,,,,90.0,0.0,,,0.82311,,
2026-09-04T23:10:00+00:00,2026-09-04T23:13:59.362901+00:00,2026-09-04T23:13:59.362901+00:00,2026-09-05 02:00 (Local Time),CAVO_GRECO,,,,,1,9,24.9,,26.3,24.9,3.4,1.1,,,241.0,,,,89.0,0.0,1001.9,,1.74911,,
2026-09-04T23:10:00+00:00,2026-09-04T23:13:59.362901+00:00,2026-09-04T23:13:59.362901+00:00,2026-09-05 02:00 (Local Time),CHROMIO,,,,,1,9,16.4,,16.8,14.3,3.0,0.0,,,334.0,,,,36.0,0.0,,,1.543332,,"{""Snow Depth"": {""unit"": ""cm"", ""value"": 0.0}}"
2026-09-04T23:10:00+00:00,2026-09-04T23:13:59.362901+00:00,2026-09-04T23:13:59.362901+00:00,2026-09-05 02:00 (Local Time),CYTASAT,,,,,1,10,21.0,,24.6,21.0,0.0,0.3,,,275.0,,,,88.0,0.0,983.8,,0.0,,"{""Atmospheric Pressure (Mean Sea Level)"": {""unit"": ""hPa"", ""value"": 1010.5}}"
2026-09-04T23:10:00+00:00,2026-09-04T23:13:59.362901+00:00,2026-09-04T23:13:59.362901+00:00,2026-09-05 02:00 (Local Time),EPTAGONEIA,,,,,1,8,19.5,,23.2,19.3,0.9,0.2,,,310.0,,,,86.0,0.0,,,0.463,,
2026-09-04T23:10:00+00:00,2026-09-04T23:13:59.362901+00:00,2026-09-04T23:13:59.362901+00:00,2026-09-05 02:00 (Local Time),FANEROMENI,,,,,1,4,25.3,,,,,,,,,,,,83.0,0.0,,,,,"{""Rain Intensity (10 min.)"": {""unit"": ""mm/min"", ""value"": 0.0}}"
2026-09-04T23:10:00+00:00,2026-09-04T23:13:59.362901+00:00,2026-09-04T23:13:59.362901+00:00,2026-09-05 02:00 (Local Time),FARMAKAS,,,,,1,10,20.3,,21.7,20.0,3.3,1.6,2.0,0.0,171.0,,,,41.0,0.0,,,1.697665,,
2026-09-04T23:10:00+00:00,2026-09-04T23:13:59.362901+00:00,2026-09-04T23:13:59.362901+00:00,2026-09-05 02:00 (Local Time),FRENAROS,,,,,1,11,24.1,22.8,26.9,24.1,2.5,0.9,,0.0,308.0,,,,93.0,0.0,998.9,,1.28611,,
2026-09-04T23:10:00+00:00,2026-09-04T23:13:59.362901+00:00,2026-09-04T23:13:59.362901+00:00,2026-09-05 02:00 (Local Time),KALAVASOS,,,,,1,5,23.1,,26.6,23.1,,,,,,,,,80.0,0.0,,,,,
2026-09-04T23:10:00+00:00,2026-09-04T23:13:59.362901+00:00,2026-09-04T23:13:59.362901+00:00,2026-09-05 02:00 (Local Time),KALOPANAYIOTIS,,,,,1,9,20.5,,21.8,20.1,5.2,1.4,,0.0,167.0,,,,46.0,0.0,,,2.675109,,
2026-09-04T23:10:00+00:00,2026-09-04T23:13:59.362901+00:00,2026-09-04T23:13:59.362901+00:00,2026-09-05 02:00 (Local Time),KAMPOS,,,,,1,11,23.9,21.5,25.5,22.9,2.7,0.8,4.0,0.0,120.0,,,,53.0,0.0,,,1.388999,,
2026-09-04T23:10:00+00:00,2026-09-04T23:13:59.362901+00:00,2026-09-04T23:13:59.362901+00:00,2026-09-05 02:00 (Local Time),KANNAVIOU,,,,,1,6,21.6,,25.0,21.5,,4.7,,,,,,,50.0,0.0,,,,,
2026-09-04T23:10:00+00:00,2026-09-04T23:13:59.362901+00:00,2026-09-04T23:13:59.362901+00:00,2026-09-05 02:00 (Local Time),KATHIKAS,,,,,1,6,24.1,,24.4,20.7,,,,,,,,,37.0,0.0,,,,,"{""Accumulated Rainfall (24 hours)"": {""unit"": ""mm"", ""value"": 0.0}}"
2026-09-04T23:10:00+00:00,2026-09-04T23:13:59.362901+00:00,2026-09-04T23:13:59.362901+00:00,2026-09-05 02:00 (Local Time),KEPNIC,,,,,1,1,,,,,,,,,,,,,,0.0,,,,,
2026-09-04T23:10:00+00:00,2026-09-04T23:13:59.362901+00:00,2026-09-04T23:13:59.362901+00:00,2026-09-05 02:00 (Local Time),KILANI,,,,,1,7,19.2,,21.8,19.1,,1.2,,2.0,,,,,67.0,0.0,,,,,
2026-09-04T23:10:00+00:00,2026-09-04T23:13:59.362901+00:00,2026-09-04T23:13:59.362901+00:00,2026-09-05 02:00 (Local Time),KORNOS,,,,,1,3,22.8,,,,,,,,,,,,86.0,0.0,,,,,
2026-09-04T23:10:00+00:00,2026-09-04T23:13:59.362901+00:00,2026-09-04T23:13:59.362901+00:00,2026-09-05 02:00 (Local Time),KOURIS,,,,,1,8,24.8,,26.1,24.6,9.1,4.1,,,20.0,,,,46.0,0.0,,,4.68144,,
2026-09-04T23:10:00+00:00,2026-09-04T23:13:59.362901+00:00,2026-09-04T23:13:59.362901+00:00,2026-09-05 02:00 (Local Time),KPYRGOS,,,,,1,8,22.8,,24.8,22.5,5.3,1.7,,,149.0,,,,62.0,0.0,,,2.726553,,
2026-09-04T23:10:00+00:00,2026-09-04T23:13:59.362901+00:00,2026-09-04T23:13:59.362901+00:00,2026-09-05 02:00 (Local Time),KYPEROUNTA,,,,,1,6,21.8,,22.4,20.9,,2.5,,0.0,,,,,28.0,,,,,,
2026-09-04T23:10:00+00:00,2026-09-04T23:13:59.362901+00:00,2026-09-04T23:13:59.362901+00:00,2026-09-05 02:00 (Local Time),LCLK,,,,,1,9,24.4,,27.7,24.3,,1.1,,,,,,,83.0,0.0,,,,,"{""Atmospheric Pressure (QNH)"": {""unit"": ""hPa"", ""value"": 1008.8}, ""Wind Direction (10m) at Runway 22"": {""unit"": ""Degrees"", ""value"": 300.0}, ""Wind Speed (10m) at Runway 22"": {""unit"": ""Knots"", ""value"": 3.4}}"
2026-09-04T23:10:00+00:00,2026-09-04T23:13:59.362901+00:00,2026-09-04T23:13:59.362901+00:00,2026-09-05 02:00 (Local Time),LCPH,,,,,1,9,24.0,,28.2,23.9,,1.2,,,,,,,64.0,0.0,,,,,"{""Atmospheric Pressure (QNH)"": {""unit"": ""hPa"", ""value"": 1008.7}, ""Wind Direction (10m) at Runway 29"": {""unit"": ""Degrees"", ""value"": 35.0}, ""Wind Speed (10m) at Runway 29"": {""unit"": ""Knots"", ""value"": 6.7}}"
2026-09-04T23:10:00+00:00,2026-09-04T23:13:59.362901+00:00,2026-09-04T23:13:59.362901+00:00,2026-09-05 02:00 (Local Time),LEFKARA,,,,,1,6,20.4,,25.0,20.3,,1.2,,,,,,,77.0,0.0,,,,,
2026-09-04T23:10:00+00:00,2026-09-04T23:13:59.362901+00:00,2026-09-04T23:13:59.362901+00:00,2026-09-05 02:00 (Local Time),LEFKOSIA,,,,,1,7,22.9,,25.5,22.8,,0.7,,,,,,,92.0,0.0,,,,,"{""Accumulated Rainfall (24 hours)"": {""unit"": ""mm"", ""value"": 0.0}}"
2026-09-04T23:10:00+00:00,2026-09-04T23:13:59.362901+00:00,2026-09-04T23:13:59.362901+00:00,2026-09-05 02:00 (Local Time),LIMASSOL,,,,,1,10,26.0,,26.4,24.9,,1.8,,0.0,,,,,83.0,0.0,1007.6,,,,"{""Wind Direction (10m) at Port Gate"": {""unit"": ""Degrees"", ""value"": 83.0}, ""Wind Speed (10m) at Port Gate"": {""unit"": ""Knots"", ""value"": 4.5}}"
2026-09-04T23:10:00+00:00,2026-09-04T23:13:59.362901+00:00,2026-09-04T23:13:59.362901+00:00,2026-09-05 02:00 (Local Time),LINOU,,,,,1,9,22.5,,24.6,22.4,4.1,1.6,,,74.0,,,,63.0,0.0,963.3,,2.10922,,
2026-09-04T23:10:00+00:00,2026-09-04T23:13:59.362901+00:00,2026-09-04T23:13:59.362901+00:00,2026-09-05 02:00 (Local Time),LYSOS,,,,,1,7,23.4,,23.4,20.6,1.8,,,,266.0,,,,38.0,0.0,,,0.925999,,
2026-09-04T23:10:00+00:00,2026-09-04T23:13:59.362901+00:00,2026-09-04T23:13:59.362901+00:00,2026-09-05 02:00 (Local Time),MALLIA,,,,,1,10,19.6,16.2,21.0,19.3,1.8,0.5,,11.0,86.0,,,,54.0,0.0,,,0.925999,,
2026-09-04T23:10:00+00:00,2026-09-04T23:13:59.362901+00:00,2026-09-04T23:13:59.362901+00:00,2026-09-05 02:00 (Local Time),MAMMARI,,,,,1,10,24.5,,26.1,24.0,,1.1,,2.0,,,,,97.0,0.0,,,,,"{""Atmospheric Pressure (QNH)"": {""unit"": ""hPa"", ""value"": 1010.2}, ""Wind Direction (10m) at Runway 12"": {""unit"": ""Degrees"", ""value"": 236.0}, ""Wind Speed (10m) at Runway 12"": {""unit"": ""Knots"", ""value"": 2.7}}"
2026-09-04T23:10:00+00:00,2026-09-04T23:13:59.362901+00:00,2026-09-04T23:13:59.362901+00:00,2026-09-05 02:00 (Local Time),MATHIATIS,,,,,1,10,21.5,,22.8,20.0,2.1,0.7,4.0,0.0,217.0,,,,82.0,0.0,,,1.080332,,
2026-09-04T23:10:00+00:00,2026-09-04T23:13:59.362901+00:00,2026-09-04T23:13:59.362901+00:00,2026-09-05 02:00 (Local Time),PANAGIA_BRIDGE,,,,,1,6,17.4,18.1,22.8,17.3,,,,,,,,,84.0,0.0,,,,,
2026-09-04T23:10:00+00:00,2026-09-04T23:13:59.362901+00:00,2026-09-04T23:13:59.362901+00:00,2026-09-05 02:00 (Local Time),PAPHOS,,,,,1,8,23.0,,26.2,22.8,1.6,0.8,,,28.0,,,,65.0,0.0,,,0.82311,,
2026-09-04T23:10:00+00:00,2026-09-04T23:13:59.362901+00:00,2026-09-04T23:13:59.362901+00:00,2026-09-05 02:00 (Local Time),PAREKLISIA,,,,,1,7,23.7,,26.3,23.7,1.0,,,,58.0,,,,85.0,0.0,,,0.514444,,
2026-09-04T23:10:00+00:00,2026-09-04T23:13:59.362901+00:00,2026-09-04T23:13:59.362901+00:00,2026-09-05 02:00 (Local Time),PENTAKOMO,,,,,1,8,25.7,,27.9,25.4,6.5,2.1,,,22.0,,,,81.0,0.0,,,3.343886,,
2026-09-04T23:10:00+00:00,2026-09-04T23:13:59.362901+00:00,2026-09-04T23:13:59.362901+00:00,2026-09-05 02:00 (Local Time),PLATANIA,,,,,1,6,19.4,,19.7,18.8,,0.4,,,,,,,38.0,0.0,,,,,
2026-09-04T23:10:00+00:00,2026-09-04T23:13:59.362901+00:00,2026-09-04T23:13:59.362901+00:00,2026-09-05 02:00 (Local Time),POLIS,,,,,1,11,23.1,,26.1,23.0,6.0,1.7,4.0,,141.0,,,,66.0,0.0,1005.3,,3.086664,,"{""Atmospheric Pressure (Mean Sea Level)"": {""unit"": ""hPa"", ""value"": 1007.9}}"
2026-09-04T23:10:00+00:00,2026-09-04T23:13:59.362901+00:00,2026-09-04T23:13:59.362901+00:00,2026-09-05 02:00 (Local Time),POLYSTYPOS,,,,,1,8,21.9,,23.3,21.7,2.0,0.2,,,294.0,,,,27.0,0.0,,,1.028888,,
2026-09-04T23:10:00+00:00,2026-09-04T23:13:59.362901+00:00,2026-09-04T23:13:59.362901+00:00,2026-09-05 02:00 (Local Time),PRODROMOS,,,,,1,9,20.1,,20.8,19.3,2.6,0.5,,0.0,69.0,,,,33.0,0.0,,,1.337554,,
2026-09-04T23:10:00+00:00,2026-09-04T23:13:59.362901+00:00,2026-09-04T23:13:59.362901+00:00,2026-09-05 02:00 (Local Time),PYRGOS,,,,,1,5,23.6,,,,2.0,,,,60.7,,,,51.0,0.0,,,1.028888,,
2026-09-04T23:10:00+00:00,2026-09-04T23:13:59.362901+00:00,2026-09-04T23:13:59.362901+00:00,2026-09-05 02:00 (Local Time),SAITTAS,,,,,1,5,19.9,,22.5,19.7,,,,,,,,,52.0,0.0,,,,,
2026-09-04T23:10:00+00:00,2026-09-04T23:13:59.362901+00:00,2026-09-04T23:13:59.362901+00:00,2026-09-05 02:00 (Local Time),TAMASOS,,,,,1,9,20.4,20.3,24.7,20.4,2.8,0.0,,,182.0,,,,76.0,0.0,,,1.440443,,
2026-09-04T23:10:00+00:00,2026-09-04T23:13:59.362901+00:00,2026-09-04T23:13:59.362901+00:00,2026-09-05 02:00 (Local Time),TEPAK,,,,,1,9,25.6,,26.6,25.4,1.4,0.5,,,65.0,,,,77.0,0.0,,,0.720222,,"{""Accumulated Rainfall (24 hours)"": {""unit"": ""mm"", ""value"": 0.0}}"
2026-09-04T23:10:00+00:00,2026-09-04T23:13:59.362901+00:00,2026-09-04T23:13:59.362901+00:00,2026-09-05 02:00 (Local Time),TRIPILOS,,,,,1,7,21.4,,21.8,21.2,4.4,,,,316.0,,,,31.0,0.0,,,2.263554,,
2026-09-04T23:10:00+00:00,2026-09-04T23:13:59.362901+00:00,2026-09-04T23:13:59.362901+00:00,2026-09-05 02:00 (Local Time),TROODOS,,,,,1,9,16.2,,17.7,16.1,4.4,1.2,,,311.0,,,,39.0,0.0,827.6,,2.263554,,
2026-09-04T23:10:00+00:00,2026-09-04T23:13:59.362901+00:00,2026-09-04T23:13:59.362901+00:00,2026-09-05 02:00 (Local Time),VISITOR,,,,,1,7,24.7,,27.8,24.6,0.0,,,,38.0,,,,100.0,0.0,,,0.0,,
2026-09-04T23:10:00+00:00,2026-09-04T23:13:59.362901+00:00,2026-09-04T23:13:59.362901+00:00,2026-09-05 02:00 (Local Time),XYLIATOS,,,,,1,8,22.8,,23.2,20.6,0.0,,,3.0,173.0,,,,57.0,0.0,,,0.0,,
2026-09-04T23:10:00+00:00,2026-09-04T23:13:59.362901+00:00,2026-09-04T23:13:59.362901+00:00,2026-09-05 02:00 (Local Time),XYLOPHAGOU,,,,,1,9,24.7,24.7,27.3,24.6,1.6,0.0,,,262.0,,,,91.0,0.0,,,0.82311,,
2026-09-04T23:10:00+00:00,2026-09-04T23:13:59.362901+00:00,2026-09-04T23:13:59.362901+00:00,2026-09-05 02:00 (Local Time),ZYGI,,,,,1,9,23.8,23.5,27.0,23.4,2.2,0.4,,,332.0,,,,80.0,0.0,,,1.131777,,
2026-09-05T00:50:00+00:00,2026-09-05T00:58:36.798402+00:00,2026-09-05T00:58:36.798402+00:00,2026-09-05 03:50 (Local Time),ACHNA,,,,,1,8,23.6,,27.0,23.5,0.0,0.0,,,286.0,,,,100.0,0.0,,,0.0,,
2026-09-05T00:50:00+00:00,2026-09-05T00:58:36.798402+00:00,2026-09-05T00:58:36.798402+00:00,,AGROS,,,,,0,0,,,,,,,,,,,,,,,,,,,
2026-09-05T00:50:00+00:00,2026-09-05T00:58:36.798402+00:00,2026-09-05T00:58:36.798402+00:00,2026-09-05 03:50 (Local Time),AKAMAS,,,,,1,7,22.8,,24.1,22.8,2.2,,,,273.0,,,,100.0,0.0,,,1.131777,,
2026-09-05T00:50:00+00:00,2026-09-05T00:58:36.798402+00:00,2026-09-05T00:58:36.798402+00:00,2026-09-05 03:50 (Local Time),ALONOUDI,,,,,1,5,17.9,,22.2,17.6,,,,,,,,,58.0,0.0,,,,,
2026-09-05T00:50:00+00:00,2026-09-05T00:58:36.798402+00:00,2026-09-05T00:58:36.798402+00:00,2026-09-05 03:50 (Local Time),AMARGETI,,,,,1,9,23.4,,24.8,22.3,1.9,0.2,,,216.0,,,,52.0,0.0,958.5,,0.977444,,
2026-09-05T00:50:00+00:00,2026-09-05T00:58:36.798402+00:00,2026-09-05T00:58:36.798402+00:00,2026-09-05 03:50 (Local Time),ASTROMERITIS,,,,,1,6,21.2,,,,7.8,2.3,,,165.0,,,,82.0,0.0,,,4.012663,,
2026-09-05T00:50:00+00:00,2026-09-05T00:58:36.798402+00:00,2026-09-05T00:58:36.798402+00:00,2026-09-05 03:50 (Local Time),ATHALASSA,,,,,1,11,22.5,20.3,27.0,22.5,2.3,0.8,,,216.0,,,,100.0,0.0,990.8,,1.183221,,"{""Atmospheric Pressure (Mean Sea Level)"": {""unit"": ""hPa"", ""value"": 1009.5}}"
2026-09-05T00:50:00+00:00,2026-09-05T00:58:36.798402+00:00,2026-09-05T00:58:36.798402+00:00,2026-09-05 03:50 (Local Time),ATHIENOU,,,,,1,9,22.6,20.5,26.4,22.6,3.5,0.3,,,236.0,,,,96.0,0.0,,,1.800554,,
2026-09-05T00:50:00+00:00,2026-09-05T00:58:36.798402+00:00,2026-09-05T00:58:36.798402+00:00,2026-09-05 03:50 (Local Time),AVDIMOU,,,,,1,11,20.4,19.0,26.0,20.1,1.5,0.5,3.0,3.0,324.0,,,,88.0,0.0,,,0.771666,,
2026-09-05T00:50:00+00:00,2026-09-05T00:58:36.798402+00:00,2026-09-05T00:58:36.798402+00:00,2026-09-05 03:50 (Local Time),CAVO_GRECO,,,,,1,9,23.3,,26.3,23.2,2.4,0.7,,,234.0,,,,92.0,0.0,1001.8,,1.234666,,
2026-09-05T00:50:00+00:00,2026-09-05T00:58:36.798402+00:00,2026-09-05T00:58:36.798402+00:00,2026-09-05 03:50 (Local Time),CHROMIO,,,,,1,9,15.8,,16.8,14.3,3.3,0.0,,,18.0,,,,37.0,0.0,,,1.697665,,"{""Snow Depth"": {""unit"": ""cm"", ""value"": 0.0}}"
2026-09-05T00:50:00+00:00,2026-09-05T00:58:36.798402+00:00,2026-09-05T00:58:36.798402+00:00,2026-09-05 03:50 (Local Time),CYTASAT,,,,,1,10,20.3,,24.6,20.3,0.0,0.3,,,355.0,,,,90.0,0.0,983.7,,0.0,,"{""Atmospheric Pressure (Mean Sea Level)"": {""unit"": ""hPa"", ""value"": 1010.4}}"
2026-09-05T00:50:00+00:00,2026-09-05T00:58:36.798402+00:00,2026-09-05T00:58:36.798402+00:00,2026-09-05 03:50 (Local Time),EPTAGONEIA,,,,,1,8,18.5,,23.2,18.5,0.8,0.1,,,337.0,,,,88.0,0.0,,,0.411555,,
2026-09-05T00:50:00+00:00,2026-09-05T00:58:36.798402+00:00,2026-09-05T00:58:36.798402+00:00,2026-09-05 03:50 (Local Time),FANEROMENI,,,,,1,4,24.9,,,,,,,,,,,,86.0,0.0,,,,,"{""Rain Intensity (10 min.)"": {""unit"": ""mm/min"", ""value"": 0.0}}"
2026-09-05T00:50:00+00:00,2026-09-05T00:58:36.798402+00:00,2026-09-05T00:58:36.798402+00:00,2026-09-05 03:50 (Local Time),FARMAKAS,,,,,1,10,19.4,,21.7,18.9,3.9,1.8,2.0,0.0,173.0,,,,43.0,0.0,,,2.006332,,
2026-09-05T00:50:00+00:00,2026-09-05T00:58:36.798402+00:00,2026-09-05T00:58:36.798402+00:00,2026-09-05 03:50 (Local Time),FRENAROS,,,,,1,11,24.0,22.7,26.9,24.0,3.4,1.2,,0.0,328.0,,,,96.0,0.0,998.8,,1.74911,,
2026-09-05T00:50:00+00:00,2026-09-05T00:58:36.798402+00:00,2026-09-05T00:58:36.798402+00:00,2026-09-05 03:50 (Local Time),KALAVASOS,,,,,1,5,22.8,,26.6,22.6,,,,,,,,,78.0,0.0,,,,,
2026-09-05T00:50:00+00:00,2026-09-05T00:58:36.798402+00:00,2026-09-05T00:58:36.798402+00:00,2026-09-05 03:50 (Local Time),KALOPANAYIOTIS,,,,,1,9,20.1,,21.8,19.8,1.9,0.6,,0.0,130.0,,,,45.0,0.0,,,0.977444,,
2026-09-05T00:50:00+00:00,2026-09-05T00:58:36.798402+00:00,2026-09-05T00:58:36.798402+00:00,2026-09-05 03:50 (Local Time),KAMPOS,,,,,1,11,22.0,19.9,25.5,21.9,2.7,0.9,4.0,0.0,112.0,,,,55.0,0.0,,,1.388999,,
2026-09-05T00:50:00+00:00,2026-09-05T00:58:36.798402+00:00,2026-09-05T00:58:36.798402+00:00,2026-09-05 03:50 (Local Time),KANNAVIOU,,,,,1,6,21.4,,25.0,21.3,,4.1,,,,,,,45.0,0.0,,,,,
2026-09-05T00:50:00+00:00,2026-09-05T00:58:36.798402+00:00,2026-09-05T00:58:36.798402+00:00,2026-09-05 03:50 (Local Time),KATHIKAS,,,,,1,6,23.5,,24.4,20.7,,,,,,,,,44.0,0.0,,,,,"{""Accumulated Rainfall (24 hours)"": {""unit"": ""mm"", ""value"": 0.0}}"
2026-09-05T00:50:00+00:00,2026-09-05T00:58:36.798402+00:00,2026-09-05T00:58:36.798402+00:00,2026-09-05 03:50 (Local Time),KEPNIC,,,,,1,1,,,,,,,,,,,,,,0.0,,,,,
2026-09-05T00:50:00+00:00,2026-09-05T00:58:36.798402+00:00,2026-09-05T00:58:36.798402+00:00,2026-09-05 03:50 (Local Time),KILANI,,,,,1,7,19.1,,21.8,19.0,,1.8,,2.0,,,,,84.0,0.0,,,,,
2026-09-05T00:50:00+00:00,2026-09-05T00:58:36.798402+00:00,2026-09-05T00:58:36.798402+00:00,2026-09-05 03:50 (Local Time),KORNOS,,,,,1,3,21.1,,,,,,,,,,,,91.0,0.0,,,,,
2026-09-05T00:50:00+00:00,2026-09-05T00:58:36.798402+00:00,2026-09-05T00:58:36.798402+00:00,2026-09-05 03:50 (Local Time),KOURIS,,,,,1,8,24.6,,26.1,24.4,12.3,4.6,,,20.0,,,,44.0,0.0,,,6.327661,,
2026-09-05T00:50:00+00:00,2026-09-05T00:58:36.798402+00:00,2026-09-05T00:58:36.798402+00:00,2026-09-05 03:50 (Local Time),KPYRGOS,,,,,1,8,22.3,,24.8,22.3,4.5,1.5,,,154.0,,,,56.0,0.0,,,2.314998,,
2026-09-05T00:50:00+00:00,2026-09-05T00:58:36.798402+00:00,2026-09-05T00:58:36.798402+00:00,2026-09-05 03:50 (Local Time),KYPEROUNTA,,,,,1,6,21.9,,22.4,20.9,,1.8,,0.0,,,,,27.0,,,,,,
2026-09-05T00:50:00+00:00,2026-09-05T00:58:36.798402+00:00,2026-09-05T00:58:36.798402+00:00,2026-09-05 03:50 (Local Time),LCLK,,,,,1,9,23.2,,27.7,23.1,,0.1,,,,,,,87.0,0.0,,,,,"{""Atmospheric Pressure (QNH)"": {""unit"": ""hPa"", ""value"": 1008.8}, ""Wind Direction (10m) at Runway 22"": {""unit"": ""Degrees"", ""value"": 299.0}, ""Wind Speed (10m) at Runway 22"": {""unit"": ""Knots"", ""value"": 1.2}}"
2026-09-05T00:50:00+00:00,2026-09-05T00:58:36.798402+00:00,2026-09-05T00:58:36.798402+00:00,2026-09-05 03:50 (Local Time),LCPH,,,,,1,9,24.0,,28.2,23.6,,1.3,,,,,,,58.0,0.0,,,,,"{""Atmospheric Pressure (QNH)"": {""unit"": ""hPa"", ""value"": 1008.7}, ""Wind Direction (10m) at Runway 29"": {""unit"": ""Degrees"", ""value"": 33.0}, ""Wind Speed (10m) at Runway 29"": {""unit"": ""Knots"", ""value"": 6.7}}"
2026-09-05T00:50:00+00:00,2026-09-05T00:58:36.798402+00:00,2026-09-05T00:58:36.798402+00:00,2026-09-05 03:50 (Local Time),LEFKARA,,,,,1,6,19.8,,25.0,19.6,,1.3,,,,,,,81.0,0.0,,,,,
2026-09-05T00:50:00+00:00,2026-09-05T00:58:36.798402+00:00,2026-09-05T00:58:36.798402+00:00,2026-09-05 03:50 (Local Time),LEFKOSIA,,,,,1,7,22.1,,25.5,22.1,,0.7,,,,,,,94.0,0.0,,,,,"{""Accumulated Rainfall (24 hours)"": {""unit"": ""mm"", ""value"": 0.0}}"
2026-09-05T00:50:00+00:00,2026-09-05T00:58:36.798402+00:00,2026-09-05T00:58:36.798402+00:00,2026-09-05 03:50 (Local Time),LIMASSOL,,,,,1,10,25.5,,26.4,24.9,,1.4,,0.0,,,,,81.0,0.0,1007.5,,,,"{""Wind Direction (10m) at Port Gate"": {""unit"": ""Degrees"", ""value"": 54.0}, ""Wind Speed (10m) at Port Gate"": {""unit"": ""Knots"", ""value"": 3.9}}"
2026-09-05T00:50:00+00:00,2026-09-05T00:58:36.798402+00:00,2026-09-05T00:58:36.798402+00:00,2026-09-05 03:50 (Local Time),LINOU,,,,,1,9,21.2,,24.6,21.1,4.7,1.3,,,111.0,,,,66.0,0.0,963.2,,2.417887,,
2026-09-05T00:50:00+00:00,2026-09-05T00:58:36.798402+00:00,2026-09-05T00:58:36.798402+00:00,2026-09-05 03:50 (Local Time),LYSOS,,,,,1,7,23.1,,23.5,20.6,2.0,,,,181.0,,,,35.0,0.0,,,1.028888,,
2026-09-05T00:50:00+00:00,2026-09-05T00:58:36.798402+00:00,2026-09-05T00:58:36.798402+00:00,2026-09-05 03:50 (Local Time),MALLIA,,,,,1,10,19.0,16.1,21.0,18.9,3.4,0.7,,11.0,73.0,,,,71.0,0.0,,,1.74911,,
2026-09-05T00:50:00+00:00,2026-09-05T00:58:36.798402+00:00,2026-09-05T00:58:36.798402+00:00,2026-09-05 03:50 (Local Time),MAMMARI,,,,,1,10,22.9,,26.1,22.8,,2.1,,3.0,,,,,95.0,0.0,,,,,"{""Atmospheric Pressure (QNH)"": {""unit"": ""hPa"", ""value"": 1010.1}, ""Wind Direction (10m) at Runway 12"": {""unit"": ""Degrees"", ""value"": 206.0}, ""Wind Speed (10m) at Runway 12"": {""unit"": ""Knots"", ""value"": 5.0}}"
2026-09-05T00:50:00+00:00,2026-09-05T00:58:36.798402+00:00,2026-09-05T00:58:36.798402+00:00,2026-09-05 03:50 (Local Time),MATHIATIS,,,,,1,10,20.1,,22.8,20.0,2.1,0.9,4.0,0.0,259.0,,,,88.0,0.0,,,1.080332,,
2026-09-05T00:50:00+00:00,2026-09-05T00:58:36.798402+00:00,2026-09-05T00:58:36.798402+00:00,2026-09-05 03:50 (Local Time),PANAGIA_BRIDGE,,,,,1,6,16.4,17.2,22.8,16.3,,,,,,,,,77.0,0.0,,,,,
2026-09-05T00:50:00+00:00,2026-09-05T00:58:36.798402+00:00,2026-09-05T00:58:36.798402+00:00,2026-09-05 03:50 (Local Time),PAPHOS,,,,,1,8,22.6,,26.2,22.3,2.5,1.1,,,34.0,,,,63.0,0.0,,,1.28611,,
2026-09-05T00:50:00+00:00,2026-09-05T00:58:36.798402+00:00,2026-09-05T00:58:36.798402+00:00,2026-09-05 03:50 (Local Time),PAREKLISIA,,,,,1,7,23.8,,26.3,23.4,1.8,,,,44.0,,,,80.0,0.0,,,0.925999,,
2026-09-05T00:50:00+00:00,2026-09-05T00:58:36.798402+00:00,2026-09-05T00:58:36.798402+00:00,2026-09-05 03:50 (Local Time),PENTAKOMO,,,,,1,8,25.5,,27.9,25.2,5.8,2.0,,,36.0,,,,80.0,0.0,,,2.983775,,
2026-09-05T00:50:00+00:00,2026-09-05T00:58:36.798402+00:00,2026-09-05T00:58:36.798402+00:00,2026-09-05 03:50 (Local Time),PLATANIA,,,,,1,6,19.6,,19.7,18.8,,0.4,,,,,,,35.0,0.0,,,,,
2026-09-05T00:50:00+00:00,2026-09-05T00:58:36.798402+00:00,2026-09-05T00:58:36.798402+00:00,2026-09-05 03:50 (Local Time),POLIS,,,,,1,11,22.4,,26.1,22.1,4.6,1.1,4.0,,150.0,,,,61.0,0.0,1005.3,,2.366442,,"{""Atmospheric Pressure (Mean Sea Level)"": {""unit"": ""hPa"", ""value"": 1007.9}}"
2026-09-05T00:50:00+00:00,2026-09-05T00:58:36.798402+00:00,2026-09-05T00:58:36.798402+00:00,2026-09-05 03:50 (Local Time),POLYSTYPOS,,,,,1,8,22.6,,23.3,21.7,1.6,0.3,,,303.0,,,,25.0,0.0,,,0.82311,,
2026-09-05T00:50:00+00:00,2026-09-05T00:58:36.798402+00:00,2026-09-05T00:58:36.798402+00:00,2026-09-05 03:50 (Local Time),PRODROMOS,,,,,1,9,19.8,,20.8,19.2,2.4,0.1,,0.0,80.0,,,,28.0,0.0,,,1.234666,,
2026-09-05T00:50:00+00:00,2026-09-05T00:58:36.798402+00:00,2026-09-05T00:58:36.798402+00:00,2026-09-05 03:50 (Local Time),PYRGOS,,,,,1,5,22.5,,,,3.6,,,,66.3,,,,60.0,0.0,,,1.851998,,
2026-09-05T00:50:00+00:00,2026-09-05T00:58:36.798402+00:00,2026-09-05T00:58:36.798402+00:00,2026-09-05 03:50 (Local Time),SAITTAS,,,,,1,5,19.2,,22.5,19.1,,,,,,,,,59.0,0.0,,,,,
2026-09-05T00:50:00+00:00,2026-09-05T00:58:36.798402+00:00,2026-09-05T00:58:36.798402+00:00,2026-09-05 03:50 (Local Time),TAMASOS,,,,,1,9,19.8,19.6,24.7,19.5,2.2,0.0,,,181.0,,,,77.0,0.0,,,1.131777,,
2026-09-05T00:50:00+00:00,2026-09-05T00:58:36.798402+00:00,2026-09-05T00:58:36.798402+00:00,2026-09-05 03:50 (Local Time),TEPAK,,,,,1,9,24.7,,26.6,24.7,1.2,0.2,,,25.0,,,,72.0,0.0,,,0.617333,,"{""Accumulated Rainfall (24 hours)"": {""unit"": ""mm"", ""value"": 0.0}}"
2026-09-05T00:50:00+00:00,2026-09-05T00:58:36.798402+00:00,2026-09-05T00:58:36.798402+00:00,2026-09-05 03:50 (Local Time),TRIPILOS,,,,,1,7,20.1,,21.8,19.6,3.0,,,,312.0,,,,33.0,0.0,,,1.543332,,
2026-09-05T00:50:00+00:00,2026-09-05T00:58:36.798402+00:00,2026-09-05T00:58:36.798402+00:00,2026-09-05 03:50 (Local Time),TROODOS,,,,,1,9,16.3,,17.7,15.9,2.5,0.7,,,323.0,,,,36.0,0.0,827.3,,1.28611,,
2026-09-05T00:50:00+00:00,2026-09-05T00:58:36.798402+00:00,2026-09-05T00:58:36.798402+00:00,2026-09-05 03:50 (Local Time),VISITOR,,,,,1,7,23.0,,27.8,23.0,1.0,,,,218.0,,,,100.0,0.0,,,0.514444,,
2026-09-05T00:50:00+00:00,2026-09-05T00:58:36.798402+00:00,2026-09-05T00:58:36.798402+00:00,2026-09-05 03:50 (Local Time),XYLIATOS,,,,,1,8,21.4,,23.2,20.6,0.0,,,4.0,221.0,,,,52.0,0.0,,,0.0,,
2026-09-05T00:50:00+00:00,2026-09-05T00:58:36.798402+00:00,2026-09-05T00:58:36.798402+00:00,2026-09-05 03:50 (Local Time),XYLOPHAGOU,,,,,1,9,23.7,23.9,27.3,23.6,2.3,0.0,,,234.0,,,,94.0,0.0,,,1.183221,,
2026-09-05T00:50:00+00:00,2026-09-05T00:58:36.798402+00:00,2026-09-05T00:58:36.798402+00:00,2026-09-05 03:50 (Local Time),ZYGI,,,,,1,9,22.8,22.6,27.0,22.8,2.0,0.4,,,331.0,,,,80.0,0.0,,,1.028888,,
2026-09-05T05:30:00+00:00,2026-09-05T05:34:27.041536+00:00,2026-09-05T05:34:27.041536+00:00,2026-09-05 08:20 (Local Time),ACHNA,,,,,1,8,26.8,,27.0,22.4,0.0,0.4,,,68.0,,,,91.0,0.0,,,0.0,,
2026-09-05T05:30:00+00:00,2026-09-05T05:34:27.041536+00:00,2026-09-05T05:34:27.041536+00:00,2026-09-05 08:20 (Local Time),AGROS,,,,,1,10,25.3,,25.6,18.7,1.5,0.2,668.0,332.0,73.0,,,,48.0,0.0,,,0.771666,,
2026-09-05T05:30:00+00:00,2026-09-05T05:34:27.041536+00:00,2026-09-05T05:34:27.041536+00:00,2026-09-05 08:20 (Local Time),AKAMAS,,,,,1,7,24.4,,24.9,21.4,0.0,,,,173.0,,,,72.0,0.0,,,0.0,,
2026-09-05T05:30:00+00:00,2026-09-05T05:34:27.041536+00:00,2026-09-05T05:34:27.041536+00:00,2026-09-05 08:20 (Local Time),ALONOUDI,,,,,1,5,21.9,,22.2,17.0,,,,,,,,,59.0,0.0,,,,,
2026-09-05T05:30:00+00:00,2026-09-05T05:34:27.041536+00:00,2026-09-05T05:34:27.041536+00:00,2026-09-05 08:20 (Local Time),AMARGETI,,,,,1,9,25.6,,26.8,21.8,1.4,0.6,,,236.0,,,,47.0,0.0,960.2,,0.720222,,
2026-09-05T05:30:00+00:00,2026-09-05T05:34:27.041536+00:00,2026-09-05T05:34:27.041536+00:00,2026-09-05 08:20 (Local Time),ASTROMERITIS,,,,,1,6,27.6,,,,4.1,1.9,,,122.0,,,,57.0,0.0,,,2.10922,,
2026-09-05T05:30:00+00:00,2026-09-05T05:34:27.041536+00:00,2026-09-05T05:34:27.041536+00:00,2026-09-05 08:20 (Local Time),ATHALASSA,,,,,1,11,26.2,28.9,27.0,21.3,1.2,0.8,,,192.0,,,,77.0,0.0,992.1,,0.617333,,"{""Atmospheric Pressure (Mean Sea Level)"": {""unit"": ""hPa"", ""value"": 1010.6}}"
2026-09-05T05:30:00+00:00,2026-09-05T05:34:27.041536+00:00,2026-09-05T05:34:27.041536+00:00,2026-09-05 08:20 (Local Time),ATHIENOU,,,,,1,9,25.4,32.0,26.4,22.3,3.1,0.7,,,258.0,,,,86.0,0.0,,,1.594776,,
2026-09-05T05:30:00+00:00,2026-09-05T05:34:27.041536+00:00,2026-09-05T05:34:27.041536+00:00,2026-09-05 08:20 (Local Time),AVDIMOU,,,,,1,11,27.9,32.4,28.1,19.6,2.2,0.9,660.0,309.0,66.0,,,,76.0,0.0,,,1.131777,,
2026-09-05T05:30:00+00:00,2026-09-05T05:34:27.041536+00:00,2026-09-05T05:34:27.041536+00:00,2026-09-05 08:20 (Local Time),CAVO_GRECO,,,,,1,9,27.9,,28.1,22.5,2.2,1.0,,,222.0,,,,77.0,0.0,1003.3,,1.131777,,
2026-09-05T05:30:00+00:00,2026-09-05T05:34:27.041536+00:00,2026-09-05T05:34:27.041536+00:00,2026-09-05 08:20 (Local Time),CHROMIO,,,,,1,9,19.3,,19.4,14.3,2.6,0.9,,,256.0,,,,32.0,0.0,,,1.337554,,"{""Snow Depth"": {""unit"": ""cm"", ""value"": 0.0}}"
2026-09-05T05:30:00+00:00,2026-09-05T05:34:27.041536+00:00,2026-09-05T05:34:27.041536+00:00,2026-09-05 08:20 (Local Time),CYTASAT,,,,,1,10,25.4,,25.8,19.8,1.6,0.8,,,351.0,,,,78.0,0.0,985.0,,0.82311,,"{""Atmospheric Pressure (Mean Sea Level)"": {""unit"": ""hPa"", ""value"": 1011.4}}"
2026-09-05T05:30:00+00:00,2026-09-05T05:34:27.041536+00:00,2026-09-05T05:34:27.041536+00:00,2026-09-05 08:20 (Local Time),EPTAGONEIA,,,,,1,8,21.8,,23.2,17.7,2.4,0.8,,,240.0,,,,74.0,0.0,,,1.234666,,
2026-09-05T05:30:00+00:00,2026-09-05T05:34:27.041536+00:00,2026-09-05T05:34:27.041536+00:00,2026-09-05 08:20 (Local Time),FANEROMENI,,,,,1,4,26.9,,,,,,,,,,,,84.0,0.0,,,,,"{""Rain Intensity (10 min.)"": {""unit"": ""mm/min"", ""value"": 0.0}}"
2026-09-05T05:30:00+00:00,2026-09-05T05:34:27.041536+00:00,2026-09-05T05:34:27.041536+00:00,2026-09-05 08:20 (Local Time),FARMAKAS,,,,,1,10,25.4,,25.7,17.6,4.7,1.8,709.0,314.0,173.0,,,,52.0,0.0,,,2.417887,,
2026-09-05T05:30:00+00:00,2026-09-05T05:34:27.041536+00:00,2026-09-05T05:34:27.041536+00:00,2026-09-05 08:20 (Local Time),FRENAROS,,,,,1,11,28.0,27.1,28.1,22.8,2.7,1.0,,325.0,180.0,,,,82.0,0.0,1000.3,,1.388999,,
2026-09-05T05:30:00+00:00,2026-09-05T05:34:27.041536+00:00,2026-09-05T05:34:27.041536+00:00,2026-09-05 08:20 (Local Time),KALAVASOS,,,,,1,5,28.5,,28.8,21.5,,,,,,,,,61.0,0.0,,,,,
2026-09-05T05:30:00+00:00,2026-09-05T05:34:27.041536+00:00,2026-09-05T05:34:27.041536+00:00,2026-09-05 08:20 (Local Time),KALOPANAYIOTIS,,,,,1,9,21.1,,21.8,16.8,3.9,0.8,,28.0,164.0,,,,49.0,0.0,,,2.006332,,
2026-09-05T05:30:00+00:00,2026-09-05T05:34:27.041536+00:00,2026-09-05T05:34:27.041536+00:00,2026-09-05 08:20 (Local Time),KAMPOS,,,,,1,11,25.4,23.3,25.6,20.5,1.7,0.7,155.0,118.0,59.0,,,,44.0,0.0,,,0.874555,,
2026-09-05T05:30:00+00:00,2026-09-05T05:34:27.041536+00:00,2026-09-05T05:34:27.041536+00:00,2026-09-05 08:20 (Local Time),KANNAVIOU,,,,,1,6,24.5,,25.0,20.5,,1.7,,,,,,,46.0,0.0,,,,,
2026-09-05T05:30:00+00:00,2026-09-05T05:34:27.041536+00:00,2026-09-05T05:34:27.041536+00:00,2026-09-05 08:20 (Local Time),KATHIKAS,,,,,1,6,25.1,,25.3,20.7,,,,,,,,,73.0,0.0,,,,,"{""Accumulated Rainfall (24 hours)"": {""unit"": ""mm"", ""value"": 0.0}}"
2026-09-05T05:30:00+00:00,2026-09-05T05:34:27.041536+00:00,2026-09-05T05:34:27.041536+00:00,2026-09-05 08:20 (Local Time),KEPNIC,,,,,1,1,,,,,,,,,,,,,,0.0,,,,,
2026-09-05T05:30:00+00:00,2026-09-05T05:34:27.041536+00:00,2026-09-05T05:34:27.041536+00:00,2026-09-05 08:20 (Local Time),KILANI,,,,,1,7,25.3,,25.5,18.0,,0.8,,356.0,,,,,57.0,0.0,,,,,
2026-09-05T05:30:00+00:00,2026-09-05T05:34:27.041536+00:00,2026-09-05T05:34:27.041536+00:00,2026-09-05 08:20 (Local Time),KORNOS,,,,,1,3,26.2,,,,,,,,,,,,81.0,0.0,,,,,
2026-09-05T05:30:00+00:00,2026-09-05T05:34:27.041536+00:00,2026-09-05T05:34:27.041536+00:00,2026-09-05 08:20 (Local Time),KOURIS,,,,,1,8,26.5,,27.0,23.4,1.9,0.8,,,131.0,,,,67.0,0.0,,,0.977444,,
2026-09-05T05:30:00+00:00,2026-09-05T05:34:27.041536+00:00,2026-09-05T05:34:27.041536+00:00,2026-09-05 08:20 (Local Time),KPYRGOS,,,,,1,8,26.1,,26.2,21.9,4.2,1.3,,,144.0,,,,49.0,0.0,,,2.160665,,
2026-09-05T05:30:00+00:00,2026-09-05T05:34:27.041536+00:00,2026-09-05T05:34:27.041536+00:00,2026-09-05 08:20 (Local Time),KYPEROUNTA,,,,,1,6,23.6,,23.7,20.0,,0.6,,375.0,,,,,39.0,,,,,,
2026-09-05T05:30:00+00:00,2026-09-05T05:34:27.041536+00:00,2026-09-05T05:34:27.041536+00:00,2026-09-05 08:20 (Local Time),LCLK,,,,,1,9,28.8,,28.8,22.8,,0.6,,,,,,,75.0,0.0,,,,,"{""Atmospheric Pressure (QNH)"": {""unit"": ""hPa"", ""value"": 1010.2}, ""Wind Direction (10m) at Runway 22"": {""unit"": ""Degrees"", ""value"": 297.0}, ""Wind Speed (10m) at Runway 22"": {""unit"": ""Knots"", ""value"": 1.6}}"
2026-09-05T05:30:00+00:00,2026-09-05T05:34:27.041536+00:00,2026-09-05T05:34:27.041536+00:00,2026-09-05 08:20 (Local Time),LCPH,,,,,1,9,28.3,,28.5,23.1,,1.1,,,,,,,43.0,0.0,,,,,"{""Atmospheric Pressure (QNH)"": {""unit"": ""hPa"", ""value"": 1010.5}, ""Wind Direction (10m) at Runway 29"": {""unit"": ""Degrees"", ""value"": 34.0}, ""Wind Speed (10m) at Runway 29"": {""unit"": ""Knots"", ""value"": 3.9}}"
2026-09-05T05:30:00+00:00,2026-09-05T05:34:27.041536+00:00,2026-09-05T05:34:27.041536+00:00,2026-09-05 08:20 (Local Time),LEFKARA,,,,,1,6,24.0,,25.0,19.1,,0.2,,,,,,,71.0,0.0,,,,,
2026-09-05T05:30:00+00:00,2026-09-05T05:34:27.041536+00:00,2026-09-05T05:34:27.041536+00:00,2026-09-05 08:20 (Local Time),LEFKOSIA,,,,,1,7,25.6,,25.9,21.0,,0.8,,,,,,,76.0,0.0,,,,,"{""Accumulated Rainfall (24 hours)"": {""unit"": ""mm"", ""value"": 0.0}}"
2026-09-05T05:30:00+00:00,2026-09-05T05:34:27.041536+00:00,2026-09-05T05:34:27.041536+00:00,2026-09-05 08:20 (Local Time),LIMASSOL,,,,,1,10,27.8,,27.9,23.6,,2.0,,314.0,,,,,78.0,0.0,1009.3,,,,"{""Wind Direction (10m) at Port Gate"": {""unit"": ""Degrees"", ""value"": 80.0}, ""Wind Speed (10m) at Port Gate"": {""unit"": ""Knots"", ""value"": 4.5}}"
2026-09-05T05:30:00+00:00,2026-09-05T05:34:27.041536+00:00,2026-09-05T05:34:27.041536+00:00,2026-09-05 08:20 (Local Time),LINOU,,,,,1,9,26.5,,26.8,20.6,3.2,1.5,,,357.0,,,,62.0,0.0,964.5,,1.646221,,
2026-09-05T05:30:00+00:00,2026-09-05T05:34:27.041536+00:00,2026-09-05T05:34:27.041536+00:00,2026-09-05 08:20 (Local Time),LYSOS,,,,,1,7,27.2,,27.4,20.6,1.2,,,,60.0,,,,45.0,0.0,,,0.617333,,
2026-09-05T05:30:00+00:00,2026-09-05T05:34:27.041536+00:00,2026-09-05T05:34:27.041536+00:00,2026-09-05 08:20 (Local Time),MALLIA,,,,,1,10,25.3,30.4,25.4,17.7,5.0,1.1,,370.0,115.0,,,,58.0,0.0,,,2.57222,,
2026-09-05T05:30:00+00:00,2026-09-05T05:34:27.041536+00:00,2026-09-05T05:34:27.041536+00:00,2026-09-05 08:20 (Local Time),MAMMARI,,,,,1,10,25.6,,26.1,21.5,,1.2,,315.0,,,,,73.0,0.0,,,,,"{""Atmospheric Pressure (QNH)"": {""unit"": ""hPa"", ""value"": 1011.6}, ""Wind Direction (10m) at Runway 12"": {""unit"": ""Degrees"", ""value"": 50.0}, ""Wind Speed (10m) at Runway 12"": {""unit"": ""Knots"", ""value"": 1.5}}"
2026-09-05T05:30:00+00:00,2026-09-05T05:34:27.041536+00:00,2026-09-05T05:34:27.041536+00:00,2026-09-05 08:20 (Local Time),MATHIATIS,,,,,1,10,25.2,,25.4,18.0,0.8,0.5,500.0,283.0,111.0,,,,76.0,0.0,,,0.411555,,
2026-09-05T05:30:00+00:00,2026-09-05T05:34:27.041536+00:00,2026-09-05T05:34:27.041536+00:00,2026-09-05 08:20 (Local Time),PANAGIA_BRIDGE,,,,,1,6,20.4,20.3,22.8,15.6,,,,,,,,,60.0,0.0,,,,,
2026-09-05T05:30:00+00:00,2026-09-05T05:34:27.041536+00:00,2026-09-05T05:34:27.041536+00:00,2026-09-05 08:20 (Local Time),PAPHOS,,,,,1,8,28.0,,28.2,22.1,0.7,0.5,,,337.0,,,,70.0,0.0,,,0.360111,,
2026-09-05T05:30:00+00:00,2026-09-05T05:34:27.041536+00:00,2026-09-05T05:34:27.041536+00:00,2026-09-05 08:20 (Local Time),PAREKLISIA,,,,,1,7,29.3,,29.6,22.6,0.7,,,,124.0,,,,67.0,0.0,,,0.360111,,
2026-09-05T05:30:00+00:00,2026-09-05T05:34:27.041536+00:00,2026-09-05T05:34:27.041536+00:00,2026-09-05 08:20 (Local Time),PENTAKOMO,,,,,1,8,28.7,,28.9,25.1,2.8,1.2,,,93.0,,,,72.0,0.0,,,1.440443,,
2026-09-05T05:30:00+00:00,2026-09-05T05:34:27.041536+00:00,2026-09-05T05:34:27.041536+00:00,2026-09-05 08:20 (Local Time),PLATANIA,,,,,1,6,21.7,,21.8,18.4,,0.1,,,,,,,64.0,0.0,,,,,
2026-09-05T05:30:00+00:00,2026-09-05T05:34:27.041536+00:00,2026-09-05T05:34:27.041536+00:00,2026-09-05 08:20 (Local Time),POLIS,,,,,1,11,27.7,,27.9,22.0,2.5,0.9,784.0,,148.0,,,,49.0,0.0,1006.9,,1.28611,,"{""Atmospheric Pressure (Mean Sea Level)"": {""unit"": ""hPa"", ""value"": 1009.5}}"
2026-09-05T05:30:00+00:00,2026-09-05T05:34:27.041536+00:00,2026-09-05T05:34:27.041536+00:00,2026-09-05 08:20 (Local Time),POLYSTYPOS,,,,,1,8,25.9,,26.0,21.4,2.9,1.3,,,232.0,,,,38.0,0.0,,,1.491888,,
2026-09-05T05:30:00+00:00,2026-09-05T05:34:27.041536+00:00,2026-09-05T05:34:27.041536+00:00,2026-09-05 08:20 (Local Time),PRODROMOS,,,,,1,9,20.1,,20.8,19.0,3.1,1.1,,326.0,233.0,,,,38.0,0.0,,,1.594776,,
2026-09-05T05:30:00+00:00,2026-09-05T05:34:27.041536+00:00,2026-09-05T05:34:27.041536+00:00,,PYRGOS,,,,,0,0,,,,,,,,,,,,,,,,,,,
2026-09-05T05:30:00+00:00,2026-09-05T05:34:27.041536+00:00,2026-09-05T05:34:27.041536+00:00,2026-09-05 08:20 (Local Time),SAITTAS,,,,,1,5,23.7,,23.9,18.6,,,,,,,,,53.0,0.0,,,,,
2026-09-05T05:30:00+00:00,2026-09-05T05:34:27.041536+00:00,2026-09-05T05:34:27.041536+00:00,2026-09-05 08:20 (Local Time),TAMASOS,,,,,1,9,24.5,26.4,24.8,18.7,1.7,0.1,,,143.0,,,,82.0,0.0,,,0.874555,,
2026-09-05T05:30:00+00:00,2026-09-05T05:34:27.041536+00:00,2026-09-05T05:34:27.041536+00:00,2026-09-05 08:20 (Local Time),TEPAK,,,,,1,9,28.6,,28.8,24.2,1.6,0.5,,,92.0,,,,70.0,0.0,,,0.82311,,"{""Accumulated Rainfall (24 hours)"": {""unit"": ""mm"", ""value"": 0.0}}"
2026-09-05T05:30:00+00:00,2026-09-05T05:34:27.041536+00:00,2026-09-05T05:34:27.041536+00:00,2026-09-05 08:20 (Local Time),TRIPILOS,,,,,1,7,20.2,,21.8,19.0,2.5,,,,285.0,,,,46.0,0.0,,,1.28611,,
2026-09-05T05:30:00+00:00,2026-09-05T05:34:27.041536+00:00,2026-09-05T05:34:27.041536+00:00,2026-09-05 08:20 (Local Time),TROODOS,,,,,1,9,21.1,,21.3,15.9,2.0,0.6,,,93.0,,,,28.0,0.0,828.3,,1.028888,,
2026-09-05T05:30:00+00:00,2026-09-05T05:34:27.041536+00:00,2026-09-05T05:34:27.041536+00:00,2026-09-05 08:20 (Local Time),VISITOR,,,,,1,7,26.4,,27.8,21.4,0.8,,,,187.0,,,,82.0,0.0,,,0.411555,,
2026-09-05T05:30:00+00:00,2026-09-05T05:34:27.041536+00:00,2026-09-05T05:34:27.041536+00:00,2026-09-05 08:20 (Local Time),XYLIATOS,,,,,1,8,24.5,,24.7,20.0,0.0,,,171.0,15.0,,,,50.0,0.0,,,0.0,,
2026-09-05T05:30:00+00:00,2026-09-05T05:34:27.041536+00:00,2026-09-05T05:34:27.041536+00:00,2026-09-05 08:20 (Local Time),XYLOPHAGOU,,,,,1,9,26.1,29.5,27.3,23.3,1.6,0.4,,,67.0,,,,90.0,0.0,,,0.82311,,
2026-09-05T05:30:00+00:00,2026-09-05T05:34:27.041536+00:00,2026-09-05T05:34:27.041536+00:00,2026-09-05 08:20 (Local Time),ZYGI,,,,,1,9,28.7,34.9,28.8,22.6,1.6,0.8,,,12.0,,,,66.0,0.0,,,0.82311,,
2026-09-05T09:10:00+00:00,2026-09-05T09:17:45.504072+00:00,2026-09-05T09:17:45.504072+00:00,2026-09-05 12:10 (Local Time),ACHNA,,,,,1,8,32.4,,32.9,22.4,4.3,1.6,,,176.0,,,,52.0,0.0,,,2.212109,,
2026-09-05T09:10:00+00:00,2026-09-05T09:17:45.504072+00:00,2026-09-05T09:17:45.504072+00:00,2026-09-05 12:10 (Local Time),AGROS,,,,,1,10,28.6,,30.1,18.7,4.3,1.7,687.0,997.0,184.0,,,,50.0,0.0,,,2.212109,,
2026-09-05T09:10:00+00:00,2026-09-05T09:17:45.504072+00:00,2026-09-05T09:17:45.504072+00:00,2026-09-05 12:10 (Local Time),AKAMAS,,,,,1,7,28.9,,29.6,21.4,6.2,,,,220.0,,,,64.0,0.0,,,3.189553,,
2026-09-05T09:10:00+00:00,2026-09-05T09:17:45.504072+00:00,2026-09-05T09:17:45.504072+00:00,,ALONOUDI,,,,,0,0,,,,,,,,,,,,,,,,,,,
2026-09-05T09:10:00+00:00,2026-09-05T09:17:45.504072+00:00,2026-09-05T09:17:45.504072+00:00,2026-09-05 12:10 (Local Time),AMARGETI,,,,,1,9,32.3,,33.1,21.8,4.3,1.5,,,215.0,,,,50.0,0.0,960.6,,2.212109,,
2026-09-05T09:10:00+00:00,2026-09-05T09:17:45.504072+00:00,2026-09-05T09:17:45.504072+00:00,2026-09-05 12:10 (Local Time),ASTROMERITIS,,,,,1,6,33.4,,,,3.4,1.7,,,334.0,,,,34.0,0.0,,,1.74911,,
2026-09-05T09:10:00+00:00,2026-09-05T09:17:45.504072+00:00,2026-09-05T09:17:45.504072+00:00,2026-09-05 12:10 (Local Time),ATHALASSA,,,,,1,11,33.1,39.5,33.7,21.3,2.3,1.4,,,92.0,,,,44.0,0.0,991.9,,1.183221,,"{""Atmospheric Pressure (Mean Sea Level)"": {""unit"": ""hPa"", ""value"": 1010.0}}"
2026-09-05T09:10:00+00:00,2026-09-05T09:17:45.504072+00:00,2026-09-05T09:17:45.504072+00:00,2026-09-05 12:10 (Local Time),ATHIENOU,,,,,1,9,33.1,46.5,33.8,22.3,1.9,0.6,,,172.0,,,,44.0,0.0,,,0.977444,,
2026-09-05T09:10:00+00:00,2026-09-05T09:17:45.504072+00:00,2026-09-05T09:17:45.504072+00:00,2026-09-05 12:10 (Local Time),AVDIMOU,,,,,1,11,30.2,44.6,30.7,19.6,3.4,1.7,814.0,883.0,141.0,,,,64.0,0.0,,,1.74911,,
2026-09-05T09:10:00+00:00,2026-09-05T09:17:45.504072+00:00,2026-09-05T09:17:45.504072+00:00,2026-09-05 12:10 (Local Time),CAVO_GRECO,,,,,1,9,30.9,,31.1,22.5,7.0,2.2,,,151.0,,,,65.0,0.0,1003.9,,3.601108,,
2026-09-05T09:10:00+00:00,2026-09-05T09:17:45.504072+00:00,2026-09-05T09:17:45.504072+00:00,2026-09-05 12:10 (Local Time),CHROMIO,,,,,1,9,21.6,,22.6,14.3,0.6,0.7,,,88.0,,,,49.0,0.0,,,0.308666,,"{""Snow Depth"": {""unit"": ""cm"", ""value"": 0.0}}"
2026-09-05T09:10:00+00:00,2026-09-05T09:17:45.504072+00:00,2026-09-05T09:17:45.504072+00:00,2026-09-05 12:10 (Local Time),CYTASAT,,,,,1,10,30.8,,31.9,19.8,2.5,1.6,,,165.0,,,,60.0,0.0,985.2,,1.28611,,"{""Atmospheric Pressure (Mean Sea Level)"": {""unit"": ""hPa"", ""value"": 1011.1}}"
2026-09-05T09:10:00+00:00,2026-09-05T09:17:45.504072+00:00,2026-09-05T09:17:45.504072+00:00,2026-09-05 12:10 (Local Time),EPTAGONEIA,,,,,1,8,30.6,,32.0,17.7,4.8,1.1,,,194.0,,,,57.0,0.0,,,2.469331,,
2026-09-05T09:10:00+00:00,2026-09-05T09:17:45.504072+00:00,2026-09-05T09:17:45.504072+00:00,2026-09-05 12:10 (Local Time),FANEROMENI,,,,,1,4,32.3,,,,,,,,,,,,62.0,0.0,,,,,"{""Rain Intensity (10 min.)"": {""unit"": ""mm/min"", ""value"": 0.0}}"
2026-09-05T09:10:00+00:00,2026-09-05T09:17:45.504072+00:00,2026-09-05T09:17:45.504072+00:00,2026-09-05 12:10 (Local Time),FARMAKAS,,,,,1,10,32.5,,34.1,17.6,6.1,1.6,460.0,600.0,20.0,,,,42.0,0.0,,,3.138108,,
2026-09-05T09:10:00+00:00,2026-09-05T09:17:45.504072+00:00,2026-09-05T09:17:45.504072+00:00,2026-09-05 12:10 (Local Time),FRENAROS,,,,,1,11,32.8,36.9,33.2,22.8,6.2,2.6,,582.0,182.0,,,,59.0,0.0,1000.6,,3.189553,,
2026-09-05T09:10:00+00:00,2026-09-05T09:17:45.504072+00:00,2026-09-05T09:17:45.504072+00:00,2026-09-05 12:10 (Local Time),KALAVASOS,,,,,1,5,32.5,,33.5,21.5,,,,,,,,,59.0,0.0,,,,,
2026-09-05T09:10:00+00:00,2026-09-05T09:17:45.504072+00:00,2026-09-05T09:17:45.504072+00:00,2026-09-05 12:10 (Local Time),KALOPANAYIOTIS,,,,,1,9,31.9,,32.2,16.8,5.2,1.0,,856.0,320.0,,,,42.0,0.0,,,2.675109,,
2026-09-05T09:10:00+00:00,2026-09-05T09:17:45.504072+00:00,2026-09-05T09:17:45.504072+00:00,2026-09-05 12:10 (Local Time),KAMPOS,,,,,1,11,34.4,36.7,35.2,20.5,2.9,1.6,1001.0,893.0,108.0,,,,33.0,0.0,,,1.491888,,
2026-09-05T09:10:00+00:00,2026-09-05T09:17:45.504072+00:00,2026-09-05T09:17:45.504072+00:00,2026-09-05 12:10 (Local Time),KANNAVIOU,,,,,1,6,32.1,,33.0,20.5,,3.6,,,,,,,38.0,0.0,,,,,
2026-09-05T09:10:00+00:00,2026-09-05T09:17:45.504072+00:00,2026-09-05T09:17:45.504072+00:00,2026-09-05 12:10 (Local Time),KATHIKAS,,,,,1,6,28.4,,29.4,20.7,,,,,,,,,67.0,0.0,,,,,"{""Accumulated Rainfall (24 hours)"": {""unit"": ""mm"", ""value"": 0.0}}"
2026-09-05T09:10:00+00:00,2026-09-05T09:17:45.504072+00:00,2026-09-05T09:17:45.504072+00:00,2026-09-05 12:10 (Local Time),KEPNIC,,,,,1,1,,,,,,,,,,,,,,0.0,,,,,
2026-09-05T09:10:00+00:00,2026-09-05T09:17:45.504072+00:00,2026-09-05T09:17:45.504072+00:00,2026-09-05 12:10 (Local Time),KILANI,,,,,1,7,29.0,,29.3,18.0,,2.2,,964.0,,,,,53.0,0.0,,,,,
2026-09-05T09:10:00+00:00,2026-09-05T09:17:45.504072+00:00,2026-09-05T09:17:45.504072+00:00,2026-09-05 12:10 (Local Time),KORNOS,,,,,1,3,31.3,,,,,,,,,,,,56.0,0.0,,,,,
2026-09-05T09:10:00+00:00,2026-09-05T09:17:45.504072+00:00,2026-09-05T09:17:45.504072+00:00,2026-09-05 12:10 (Local Time),KOURIS,,,,,1,8,31.7,,32.1,23.4,6.7,2.1,,,207.0,,,,58.0,0.0,,,3.446775,,
2026-09-05T09:10:00+00:00,2026-09-05T09:17:45.504072+00:00,2026-09-05T09:17:45.504072+00:00,2026-09-05 12:10 (Local Time),KPYRGOS,,,,,1,8,30.6,,30.8,21.9,3.7,1.6,,,2.0,,,,56.0,0.0,,,1.903443,,
2026-09-05T09:10:00+00:00,2026-09-05T09:17:45.504072+00:00,2026-09-05T09:17:45.504072+00:00,2026-09-05 12:10 (Local Time),KYPEROUNTA,,,,,1,6,26.9,,27.3,20.0,,1.3,,957.0,,,,,48.0,,,,,,
2026-09-05T09:10:00+00:00,2026-09-05T09:17:45.504072+00:00,2026-09-05T09:17:45.504072+00:00,2026-09-05 12:10 (Local Time),LCLK,,,,,1,9,31.0,,31.3,22.8,,3.0,,,,,,,66.0,0.0,,,,,"{""Atmospheric Pressure (QNH)"": {""unit"": ""hPa"", ""value"": 1010.4}, ""Wind Direction (10m) at Runway 22"": {""unit"": ""Degrees"", ""value"": 162.0}, ""Wind Speed (10m) at Runway 22"": {""unit"": ""Knots"", ""value"": 7.4}}"
2026-09-05T09:10:00+00:00,2026-09-05T09:17:45.504072+00:00,2026-09-05T09:17:45.504072+00:00,2026-09-05 12:10 (Local Time),LCPH,,,,,1,9,30.2,,30.5,23.1,,2.2,,,,,,,66.0,0.0,,,,,"{""Atmospheric Pressure (QNH)"": {""unit"": ""hPa"", ""value"": 1010.8}, ""Wind Direction (10m) at Runway 29"": {""unit"": ""Degrees"", ""value"": 249.0}, ""Wind Speed (10m) at Runway 29"": {""unit"": ""Knots"", ""value"": 6.2}}"
2026-09-05T09:10:00+00:00,2026-09-05T09:17:45.504072+00:00,2026-09-05T09:17:45.504072+00:00,2026-09-05 12:10 (Local Time),LEFKARA,,,,,1,6,34.9,,35.3,19.1,,0.4,,,,,,,45.0,0.0,,,,,
2026-09-05T09:10:00+00:00,2026-09-05T09:17:45.504072+00:00,2026-09-05T09:17:45.504072+00:00,2026-09-05 12:10 (Local Time),LEFKOSIA,,,,,1,7,33.7,,34.0,21.0,,0.7,,,,,,,41.0,0.0,,,,,"{""Accumulated Rainfall (24 hours)"": {""unit"": ""mm"", ""value"": 0.0}}"
2026-09-05T09:10:00+00:00,2026-09-05T09:17:45.504072+00:00,2026-09-05T09:17:45.504072+00:00,2026-09-05 12:10 (Local Time),LIMASSOL,,,,,1,10,30.6,,30.8,23.6,,2.7,,888.0,,,,,66.0,0.0,1009.7,,,,"{""Wind Direction (10m) at Port Gate"": {""unit"": ""Degrees"", ""value"": 154.0}, ""Wind Speed (10m) at Port Gate"": {""unit"": ""Knots"", ""value"": 8.5}}"
2026-09-05T09:10:00+00:00,2026-09-05T09:17:45.504072+00:00,2026-09-05T09:17:45.504072+00:00,2026-09-05 12:10 (Local Time),LINOU,,,,,1,9,31.9,,32.3,20.6,4.3,2.2,,,23.0,,,,42.0,0.0,964.9,,2.212109,,
2026-09-05T09:10:00+00:00,2026-09-05T09:17:45.504072+00:00,2026-09-05T09:17:45.504072+00:00,2026-09-05 12:10 (Local Time),LYSOS,,,,,1,7,30.7,,31.0,20.6,5.2,,,,315.0,,,,48.0,0.0,,,2.675109,,
2026-09-05T09:10:00+00:00,2026-09-05T09:17:45.504072+00:00,2026-09-05T09:17:45.504072+00:00,2026-09-05 12:10 (Local Time),MALLIA,,,,,1,10,30.6,40.8,31.7,17.7,4.1,1.7,,848.0,197.0,,,,54.0,0.0,,,2.10922,,
2026-09-05T09:10:00+00:00,2026-09-05T09:17:45.504072+00:00,2026-09-05T09:17:45.504072+00:00,2026-09-05 12:10 (Local Time),MAMMARI,,,,,1,10,33.2,,33.7,21.5,,1.9,,890.0,,,,,40.0,0.0,,,,,"{""Atmospheric Pressure (QNH)"": {""unit"": ""hPa"", ""value"": 1011.6}, ""Wind Direction (10m) at Runway 12"": {""unit"": ""Degrees"", ""value"": 36.0}, ""Wind Speed (10m) at Runway 12"": {""unit"": ""Knots"", ""value"": 3.6}}"
2026-09-05T09:10:00+00:00,2026-09-05T09:17:45.504072+00:00,2026-09-05T09:17:45.504072+00:00,2026-09-05 12:10 (Local Time),MATHIATIS,,,,,1,10,32.8,,33.7,18.0,6.7,2.1,583.0,934.0,87.0,,,,46.0,0.0,,,3.446775,,
2026-09-05T09:10:00+00:00,2026-09-05T09:17:45.504072+00:00,2026-09-05T09:17:45.504072+00:00,2026-09-05 12:10 (Local Time),PANAGIA_BRIDGE,,,,,1,6,31.9,45.8,32.6,15.6,,,,,,,,,42.0,0.0,,,,,
2026-09-05T09:10:00+00:00,2026-09-05T09:17:45.504072+00:00,2026-09-05T09:17:45.504072+00:00,2026-09-05 12:10 (Local Time),PAPHOS,,,,,1,8,30.8,,31.0,22.1,2.8,1.6,,,254.0,,,,62.0,0.0,,,1.440443,,
2026-09-05T09:10:00+00:00,2026-09-05T09:17:45.504072+00:00,2026-09-05T09:17:45.504072+00:00,2026-09-05 12:10 (Local Time),PAREKLISIA,,,,,1,7,33.1,,33.5,22.6,2.7,,,,221.0,,,,58.0,0.0,,,1.388999,,
2026-09-05T09:10:00+00:00,2026-09-05T09:17:45.504072+00:00,2026-09-05T09:17:45.504072+00:00,2026-09-05 12:10 (Local Time),PENTAKOMO,,,,,1,8,29.7,,30.3,25.1,7.0,2.9,,,193.0,,,,70.0,0.0,,,3.601108,,
2026-09-05T09:10:00+00:00,2026-09-05T09:17:45.504072+00:00,2026-09-05T09:17:45.504072+00:00,2026-09-05 12:10 (Local Time),PLATANIA,,,,,1,6,27.6,,28.1,18.4,,0.4,,,,,,,43.0,0.0,,,,,
2026-09-05T09:10:00+00:00,2026-09-05T09:17:45.504072+00:00,2026-09-05T09:17:45.504072+00:00,2026-09-05 12:10 (Local Time),POLIS,,,,,1,11,29.9,,30.3,22.0,4.8,2.3,893.0,,307.0,,,,64.0,0.0,1007.3,,2.469331,,"{""Atmospheric Pressure (Mean Sea Level)"": {""unit"": ""hPa"", ""value"": 1009.9}}"
2026-09-05T09:10:00+00:00,2026-09-05T09:17:45.504072+00:00,2026-09-05T09:17:45.504072+00:00,2026-09-05 12:10 (Local Time),POLYSTYPOS,,,,,1,8,28.7,,29.0,21.4,1.9,1.2,,,35.0,,,,41.0,0.0,,,0.977444,,
2026-09-05T09:10:00+00:00,2026-09-05T09:17:45.504072+00:00,2026-09-05T09:17:45.504072+00:00,2026-09-05 12:10 (Local Time),PRODROMOS,,,,,1,9,23.4,,25.2,19.0,2.3,0.9,,202.0,41.0,,,,51.0,0.0,,,1.183221,,
2026-09-05T09:10:00+00:00,2026-09-05T09:17:45.504072+00:00,2026-09-05T09:17:45.504072+00:00,2026-09-05 12:10 (Local Time),PYRGOS,,,,,1,5,31.6,,,,1.5,,,,45.4,,,,47.0,0.0,,,0.771666,,
2026-09-05T09:10:00+00:00,2026-09-05T09:17:45.504072+00:00,2026-09-05T09:17:45.504072+00:00,2026-09-05 12:10 (Local Time),SAITTAS,,,,,1,5,32.4,,32.8,18.6,,,,,,,,,47.0,0.0,,,,,
2026-09-05T09:10:00+00:00,2026-09-05T09:17:45.504072+00:00,2026-09-05T09:17:45.504072+00:00,2026-09-05 12:10 (Local Time),TAMASOS,,,,,1,9,31.8,43.7,31.9,18.7,2.7,0.9,,,69.0,,,,44.0,0.0,,,1.388999,,
2026-09-05T09:10:00+00:00,2026-09-05T09:17:45.504072+00:00,2026-09-05T09:17:45.504072+00:00,2026-09-05 12:10 (Local Time),TEPAK,,,,,1,9,29.6,,30.6,24.2,4.5,1.5,,,171.0,,,,64.0,0.0,,,2.314998,,"{""Accumulated Rainfall (24 hours)"": {""unit"": ""mm"", ""value"": 0.0}}"
2026-09-05T09:10:00+00:00,2026-09-05T09:17:45.504072+00:00,2026-09-05T09:17:45.504072+00:00,2026-09-05 12:10 (Local Time),TRIPILOS,,,,,1,7,24.1,,26.4,19.0,1.8,,,,188.0,,,,47.0,0.0,,,0.925999,,
2026-09-05T09:10:00+00:00,2026-09-05T09:17:45.504072+00:00,2026-09-05T09:17:45.504072+00:00,2026-09-05 12:10 (Local Time),TROODOS,,,,,1,9,20.7,,24.0,15.9,2.7,1.2,,,185.0,,,,59.0,0.0,829.0,,1.388999,,
2026-09-05T09:10:00+00:00,2026-09-05T09:17:45.504072+00:00,2026-09-05T09:17:45.504072+00:00,2026-09-05 12:10 (Local Time),VISITOR,,,,,1,7,33.6,,33.9,21.4,2.5,,,,46.0,,,,44.0,0.0,,,1.28611,,
2026-09-05T09:10:00+00:00,2026-09-05T09:17:45.504072+00:00,2026-09-05T09:17:45.504072+00:00,2026-09-05 12:10 (Local Time),XYLIATOS,,,,,1,8,30.8,,31.3,20.0,3.2,,,903.0,3.0,,,,45.0,0.0,,,1.646221,,
2026-09-05T09:10:00+00:00,2026-09-05T09:17:45.504072+00:00,2026-09-05T09:17:45.504072+00:00,2026-09-05 12:10 (Local Time),XYLOPHAGOU,,,,,1,9,31.2,40.6,31.4,23.3,8.6,2.5,,,190.0,,,,64.0,0.0,,,4.424218,,
2026-09-05T09:10:00+00:00,2026-09-05T09:17:45.504072+00:00,2026-09-05T09:17:45.504072+00:00,2026-09-05 12:10 (Local Time),ZYGI,,,,,1,9,30.8,39.8,31.0,22.6,5.1,1.7,,,166.0,,,,63.0,0.0,,,2.623664,,
2026-09-05T12:40:00+00:00,2026-09-05T12:46:38.234247+00:00,2026-09-05T12:46:38.234247+00:00,2026-09-05 15:40 (Local Time),ACHNA,,,,,1,8,31.0,,33.2,22.4,6.0,1.8,,,184.0,,,,63.0,0.0,,,3.086664,,
2026-09-05T12:40:00+00:00,2026-09-05T12:46:38.234247+00:00,2026-09-05T12:46:38.234247+00:00,2026-09-05 15:40 (Local Time),AGROS,,,,,1,10,23.3,,30.1,18.2,0.0,0.4,719.0,653.0,241.0,,,,88.0,0.0,,,0.0,,
2026-09-05T12:40:00+00:00,2026-09-05T12:46:38.234247+00:00,2026-09-05T12:46:38.234247+00:00,2026-09-05 15:40 (Local Time),AKAMAS,,,,,1,7,28.9,,29.6,21.4,10.3,,,,224.0,,,,67.0,0.0,,,5.298773,,
2026-09-05T12:40:00+00:00,2026-09-05T12:46:38.234247+00:00,2026-09-05T12:46:38.234247+00:00,2026-09-05 15:40 (Local Time),ALONOUDI,,,,,1,5,25.1,,34.1,17.0,,,,,,,,,62.0,0.0,,,,,
2026-09-05T12:40:00+00:00,2026-09-05T12:46:38.234247+00:00,2026-09-05T12:46:38.234247+00:00,2026-09-05 15:40 (Local Time),AMARGETI,,,,,1,9,32.1,,33.6,21.8,3.8,1.5,,,169.0,,,,50.0,0.0,960.4,,1.954887,,
2026-09-05T12:40:00+00:00,2026-09-05T12:46:38.234247+00:00,2026-09-05T12:46:38.234247+00:00,2026-09-05 15:40 (Local Time),ASTROMERITIS,,,,,1,6,30.5,,,,11.2,4.3,,,315.0,,,,53.0,0.0,,,5.761773,,
2026-09-05T12:40:00+00:00,2026-09-05T12:46:38.234247+00:00,2026-09-05T12:46:38.234247+00:00,2026-09-05 15:40 (Local Time),ATHALASSA,,,,,1,11,35.4,41.7,36.6,21.3,3.0,1.5,,,153.0,,,,43.0,0.0,990.6,,1.543332,,"{""Atmospheric Pressure (Mean Sea Level)"": {""unit"": ""hPa"", ""value"": 1008.6}}"
2026-09-05T12:40:00+00:00,2026-09-05T12:46:38.234247+00:00,2026-09-05T12:46:38.234247+00:00,2026-09-05 15:40 (Local Time),ATHIENOU,,,,,1,9,32.3,41.1,35.5,22.3,12.2,5.2,,,143.0,,,,52.0,0.0,,,6.276217,,
2026-09-05T12:40:00+00:00,2026-09-05T12:46:38.234247+00:00,2026-09-05T12:46:38.234247+00:00,2026-09-05 15:40 (Local Time),AVDIMOU,,,,,1,11,32.6,42.7,33.0,19.6,5.6,2.2,390.0,446.0,216.0,,,,54.0,0.0,,,2.880886,,
2026-09-05T12:40:00+00:00,2026-09-05T12:46:38.234247+00:00,2026-09-05T12:46:38.234247+00:00,2026-09-05 15:40 (Local Time),CAVO_GRECO,,,,,1,9,30.6,,32.1,22.5,7.9,2.7,,,206.0,,,,66.0,0.0,1002.9,,4.064108,,
2026-09-05T12:40:00+00:00,2026-09-05T12:46:38.234247+00:00,2026-09-05T12:46:38.234247+00:00,2026-09-05 15:40 (Local Time),CHROMIO,,,,,1,9,17.2,,22.7,13.9,3.4,0.5,,,133.0,,,,71.0,0.0,,,1.74911,,"{""Snow Depth"": {""unit"": ""cm"", ""value"": 0.0}}"
2026-09-05T12:40:00+00:00,2026-09-05T12:46:38.234247+00:00,2026-09-05T12:46:38.234247+00:00,2026-09-05 15:40 (Local Time),CYTASAT,,,,,1,10,31.5,,32.1,19.8,4.8,2.0,,,186.0,,,,52.0,0.0,984.4,,2.469331,,"{""Atmospheric Pressure (Mean Sea Level)"": {""unit"": ""hPa"", ""value"": 1010.2}}"
2026-09-05T12:40:00+00:00,2026-09-05T12:46:38.234247+00:00,2026-09-05T12:46:38.234247+00:00,2026-09-05 15:40 (Local Time),EPTAGONEIA,,,,,1,8,30.6,,32.0,17.7,8.0,2.8,,,249.0,,,,51.0,0.0,,,4.115552,,
2026-09-05T12:40:00+00:00,2026-09-05T12:46:38.234247+00:00,2026-09-05T12:46:38.234247+00:00,2026-09-05 15:40 (Local Time),FANEROMENI,,,,,1,4,32.6,,,,,,,,,,,,59.0,0.0,,,,,"{""Rain Intensity (10 min.)"": {""unit"": ""mm/min"", ""value"": 0.0}}"
2026-09-05T12:40:00+00:00,2026-09-05T12:46:38.234247+00:00,2026-09-05T12:46:38.234247+00:00,2026-09-05 15:40 (Local Time),FARMAKAS,,,,,1,10,27.9,,34.1,17.6,2.9,1.3,751.0,635.0,176.0,,,,55.0,0.0,,,1.491888,,
2026-09-05T12:40:00+00:00,2026-09-05T12:46:38.234247+00:00,2026-09-05T12:46:38.234247+00:00,2026-09-05 15:40 (Local Time),FRENAROS,,,,,1,11,31.4,35.5,33.2,22.8,9.0,4.0,,609.0,200.0,,,,65.0,0.0,999.8,,4.629996,,
2026-09-05T12:40:00+00:00,2026-09-05T12:46:38.234247+00:00,2026-09-05T12:46:38.234247+00:00,2026-09-05 15:40 (Local Time),KALAVASOS,,,,,1,5,33.8,,35.5,21.5,,,,,,,,,51.0,0.0,,,,,
2026-09-05T12:40:00+00:00,2026-09-05T12:46:38.234247+00:00,2026-09-05T12:46:38.234247+00:00,2026-09-05 15:40 (Local Time),KALOPANAYIOTIS,,,,,1,9,24.4,,33.7,16.8,3.4,1.0,,95.0,126.0,,,,72.0,0.0,,,1.74911,,
2026-09-05T12:40:00+00:00,2026-09-05T12:46:38.234247+00:00,2026-09-05T12:46:38.234247+00:00,2026-09-05 15:40 (Local Time),KAMPOS,,,,,1,11,31.3,33.7,35.2,20.5,2.2,1.4,918.0,736.0,127.0,,,,42.0,0.0,,,1.131777,,
2026-09-05T12:40:00+00:00,2026-09-05T12:46:38.234247+00:00,2026-09-05T12:46:38.234247+00:00,2026-09-05 15:40 (Local Time),KANNAVIOU,,,,,1,6,30.6,,33.0,20.5,,2.6,,,,,,,41.0,0.0,,,,,
2026-09-05T12:40:00+00:00,2026-09-05T12:46:38.234247+00:00,2026-09-05T12:46:38.234247+00:00,2026-09-05 15:40 (Local Time),KATHIKAS,,,,,1,6,29.0,,29.9,20.7,,,,,,,,,63.0,0.0,,,,,"{""Accumulated Rainfall (24 hours)"": {""unit"": ""mm"", ""value"": 0.0}}"
2026-09-05T12:40:00+00:00,2026-09-05T12:46:38.234247+00:00,2026-09-05T12:46:38.234247+00:00,2026-09-05 15:40 (Local Time),KEPNIC,,,,,1,1,,,,,,,,,,,,,,0.0,,,,,
2026-09-05T12:40:00+00:00,2026-09-05T12:46:38.234247+00:00,2026-09-05T12:46:38.234247+00:00,2026-09-05 15:40 (Local Time),KILANI,,,,,1,7,25.2,,29.7,18.0,,0.8,,251.0,,,,,54.0,0.0,,,,,
2026-09-05T12:40:00+00:00,2026-09-05T12:46:38.234247+00:00,2026-09-05T12:46:38.234247+00:00,2026-09-05 15:40 (Local Time),KORNOS,,,,,1,3,32.1,,,,,,,,,,,,50.0,0.0,,,,,
2026-09-05T12:40:00+00:00,2026-09-05T12:46:38.234247+00:00,2026-09-05T12:46:38.234247+00:00,2026-09-05 15:40 (Local Time),KOURIS,,,,,1,8,33.0,,33.6,23.4,7.5,1.7,,,207.0,,,,52.0,0.0,,,3.85833,,
2026-09-05T12:40:00+00:00,2026-09-05T12:46:38.234247+00:00,2026-09-05T12:46:38.234247+00:00,2026-09-05 15:40 (Local Time),KPYRGOS,,,,,1,8,30.2,,32.0,21.9,9.9,4.1,,,313.0,,,,68.0,0.0,,,5.092996,,
2026-09-05T12:40:00+00:00,2026-09-05T12:46:38.234247+00:00,2026-09-05T12:46:38.234247+00:00,2026-09-05 15:40 (Local Time),KYPEROUNTA,,,,,1,6,23.5,,27.3,18.4,,1.8,,707.0,,,,,64.0,,,,,,
2026-09-05T12:40:00+00:00,2026-09-05T12:46:38.234247+00:00,2026-09-05T12:46:38.234247+00:00,2026-09-05 15:40 (Local Time),LCLK,,,,,1,9,31.8,,32.2,22.8,,3.9,,,,,,,62.0,0.0,,,,,"{""Atmospheric Pressure (QNH)"": {""unit"": ""hPa"", ""value"": 1009.6}, ""Wind Direction (10m) at Runway 22"": {""unit"": ""Degrees"", ""value"": 196.0}, ""Wind Speed (10m) at Runway 22"": {""unit"": ""Knots"", ""value"": 9.6}}"
2026-09-05T12:40:00+00:00,2026-09-05T12:46:38.234247+00:00,2026-09-05T12:46:38.234247+00:00,2026-09-05 15:40 (Local Time),LCPH,,,,,1,9,30.5,,31.0,23.1,,3.8,,,,,,,64.0,0.0,,,,,"{""Atmospheric Pressure (QNH)"": {""unit"": ""hPa"", ""value"": 1010.4}, ""Wind Direction (10m) at Runway 29"": {""unit"": ""Degrees"", ""value"": 271.0}, ""Wind Speed (10m) at Runway 29"": {""unit"": ""Knots"", ""value"": 9.7}}"
2026-09-05T12:40:00+00:00,2026-09-05T12:46:38.234247+00:00,2026-09-05T12:46:38.234247+00:00,2026-09-05 15:40 (Local Time),LEFKARA,,,,,1,6,33.3,,35.7,19.1,,1.3,,,,,,,50.0,0.0,,,,,
2026-09-05T12:40:00+00:00,2026-09-05T12:46:38.234247+00:00,2026-09-05T12:46:38.234247+00:00,2026-09-05 15:40 (Local Time),LEFKOSIA,,,,,1,7,34.0,,37.4,21.0,,0.7,,,,,,,42.0,0.0,,,,,"{""Accumulated Rainfall (24 hours)"": {""unit"": ""mm"", ""value"": 0.0}}"
2026-09-05T12:40:00+00:00,2026-09-05T12:46:38.234247+00:00,2026-09-05T12:46:38.234247+00:00,2026-09-05 15:40 (Local Time),LIMASSOL,,,,,1,10,31.3,,32.0,23.6,,4.0,,631.0,,,,,63.0,0.0,1008.9,,,,"{""Wind Direction (10m) at Port Gate"": {""unit"": ""Degrees"", ""value"": 245.0}, ""Wind Speed (10m) at Port Gate"": {""unit"": ""Knots"", ""value"": 10.5}}"
2026-09-05T12:40:00+00:00,2026-09-05T12:46:38.234247+00:00,2026-09-05T12:46:38.234247+00:00,2026-09-05 15:40 (Local Time),LINOU,,,,,1,9,30.0,,33.2,20.6,7.4,2.8,,,328.0,,,,49.0,0.0,964.7,,3.806886,,
2026-09-05T12:40:00+00:00,2026-09-05T12:46:38.234247+00:00,2026-09-05T12:46:38.234247+00:00,2026-09-05 15:40 (Local Time),LYSOS,,,,,1,7,31.9,,32.3,20.6,7.3,,,,312.0,,,,52.0,0.0,,,3.755441,,
2026-09-05T12:40:00+00:00,2026-09-05T12:46:38.234247+00:00,2026-09-05T12:46:38.234247+00:00,2026-09-05 15:40 (Local Time),MALLIA,,,,,1,10,28.3,29.9,31.7,17.7,4.0,1.0,,231.0,241.0,,,,54.0,0.0,,,2.057776,,
2026-09-05T12:40:00+00:00,2026-09-05T12:46:38.234247+00:00,2026-09-05T12:46:38.234247+00:00,2026-09-05 15:40 (Local Time),MAMMARI,,,,,1,10,30.8,,36.1,21.5,,7.6,,420.0,,,,,56.0,0.0,,,,,"{""Atmospheric Pressure (QNH)"": {""unit"": ""hPa"", ""value"": 1010.7}, ""Wind Direction (10m) at Runway 12"": {""unit"": ""Degrees"", ""value"": 257.0}, ""Wind Speed (10m) at Runway 12"": {""unit"": ""Knots"", ""value"": 17.8}}"
2026-09-05T12:40:00+00:00,2026-09-05T12:46:38.234247+00:00,2026-09-05T12:46:38.234247+00:00,2026-09-05 15:40 (Local Time),MATHIATIS,,,,,1,10,30.2,,33.7,18.0,11.0,3.6,298.0,347.0,138.0,,,,56.0,0.0,,,5.658884,,
2026-09-05T12:40:00+00:00,2026-09-05T12:46:38.234247+00:00,2026-09-05T12:46:38.234247+00:00,2026-09-05 15:40 (Local Time),PANAGIA_BRIDGE,,,,,1,6,30.4,41.4,33.6,15.6,,,,,,,,,46.0,0.0,,,,,
2026-09-05T12:40:00+00:00,2026-09-05T12:46:38.234247+00:00,2026-09-05T12:46:38.234247+00:00,2026-09-05 15:40 (Local Time),PAPHOS,,,,,1,8,30.2,,31.0,22.1,3.5,1.7,,,236.0,,,,63.0,0.0,,,1.800554,,
2026-09-05T12:40:00+00:00,2026-09-05T12:46:38.234247+00:00,2026-09-05T12:46:38.234247+00:00,2026-09-05 15:40 (Local Time),PAREKLISIA,,,,,1,7,32.8,,34.8,22.6,3.3,,,,226.0,,,,55.0,0.0,,,1.697665,,
2026-09-05T12:40:00+00:00,2026-09-05T12:46:38.234247+00:00,2026-09-05T12:46:38.234247+00:00,2026-09-05 15:40 (Local Time),PENTAKOMO,,,,,1,8,30.6,,31.0,25.1,11.7,4.6,,,213.0,,,,68.0,0.0,,,6.018995,,
2026-09-05T12:40:00+00:00,2026-09-05T12:46:38.234247+00:00,2026-09-05T12:46:38.234247+00:00,2026-09-05 15:40 (Local Time),PLATANIA,,,,,1,6,20.0,,28.1,16.5,,0.2,,,,,,,93.0,0.0,,,,,
2026-09-05T12:40:00+00:00,2026-09-05T12:46:38.234247+00:00,2026-09-05T12:46:38.234247+00:00,2026-09-05 15:40 (Local Time),POLIS,,,,,1,11,31.6,,33.0,22.0,7.0,3.4,957.0,,281.0,,,,57.0,0.0,1006.6,,3.601108,,"{""Atmospheric Pressure (Mean Sea Level)"": {""unit"": ""hPa"", ""value"": 1009.2}}"
2026-09-05T12:40:00+00:00,2026-09-05T12:46:38.234247+00:00,2026-09-05T12:46:38.234247+00:00,2026-09-05 15:40 (Local Time),POLYSTYPOS,,,,,1,8,25.8,,29.0,20.5,1.7,0.6,,,209.0,,,,61.0,0.0,,,0.874555,,
2026-09-05T12:40:00+00:00,2026-09-05T12:46:38.234247+00:00,2026-09-05T12:46:38.234247+00:00,2026-09-05 15:40 (Local Time),PRODROMOS,,,,,1,9,18.7,,25.2,16.0,3.1,0.6,,664.0,96.0,,,,92.0,0.0,,,1.594776,,
2026-09-05T12:40:00+00:00,2026-09-05T12:46:38.234247+00:00,2026-09-05T12:46:38.234247+00:00,2026-09-05 15:40 (Local Time),PYRGOS,,,,,1,5,30.8,,,,6.1,,,,234.1,,,,58.0,0.0,,,3.138108,,
2026-09-05T12:40:00+00:00,2026-09-05T12:46:38.234247+00:00,2026-09-05T12:46:38.234247+00:00,2026-09-05 15:40 (Local Time),SAITTAS,,,,,1,5,26.3,,32.8,18.6,,,,,,,,,62.0,0.0,,,,,
2026-09-05T12:40:00+00:00,2026-09-05T12:46:38.234247+00:00,2026-09-05T12:46:38.234247+00:00,2026-09-05 15:40 (Local Time),TAMASOS,,,,,1,9,32.1,38.7,34.8,18.7,7.5,2.0,,,295.0,,,,42.0,0.0,,,3.85833,,
2026-09-05T12:40:00+00:00,2026-09-05T12:46:38.234247+00:00,2026-09-05T12:46:38.234247+00:00,2026-09-05 15:40 (Local Time),TEPAK,,,,,1,9,32.0,,33.1,24.2,4.9,1.5,,,218.0,,,,54.0,0.0,,,2.520776,,"{""Accumulated Rainfall (24 hours)"": {""unit"": ""mm"", ""value"": 0.0}}"
2026-09-05T12:40:00+00:00,2026-09-05T12:46:38.234247+00:00,2026-09-05T12:46:38.234247+00:00,2026-09-05 15:40 (Local Time),TRIPILOS,,,,,1,7,19.2,,29.1,19.0,2.8,,,,33.0,,,,88.0,0.0,,,1.440443,,
2026-09-05T12:40:00+00:00,2026-09-05T12:46:38.234247+00:00,2026-09-05T12:46:38.234247+00:00,2026-09-05 15:40 (Local Time),TROODOS,,,,,1,9,20.3,,24.0,11.8,0.0,0.1,,,36.0,,,,55.0,0.0,828.6,,0.0,,
2026-09-05T12:40:00+00:00,2026-09-05T12:46:38.234247+00:00,2026-09-05T12:46:38.234247+00:00,2026-09-05 15:40 (Local Time),VISITOR,,,,,1,7,34.9,,37.0,21.4,2.5,,,,131.0,,,,46.0,0.0,,,1.28611,,
2026-09-05T12:40:00+00:00,2026-09-05T12:46:38.234247+00:00,2026-09-05T12:46:38.234247+00:00,2026-09-05 15:40 (Local Time),XYLIATOS,,,,,1,8,29.5,,33.0,20.0,5.3,,,673.0,346.0,,,,47.0,0.0,,,2.726553,,
2026-09-05T12:40:00+00:00,2026-09-05T12:46:38.234247+00:00,2026-09-05T12:46:38.234247+00:00,2026-09-05 15:40 (Local Time),XYLOPHAGOU,,,,,1,9,30.6,37.7,31.8,23.3,10.3,3.1,,,183.0,,,,70.0,0.0,,,5.298773,,
2026-09-05T12:40:00+00:00,2026-09-05T12:46:38.234247+00:00,2026-09-05T12:46:38.234247+00:00,2026-09-05 15:40 (Local Time),ZYGI,,,,,1,9,31.9,39.5,32.6,22.6,2.9,1.9,,,222.0,,,,59.0,0.0,,,1.491888,,
2026-09-05T15:30:00+00:00,2026-09-05T15:36:48.906932+00:00,2026-09-05T15:36:48.906932+00:00,2026-09-05 18:30 (Local Time),ACHNA,,,,,1,8,28.4,,33.2,22.4,6.3,1.8,,,187.0,,,,74.0,0.0,,,3.240997,,
2026-09-05T15:30:00+00:00,2026-09-05T15:36:48.906932+00:00,2026-09-05T15:36:48.906932+00:00,2026-09-05 18:30 (Local Time),AGROS,,,,,1,10,23.4,,30.1,18.2,0.9,0.5,9.0,27.0,307.0,,,,64.0,0.0,,,0.463,,
2026-09-05T15:30:00+00:00,2026-09-05T15:36:48.906932+00:00,2026-09-05T15:36:48.906932+00:00,2026-09-05 18:30 (Local Time),AKAMAS,,,,,1,7,25.1,,29.6,21.4,9.8,,,,248.0,,,,84.0,0.0,,,5.041551,,
2026-09-05T15:30:00+00:00,2026-09-05T15:36:48.906932+00:00,2026-09-05T15:36:48.906932+00:00,,ALONOUDI,,,,,0,0,,,,,,,,,,,,,,,,,,,
2026-09-05T15:30:00+00:00,2026-09-05T15:36:48.906932+00:00,2026-09-05T15:36:48.906932+00:00,2026-09-05 18:30 (Local Time),AMARGETI,,,,,1,9,27.4,,33.6,21.8,9.1,2.9,,,298.0,,,,69.0,0.0,959.9,,4.68144,,
2026-09-05T15:30:00+00:00,2026-09-05T15:36:48.906932+00:00,2026-09-05T15:36:48.906932+00:00,2026-09-05 18:30 (Local Time),ASTROMERITIS,,,,,1,6,27.2,,,,8.6,3.0,,,311.0,,,,74.0,0.0,,,4.424218,,
2026-09-05T15:30:00+00:00,2026-09-05T15:36:48.906932+00:00,2026-09-05T15:36:48.906932+00:00,2026-09-05 18:30 (Local Time),ATHALASSA,,,,,1,11,30.2,30.1,36.6,21.3,7.9,3.1,,,268.0,,,,51.0,0.0,991.2,,4.064108,,"{""Atmospheric Pressure (Mean Sea Level)"": {""unit"": ""hPa"", ""value"": 1009.5}}"
2026-09-05T15:30:00+00:00,2026-09-05T15:36:48.906932+00:00,2026-09-05T15:36:48.906932+00:00,2026-09-05 18:30 (Local Time),ATHIENOU,,,,,1,9,30.6,31.8,35.5,22.3,6.1,1.7,,,250.0,,,,50.0,0.0,,,3.138108,,
2026-09-05T15:30:00+00:00,2026-09-05T15:36:48.906932+00:00,2026-09-05T15:36:48.906932+00:00,2026-09-05 18:30 (Local Time),AVDIMOU,,,,,1,11,29.4,30.8,33.0,19.6,2.2,1.2,54.0,51.0,277.0,,,,66.0,0.0,,,1.131777,,
2026-09-05T15:30:00+00:00,2026-09-05T15:36:48.906932+00:00,2026-09-05T15:36:48.906932+00:00,2026-09-05 18:30 (Local Time),CAVO_GRECO,,,,,1,9,27.8,,32.1,22.5,10.7,3.4,,,228.0,,,,75.0,0.0,1002.5,,5.504551,,
2026-09-05T15:30:00+00:00,2026-09-05T15:36:48.906932+00:00,2026-09-05T15:36:48.906932+00:00,2026-09-05 18:30 (Local Time),CHROMIO,,,,,1,9,19.3,,22.7,13.9,0.8,0.1,,,217.0,,,,67.0,0.0,,,0.411555,,"{""Snow Depth"": {""unit"": ""cm"", ""value"": 0.0}}"
2026-09-05T15:30:00+00:00,2026-09-05T15:36:48.906932+00:00,2026-09-05T15:36:48.906932+00:00,2026-09-05 18:30 (Local Time),CYTASAT,,,,,1,10,27.9,,32.1,19.8,2.6,1.2,,,187.0,,,,65.0,0.0,984.2,,1.337554,,"{""Atmospheric Pressure (Mean Sea Level)"": {""unit"": ""hPa"", ""value"": 1010.3}}"
2026-09-05T15:30:00+00:00,2026-09-05T15:36:48.906932+00:00,2026-09-05T15:36:48.906932+00:00,2026-09-05 18:30 (Local Time),EPTAGONEIA,,,,,1,8,28.3,,32.0,17.7,3.6,1.3,,,252.0,,,,58.0,0.0,,,1.851998,,
2026-09-05T15:30:00+00:00,2026-09-05T15:36:48.906932+00:00,2026-09-05T15:36:48.906932+00:00,2026-09-05 18:30 (Local Time),FANEROMENI,,,,,1,4,29.7,,,,,,,,,,,,70.0,0.0,,,,,"{""Rain Intensity (10 min.)"": {""unit"": ""mm/min"", ""value"": 0.0}}"
2026-09-05T15:30:00+00:00,2026-09-05T15:36:48.906932+00:00,2026-09-05T15:36:48.906932+00:00,2026-09-05 18:30 (Local Time),FARMAKAS,,,,,1,10,25.1,,34.1,17.6,5.6,0.8,18.0,2.0,28.0,,,,69.0,0.0,,,2.880886,,
2026-09-05T15:30:00+00:00,2026-09-05T15:36:48.906932+00:00,2026-09-05T15:36:48.906932+00:00,2026-09-05 18:30 (Local Time),FRENAROS,,,,,1,11,28.4,28.4,33.2,22.8,10.4,4.0,,52.0,206.0,,,,76.0,0.0,999.5,,5.350218,,
2026-09-05T15:30:00+00:00,2026-09-05T15:36:48.906932+00:00,2026-09-05T15:36:48.906932+00:00,2026-09-05 18:30 (Local Time),KALAVASOS,,,,,1,5,30.3,,35.5,21.5,,,,,,,,,60.0,0.0,,,,,
2026-09-05T15:30:00+00:00,2026-09-05T15:36:48.906932+00:00,2026-09-05T15:36:48.906932+00:00,2026-09-05 18:30 (Local Time),KALOPANAYIOTIS,,,,,1,9,25.1,,33.7,16.8,1.3,0.5,,4.0,283.0,,,,82.0,0.0,,,0.668777,,
2026-09-05T15:30:00+00:00,2026-09-05T15:36:48.906932+00:00,2026-09-05T15:36:48.906932+00:00,2026-09-05 18:30 (Local Time),KAMPOS,,,,,1,11,25.1,26.5,35.2,20.5,2.9,1.5,55.0,42.0,136.0,,,,81.0,0.0,,,1.491888,,
2026-09-05T15:30:00+00:00,2026-09-05T15:36:48.906932+00:00,2026-09-05T15:36:48.906932+00:00,2026-09-05 18:30 (Local Time),KANNAVIOU,,,,,1,6,27.3,,33.0,20.5,,2.3,,,,,,,71.0,0.0,,,,,
2026-09-05T15:30:00+00:00,2026-09-05T15:36:48.906932+00:00,2026-09-05T15:36:48.906932+00:00,2026-09-05 18:30 (Local Time),KATHIKAS,,,,,1,6,24.6,,30.0,20.7,,,,,,,,,81.0,0.0,,,,,"{""Accumulated Rainfall (24 hours)"": {""unit"": ""mm"", ""value"": 0.0}}"
2026-09-05T15:30:00+00:00,2026-09-05T15:36:48.906932+00:00,2026-09-05T15:36:48.906932+00:00,2026-09-05 18:30 (Local Time),KEPNIC,,,,,1,1,,,,,,,,,,,,,,0.0,,,,,
2026-09-05T15:30:00+00:00,2026-09-05T15:36:48.906932+00:00,2026-09-05T15:36:48.906932+00:00,2026-09-05 18:30 (Local Time),KILANI,,,,,1,7,24.7,,29.7,18.0,,2.1,,89.0,,,,,68.0,0.0,,,,,
2026-09-05T15:30:00+00:00,2026-09-05T15:36:48.906932+00:00,2026-09-05T15:36:48.906932+00:00,2026-09-05 18:30 (Local Time),KORNOS,,,,,1,3,29.2,,,,,,,,,,,,61.0,0.0,,,,,
2026-09-05T15:30:00+00:00,2026-09-05T15:36:48.906932+00:00,2026-09-05T15:36:48.906932+00:00,2026-09-05 18:30 (Local Time),KOURIS,,,,,1,8,29.7,,33.6,23.4,8.2,2.1,,,234.0,,,,63.0,0.0,,,4.218441,,
2026-09-05T15:30:00+00:00,2026-09-05T15:36:48.906932+00:00,2026-09-05T15:36:48.906932+00:00,2026-09-05 18:30 (Local Time),KPYRGOS,,,,,1,8,28.8,,32.0,21.9,4.0,1.5,,,297.0,,,,71.0,0.0,,,2.057776,,
2026-09-05T15:30:00+00:00,2026-09-05T15:36:48.906932+00:00,2026-09-05T15:36:48.906932+00:00,2026-09-05 18:30 (Local Time),KYPEROUNTA,,,,,1,6,23.8,,27.3,18.4,,1.5,,90.0,,,,,54.0,,,,,,
2026-09-05T15:30:00+00:00,2026-09-05T15:36:48.906932+00:00,2026-09-05T15:36:48.906932+00:00,2026-09-05 18:30 (Local Time),LCLK,,,,,1,9,28.9,,32.2,22.8,,3.6,,,,,,,74.0,0.0,,,,,"{""Atmospheric Pressure (QNH)"": {""unit"": ""hPa"", ""value"": 1009.2}, ""Wind Direction (10m) at Runway 22"": {""unit"": ""Degrees"", ""value"": 219.0}, ""Wind Speed (10m) at Runway 22"": {""unit"": ""Knots"", ""value"": 9.5}}"
2026-09-05T15:30:00+00:00,2026-09-05T15:36:48.906932+00:00,2026-09-05T15:36:48.906932+00:00,2026-09-05 18:30 (Local Time),LCPH,,,,,1,9,28.3,,31.0,23.1,,4.7,,,,,,,73.0,0.0,,,,,"{""Atmospheric Pressure (QNH)"": {""unit"": ""hPa"", ""value"": 1010.1}, ""Wind Direction (10m) at Runway 29"": {""unit"": ""Degrees"", ""value"": 281.0}, ""Wind Speed (10m) at Runway 29"": {""unit"": ""Knots"", ""value"": 11.7}}"
2026-09-05T15:30:00+00:00,2026-09-05T15:36:48.906932+00:00,2026-09-05T15:36:48.906932+00:00,2026-09-05 18:30 (Local Time),LEFKARA,,,,,1,6,29.4,,35.7,19.1,,0.0,,,,,,,62.0,0.0,,,,,
2026-09-05T15:30:00+00:00,2026-09-05T15:36:48.906932+00:00,2026-09-05T15:36:48.906932+00:00,2026-09-05 18:30 (Local Time),LEFKOSIA,,,,,1,7,28.6,,37.4,21.0,,0.9,,,,,,,58.0,0.0,,,,,"{""Accumulated Rainfall (24 hours)"": {""unit"": ""mm"", ""value"": 0.0}}"
2026-09-05T15:30:00+00:00,2026-09-05T15:36:48.906932+00:00,2026-09-05T15:36:48.906932+00:00,2026-09-05 18:30 (Local Time),LIMASSOL,,,,,1,10,27.9,,32.0,23.6,,4.6,,74.0,,,,,75.0,0.0,1008.2,,,,"{""Wind Direction (10m) at Port Gate"": {""unit"": ""Degrees"", ""value"": 254.0}, ""Wind Speed (10m) at Port Gate"": {""unit"": ""Knots"", ""value"": 13.0}}"
2026-09-05T15:30:00+00:00,2026-09-05T15:36:48.906932+00:00,2026-09-05T15:36:48.906932+00:00,2026-09-05 18:30 (Local Time),LINOU,,,,,1,9,26.1,,33.2,20.6,6.6,2.0,,,347.0,,,,79.0,0.0,964.5,,3.39533,,
2026-09-05T15:30:00+00:00,2026-09-05T15:36:48.906932+00:00,2026-09-05T15:36:48.906932+00:00,2026-09-05 18:30 (Local Time),LYSOS,,,,,1,7,24.2,,32.3,20.6,4.8,,,,333.0,,,,77.0,0.0,,,2.469331,,
2026-09-05T15:30:00+00:00,2026-09-05T15:36:48.906932+00:00,2026-09-05T15:36:48.906932+00:00,2026-09-05 18:30 (Local Time),MALLIA,,,,,1,10,25.2,24.5,31.7,17.7,4.8,0.9,,52.0,254.0,,,,74.0,0.0,,,2.469331,,
2026-09-05T15:30:00+00:00,2026-09-05T15:36:48.906932+00:00,2026-09-05T15:36:48.906932+00:00,2026-09-05 18:30 (Local Time),MAMMARI,,,,,1,10,28.2,,36.1,21.5,,6.2,,84.0,,,,,69.0,0.1,,,,,"{""Atmospheric Pressure (QNH)"": {""unit"": ""hPa"", ""value"": 1011.0}, ""Wind Direction (10m) at Runway 12"": {""unit"": ""Degrees"", ""value"": 269.0}, ""Wind Speed (10m) at Runway 12"": {""unit"": ""Knots"", ""value"": 15.1}}"
2026-09-05T15:30:00+00:00,2026-09-05T15:36:48.906932+00:00,2026-09-05T15:36:48.906932+00:00,2026-09-05 18:30 (Local Time),MATHIATIS,,,,,1,10,27.9,,33.7,18.0,2.8,0.9,144.0,62.0,319.0,,,,61.0,0.0,,,1.440443,,
2026-09-05T15:30:00+00:00,2026-09-05T15:36:48.906932+00:00,2026-09-05T15:36:48.906932+00:00,2026-09-05 18:30 (Local Time),PANAGIA_BRIDGE,,,,,1,6,25.6,27.8,33.6,15.6,,,,,,,,,81.0,0.0,,,,,
2026-09-05T15:30:00+00:00,2026-09-05T15:36:48.906932+00:00,2026-09-05T15:36:48.906932+00:00,2026-09-05 18:30 (Local Time),PAPHOS,,,,,1,8,27.4,,31.0,22.1,4.1,1.7,,,285.0,,,,72.0,0.0,,,2.10922,,
2026-09-05T15:30:00+00:00,2026-09-05T15:36:48.906932+00:00,2026-09-05T15:36:48.906932+00:00,2026-09-05 18:30 (Local Time),PAREKLISIA,,,,,1,7,28.9,,34.8,22.6,1.6,,,,254.0,,,,67.0,0.0,,,0.82311,,
2026-09-05T15:30:00+00:00,2026-09-05T15:36:48.906932+00:00,2026-09-05T15:36:48.906932+00:00,2026-09-05 18:30 (Local Time),PENTAKOMO,,,,,1,8,28.7,,31.0,25.1,14.0,6.2,,,237.0,,,,74.0,0.0,,,7.202216,,
2026-09-05T15:30:00+00:00,2026-09-05T15:36:48.906932+00:00,2026-09-05T15:36:48.906932+00:00,2026-09-05 18:30 (Local Time),PLATANIA,,,,,1,6,19.6,,28.1,16.5,,0.3,,,,,,,78.0,0.0,,,,,
2026-09-05T15:30:00+00:00,2026-09-05T15:36:48.906932+00:00,2026-09-05T15:36:48.906932+00:00,2026-09-05 18:30 (Local Time),POLIS,,,,,1,11,29.0,,33.0,22.0,4.5,1.7,333.0,,246.0,,,,69.0,0.0,1006.9,,2.314998,,"{""Atmospheric Pressure (Mean Sea Level)"": {""unit"": ""hPa"", ""value"": 1009.5}}"
2026-09-05T15:30:00+00:00,2026-09-05T15:36:48.906932+00:00,2026-09-05T15:36:48.906932+00:00,2026-09-05 18:30 (Local Time),POLYSTYPOS,,,,,1,8,22.9,,29.0,20.5,1.6,0.2,,,292.0,,,,62.0,0.0,,,0.82311,,
2026-09-05T15:30:00+00:00,2026-09-05T15:36:48.906932+00:00,2026-09-05T15:36:48.906932+00:00,2026-09-05 18:30 (Local Time),PRODROMOS,,,,,1,9,19.6,,25.2,16.0,2.3,0.9,,0.0,244.0,,,,80.0,0.0,,,1.183221,,
2026-09-05T15:30:00+00:00,2026-09-05T15:36:48.906932+00:00,2026-09-05T15:36:48.906932+00:00,2026-09-05 18:30 (Local Time),PYRGOS,,,,,1,5,23.7,,,,10.4,,,,233.9,,,,87.0,0.0,,,5.350218,,
2026-09-05T15:30:00+00:00,2026-09-05T15:36:48.906932+00:00,2026-09-05T15:36:48.906932+00:00,2026-09-05 18:30 (Local Time),SAITTAS,,,,,1,5,26.9,,32.8,18.6,,,,,,,,,57.0,0.0,,,,,
2026-09-05T15:30:00+00:00,2026-09-05T15:36:48.906932+00:00,2026-09-05T15:36:48.906932+00:00,2026-09-05 18:30 (Local Time),TAMASOS,,,,,1,9,27.1,27.7,34.8,18.7,3.7,0.5,,,312.0,,,,70.0,0.0,,,1.903443,,
2026-09-05T15:30:00+00:00,2026-09-05T15:36:48.906932+00:00,2026-09-05T15:36:48.906932+00:00,2026-09-05 18:30 (Local Time),TEPAK,,,,,1,9,27.8,,33.1,24.2,2.9,1.0,,,267.0,,,,69.0,0.0,,,1.491888,,"{""Accumulated Rainfall (24 hours)"": {""unit"": ""mm"", ""value"": 0.0}}"
2026-09-05T15:30:00+00:00,2026-09-05T15:36:48.906932+00:00,2026-09-05T15:36:48.906932+00:00,2026-09-05 18:30 (Local Time),TRIPILOS,,,,,1,7,24.7,,29.1,19.0,3.8,,,,246.0,,,,56.0,0.0,,,1.954887,,
2026-09-05T15:30:00+00:00,2026-09-05T15:36:48.906932+00:00,2026-09-05T15:36:48.906932+00:00,2026-09-05 18:30 (Local Time),TROODOS,,,,,1,9,18.6,,24.0,11.8,0.7,0.3,,,58.0,,,,67.0,0.0,828.5,,0.360111,,
2026-09-05T15:30:00+00:00,2026-09-05T15:36:48.906932+00:00,2026-09-05T15:36:48.906932+00:00,2026-09-05 18:30 (Local Time),VISITOR,,,,,1,7,30.7,,37.0,21.4,3.8,,,,260.0,,,,52.0,0.0,,,1.954887,,
2026-09-05T15:30:00+00:00,2026-09-05T15:36:48.906932+00:00,2026-09-05T15:36:48.906932+00:00,2026-09-05 18:30 (Local Time),XYLIATOS,,,,,1,8,23.6,,33.0,20.0,4.2,,,37.0,339.0,,,,85.0,0.0,,,2.160665,,
2026-09-05T15:30:00+00:00,2026-09-05T15:36:48.906932+00:00,2026-09-05T15:36:48.906932+00:00,2026-09-05 18:30 (Local Time),XYLOPHAGOU,,,,,1,9,28.3,30.0,31.8,23.3,8.7,2.9,,,205.0,,,,79.0,0.0,,,4.475663,,
2026-09-05T15:30:00+00:00,2026-09-05T15:36:48.906932+00:00,2026-09-05T15:36:48.906932+00:00,2026-09-05 18:30 (Local Time),ZYGI,,,,,1,9,29.1,30.2,32.6,22.6,2.3,1.4,,,224.0,,,,66.0,0.0,,,1.183221,,
2026-09-05T17:30:00+00:00,2026-09-05T17:34:18.514718+00:00,2026-09-05T17:34:18.514718+00:00,2026-09-05 20:20 (Local Time),ACHNA,,,,,1,8,27.3,,33.2,22.4,2.2,0.4,,,207.0,,,,83.0,0.0,,,1.131777,,
2026-09-05T17:30:00+00:00,2026-09-05T17:34:18.514718+00:00,2026-09-05T17:34:18.514718+00:00,2026-09-05 20:20 (Local Time),AGROS,,,,,1,10,20.8,,30.1,18.2,3.9,1.3,4.0,0.0,335.0,,,,81.0,0.0,,,2.006332,,
2026-09-05T17:30:00+00:00,2026-09-05T17:34:18.514718+00:00,2026-09-05T17:34:18.514718+00:00,2026-09-05 20:20 (Local Time),AKAMAS,,,,,1,7,23.4,,29.6,21.4,3.2,,,,222.0,,,,91.0,0.0,,,1.646221,,
2026-09-05T17:30:00+00:00,2026-09-05T17:34:18.514718+00:00,2026-09-05T17:34:18.514718+00:00,,ALONOUDI,,,,,0,0,,,,,,,,,,,,,,,,,,,
2026-09-05T17:30:00+00:00,2026-09-05T17:34:18.514718+00:00,2026-09-05T17:34:18.514718+00:00,2026-09-05 20:20 (Local Time),AMARGETI,,,,,1,9,23.9,,33.6,21.8,8.7,2.8,,,290.0,,,,84.0,0.0,960.3,,4.475663,,
2026-09-05T17:30:00+00:00,2026-09-05T17:34:18.514718+00:00,2026-09-05T17:34:18.514718+00:00,2026-09-05 20:20 (Local Time),ASTROMERITIS,,,,,1,6,26.5,,,,5.1,1.8,,,324.0,,,,79.0,0.0,,,2.623664,,
2026-09-05T17:30:00+00:00,2026-09-05T17:34:18.514718+00:00,2026-09-05T17:34:18.514718+00:00,2026-09-05 20:20 (Local Time),ATHALASSA,,,,,1,11,26.9,25.2,36.6,21.3,5.9,2.5,,,276.0,,,,76.0,0.0,992.0,,3.03522,,"{""Atmospheric Pressure (Mean Sea Level)"": {""unit"": ""hPa"", ""value"": 1010.4}}"
2026-09-05T17:30:00+00:00,2026-09-05T17:34:18.514718+00:00,2026-09-05T17:34:18.514718+00:00,2026-09-05 20:20 (Local Time),ATHIENOU,,,,,1,9,26.5,26.1,35.5,22.3,11.8,3.8,,,269.0,,,,78.0,0.0,,,6.070439,,
2026-09-05T17:30:00+00:00,2026-09-05T17:34:18.514718+00:00,2026-09-05T17:34:18.514718+00:00,2026-09-05 20:20 (Local Time),AVDIMOU,,,,,1,11,26.6,25.2,33.0,19.6,2.5,0.7,3.0,4.0,242.0,,,,77.0,0.0,,,1.28611,,
2026-09-05T17:30:00+00:00,2026-09-05T17:34:18.514718+00:00,2026-09-05T17:34:18.514718+00:00,2026-09-05 20:20 (Local Time),CAVO_GRECO,,,,,1,9,26.7,,32.1,22.5,11.3,3.3,,,234.0,,,,81.0,0.0,1002.9,,5.813217,,
2026-09-05T17:30:00+00:00,2026-09-05T17:34:18.514718+00:00,2026-09-05T17:34:18.514718+00:00,2026-09-05 20:20 (Local Time),CHROMIO,,,,,1,9,16.7,,22.7,13.9,1.4,0.0,,,129.0,,,,56.0,0.0,,,0.720222,,"{""Snow Depth"": {""unit"": ""cm"", ""value"": 0.0}}"
2026-09-05T17:30:00+00:00,2026-09-05T17:34:18.514718+00:00,2026-09-05T17:34:18.514718+00:00,2026-09-05 20:20 (Local Time),CYTASAT,,,,,1,10,25.5,,32.1,19.8,2.5,0.9,,,1.0,,,,74.0,0.0,984.8,,1.28611,,"{""Atmospheric Pressure (Mean Sea Level)"": {""unit"": ""hPa"", ""value"": 1011.1}}"
2026-09-05T17:30:00+00:00,2026-09-05T17:34:18.514718+00:00,2026-09-05T17:34:18.514718+00:00,2026-09-05 20:20 (Local Time),EPTAGONEIA,,,,,1,8,23.7,,32.0,17.7,2.3,0.4,,,54.0,,,,74.0,0.0,,,1.183221,,
2026-09-05T17:30:00+00:00,2026-09-05T17:34:18.514718+00:00,2026-09-05T17:34:18.514718+00:00,2026-09-05 20:20 (Local Time),FANEROMENI,,,,,1,4,28.4,,,,,,,,,,,,73.0,0.0,,,,,"{""Rain Intensity (10 min.)"": {""unit"": ""mm/min"", ""value"": 0.0}}"
2026-09-05T17:30:00+00:00,2026-09-05T17:34:18.514718+00:00,2026-09-05T17:34:18.514718+00:00,2026-09-05 20:20 (Local Time),FARMAKAS,,,,,1,10,22.1,,34.1,17.6,1.0,0.5,2.0,0.0,333.0,,,,93.0,0.0,,,0.514444,,
2026-09-05T17:30:00+00:00,2026-09-05T17:34:18.514718+00:00,2026-09-05T17:34:18.514718+00:00,2026-09-05 20:20 (Local Time),FRENAROS,,,,,1,11,27.3,26.3,33.2,22.8,6.0,2.3,,0.0,197.0,,,,84.0,0.0,1000.0,,3.086664,,
2026-09-05T17:30:00+00:00,2026-09-05T17:34:18.514718+00:00,2026-09-05T17:34:18.514718+00:00,2026-09-05 20:20 (Local Time),KALAVASOS,,,,,1,5,27.2,,35.5,21.5,,,,,,,,,73.0,0.0,,,,,
2026-09-05T17:30:00+00:00,2026-09-05T17:34:18.514718+00:00,2026-09-05T17:34:18.514718+00:00,2026-09-05 20:20 (Local Time),KALOPANAYIOTIS,,,,,1,9,21.5,,33.7,16.8,3.8,1.0,,0.0,157.0,,,,83.0,0.0,,,1.954887,,
2026-09-05T17:30:00+00:00,2026-09-05T17:34:18.514718+00:00,2026-09-05T17:34:18.514718+00:00,2026-09-05 20:20 (Local Time),KAMPOS,,,,,1,11,23.6,24.6,35.2,20.5,2.5,1.3,4.0,0.0,150.0,,,,89.0,0.0,,,1.28611,,
2026-09-05T17:30:00+00:00,2026-09-05T17:34:18.514718+00:00,2026-09-05T17:34:18.514718+00:00,2026-09-05 20:20 (Local Time),KANNAVIOU,,,,,1,6,24.7,,33.0,20.5,,1.3,,,,,,,83.0,0.0,,,,,
2026-09-05T17:30:00+00:00,2026-09-05T17:34:18.514718+00:00,2026-09-05T17:34:18.514718+00:00,2026-09-05 20:20 (Local Time),KATHIKAS,,,,,1,6,21.6,,30.0,20.7,,,,,,,,,90.0,0.0,,,,,"{""Accumulated Rainfall (24 hours)"": {""unit"": ""mm"", ""value"": 0.0}}"
2026-09-05T17:30:00+00:00,2026-09-05T17:34:18.514718+00:00,2026-09-05T17:34:18.514718+00:00,2026-09-05 20:20 (Local Time),KEPNIC,,,,,1,1,,,,,,,,,,,,,,0.0,,,,,
2026-09-05T17:30:00+00:00,2026-09-05T17:34:18.514718+00:00,2026-09-05T17:34:18.514718+00:00,2026-09-05 20:20 (Local Time),KILANI,,,,,1,7,21.3,,29.7,18.0,,1.0,,1.0,,,,,57.0,0.0,,,,,
2026-09-05T17:30:00+00:00,2026-09-05T17:34:18.514718+00:00,2026-09-05T17:34:18.514718+00:00,2026-09-05 20:20 (Local Time),KORNOS,,,,,1,3,26.2,,,,,,,,,,,,78.0,0.0,,,,,
2026-09-05T17:30:00+00:00,2026-09-05T17:34:18.514718+00:00,2026-09-05T17:34:18.514718+00:00,2026-09-05 20:20 (Local Time),KOURIS,,,,,1,8,27.0,,33.6,23.4,2.0,0.9,,,138.0,,,,69.0,0.0,,,1.028888,,
2026-09-05T17:30:00+00:00,2026-09-05T17:34:18.514718+00:00,2026-09-05T17:34:18.514718+00:00,2026-09-05 20:20 (Local Time),KPYRGOS,,,,,1,8,27.6,,32.0,21.9,2.3,0.7,,,272.0,,,,75.0,0.0,,,1.183221,,
2026-09-05T17:30:00+00:00,2026-09-05T17:34:18.514718+00:00,2026-09-05T17:34:18.514718+00:00,2026-09-05 20:20 (Local Time),KYPEROUNTA,,,,,1,6,21.3,,27.3,18.4,,0.7,,0.0,,,,,59.0,,,,,,
2026-09-05T17:30:00+00:00,2026-09-05T17:34:18.514718+00:00,2026-09-05T17:34:18.514718+00:00,2026-09-05 20:20 (Local Time),LCLK,,,,,1,9,27.9,,32.2,22.8,,2.4,,,,,,,76.0,0.0,,,,,"{""Atmospheric Pressure (QNH)"": {""unit"": ""hPa"", ""value"": 1009.8}, ""Wind Direction (10m) at Runway 22"": {""unit"": ""Degrees"", ""value"": 234.0}, ""Wind Speed (10m) at Runway 22"": {""unit"": ""Knots"", ""value"": 7.3}}"
2026-09-05T17:30:00+00:00,2026-09-05T17:34:18.514718+00:00,2026-09-05T17:34:18.514718+00:00,2026-09-05 20:20 (Local Time),LCPH,,,,,1,9,27.8,,31.0,23.1,,2.8,,,,,,,75.0,0.0,,,,,"{""Atmospheric Pressure (QNH)"": {""unit"": ""hPa"", ""value"": 1010.4}, ""Wind Direction (10m) at Runway 29"": {""unit"": ""Degrees"", ""value"": 291.0}, ""Wind Speed (10m) at Runway 29"": {""unit"": ""Knots"", ""value"": 8.4}}"
2026-09-05T17:30:00+00:00,2026-09-05T17:34:18.514718+00:00,2026-09-05T17:34:18.514718+00:00,2026-09-05 20:20 (Local Time),LEFKARA,,,,,1,6,26.1,,35.7,19.1,,0.0,,,,,,,74.0,0.0,,,,,
2026-09-05T17:30:00+00:00,2026-09-05T17:34:18.514718+00:00,2026-09-05T17:34:18.514718+00:00,2026-09-05 20:20 (Local Time),LEFKOSIA,,,,,1,7,25.6,,37.4,21.0,,1.1,,,,,,,79.0,0.0,,,,,"{""Accumulated Rainfall (24 hours)"": {""unit"": ""mm"", ""value"": 0.0}}"
2026-09-05T17:30:00+00:00,2026-09-05T17:34:18.514718+00:00,2026-09-05T17:34:18.514718+00:00,2026-09-05 20:20 (Local Time),LIMASSOL,,,,,1,10,26.3,,32.0,23.6,,1.9,,1.0,,,,,82.0,0.0,1008.6,,,,"{""Wind Direction (10m) at Port Gate"": {""unit"": ""Degrees"", ""value"": 269.0}, ""Wind Speed (10m) at Port Gate"": {""unit"": ""Knots"", ""value"": 5.2}}"
2026-09-05T17:30:00+00:00,2026-09-05T17:34:18.514718+00:00,2026-09-05T17:34:18.514718+00:00,2026-09-05 20:20 (Local Time),LINOU,,,,,1,9,24.6,,33.2,20.6,2.7,1.2,,,42.0,,,,85.0,0.0,964.9,,1.388999,,
2026-09-05T17:30:00+00:00,2026-09-05T17:34:18.514718+00:00,2026-09-05T17:34:18.514718+00:00,2026-09-05 20:20 (Local Time),LYSOS,,,,,1,7,21.4,,32.3,20.6,3.4,,,,86.0,,,,88.0,0.0,,,1.74911,,
2026-09-05T17:30:00+00:00,2026-09-05T17:34:18.514718+00:00,2026-09-05T17:34:18.514718+00:00,2026-09-05 20:20 (Local Time),MALLIA,,,,,1,10,21.5,20.1,31.7,17.7,0.0,0.5,,11.0,35.0,,,,88.0,0.0,,,0.0,,
2026-09-05T17:30:00+00:00,2026-09-05T17:34:18.514718+00:00,2026-09-05T17:34:18.514718+00:00,2026-09-05 20:20 (Local Time),MAMMARI,,,,,1,10,26.6,,36.1,21.5,,4.2,,4.0,,,,,78.0,0.0,,,,,"{""Atmospheric Pressure (QNH)"": {""unit"": ""hPa"", ""value"": 1011.7}, ""Wind Direction (10m) at Runway 12"": {""unit"": ""Degrees"", ""value"": 280.0}, ""Wind Speed (10m) at Runway 12"": {""unit"": ""Knots"", ""value"": 10.2}}"
2026-09-05T17:30:00+00:00,2026-09-05T17:34:18.514718+00:00,2026-09-05T17:34:18.514718+00:00,2026-09-05 20:20 (Local Time),MATHIATIS,,,,,1,10,23.2,,33.7,18.0,3.3,0.9,4.0,0.0,292.0,,,,85.0,0.0,,,1.697665,,
2026-09-05T17:30:00+00:00,2026-09-05T17:34:18.514718+00:00,2026-09-05T17:34:18.514718+00:00,2026-09-05 20:20 (Local Time),PANAGIA_BRIDGE,,,,,1,6,24.5,25.9,33.6,15.6,,,,,,,,,87.0,0.0,,,,,
2026-09-05T17:30:00+00:00,2026-09-05T17:34:18.514718+00:00,2026-09-05T17:34:18.514718+00:00,2026-09-05 20:20 (Local Time),PAPHOS,,,,,1,8,25.7,,31.0,22.1,3.4,1.4,,,308.0,,,,77.0,0.0,,,1.74911,,
2026-09-05T17:30:00+00:00,2026-09-05T17:34:18.514718+00:00,2026-09-05T17:34:18.514718+00:00,2026-09-05 20:20 (Local Time),PAREKLISIA,,,,,1,7,26.4,,34.8,22.6,0.0,,,,44.0,,,,79.0,0.0,,,0.0,,
2026-09-05T17:30:00+00:00,2026-09-05T17:34:18.514718+00:00,2026-09-05T17:34:18.514718+00:00,2026-09-05 20:20 (Local Time),PENTAKOMO,,,,,1,8,27.9,,31.0,25.1,10.3,4.4,,,239.0,,,,79.0,0.0,,,5.298773,,
2026-09-05T17:30:00+00:00,2026-09-05T17:34:18.514718+00:00,2026-09-05T17:34:18.514718+00:00,2026-09-05 20:20 (Local Time),PLATANIA,,,,,1,6,18.6,,28.1,16.5,,0.4,,,,,,,68.0,0.0,,,,,
2026-09-05T17:30:00+00:00,2026-09-05T17:34:18.514718+00:00,2026-09-05T17:34:18.514718+00:00,2026-09-05 20:20 (Local Time),POLIS,,,,,1,11,27.0,,33.0,22.0,1.9,0.7,4.0,,255.0,,,,77.0,0.0,1007.2,,0.977444,,"{""Atmospheric Pressure (Mean Sea Level)"": {""unit"": ""hPa"", ""value"": 1009.8}}"
2026-09-05T17:30:00+00:00,2026-09-05T17:34:18.514718+00:00,2026-09-05T17:34:18.514718+00:00,2026-09-05 20:20 (Local Time),POLYSTYPOS,,,,,1,8,20.1,,29.0,19.9,0.0,0.1,,,318.0,,,,82.0,0.0,,,0.0,,
2026-09-05T17:30:00+00:00,2026-09-05T17:34:18.514718+00:00,2026-09-05T17:34:18.514718+00:00,2026-09-05 20:20 (Local Time),PRODROMOS,,,,,1,9,19.3,,25.2,16.0,3.9,1.0,,0.0,225.0,,,,51.0,0.0,,,2.006332,,
2026-09-05T17:30:00+00:00,2026-09-05T17:34:18.514718+00:00,2026-09-05T17:34:18.514718+00:00,,PYRGOS,,,,,0,0,,,,,,,,,,,,,,,,,,,
2026-09-05T17:30:00+00:00,2026-09-05T17:34:18.514718+00:00,2026-09-05T17:34:18.514718+00:00,2026-09-05 20:20 (Local Time),SAITTAS,,,,,1,5,21.9,,32.8,18.6,,,,,,,,,73.0,0.0,,,,,
2026-09-05T17:30:00+00:00,2026-09-05T17:34:18.514718+00:00,2026-09-05T17:34:18.514718+00:00,2026-09-05 20:20 (Local Time),TAMASOS,,,,,1,9,24.7,24.9,34.8,18.7,3.4,0.4,,,286.0,,,,87.0,0.0,,,1.74911,,
2026-09-05T17:30:00+00:00,2026-09-05T17:34:18.514718+00:00,2026-09-05T17:34:18.514718+00:00,2026-09-05 20:20 (Local Time),TEPAK,,,,,1,9,26.6,,33.1,24.2,3.4,0.7,,,279.0,,,,75.0,0.0,,,1.74911,,"{""Accumulated Rainfall (24 hours)"": {""unit"": ""mm"", ""value"": 0.0}}"
2026-09-05T17:30:00+00:00,2026-09-05T17:34:18.514718+00:00,2026-09-05T17:34:18.514718+00:00,2026-09-05 20:20 (Local Time),TRIPILOS,,,,,1,7,19.7,,29.1,19.0,3.7,,,,301.0,,,,55.0,0.0,,,1.903443,,
2026-09-05T17:30:00+00:00,2026-09-05T17:34:18.514718+00:00,2026-09-05T17:34:18.514718+00:00,2026-09-05 20:20 (Local Time),TROODOS,,,,,1,9,15.5,,24.0,11.8,2.3,1.3,,,250.0,,,,66.0,0.0,828.9,,1.183221,,
2026-09-05T17:30:00+00:00,2026-09-05T17:34:18.514718+00:00,2026-09-05T17:34:18.514718+00:00,2026-09-05 20:20 (Local Time),VISITOR,,,,,1,7,27.5,,37.0,21.4,4.2,,,,264.0,,,,77.0,0.0,,,2.160665,,
2026-09-05T17:30:00+00:00,2026-09-05T17:34:18.514718+00:00,2026-09-05T17:34:18.514718+00:00,2026-09-05 20:20 (Local Time),XYLIATOS,,,,,1,8,22.6,,33.0,20.0,0.0,,,4.0,333.0,,,,90.0,0.0,,,0.0,,
2026-09-05T17:30:00+00:00,2026-09-05T17:34:18.514718+00:00,2026-09-05T17:34:18.514718+00:00,2026-09-05 20:20 (Local Time),XYLOPHAGOU,,,,,1,9,27.3,28.2,31.8,23.3,8.2,3.1,,,216.0,,,,85.0,0.0,,,4.218441,,
2026-09-05T17:30:00+00:00,2026-09-05T17:34:18.514718+00:00,2026-09-05T17:34:18.514718+00:00,2026-09-05 20:20 (Local Time),ZYGI,,,,,1,9,27.0,27.4,32.6,22.6,1.0,0.3,,,309.0,,,,78.0,0.0,,,0.514444,,
