collection_slot_utc,fetched_at_utc,fetched_at_local,source_time,station_code,station_name,latitude,longitude,elevation_m,data_available,observation_count,Air Temperature (1.2m) [C],Air Temperature (5cm) [C],Extreme Day Max. Temp. [C],Extreme Day Min. Temp. [C],Wind Speed (10m) [Knots],Wind Speed (2m) [Knots],Direct Solar Radiation [W/m2],Global Radiation [W/m2],Wind Direction (10m) [Deg.],Rec. Light Work Load [%],Rec. Medium Work Load [%],Rec. Heavy Work Load [%],Relative Humidity (1.2m) [%],Accumulated Rainfall (10 min.) [mm],Atmospheric Pressure (Station Level) [hPa],24HR Rain Total [mm],Wind Speed (10m) [m/s],Wind Speed (2m) [m/s],other_observations_json
2026-07-27T14:00:00+00:00,2026-07-27T14:01:03.208902+00:00,2026-07-27T14:01:03.208902+00:00,2026-07-27 16:50 (Local Time),AVDIMOU,,,,,1,11,35.5,43.8,37.0,15.8,6.9,2.5,863.0,570.0,238.0,,,,25.0,0.0,,,3.549664,,
2026-07-27T15:20:00+00:00,2026-07-27T15:20:45.659008+00:00,2026-07-27T15:20:45.659008+00:00,2026-07-27 18:10 (Local Time),AVDIMOU,,,,,1,11,35.6,42.6,37.0,15.8,2.4,1.2,835.0,314.0,240.0,,,,24.0,0.0,,,1.234666,,
2026-07-27T17:10:00+00:00,2026-07-27T17:10:45.025144+00:00,2026-07-27T17:10:45.025144+00:00,2026-07-27 20:00 (Local Time),AVDIMOU,,,,,1,11,29.7,26.6,37.0,15.8,1.1,0.5,4.0,11.0,235.0,,,,34.0,0.0,,,0.565888,,
2026-07-27T18:40:00+00:00,2026-07-27T18:46:34.634532+00:00,2026-07-27T18:46:34.634532+00:00,2026-07-27 21:40 (Local Time),AVDIMOU,,,,,1,11,25.3,21.6,28.4,25.2,0.7,0.0,3.0,7.0,345.0,,,,45.0,0.0,,,0.360111,,
2026-07-27T20:00:00+00:00,2026-07-27T20:09:49.407489+00:00,2026-07-27T20:09:49.407489+00:00,2026-07-27 23:00 (Local Time),AVDIMOU,,,,,1,11,23.0,19.5,28.4,22.9,1.2,0.1,3.0,7.0,333.0,,,,51.0,0.0,,,0.617333,,
2026-07-27T21:20:00+00:00,2026-07-27T21:29:23.171522+00:00,2026-07-27T21:29:23.171522+00:00,2026-07-28 00:20 (Local Time),AVDIMOU,,,,,1,11,23.4,18.4,28.4,21.8,2.5,0.3,3.0,5.0,101.0,,,,44.0,0.0,,,1.28611,,
2026-07-27T22:30:00+00:00,2026-07-27T22:35:55.398417+00:00,2026-07-27T22:35:55.398417+00:00,2026-07-28 01:30 (Local Time),AVDIMOU,,,,,1,11,21.5,17.0,28.4,21.4,0.7,0.0,3.0,7.0,244.0,,,,63.0,0.0,,,0.360111,,
2026-07-27T23:40:00+00:00,2026-07-27T23:40:27.310979+00:00,2026-07-27T23:40:27.310979+00:00,2026-07-28 02:30 (Local Time),AVDIMOU,,,,,1,11,18.3,15.1,28.4,18.3,1.5,0.0,3.0,6.0,337.0,,,,66.0,0.0,,,0.771666,,
2026-07-28T01:00:00+00:00,2026-07-28T01:02:59.564867+00:00,2026-07-28T01:02:59.564867+00:00,2026-07-28 03:50 (Local Time),AVDIMOU,,,,,1,11,17.2,14.4,28.4,17.1,1.5,0.2,3.0,6.0,356.0,,,,66.0,0.0,,,0.771666,,
2026-07-28T04:10:00+00:00,2026-07-28T04:17:58.270666+00:00,2026-07-28T04:17:58.270666+00:00,2026-07-28 07:10 (Local Time),AVDIMOU,,,,,1,11,18.4,17.4,28.4,16.3,1.5,0.0,270.0,112.0,354.0,,,,63.0,0.0,,,0.771666,,
2026-07-28T06:40:00+00:00,2026-07-28T06:46:06.865370+00:00,2026-07-28T06:46:06.865370+00:00,2026-07-28 09:40 (Local Time),AVDIMOU,,,,,1,11,30.6,43.3,30.9,16.3,2.4,1.3,758.0,665.0,128.0,,,,40.0,0.0,,,1.234666,,
2026-07-28T09:20:00+00:00,2026-07-28T09:28:05.971534+00:00,2026-07-28T09:28:05.971534+00:00,2026-07-28 12:20 (Local Time),AVDIMOU,,,,,1,11,35.8,50.8,36.3,16.3,4.7,2.2,503.0,965.0,113.0,,,,26.0,0.0,,,2.417887,,
2026-07-28T11:30:00+00:00,2026-07-28T11:37:11.939937+00:00,2026-07-28T11:37:11.939937+00:00,2026-07-28 14:30 (Local Time),AVDIMOU,,,,,1,11,36.0,47.8,38.2,16.3,4.3,2.1,688.0,896.0,220.0,,,,36.0,0.0,,,2.212109,,
2026-07-28T13:10:00+00:00,2026-07-28T13:16:37.034686+00:00,2026-07-28T13:16:37.034686+00:00,2026-07-28 16:10 (Local Time),AVDIMOU,,,,,1,11,35.4,46.0,38.2,16.3,5.5,1.8,810.0,675.0,242.0,,,,41.0,0.0,,,2.829442,,
2026-07-28T15:30:00+00:00,2026-07-28T15:36:34.051595+00:00,2026-07-28T15:36:34.051595+00:00,2026-07-28 18:30 (Local Time),AVDIMOU,,,,,1,11,33.1,38.1,38.2,16.3,3.9,1.4,667.0,222.0,208.0,,,,43.0,0.0,,,2.006332,,
2026-07-28T17:00:00+00:00,2026-07-28T17:05:23.730029+00:00,2026-07-28T17:05:23.730029+00:00,2026-07-28 20:00 (Local Time),AVDIMOU,,,,,1,11,28.8,27.4,38.2,16.3,1.4,0.0,4.0,12.0,28.0,,,,65.0,0.0,,,0.720222,,
2026-07-28T18:20:00+00:00,2026-07-28T18:23:53.251988+00:00,2026-07-28T18:23:53.251988+00:00,2026-07-28 21:10 (Local Time),AVDIMOU,,,,,1,11,25.3,23.1,25.6,25.2,0.0,0.0,3.0,8.0,12.0,,,,69.0,0.0,,,0.0,,
2026-07-28T19:50:00+00:00,2026-07-28T19:57:56.815356+00:00,2026-07-28T19:57:56.815356+00:00,2026-07-28 22:50 (Local Time),AVDIMOU,,,,,1,11,23.5,21.1,25.6,23.4,0.0,0.5,3.0,6.0,310.0,,,,67.0,0.0,,,0.0,,
2026-07-28T21:10:00+00:00,2026-07-28T21:16:40.627872+00:00,2026-07-28T21:16:40.627872+00:00,2026-07-29 00:10 (Local Time),AVDIMOU,,,,,1,11,22.5,19.8,25.6,22.3,0.7,0.1,3.0,7.0,261.0,,,,71.0,0.0,,,0.360111,,
2026-07-28T22:10:00+00:00,2026-07-28T22:18:29.140535+00:00,2026-07-28T22:18:29.140535+00:00,2026-07-29 01:10 (Local Time),AVDIMOU,,,,,1,11,20.6,18.1,25.6,20.4,1.4,0.0,3.0,7.0,313.0,,,,76.0,0.0,,,0.720222,,
2026-07-28T23:20:00+00:00,2026-07-28T23:27:24.364687+00:00,2026-07-28T23:27:24.364687+00:00,2026-07-29 02:20 (Local Time),AVDIMOU,,,,,1,11,20.3,18.1,25.6,20.1,1.6,0.1,3.0,6.0,332.0,,,,71.0,0.0,,,0.82311,,
2026-07-29T01:00:00+00:00,2026-07-29T01:01:40.082861+00:00,2026-07-29T01:01:40.082861+00:00,2026-07-29 03:50 (Local Time),AVDIMOU,,,,,1,11,19.6,17.3,25.6,19.4,1.5,0.1,3.0,6.0,355.0,,,,64.0,0.0,,,0.771666,,
2026-07-29T04:10:00+00:00,2026-07-29T04:19:36.420855+00:00,2026-07-29T04:19:36.420855+00:00,2026-07-29 07:10 (Local Time),AVDIMOU,,,,,1,11,23.2,22.0,25.6,18.5,0.6,0.4,200.0,98.0,321.0,,,,54.0,0.0,,,0.308666,,
2026-07-29T07:00:00+00:00,2026-07-29T07:09:26.255488+00:00,2026-07-29T07:09:26.255488+00:00,2026-07-29 10:00 (Local Time),AVDIMOU,,,,,1,11,32.4,45.8,32.8,18.5,2.1,1.1,682.0,695.0,118.0,,,,47.0,0.0,,,1.080332,,
2026-07-29T09:40:00+00:00,2026-07-29T09:48:45.625540+00:00,2026-07-29T09:48:45.625540+00:00,2026-07-29 12:40 (Local Time),AVDIMOU,,,,,1,11,32.8,48.4,33.2,18.5,4.4,2.4,491.0,941.0,133.0,,,,53.0,0.0,,,2.263554,,
2026-07-29T11:50:00+00:00,2026-07-29T11:51:26.079221+00:00,2026-07-29T11:51:26.079221+00:00,2026-07-29 14:40 (Local Time),AVDIMOU,,,,,1,11,34.6,48.5,34.9,18.5,3.3,1.8,679.0,857.0,142.0,,,,42.0,0.0,,,1.697665,,
2026-07-29T13:20:00+00:00,2026-07-29T13:28:00.467181+00:00,2026-07-29T13:28:00.467181+00:00,2026-07-29 16:20 (Local Time),AVDIMOU,,,,,1,11,34.6,46.7,35.1,18.5,4.1,1.9,796.0,630.0,134.0,,,,36.0,0.0,,,2.10922,,
2026-07-29T15:30:00+00:00,2026-07-29T15:32:20.605422+00:00,2026-07-29T15:32:20.605422+00:00,2026-07-29 18:20 (Local Time),AVDIMOU,,,,,1,11,34.5,40.7,35.7,18.5,3.8,1.3,720.0,255.0,216.0,,,,32.0,0.0,,,1.954887,,
2026-07-29T16:50:00+00:00,2026-07-29T16:52:17.939238+00:00,2026-07-29T16:52:17.939238+00:00,2026-07-29 19:40 (Local Time),AVDIMOU,,,,,1,11,31.6,29.4,35.7,18.5,2.0,0.1,5.0,22.0,227.0,,,,37.0,0.0,,,1.028888,,
2026-07-29T18:00:00+00:00,2026-07-29T18:00:00.589899+00:00,2026-07-29T18:00:00.589899+00:00,2026-07-29 20:50 (Local Time),AVDIMOU,,,,,1,11,25.6,22.5,35.7,18.5,1.4,0.0,3.0,7.0,346.0,,,,52.0,0.0,,,0.720222,,
2026-07-29T19:30:00+00:00,2026-07-29T19:36:48.934214+00:00,2026-07-29T19:36:48.934214+00:00,2026-07-29 22:30 (Local Time),AVDIMOU,,,,,1,11,22.9,20.0,25.1,22.5,1.7,0.5,3.0,5.0,321.0,,,,56.0,0.0,,,0.874555,,
2026-07-29T20:30:00+00:00,2026-07-29T20:33:05.590096+00:00,2026-07-29T20:33:05.590096+00:00,2026-07-29 23:20 (Local Time),AVDIMOU,,,,,1,11,22.0,19.2,25.1,21.9,1.5,0.4,3.0,5.0,322.0,,,,58.0,0.0,,,0.771666,,
2026-07-29T21:20:00+00:00,2026-07-29T21:29:43.619457+00:00,2026-07-29T21:29:43.619457+00:00,2026-07-30 00:20 (Local Time),AVDIMOU,,,,,1,11,20.4,18.5,25.1,20.3,1.2,0.5,3.0,6.0,349.0,,,,61.0,0.0,,,0.617333,,
2026-07-29T22:30:00+00:00,2026-07-29T22:31:24.572096+00:00,2026-07-29T22:31:24.572096+00:00,2026-07-30 01:20 (Local Time),AVDIMOU,,,,,1,11,20.1,18.0,25.1,20.0,0.8,0.2,3.0,5.0,272.0,,,,60.0,0.0,,,0.411555,,
2026-07-29T23:30:00+00:00,2026-07-29T23:34:10.764317+00:00,2026-07-29T23:34:10.764317+00:00,2026-07-30 02:20 (Local Time),AVDIMOU,,,,,1,11,20.4,17.9,25.1,20.0,1.0,0.5,3.0,5.0,283.0,,,,56.0,0.0,,,0.514444,,
2026-07-30T00:50:00+00:00,2026-07-30T00:57:07.643729+00:00,2026-07-30T00:57:07.643729+00:00,2026-07-30 03:50 (Local Time),AVDIMOU,,,,,1,11,18.7,16.8,25.1,18.6,1.6,0.2,3.0,4.0,330.0,,,,62.0,0.0,,,0.82311,,
2026-07-30T04:10:00+00:00,2026-07-30T04:12:55.684883+00:00,2026-07-30T04:12:55.684883+00:00,2026-07-30 07:00 (Local Time),AVDIMOU,,,,,1,11,19.9,19.9,25.1,17.6,1.5,0.0,122.0,64.0,320.0,,,,60.0,0.0,,,0.771666,,
2026-07-30T06:40:00+00:00,2026-07-30T06:41:11.521270+00:00,2026-07-30T06:41:11.521270+00:00,2026-07-30 09:30 (Local Time),AVDIMOU,,,,,1,11,34.6,44.9,35.1,17.6,3.5,1.5,774.0,624.0,137.0,,,,25.0,0.0,,,1.800554,,
2026-07-30T09:10:00+00:00,2026-07-30T09:18:21.656088+00:00,2026-07-30T09:18:21.656088+00:00,2026-07-30 12:10 (Local Time),AVDIMOU,,,,,1,11,33.9,48.8,35.1,17.6,5.1,2.2,520.0,942.0,125.0,,,,36.0,0.0,,,2.623664,,
2026-07-30T11:20:00+00:00,2026-07-30T11:25:09.563136+00:00,2026-07-30T11:25:09.563136+00:00,2026-07-30 14:20 (Local Time),AVDIMOU,,,,,1,11,34.9,48.1,35.1,17.6,4.0,1.8,672.0,899.0,162.0,,,,33.0,0.0,,,2.057776,,
2026-07-30T13:00:00+00:00,2026-07-30T13:01:42.645771+00:00,2026-07-30T13:01:42.645771+00:00,2026-07-30 15:50 (Local Time),AVDIMOU,,,,,1,11,34.6,47.0,35.2,17.6,4.2,1.8,784.0,717.0,145.0,,,,34.0,0.0,,,2.160665,,
2026-07-30T15:10:00+00:00,2026-07-30T15:18:46.354902+00:00,2026-07-30T15:18:46.354902+00:00,2026-07-30 18:10 (Local Time),AVDIMOU,,,,,1,11,33.5,40.9,35.2,17.6,4.1,1.5,733.0,285.0,159.0,,,,32.0,0.0,,,2.10922,,
2026-07-30T16:50:00+00:00,2026-07-30T16:54:42.369136+00:00,2026-07-30T16:54:42.369136+00:00,2026-07-30 19:40 (Local Time),AVDIMOU,,,,,1,11,30.9,29.8,35.2,17.6,2.5,1.0,5.0,22.0,184.0,,,,40.0,0.0,,,1.28611,,
2026-07-30T18:00:00+00:00,2026-07-30T18:09:14.258295+00:00,2026-07-30T18:09:14.258295+00:00,2026-07-30 21:00 (Local Time),AVDIMOU,,,,,1,11,25.4,22.6,25.3,25.3,1.3,0.1,3.0,6.0,322.0,,,,55.0,0.0,,,0.668777,,
2026-07-30T19:50:00+00:00,2026-07-30T19:51:11.915778+00:00,2026-07-30T19:51:11.915778+00:00,2026-07-30 22:40 (Local Time),AVDIMOU,,,,,1,11,22.5,19.6,25.3,22.2,1.4,0.4,3.0,5.0,313.0,,,,60.0,0.0,,,0.720222,,
2026-07-30T20:50:00+00:00,2026-07-30T20:51:21.965953+00:00,2026-07-30T20:51:21.965953+00:00,2026-07-30 23:40 (Local Time),AVDIMOU,,,,,1,11,23.0,18.9,25.3,22.2,0.9,0.0,3.0,6.0,299.0,,,,56.0,0.0,,,0.463,,
2026-07-30T21:50:00+00:00,2026-07-30T21:53:32.821783+00:00,2026-07-30T21:53:32.821783+00:00,2026-07-31 00:40 (Local Time),AVDIMOU,,,,,1,11,21.0,17.9,25.3,20.8,1.3,0.4,3.0,4.0,314.0,,,,64.0,0.0,,,0.668777,,
2026-07-30T22:50:00+00:00,2026-07-30T22:53:49.956878+00:00,2026-07-30T22:53:49.956878+00:00,2026-07-31 01:40 (Local Time),AVDIMOU,,,,,1,11,19.8,17.1,25.3,19.8,0.0,0.3,3.0,6.0,319.0,,,,65.0,0.0,,,0.0,,
2026-07-30T23:50:00+00:00,2026-07-30T23:50:39.423436+00:00,2026-07-30T23:50:39.423436+00:00,2026-07-31 02:40 (Local Time),AVDIMOU,,,,,1,11,18.2,16.0,25.3,18.0,1.8,0.1,3.0,5.0,346.0,,,,67.0,0.0,,,0.925999,,
2026-07-31T01:10:00+00:00,2026-07-31T01:19:09.983274+00:00,2026-07-31T01:19:09.983274+00:00,2026-07-31 04:10 (Local Time),AVDIMOU,,,,,1,11,17.0,15.3,25.3,16.8,1.3,0.1,3.0,4.0,344.0,,,,68.0,0.0,,,0.668777,,
2026-07-31T04:40:00+00:00,2026-07-31T04:48:53.405070+00:00,2026-07-31T04:48:53.405070+00:00,2026-07-31 07:40 (Local Time),AVDIMOU,,,,,1,11,23.8,25.8,25.3,15.7,0.6,0.0,597.0,253.0,353.0,,,,58.0,0.0,,,0.308666,,
2026-07-31T07:40:00+00:00,2026-07-31T07:40:47.008930+00:00,2026-07-31T07:40:47.008930+00:00,2026-07-31 10:30 (Local Time),AVDIMOU,,,,,1,11,32.1,45.7,33.3,15.7,4.5,2.0,659.0,791.0,124.0,,,,35.0,0.0,,,2.314998,,
2026-07-31T10:10:00+00:00,2026-07-31T10:16:00.726194+00:00,2026-07-31T10:16:00.726194+00:00,2026-07-31 13:10 (Local Time),AVDIMOU,,,,,1,11,36.2,49.7,36.5,15.7,3.4,1.7,541.0,963.0,157.0,,,,19.0,0.0,,,1.74911,,
2026-07-31T12:10:00+00:00,2026-07-31T12:19:15.521617+00:00,2026-07-31T12:19:15.521617+00:00,2026-07-31 15:10 (Local Time),AVDIMOU,,,,,1,11,36.5,49.1,37.1,15.7,4.5,1.9,748.0,819.0,173.0,,,,22.0,0.0,,,2.314998,,
2026-07-31T14:40:00+00:00,2026-07-31T14:42:27.626484+00:00,2026-07-31T14:42:27.626484+00:00,2026-07-31 17:30 (Local Time),AVDIMOU,,,,,1,11,35.0,43.5,37.1,15.7,4.8,1.9,826.0,426.0,201.0,,,,27.0,0.0,,,2.469331,,
2026-07-31T16:20:00+00:00,2026-07-31T16:23:44.457827+00:00,2026-07-31T16:23:44.457827+00:00,2026-07-31 19:10 (Local Time),AVDIMOU,,,,,1,11,30.1,30.3,37.1,15.7,3.3,1.2,21.0,43.0,214.0,,,,55.0,0.0,,,1.697665,,
2026-07-31T17:50:00+00:00,2026-07-31T17:59:06.996337+00:00,2026-07-31T17:59:06.996337+00:00,2026-07-31 20:50 (Local Time),AVDIMOU,,,,,1,11,26.4,22.9,37.1,15.7,0.0,0.0,3.0,5.0,278.0,,,,68.0,0.0,,,0.0,,
2026-07-31T19:40:00+00:00,2026-07-31T19:45:46.185736+00:00,2026-07-31T19:45:46.185736+00:00,2026-07-31 22:40 (Local Time),AVDIMOU,,,,,1,11,21.6,19.5,25.6,21.5,1.1,0.0,3.0,6.0,351.0,,,,68.0,0.0,,,0.565888,,
2026-07-31T20:40:00+00:00,2026-07-31T20:46:45.203139+00:00,2026-07-31T20:46:45.203139+00:00,2026-07-31 23:40 (Local Time),AVDIMOU,,,,,1,11,20.2,18.3,25.6,20.0,1.4,0.3,3.0,5.0,299.0,,,,68.0,0.0,,,0.720222,,
2026-07-31T21:40:00+00:00,2026-07-31T21:48:20.195148+00:00,2026-07-31T21:48:20.195148+00:00,2026-08-01 00:40 (Local Time),AVDIMOU,,,,,1,11,20.2,17.7,25.6,19.9,1.6,0.4,3.0,4.0,332.0,,,,64.0,0.0,,,0.82311,,
2026-07-31T22:40:00+00:00,2026-07-31T22:45:29.282839+00:00,2026-07-31T22:45:29.282839+00:00,2026-08-01 01:40 (Local Time),AVDIMOU,,,,,1,11,18.5,16.9,25.6,18.4,0.5,0.0,3.0,5.0,1.0,,,,69.0,0.0,,,0.257222,,
2026-07-31T23:40:00+00:00,2026-07-31T23:44:22.946092+00:00,2026-07-31T23:44:22.946092+00:00,2026-08-01 02:30 (Local Time),AVDIMOU,,,,,1,11,18.0,16.1,25.6,17.9,1.7,0.4,3.0,4.0,341.0,,,,68.0,0.0,,,0.874555,,
2026-08-01T01:10:00+00:00,2026-08-01T01:16:32.625157+00:00,2026-08-01T01:16:32.625157+00:00,2026-08-01 04:10 (Local Time),AVDIMOU,,,,,1,11,16.8,15.4,25.6,16.7,1.4,0.0,3.0,5.0,358.0,,,,69.0,0.0,,,0.720222,,
2026-08-01T04:30:00+00:00,2026-08-01T04:37:18.040723+00:00,2026-08-01T04:37:18.040723+00:00,2026-08-01 07:30 (Local Time),AVDIMOU,,,,,1,11,21.3,24.4,25.6,16.0,1.4,0.0,355.0,141.0,354.0,,,,64.0,0.0,,,0.720222,,
2026-08-01T07:10:00+00:00,2026-08-01T07:14:43.701489+00:00,2026-08-01T07:14:43.701489+00:00,2026-08-01 10:00 (Local Time),AVDIMOU,,,,,1,11,30.5,44.0,31.0,16.0,2.5,1.3,714.0,696.0,140.0,,,,50.0,0.0,,,1.28611,,
2026-08-01T09:20:00+00:00,2026-08-01T09:21:50.747825+00:00,2026-08-01T09:21:50.747825+00:00,2026-08-01 12:10 (Local Time),AVDIMOU,,,,,1,11,32.8,48.0,33.3,16.0,4.8,2.0,554.0,947.0,128.0,,,,40.0,0.0,,,2.469331,,
2026-08-01T10:50:00+00:00,2026-08-01T10:53:06.306952+00:00,2026-08-01T10:53:06.306952+00:00,2026-08-01 13:40 (Local Time),AVDIMOU,,,,,1,11,35.8,49.3,36.2,16.0,3.4,1.6,614.0,958.0,182.0,,,,19.0,0.0,,,1.74911,,
2026-08-01T11:50:00+00:00,2026-08-01T11:52:26.035369+00:00,2026-08-01T11:52:26.035369+00:00,2026-08-01 14:40 (Local Time),AVDIMOU,,,,,1,11,36.2,49.1,36.5,16.0,4.5,1.9,737.0,889.0,156.0,,,,22.0,0.0,,,2.314998,,
2026-08-01T12:40:00+00:00,2026-08-01T12:44:10.802769+00:00,2026-08-01T12:44:10.802769+00:00,2026-08-01 15:30 (Local Time),AVDIMOU,,,,,1,11,36.1,47.5,36.5,16.0,4.7,1.9,802.0,789.0,218.0,,,,24.0,0.0,,,2.417887,,
2026-08-01T14:10:00+00:00,2026-08-01T14:14:22.833875+00:00,2026-08-01T14:14:22.833875+00:00,2026-08-01 17:00 (Local Time),AVDIMOU,,,,,1,11,34.3,43.4,36.5,16.0,3.7,1.7,864.0,533.0,205.0,,,,39.0,0.0,,,1.903443,,
2026-08-01T15:20:00+00:00,2026-08-01T15:20:19.189933+00:00,2026-08-01T15:20:19.189933+00:00,2026-08-01 18:10 (Local Time),AVDIMOU,,,,,1,11,33.2,39.6,36.5,16.0,3.7,1.5,804.0,300.0,215.0,,,,37.0,0.0,,,1.903443,,
2026-08-01T16:20:00+00:00,2026-08-01T16:26:34.756773+00:00,2026-08-01T16:26:34.756773+00:00,2026-08-01 19:20 (Local Time),AVDIMOU,,,,,1,11,30.7,28.3,36.5,16.0,0.8,0.0,19.0,35.0,241.0,,,,39.0,0.0,,,0.411555,,
2026-08-01T17:20:00+00:00,2026-08-01T17:29:29.533427+00:00,2026-08-01T17:29:29.533427+00:00,2026-08-01 20:20 (Local Time),AVDIMOU,,,,,1,11,25.5,21.2,36.5,16.0,0.8,0.0,3.0,7.0,309.0,,,,49.0,0.0,,,0.411555,,
2026-08-01T18:30:00+00:00,2026-08-01T18:32:15.062034+00:00,2026-08-01T18:32:15.062034+00:00,2026-08-01 21:20 (Local Time),AVDIMOU,,,,,1,11,22.1,19.1,22.6,22.0,0.0,0.0,3.0,5.0,342.0,,,,57.0,0.0,,,0.0,,
2026-08-01T19:40:00+00:00,2026-08-01T19:45:51.552370+00:00,2026-08-01T19:45:51.552370+00:00,2026-08-01 22:40 (Local Time),AVDIMOU,,,,,1,11,20.2,17.4,22.6,20.0,1.4,0.0,3.0,6.0,349.0,,,,58.0,0.0,,,0.720222,,
2026-08-01T20:30:00+00:00,2026-08-01T20:34:27.132948+00:00,2026-08-01T20:34:27.132948+00:00,2026-08-01 23:20 (Local Time),AVDIMOU,,,,,1,11,19.2,16.5,22.6,19.0,1.9,0.0,3.0,7.0,359.0,,,,60.0,0.0,,,0.977444,,
2026-08-01T21:30:00+00:00,2026-08-01T21:32:20.303199+00:00,2026-08-01T21:32:20.303199+00:00,2026-08-02 00:20 (Local Time),AVDIMOU,,,,,1,11,18.9,15.6,22.6,17.5,1.8,0.6,3.0,4.0,326.0,,,,54.0,0.0,,,0.925999,,
2026-08-01T22:30:00+00:00,2026-08-01T22:33:01.150141+00:00,2026-08-01T22:33:01.150141+00:00,2026-08-02 01:20 (Local Time),AVDIMOU,,,,,1,11,17.3,14.9,22.6,17.2,1.7,0.0,3.0,7.0,348.0,,,,59.0,0.0,,,0.874555,,
2026-08-01T23:30:00+00:00,2026-08-01T23:31:17.428706+00:00,2026-08-01T23:31:17.428706+00:00,2026-08-02 02:20 (Local Time),AVDIMOU,,,,,1,11,18.5,14.7,22.6,16.9,0.8,0.0,3.0,7.0,267.0,,,,52.0,0.0,,,0.411555,,
2026-08-02T01:00:00+00:00,2026-08-02T01:08:51.031453+00:00,2026-08-02T01:08:51.031453+00:00,2026-08-02 04:00 (Local Time),AVDIMOU,,,,,1,11,15.8,13.3,22.6,15.7,1.8,0.0,3.0,7.0,346.0,,,,61.0,0.0,,,0.925999,,
2026-08-02T04:30:00+00:00,2026-08-02T04:37:00.440083+00:00,2026-08-02T04:37:00.440083+00:00,2026-08-02 07:30 (Local Time),AVDIMOU,,,,,1,11,19.1,22.4,22.6,14.1,1.0,0.0,356.0,133.0,338.0,,,,57.0,0.0,,,0.514444,,
2026-08-02T07:10:00+00:00,2026-08-02T07:14:08.141200+00:00,2026-08-02T07:14:08.141200+00:00,2026-08-02 10:00 (Local Time),AVDIMOU,,,,,1,11,31.3,44.6,31.4,14.1,3.5,1.7,759.0,724.0,117.0,,,,32.0,0.0,,,1.800554,,
2026-08-02T09:20:00+00:00,2026-08-02T09:22:09.280885+00:00,2026-08-02T09:22:09.280885+00:00,2026-08-02 12:10 (Local Time),AVDIMOU,,,,,1,11,35.8,49.1,36.2,14.1,2.6,1.2,576.0,958.0,263.0,,,,21.0,0.0,,,1.337554,,
2026-08-02T10:50:00+00:00,2026-08-02T10:54:18.622568+00:00,2026-08-02T10:54:18.622568+00:00,2026-08-02 13:40 (Local Time),AVDIMOU,,,,,1,11,35.5,48.4,36.2,14.1,4.6,1.7,631.0,969.0,225.0,,,,25.0,0.0,,,2.366442,,
2026-08-02T11:50:00+00:00,2026-08-02T11:52:32.895203+00:00,2026-08-02T11:52:32.895203+00:00,2026-08-02 14:40 (Local Time),AVDIMOU,,,,,1,11,35.2,46.5,36.5,14.1,4.4,2.1,751.0,896.0,229.0,,,,26.0,0.0,,,2.263554,,
2026-08-02T12:40:00+00:00,2026-08-02T12:46:04.429395+00:00,2026-08-02T12:46:04.429395+00:00,2026-08-02 15:40 (Local Time),AVDIMOU,,,,,1,11,35.9,47.0,36.5,14.1,4.1,1.7,827.0,765.0,226.0,,,,21.0,0.0,,,2.10922,,
2026-08-02T14:10:00+00:00,2026-08-02T14:16:10.990858+00:00,2026-08-02T14:16:10.990858+00:00,2026-08-02 17:10 (Local Time),AVDIMOU,,,,,1,11,33.2,41.8,36.5,14.1,3.6,1.6,875.0,502.0,224.0,,,,41.0,0.0,,,1.851998,,
2026-08-02T15:20:00+00:00,2026-08-02T15:29:09.234161+00:00,2026-08-02T15:29:09.234161+00:00,2026-08-02 18:20 (Local Time),AVDIMOU,,,,,1,11,33.1,39.5,36.5,14.1,2.6,1.1,806.0,264.0,260.0,,,,33.0,0.0,,,1.337554,,
2026-08-02T16:30:00+00:00,2026-08-02T16:30:11.469882+00:00,2026-08-02T16:30:11.469882+00:00,2026-08-02 19:20 (Local Time),AVDIMOU,,,,,1,11,29.5,28.2,36.5,14.1,1.0,0.3,11.0,34.0,281.0,,,,48.0,0.0,,,0.514444,,
2026-08-02T17:30:00+00:00,2026-08-02T17:36:11.284049+00:00,2026-08-02T17:36:11.284049+00:00,2026-08-02 20:30 (Local Time),AVDIMOU,,,,,1,11,26.4,21.2,36.5,14.1,2.7,1.2,3.0,5.0,146.0,,,,47.0,0.0,,,1.388999,,
2026-08-02T18:30:00+00:00,2026-08-02T18:36:17.426863+00:00,2026-08-02T18:36:17.426863+00:00,2026-08-02 21:30 (Local Time),AVDIMOU,,,,,1,11,22.1,18.8,24.3,21.9,1.1,0.3,3.0,6.0,269.0,,,,54.0,0.0,,,0.565888,,
2026-08-02T19:40:00+00:00,2026-08-02T19:48:35.385902+00:00,2026-08-02T19:48:35.385902+00:00,2026-08-02 22:40 (Local Time),AVDIMOU,,,,,1,11,19.7,16.8,24.3,19.5,1.6,0.3,3.0,6.0,317.0,,,,58.0,0.0,,,0.82311,,
2026-08-02T20:30:00+00:00,2026-08-02T20:38:47.602112+00:00,2026-08-02T20:38:47.602112+00:00,2026-08-02 23:30 (Local Time),AVDIMOU,,,,,1,11,18.3,15.9,24.3,18.2,1.2,0.0,3.0,4.0,338.0,,,,65.0,0.0,,,0.617333,,
2026-08-02T21:30:00+00:00,2026-08-02T21:36:48.374714+00:00,2026-08-02T21:36:48.374714+00:00,2026-08-03 00:30 (Local Time),AVDIMOU,,,,,1,11,17.5,14.8,24.3,17.1,2.0,0.1,3.0,4.0,328.0,,,,58.0,0.0,,,1.028888,,
2026-08-02T22:30:00+00:00,2026-08-02T22:33:26.325246+00:00,2026-08-02T22:33:26.325246+00:00,2026-08-03 01:20 (Local Time),AVDIMOU,,,,,1,11,16.5,14.2,24.3,16.4,1.7,0.0,3.0,5.0,330.0,,,,61.0,0.0,,,0.874555,,
2026-08-02T23:30:00+00:00,2026-08-02T23:32:31.667754+00:00,2026-08-02T23:32:31.667754+00:00,2026-08-03 02:20 (Local Time),AVDIMOU,,,,,1,11,14.9,13.0,24.3,14.9,1.5,0.0,3.0,5.0,343.0,,,,64.0,0.0,,,0.771666,,
2026-08-03T01:00:00+00:00,2026-08-03T01:09:34.000187+00:00,2026-08-03T01:09:34.000187+00:00,2026-08-03 04:00 (Local Time),AVDIMOU,,,,,1,11,13.7,12.2,24.3,13.6,1.6,0.0,3.0,5.0,339.0,,,,69.0,0.0,,,0.82311,,
2026-08-03T04:40:00+00:00,2026-08-03T04:46:28.270886+00:00,2026-08-03T04:46:28.270886+00:00,2026-08-03 07:40 (Local Time),AVDIMOU,,,,,1,11,21.8,26.1,24.3,13.2,0.8,0.0,642.0,251.0,357.0,,,,58.0,0.0,,,0.411555,,
2026-08-03T08:10:00+00:00,2026-08-03T08:14:09.421275+00:00,2026-08-03T08:14:09.421275+00:00,2026-08-03 11:00 (Local Time),AVDIMOU,,,,,1,11,32.1,46.7,32.3,13.2,4.3,1.9,658.0,869.0,133.0,,,,36.0,0.0,,,2.212109,,
2026-08-03T11:40:00+00:00,2026-08-03T11:43:58.417255+00:00,2026-08-03T11:43:58.417255+00:00,2026-08-03 14:30 (Local Time),AVDIMOU,,,,,1,11,34.1,48.7,34.4,13.2,3.8,1.8,722.0,893.0,137.0,,,,27.0,0.0,,,1.954887,,
2026-08-03T14:00:00+00:00,2026-08-03T14:01:58.179146+00:00,2026-08-03T14:01:58.179146+00:00,2026-08-03 16:50 (Local Time),AVDIMOU,,,,,1,11,33.9,44.2,35.2,13.2,2.9,1.2,835.0,542.0,220.0,,,,41.0,0.0,,,1.491888,,
2026-08-03T16:30:00+00:00,2026-08-03T16:32:21.749059+00:00,2026-08-03T16:32:21.749059+00:00,2026-08-03 19:20 (Local Time),AVDIMOU,,,,,1,11,29.4,29.7,35.2,13.2,3.3,1.3,16.0,32.0,232.0,,,,70.0,0.0,,,1.697665,,
2026-08-03T18:10:00+00:00,2026-08-03T18:19:28.034708+00:00,2026-08-03T18:19:28.034708+00:00,2026-08-03 21:10 (Local Time),AVDIMOU,,,,,1,11,26.2,23.3,26.2,26.1,0.8,0.1,3.0,4.0,299.0,,,,76.0,0.0,,,0.411555,,
2026-08-03T20:00:00+00:00,2026-08-03T20:04:00.321435+00:00,2026-08-03T20:04:00.321435+00:00,2026-08-03 22:50 (Local Time),AVDIMOU,,,,,1,11,26.9,21.5,27.3,24.3,1.8,0.5,3.0,3.0,222.0,,,,49.0,0.0,,,0.925999,,
2026-08-03T21:10:00+00:00,2026-08-03T21:15:15.315854+00:00,2026-08-03T21:15:15.315854+00:00,2026-08-04 00:10 (Local Time),AVDIMOU,,,,,1,11,22.4,19.0,27.4,22.2,1.5,0.0,3.0,5.0,289.0,,,,64.0,0.0,,,0.771666,,
2026-08-03T22:10:00+00:00,2026-08-03T22:18:33.394619+00:00,2026-08-03T22:18:33.394619+00:00,2026-08-04 01:10 (Local Time),AVDIMOU,,,,,1,11,20.6,18.3,27.4,20.6,1.9,0.0,3.0,5.0,323.0,,,,69.0,0.0,,,0.977444,,
2026-08-03T23:30:00+00:00,2026-08-03T23:31:53.074788+00:00,2026-08-03T23:31:53.074788+00:00,2026-08-04 02:20 (Local Time),AVDIMOU,,,,,1,11,19.2,17.0,27.4,19.1,1.3,0.0,3.0,6.0,308.0,,,,73.0,0.0,,,0.668777,,
2026-08-04T01:00:00+00:00,2026-08-04T01:02:32.800168+00:00,2026-08-04T01:02:32.800168+00:00,2026-08-04 03:50 (Local Time),AVDIMOU,,,,,1,11,17.8,15.5,27.4,17.7,1.5,0.0,3.0,6.0,259.0,,,,77.0,0.0,,,0.771666,,
2026-08-04T04:10:00+00:00,2026-08-04T04:19:54.269988+00:00,2026-08-04T04:19:54.269988+00:00,2026-08-04 07:10 (Local Time),AVDIMOU,,,,,1,11,18.6,18.8,27.4,16.3,0.7,0.0,36.0,52.0,293.0,,,,78.0,0.0,,,0.360111,,
2026-08-04T06:40:00+00:00,2026-08-04T06:46:12.224158+00:00,2026-08-04T06:46:12.224158+00:00,2026-08-04 09:40 (Local Time),AVDIMOU,,,,,1,11,30.6,43.5,30.8,16.3,2.5,1.4,809.0,658.0,155.0,,,,48.0,0.0,,,1.28611,,
2026-08-04T09:30:00+00:00,2026-08-04T09:30:36.401117+00:00,2026-08-04T09:30:36.401117+00:00,,AVDIMOU,,,,,0,0,,,,,,,,,,,,,,,,,,,
2026-08-04T11:40:00+00:00,2026-08-04T11:41:14.182350+00:00,2026-08-04T11:41:14.182350+00:00,,AVDIMOU,,,,,0,0,,,,,,,,,,,,,,,,,,,
2026-08-04T13:20:00+00:00,2026-08-04T13:24:13.958682+00:00,2026-08-04T13:24:13.958682+00:00,,AVDIMOU,,,,,0,0,,,,,,,,,,,,,,,,,,,
2026-08-04T15:40:00+00:00,2026-08-04T15:41:58.614268+00:00,2026-08-04T15:41:58.614268+00:00,,AVDIMOU,,,,,0,0,,,,,,,,,,,,,,,,,,,
2026-08-04T17:20:00+00:00,2026-08-04T17:20:12.472853+00:00,2026-08-04T17:20:12.472853+00:00,,AVDIMOU,,,,,0,0,,,,,,,,,,,,,,,,,,,
2026-08-04T19:00:00+00:00,2026-08-04T19:00:00.605255+00:00,2026-08-04T19:00:00.605255+00:00,,AVDIMOU,,,,,0,0,,,,,,,,,,,,,,,,,,,
2026-08-04T20:30:00+00:00,2026-08-04T20:38:26.829270+00:00,2026-08-04T20:38:26.829270+00:00,,AVDIMOU,,,,,0,0,,,,,,,,,,,,,,,,,,,
2026-08-04T21:50:00+00:00,2026-08-04T21:55:20.893810+00:00,2026-08-04T21:55:20.893810+00:00,,AVDIMOU,,,,,0,0,,,,,,,,,,,,,,,,,,,
2026-08-04T22:50:00+00:00,2026-08-04T22:54:07.100270+00:00,2026-08-04T22:54:07.100270+00:00,,AVDIMOU,,,,,0,0,,,,,,,,,,,,,,,,,,,
2026-08-04T23:50:00+00:00,2026-08-04T23:52:59.142953+00:00,2026-08-04T23:52:59.142953+00:00,,AVDIMOU,,,,,0,0,,,,,,,,,,,,,,,,,,,
2026-08-05T01:10:00+00:00,2026-08-05T01:11:04.843995+00:00,2026-08-05T01:11:04.843995+00:00,,AVDIMOU,,,,,0,0,,,,,,,,,,,,,,,,,,,
2026-08-05T04:20:00+00:00,2026-08-05T04:28:32.082773+00:00,2026-08-05T04:28:32.082773+00:00,,AVDIMOU,,,,,0,0,,,,,,,,,,,,,,,,,,,
2026-08-05T07:10:00+00:00,2026-08-05T07:18:10.655727+00:00,2026-08-05T07:18:10.655727+00:00,2026-08-05 10:10 (Local Time),AVDIMOU,,,,,1,11,30.6,44.9,30.9,16.8,3.5,1.7,824.0,759.0,121.0,,,,59.0,0.0,,,1.800554,,
2026-08-05T10:00:00+00:00,2026-08-05T10:02:06.847551+00:00,2026-08-05T10:02:06.847551+00:00,2026-08-05 12:50 (Local Time),AVDIMOU,,,,,1,11,32.3,45.8,32.7,16.8,6.5,2.1,700.0,986.0,159.0,,,,52.0,0.0,,,3.343886,,
2026-08-05T12:00:00+00:00,2026-08-05T12:06:04.510365+00:00,2026-08-05T12:06:04.510365+00:00,2026-08-05 15:00 (Local Time),AVDIMOU,,,,,1,11,33.9,47.4,34.2,16.8,2.0,1.7,803.0,842.0,191.0,,,,40.0,0.0,,,1.028888,,
2026-08-05T14:20:00+00:00,2026-08-05T14:28:26.236544+00:00,2026-08-05T14:28:26.236544+00:00,2026-08-05 17:20 (Local Time),AVDIMOU,,,,,1,11,32.3,41.7,34.2,16.8,3.1,1.7,863.0,452.0,180.0,,,,39.0,0.0,,,1.594776,,
2026-08-05T16:10:00+00:00,2026-08-05T16:17:02.274128+00:00,2026-08-05T16:17:02.274128+00:00,2026-08-05 19:10 (Local Time),AVDIMOU,,,,,1,11,29.5,29.6,34.2,16.8,0.0,0.4,17.0,39.0,209.0,,,,52.0,0.0,,,0.0,,
2026-08-05T17:50:00+00:00,2026-08-05T17:55:41.373554+00:00,2026-08-05T17:55:41.373554+00:00,2026-08-05 20:50 (Local Time),AVDIMOU,,,,,1,11,26.5,24.0,34.2,16.8,0.0,0.1,3.0,6.0,249.0,,,,70.0,0.0,,,0.0,,
2026-08-05T19:10:00+00:00,2026-08-05T19:18:01.269275+00:00,2026-08-05T19:18:01.269275+00:00,2026-08-05 22:10 (Local Time),AVDIMOU,,,,,1,11,23.8,21.5,25.5,22.9,0.0,0.6,3.0,4.0,---,,,,73.0,0.0,,,0.0,,
2026-08-05T20:40:00+00:00,2026-08-05T20:41:42.204305+00:00,2026-08-05T20:41:42.204305+00:00,2026-08-05 23:30 (Local Time),AVDIMOU,,,,,1,11,21.7,19.7,25.5,21.6,0.0,0.2,3.0,4.0,---,,,,65.0,0.0,,,0.0,,
2026-08-05T21:50:00+00:00,2026-08-05T21:55:17.403125+00:00,2026-08-05T21:55:17.403125+00:00,2026-08-06 00:50 (Local Time),AVDIMOU,,,,,1,11,19.9,18.2,25.5,19.8,0.0,0.0,3.0,4.0,---,,,,69.0,0.0,,,0.0,,
2026-08-05T22:50:00+00:00,2026-08-05T22:50:00.303672+00:00,2026-08-05T22:50:00.303672+00:00,2026-08-06 01:40 (Local Time),AVDIMOU,,,,,1,11,19.1,17.9,25.5,18.9,0.0,0.2,3.0,3.0,---,,,,70.0,0.0,,,0.0,,
2026-08-05T23:40:00+00:00,2026-08-05T23:42:48.253638+00:00,2026-08-05T23:42:48.253638+00:00,2026-08-06 02:30 (Local Time),AVDIMOU,,,,,1,11,18.8,17.7,25.5,18.8,0.0,0.1,3.0,4.0,---,,,,69.0,0.0,,,0.0,,
2026-08-06T01:00:00+00:00,2026-08-06T01:05:52.525056+00:00,2026-08-06T01:05:52.525056+00:00,2026-08-06 04:00 (Local Time),AVDIMOU,,,,,1,11,17.8,16.6,25.5,17.6,0.0,0.2,3.0,4.0,---,,,,75.0,0.0,,,0.0,,
2026-08-06T04:20:00+00:00,2026-08-06T04:24:22.464616+00:00,2026-08-06T04:24:22.464616+00:00,2026-08-06 07:10 (Local Time),AVDIMOU,,,,,1,11,19.7,21.0,25.5,17.1,0.0,0.0,60.0,62.0,---,,,,76.0,0.0,,,0.0,,
2026-08-06T07:10:00+00:00,2026-08-06T07:10:47.598122+00:00,2026-08-06T07:10:47.598122+00:00,2026-08-06 10:00 (Local Time),AVDIMOU,,,,,1,11,30.8,43.3,31.0,17.1,2.6,1.6,775.0,692.0,131.0,,,,63.0,0.0,,,1.337554,,
2026-08-06T09:50:00+00:00,2026-08-06T09:50:37.301630+00:00,2026-08-06T09:50:37.301630+00:00,2026-08-06 12:40 (Local Time),AVDIMOU,,,,,1,11,33.9,48.5,34.1,17.1,3.3,1.4,683.0,960.0,236.0,,,,46.0,0.0,,,1.697665,,
2026-08-06T11:50:00+00:00,2026-08-06T11:53:13.434481+00:00,2026-08-06T11:53:13.434481+00:00,2026-08-06 14:40 (Local Time),AVDIMOU,,,,,1,11,33.0,45.6,34.3,17.1,6.0,2.5,770.0,863.0,187.0,,,,51.0,0.0,,,3.086664,,
2026-08-06T13:20:00+00:00,2026-08-06T13:25:02.809239+00:00,2026-08-06T13:25:02.809239+00:00,2026-08-06 16:10 (Local Time),AVDIMOU,,,,,1,11,33.0,42.8,34.3,17.1,4.9,2.0,824.0,641.0,218.0,,,,50.0,0.0,,,2.520776,,
2026-08-06T15:30:00+00:00,2026-08-06T15:37:52.085570+00:00,2026-08-06T15:37:52.085570+00:00,2026-08-06 18:30 (Local Time),AVDIMOU,,,,,1,11,31.2,36.2,34.3,17.1,1.0,1.1,531.0,160.0,209.0,,,,61.0,0.0,,,0.514444,,
2026-08-07T00:30:00+00:00,2026-08-07T00:31:52.291963+00:00,2026-08-07T00:31:52.291963+00:00,2026-08-07 03:20 (Local Time),AVDIMOU,,,,,1,11,21.1,19.3,27.9,21.0,0.0,0.0,3.0,4.0,---,,,,83.0,0.0,,,0.0,,
2026-08-07T03:30:00+00:00,2026-08-07T03:32:58.813874+00:00,2026-08-07T03:32:58.813874+00:00,2026-08-07 06:20 (Local Time),AVDIMOU,,,,,1,11,19.2,17.9,27.9,19.1,0.0,0.0,3.0,16.0,---,,,,81.0,0.0,,,0.0,,
2026-08-07T05:10:00+00:00,2026-08-07T05:17:34.409631+00:00,2026-08-07T05:17:34.409631+00:00,2026-08-07 08:10 (Local Time),AVDIMOU,,,,,1,11,28.7,35.2,29.0,19.0,0.0,0.3,667.0,327.0,131.0,,,,55.0,0.0,,,0.0,,
2026-08-07T06:30:00+00:00,2026-08-07T06:38:13.492916+00:00,2026-08-07T06:38:13.492916+00:00,2026-08-07 09:30 (Local Time),AVDIMOU,,,,,1,11,29.5,40.1,29.9,19.0,3.3,1.4,757.0,589.0,146.0,,,,65.0,0.0,,,1.697665,,
2026-08-07T07:50:00+00:00,2026-08-07T07:59:18.335167+00:00,2026-08-07T07:59:18.335167+00:00,2026-08-07 10:50 (Local Time),AVDIMOU,,,,,1,11,31.3,46.4,31.8,19.0,2.4,1.4,736.0,802.0,143.0,,,,57.0,0.0,,,1.234666,,
2026-08-07T09:10:00+00:00,2026-08-07T09:12:55.186565+00:00,2026-08-07T09:12:55.186565+00:00,2026-08-07 12:00 (Local Time),AVDIMOU,,,,,1,11,32.5,47.1,32.8,19.0,3.4,1.7,674.0,915.0,127.0,,,,54.0,0.0,,,1.74911,,
2026-08-07T10:00:00+00:00,2026-08-07T10:09:47.066613+00:00,2026-08-07T10:09:47.066613+00:00,2026-08-07 13:00 (Local Time),AVDIMOU,,,,,1,11,34.0,49.0,34.2,19.0,2.3,1.2,659.0,947.0,193.0,,,,52.0,0.0,,,1.183221,,
2026-08-07T11:00:00+00:00,2026-08-07T11:06:25.511079+00:00,2026-08-07T11:06:25.511079+00:00,2026-08-07 14:00 (Local Time),AVDIMOU,,,,,1,11,34.6,48.1,35.1,19.0,3.6,1.6,706.0,915.0,221.0,,,,46.0,0.0,,,1.851998,,
2026-08-07T11:50:00+00:00,2026-08-07T11:53:24.051606+00:00,2026-08-07T11:53:24.051606+00:00,2026-08-07 14:40 (Local Time),AVDIMOU,,,,,1,11,34.3,46.8,35.1,19.0,5.8,2.2,778.0,870.0,212.0,,,,49.0,0.0,,,2.983775,,
2026-08-07T12:30:00+00:00,2026-08-07T12:32:45.279946+00:00,2026-08-07T12:32:45.279946+00:00,2026-08-07 15:20 (Local Time),AVDIMOU,,,,,1,11,35.7,47.1,35.9,19.0,4.2,1.8,793.0,771.0,222.0,,,,36.0,0.0,,,2.160665,,
2026-08-07T13:50:00+00:00,2026-08-07T13:52:51.217621+00:00,2026-08-07T13:52:51.217621+00:00,2026-08-07 16:40 (Local Time),AVDIMOU,,,,,1,11,35.0,44.3,36.9,19.0,3.6,0.9,820.0,553.0,232.0,,,,44.0,0.0,,,1.851998,,
2026-08-07T14:40:00+00:00,2026-08-07T14:42:46.012094+00:00,2026-08-07T14:42:46.012094+00:00,2026-08-07 17:30 (Local Time),AVDIMOU,,,,,1,11,35.0,43.5,36.9,19.0,2.0,1.2,802.0,397.0,226.0,,,,45.0,0.0,,,1.028888,,
2026-08-07T15:30:00+00:00,2026-08-07T15:35:39.848000+00:00,2026-08-07T15:35:39.848000+00:00,2026-08-07 18:30 (Local Time),AVDIMOU,,,,,1,11,33.1,37.3,36.9,19.0,1.9,1.4,587.0,165.0,215.0,,,,50.0,0.0,,,0.977444,,
2026-08-07T16:20:00+00:00,2026-08-07T16:28:29.485861+00:00,2026-08-07T16:28:29.485861+00:00,2026-08-07 19:20 (Local Time),AVDIMOU,,,,,1,11,31.2,30.9,36.9,19.0,0.0,1.0,13.0,33.0,229.0,,,,47.0,0.0,,,0.0,,
2026-08-07T17:20:00+00:00,2026-08-07T17:26:36.006870+00:00,2026-08-07T17:26:36.006870+00:00,2026-08-07 20:20 (Local Time),AVDIMOU,,,,,1,11,28.9,27.5,36.9,19.0,1.9,0.7,3.0,6.0,235.0,,,,60.0,0.0,,,0.977444,,
2026-08-07T18:00:00+00:00,2026-08-07T18:09:37.103515+00:00,2026-08-07T18:09:37.103515+00:00,2026-08-07 21:00 (Local Time),AVDIMOU,,,,,1,11,28.1,26.6,28.0,28.0,0.6,0.5,3.0,6.0,337.0,,,,66.0,0.0,,,0.308666,,
2026-08-07T19:10:00+00:00,2026-08-07T19:14:08.263015+00:00,2026-08-07T19:14:08.263015+00:00,2026-08-07 22:00 (Local Time),AVDIMOU,,,,,1,11,26.8,23.6,28.1,26.7,0.0,0.4,3.0,4.0,243.0,,,,56.0,0.0,,,0.0,,
2026-08-07T19:50:00+00:00,2026-08-07T19:59:49.662273+00:00,2026-08-07T19:59:49.662273+00:00,2026-08-07 22:50 (Local Time),AVDIMOU,,,,,1,11,27.3,25.1,28.1,26.4,1.2,0.7,3.0,4.0,205.0,,,,67.0,0.0,,,0.617333,,
2026-08-07T20:50:00+00:00,2026-08-07T20:51:31.480691+00:00,2026-08-07T20:51:31.480691+00:00,2026-08-07 23:40 (Local Time),AVDIMOU,,,,,1,11,26.5,23.8,28.1,26.4,1.3,0.5,3.0,3.0,208.0,,,,68.0,0.0,,,0.668777,,
2026-08-07T21:20:00+00:00,2026-08-07T21:24:13.647417+00:00,2026-08-07T21:24:13.647417+00:00,2026-08-08 00:10 (Local Time),AVDIMOU,,,,,1,11,26.3,22.9,28.1,26.0,0.0,0.3,3.0,5.0,87.0,,,,63.0,0.0,,,0.0,,
2026-08-07T22:00:00+00:00,2026-08-07T22:02:24.216149+00:00,2026-08-07T22:02:24.216149+00:00,2026-08-08 00:50 (Local Time),AVDIMOU,,,,,1,11,25.8,22.5,28.1,25.2,0.0,0.6,3.0,3.0,221.0,,,,64.0,0.0,,,0.0,,
2026-08-07T22:40:00+00:00,2026-08-07T22:48:07.880375+00:00,2026-08-07T22:48:07.880375+00:00,2026-08-08 01:40 (Local Time),AVDIMOU,,,,,1,11,24.0,20.5,28.1,23.7,0.0,0.2,3.0,5.0,341.0,,,,66.0,0.0,,,0.0,,
2026-08-07T23:20:00+00:00,2026-08-07T23:20:53.771420+00:00,2026-08-07T23:20:53.771420+00:00,2026-08-08 02:10 (Local Time),AVDIMOU,,,,,1,11,22.1,19.4,28.1,21.9,0.0,0.0,3.0,4.0,289.0,,,,71.0,0.0,,,0.0,,
2026-08-07T23:50:00+00:00,2026-08-07T23:52:55.225887+00:00,2026-08-07T23:52:55.225887+00:00,2026-08-08 02:40 (Local Time),AVDIMOU,,,,,1,11,21.2,19.1,28.1,21.1,0.0,0.2,3.0,3.0,324.0,,,,73.0,0.0,,,0.0,,
2026-08-08T00:30:00+00:00,2026-08-08T00:35:46.145233+00:00,2026-08-08T00:35:46.145233+00:00,2026-08-08 03:30 (Local Time),AVDIMOU,,,,,1,11,21.4,18.6,28.1,20.8,0.0,0.2,3.0,3.0,330.0,,,,70.0,0.0,,,0.0,,
2026-08-08T02:30:00+00:00,2026-08-08T02:31:49.578150+00:00,2026-08-08T02:31:49.578150+00:00,2026-08-08 05:20 (Local Time),AVDIMOU,,,,,1,11,20.1,17.8,28.1,19.8,0.0,0.0,3.0,4.0,---,,,,78.0,0.0,,,0.0,,
2026-08-08T03:50:00+00:00,2026-08-08T03:52:13.415238+00:00,2026-08-08T03:52:13.415238+00:00,2026-08-08 06:40 (Local Time),AVDIMOU,,,,,1,11,19.6,19.1,28.1,19.2,1.3,0.0,38.0,36.0,4.0,,,,82.0,0.0,,,0.668777,,
2026-08-08T04:40:00+00:00,2026-08-08T04:42:47.780630+00:00,2026-08-08T04:42:47.780630+00:00,2026-08-08 07:30 (Local Time),AVDIMOU,,,,,1,11,23.7,26.7,28.1,19.2,0.0,0.0,179.0,126.0,---,,,,80.0,0.0,,,0.0,,
2026-08-08T05:20:00+00:00,2026-08-08T05:25:28.947645+00:00,2026-08-08T05:25:28.947645+00:00,2026-08-08 08:20 (Local Time),AVDIMOU,,,,,1,11,28.6,35.7,29.3,19.2,0.5,0.9,668.0,363.0,155.0,,,,74.0,0.0,,,0.257222,,
2026-08-08T06:00:00+00:00,2026-08-08T06:03:32.040129+00:00,2026-08-08T06:03:32.040129+00:00,2026-08-08 08:50 (Local Time),AVDIMOU,,,,,1,11,29.5,39.0,29.7,19.2,0.6,0.5,732.0,465.0,112.0,,,,71.0,0.0,,,0.308666,,
2026-08-08T07:00:00+00:00,2026-08-08T07:07:20.410039+00:00,2026-08-08T07:07:20.410039+00:00,2026-08-08 10:00 (Local Time),AVDIMOU,,,,,1,11,30.0,43.1,30.3,19.2,2.5,1.6,775.0,685.0,135.0,,,,69.0,0.0,,,1.28611,,
2026-08-08T07:50:00+00:00,2026-08-08T07:58:51.631123+00:00,2026-08-08T07:58:51.631123+00:00,2026-08-08 10:50 (Local Time),AVDIMOU,,,,,1,11,30.2,44.8,30.3,19.2,4.3,2.5,750.0,811.0,120.0,,,,70.0,0.0,,,2.212109,,
2026-08-08T08:50:00+00:00,2026-08-08T08:52:28.349995+00:00,2026-08-08T08:52:28.349995+00:00,2026-08-08 11:40 (Local Time),AVDIMOU,,,,,1,11,31.1,46.7,31.4,19.2,5.0,2.3,709.0,902.0,127.0,,,,66.0,0.0,,,2.57222,,
2026-08-08T09:20:00+00:00,2026-08-08T09:23:10.578827+00:00,2026-08-08T09:23:10.578827+00:00,2026-08-08 12:10 (Local Time),AVDIMOU,,,,,1,11,31.1,46.5,31.4,19.2,4.9,2.5,686.0,935.0,140.0,,,,66.0,0.0,,,2.520776,,
2026-08-08T09:50:00+00:00,2026-08-08T09:59:44.805692+00:00,2026-08-08T09:59:44.805692+00:00,2026-08-08 12:50 (Local Time),AVDIMOU,,,,,1,11,31.9,46.9,32.0,19.2,4.4,2.2,677.0,957.0,154.0,,,,61.0,0.0,,,2.263554,,
2026-08-08T10:40:00+00:00,2026-08-08T10:42:34.764373+00:00,2026-08-08T10:42:34.764373+00:00,2026-08-08 13:30 (Local Time),AVDIMOU,,,,,1,11,32.6,47.0,32.8,19.2,4.3,1.9,680.0,957.0,162.0,,,,58.0,0.0,,,2.212109,,
2026-08-08T11:00:00+00:00,2026-08-08T11:05:38.126394+00:00,2026-08-08T11:05:38.126394+00:00,2026-08-08 14:00 (Local Time),AVDIMOU,,,,,1,11,33.4,47.2,33.8,19.2,3.3,1.9,729.0,929.0,195.0,,,,53.0,0.0,,,1.697665,,
2026-08-08T11:30:00+00:00,2026-08-08T11:37:57.420178+00:00,2026-08-08T11:37:57.420178+00:00,2026-08-08 14:30 (Local Time),AVDIMOU,,,,,1,11,33.9,48.4,34.3,19.2,2.4,1.2,778.0,887.0,184.0,,,,54.0,0.0,,,1.234666,,
2026-08-08T12:00:00+00:00,2026-08-08T12:01:40.519287+00:00,2026-08-08T12:01:40.519287+00:00,2026-08-08 14:50 (Local Time),AVDIMOU,,,,,1,11,33.8,47.3,34.3,19.2,3.7,1.8,792.0,837.0,168.0,,,,59.0,0.0,,,1.903443,,
2026-08-08T13:00:00+00:00,2026-08-08T13:05:07.527118+00:00,2026-08-08T13:05:07.527118+00:00,2026-08-08 16:00 (Local Time),AVDIMOU,,,,,1,11,37.6,48.7,37.8,19.2,3.0,1.2,877.0,695.0,250.0,,,,43.0,0.0,,,1.543332,,
2026-08-08T13:50:00+00:00,2026-08-08T13:52:44.933667+00:00,2026-08-08T13:52:44.933667+00:00,2026-08-08 16:40 (Local Time),AVDIMOU,,,,,1,11,37.7,47.0,38.1,19.2,1.7,1.0,874.0,570.0,241.0,,,,41.0,0.0,,,0.874555,,
2026-08-08T14:10:00+00:00,2026-08-08T14:19:59.948982+00:00,2026-08-08T14:19:59.948982+00:00,2026-08-08 17:10 (Local Time),AVDIMOU,,,,,1,11,39.2,48.0,39.4,19.2,0.0,0.8,867.0,477.0,286.0,,,,27.0,0.0,,,0.0,,
2026-08-08T14:50:00+00:00,2026-08-08T14:54:01.012378+00:00,2026-08-08T14:54:01.012378+00:00,2026-08-08 17:40 (Local Time),AVDIMOU,,,,,1,11,39.1,46.7,39.6,19.2,0.5,0.9,837.0,373.0,282.0,,,,26.0,0.0,,,0.257222,,
2026-08-08T15:10:00+00:00,2026-08-08T15:17:42.050889+00:00,2026-08-08T15:17:42.050889+00:00,2026-08-08 18:10 (Local Time),AVDIMOU,,,,,1,11,38.3,44.2,39.6,19.2,0.6,0.7,745.0,266.0,259.0,,,,25.0,0.0,,,0.308666,,
2026-08-08T15:50:00+00:00,2026-08-08T15:51:21.295107+00:00,2026-08-08T15:51:21.295107+00:00,2026-08-08 18:40 (Local Time),AVDIMOU,,,,,1,11,36.3,39.0,39.6,19.2,0.0,0.2,251.0,92.0,221.0,,,,35.0,0.0,,,0.0,,
2026-08-08T16:10:00+00:00,2026-08-08T16:15:10.636456+00:00,2026-08-08T16:15:10.636456+00:00,2026-08-08 19:10 (Local Time),AVDIMOU,,,,,1,11,33.7,31.7,39.6,19.2,0.0,0.3,15.0,41.0,296.0,,,,24.0,0.0,,,0.0,,
2026-08-08T16:50:00+00:00,2026-08-08T16:53:09.905586+00:00,2026-08-08T16:53:09.905586+00:00,2026-08-08 19:40 (Local Time),AVDIMOU,,,,,1,11,31.8,27.6,39.6,19.2,0.0,0.0,4.0,18.0,302.0,,,,26.0,0.0,,,0.0,,
2026-08-08T17:10:00+00:00,2026-08-08T17:17:49.747556+00:00,2026-08-08T17:17:49.747556+00:00,2026-08-08 20:10 (Local Time),AVDIMOU,,,,,1,11,30.0,24.8,39.6,19.2,0.5,0.2,4.0,8.0,292.0,,,,29.0,0.0,,,0.257222,,
2026-08-08T17:50:00+00:00,2026-08-08T17:52:24.789230+00:00,2026-08-08T17:52:24.789230+00:00,2026-08-08 20:40 (Local Time),AVDIMOU,,,,,1,11,32.3,29.1,39.6,19.2,4.0,1.7,4.0,7.0,304.0,,,,24.0,0.0,,,2.057776,,
2026-08-08T18:10:00+00:00,2026-08-08T18:16:38.114895+00:00,2026-08-08T18:16:38.114895+00:00,2026-08-08 21:10 (Local Time),AVDIMOU,,,,,1,11,32.3,29.3,32.5,32.2,4.4,1.7,4.0,8.0,303.0,,,,19.0,0.0,,,2.263554,,
2026-08-08T19:00:00+00:00,2026-08-08T19:01:12.685350+00:00,2026-08-08T19:01:12.685350+00:00,2026-08-08 21:50 (Local Time),AVDIMOU,,,,,1,11,32.1,28.8,32.5,32.0,4.8,1.6,4.0,6.0,313.0,,,,17.0,0.0,,,2.469331,,
2026-08-08T19:30:00+00:00,2026-08-08T19:37:04.247174+00:00,2026-08-08T19:37:04.247174+00:00,2026-08-08 22:30 (Local Time),AVDIMOU,,,,,1,11,31.9,28.4,32.5,31.6,3.9,1.5,4.0,6.0,308.0,,,,16.0,0.0,,,2.006332,,
2026-08-08T19:50:00+00:00,2026-08-08T19:58:15.736177+00:00,2026-08-08T19:58:15.736177+00:00,2026-08-08 22:50 (Local Time),AVDIMOU,,,,,1,11,31.9,27.9,32.5,31.6,3.0,1.1,4.0,6.0,302.0,,,,16.0,0.0,,,1.543332,,
2026-08-08T20:30:00+00:00,2026-08-08T20:39:25.689476+00:00,2026-08-08T20:39:25.689476+00:00,2026-08-08 23:30 (Local Time),AVDIMOU,,,,,1,11,31.0,25.9,32.5,30.7,2.5,0.5,4.0,7.0,305.0,,,,17.0,0.0,,,1.28611,,
2026-08-08T21:00:00+00:00,2026-08-08T21:04:42.616870+00:00,2026-08-08T21:04:42.616870+00:00,2026-08-08 23:50 (Local Time),AVDIMOU,,,,,1,11,30.3,24.8,32.5,30.3,2.2,0.5,4.0,6.0,301.0,,,,18.0,0.0,,,1.131777,,
2026-08-08T21:30:00+00:00,2026-08-08T21:39:57.327136+00:00,2026-08-08T21:39:57.327136+00:00,2026-08-09 00:30 (Local Time),AVDIMOU,,,,,1,11,30.1,24.1,32.5,29.7,2.0,0.4,4.0,7.0,291.0,,,,18.0,0.0,,,1.028888,,
2026-08-08T22:00:00+00:00,2026-08-08T22:01:43.763539+00:00,2026-08-08T22:01:43.763539+00:00,2026-08-09 00:50 (Local Time),AVDIMOU,,,,,1,11,30.2,24.5,32.5,29.6,2.6,0.4,4.0,7.0,302.0,,,,18.0,0.0,,,1.337554,,
2026-08-08T22:30:00+00:00,2026-08-08T22:38:32.486656+00:00,2026-08-08T22:38:32.486656+00:00,2026-08-09 01:30 (Local Time),AVDIMOU,,,,,1,11,28.8,21.9,32.5,28.4,0.0,0.5,3.0,8.0,134.0,,,,21.0,0.0,,,0.0,,
2026-08-08T23:00:00+00:00,2026-08-08T23:03:54.714136+00:00,2026-08-08T23:03:54.714136+00:00,2026-08-09 01:50 (Local Time),AVDIMOU,,,,,1,11,27.4,20.9,32.5,27.2,0.9,0.5,3.0,8.0,110.0,,,,23.0,0.0,,,0.463,,
2026-08-08T23:30:00+00:00,2026-08-08T23:37:47.941086+00:00,2026-08-08T23:37:47.941086+00:00,2026-08-09 02:30 (Local Time),AVDIMOU,,,,,1,11,23.5,19.1,32.5,23.3,1.1,0.0,3.0,8.0,128.0,,,,32.0,0.0,,,0.565888,,
2026-08-09T00:00:00+00:00,2026-08-09T00:02:12.884845+00:00,2026-08-09T00:02:12.884845+00:00,2026-08-09 02:50 (Local Time),AVDIMOU,,,,,1,11,22.8,19.0,32.5,22.6,1.0,0.4,3.0,7.0,355.0,,,,33.0,0.0,,,0.514444,,
2026-08-09T02:20:00+00:00,2026-08-09T02:21:37.947672+00:00,2026-08-09T02:21:37.947672+00:00,2026-08-09 05:10 (Local Time),AVDIMOU,,,,,1,11,19.1,16.3,32.5,18.9,1.3,0.2,3.0,5.0,324.0,,,,41.0,0.0,,,0.668777,,
2026-08-09T03:50:00+00:00,2026-08-09T03:55:33.297306+00:00,2026-08-09T03:55:33.297306+00:00,2026-08-09 06:50 (Local Time),AVDIMOU,,,,,1,11,17.6,17.5,32.5,17.4,1.5,0.0,72.0,49.0,336.0,,,,55.0,0.0,,,0.771666,,
2026-08-09T04:50:00+00:00,2026-08-09T04:56:45.317751+00:00,2026-08-09T04:56:45.317751+00:00,2026-08-09 07:50 (Local Time),AVDIMOU,,,,,1,11,26.7,31.6,32.5,17.4,0.0,0.0,681.0,277.0,---,,,,43.0,0.0,,,0.0,,
2026-08-09T05:40:00+00:00,2026-08-09T05:43:25.690264+00:00,2026-08-09T05:43:25.690264+00:00,2026-08-09 08:30 (Local Time),AVDIMOU,,,,,1,11,32.0,38.7,33.1,17.4,1.5,0.5,811.0,431.0,130.0,,,,33.0,0.0,,,0.771666,,
2026-08-09T06:20:00+00:00,2026-08-09T06:29:17.751415+00:00,2026-08-09T06:29:17.751415+00:00,2026-08-09 09:20 (Local Time),AVDIMOU,,,,,1,11,33.9,45.4,34.1,17.4,2.8,1.2,847.0,603.0,114.0,,,,27.0,0.0,,,1.440443,,
2026-08-09T07:30:00+00:00,2026-08-09T07:36:23.059223+00:00,2026-08-09T07:36:23.059223+00:00,2026-08-09 10:30 (Local Time),AVDIMOU,,,,,1,11,37.4,49.1,37.8,17.4,3.6,1.6,829.0,803.0,230.0,,,,14.0,0.0,,,1.851998,,
2026-08-09T08:20:00+00:00,2026-08-09T08:20:04.649733+00:00,2026-08-09T08:20:04.649733+00:00,2026-08-09 11:10 (Local Time),AVDIMOU,,,,,1,11,38.6,50.7,39.0,17.4,2.5,1.3,793.0,892.0,230.0,,,,13.0,0.0,,,1.28611,,
2026-08-09T09:00:00+00:00,2026-08-09T09:07:17.353512+00:00,2026-08-09T09:07:17.353512+00:00,2026-08-09 12:00 (Local Time),AVDIMOU,,,,,1,11,38.0,50.2,39.0,17.4,3.2,1.6,757.0,969.0,228.0,,,,16.0,0.0,,,1.646221,,
2026-08-09T09:50:00+00:00,2026-08-09T09:55:35.955395+00:00,2026-08-09T09:55:35.955395+00:00,2026-08-09 12:50 (Local Time),AVDIMOU,,,,,1,11,38.0,50.2,39.0,17.4,5.5,2.4,750.0,1000.0,219.0,,,,14.0,0.0,,,2.829442,,
2026-08-09T10:20:00+00:00,2026-08-09T10:24:46.689466+00:00,2026-08-09T10:24:46.689466+00:00,2026-08-09 13:10 (Local Time),AVDIMOU,,,,,1,11,37.9,49.3,39.0,17.4,5.7,2.2,748.0,1002.0,211.0,,,,13.0,0.0,,,2.932331,,
2026-08-09T10:50:00+00:00,2026-08-09T10:59:29.180687+00:00,2026-08-09T10:59:29.180687+00:00,2026-08-09 13:50 (Local Time),AVDIMOU,,,,,1,11,37.3,48.9,39.0,17.4,5.2,2.0,773.0,974.0,228.0,,,,17.0,0.0,,,2.675109,,
2026-08-09T11:30:00+00:00,2026-08-09T11:37:18.426729+00:00,2026-08-09T11:37:18.426729+00:00,2026-08-09 14:30 (Local Time),AVDIMOU,,,,,1,11,36.9,48.6,39.0,17.4,4.9,2.0,826.0,916.0,212.0,,,,25.0,0.0,,,2.520776,,
2026-08-09T12:00:00+00:00,2026-08-09T12:02:31.813611+00:00,2026-08-09T12:02:31.813611+00:00,2026-08-09 14:50 (Local Time),AVDIMOU,,,,,1,11,37.4,50.2,39.0,17.4,2.0,1.1,837.0,860.0,267.0,,,,23.0,0.0,,,1.028888,,
2026-08-09T13:00:00+00:00,2026-08-09T13:08:14.196356+00:00,2026-08-09T13:08:14.196356+00:00,2026-08-09 16:00 (Local Time),AVDIMOU,,,,,1,11,37.3,46.9,39.0,17.4,4.4,1.8,911.0,709.0,222.0,,,,18.0,0.0,,,2.263554,,
2026-08-09T13:50:00+00:00,2026-08-09T13:57:56.225911+00:00,2026-08-09T13:57:56.225911+00:00,2026-08-09 16:50 (Local Time),AVDIMOU,,,,,1,11,37.1,46.3,39.0,17.4,3.3,1.2,909.0,554.0,242.0,,,,21.0,0.0,,,1.697665,,
2026-08-09T14:40:00+00:00,2026-08-09T14:43:24.408366+00:00,2026-08-09T14:43:24.408366+00:00,2026-08-09 17:30 (Local Time),AVDIMOU,,,,,1,11,36.3,44.3,39.0,17.4,3.0,1.2,898.0,420.0,255.0,,,,20.0,0.0,,,1.543332,,
2026-08-09T15:10:00+00:00,2026-08-09T15:10:05.633348+00:00,2026-08-09T15:10:05.633348+00:00,2026-08-09 18:00 (Local Time),AVDIMOU,,,,,1,11,35.6,42.1,39.0,17.4,2.2,1.0,814.0,299.0,257.0,,,,25.0,0.0,,,1.131777,,
2026-08-09T15:40:00+00:00,2026-08-09T15:45:41.374600+00:00,2026-08-09T15:45:41.374600+00:00,2026-08-09 18:40 (Local Time),AVDIMOU,,,,,1,11,33.4,36.3,39.0,17.4,2.4,1.3,267.0,87.0,240.0,,,,36.0,0.0,,,1.234666,,
2026-08-09T16:10:00+00:00,2026-08-09T16:12:53.157654+00:00,2026-08-09T16:12:53.157654+00:00,2026-08-09 19:00 (Local Time),AVDIMOU,,,,,1,11,31.9,31.8,39.0,17.4,1.3,0.6,20.0,46.0,256.0,,,,41.0,0.0,,,0.668777,,
2026-08-09T16:50:00+00:00,2026-08-09T16:53:45.737514+00:00,2026-08-09T16:53:45.737514+00:00,2026-08-09 19:40 (Local Time),AVDIMOU,,,,,1,11,30.3,28.0,39.0,17.4,2.6,1.1,4.0,14.0,167.0,,,,44.0,0.0,,,1.337554,,
2026-08-09T17:10:00+00:00,2026-08-09T17:19:33.187788+00:00,2026-08-09T17:19:33.187788+00:00,2026-08-09 20:10 (Local Time),AVDIMOU,,,,,1,11,29.1,27.0,39.0,17.4,4.0,1.6,3.0,6.0,174.0,,,,52.0,0.0,,,2.057776,,
2026-08-09T17:50:00+00:00,2026-08-09T17:52:58.089573+00:00,2026-08-09T17:52:58.089573+00:00,2026-08-09 20:40 (Local Time),AVDIMOU,,,,,1,11,28.1,25.6,39.0,17.4,1.1,0.2,3.0,5.0,217.0,,,,51.0,0.0,,,0.565888,,
2026-08-09T18:10:00+00:00,2026-08-09T18:18:32.323863+00:00,2026-08-09T18:18:32.323863+00:00,2026-08-09 21:10 (Local Time),AVDIMOU,,,,,1,11,26.6,24.1,27.2,26.3,0.8,0.6,3.0,5.0,280.0,,,,53.0,0.0,,,0.411555,,
2026-08-09T19:00:00+00:00,2026-08-09T19:07:45.429243+00:00,2026-08-09T19:07:45.429243+00:00,2026-08-09 22:00 (Local Time),AVDIMOU,,,,,1,11,24.3,21.6,27.2,24.1,0.9,0.3,3.0,5.0,353.0,,,,58.0,0.0,,,0.463,,
2026-08-09T19:40:00+00:00,2026-08-09T19:47:53.793641+00:00,2026-08-09T19:47:53.793641+00:00,2026-08-09 22:40 (Local Time),AVDIMOU,,,,,1,11,22.7,20.4,27.2,22.6,1.1,0.0,3.0,4.0,322.0,,,,62.0,0.0,,,0.565888,,
2026-08-09T20:10:00+00:00,2026-08-09T20:15:17.863468+00:00,2026-08-09T20:15:17.863468+00:00,2026-08-09 23:10 (Local Time),AVDIMOU,,,,,1,11,22.8,20.3,27.2,22.4,0.0,0.4,3.0,4.0,101.0,,,,58.0,0.0,,,0.0,,
2026-08-09T20:50:00+00:00,2026-08-09T20:53:07.600379+00:00,2026-08-09T20:53:07.600379+00:00,2026-08-09 23:40 (Local Time),AVDIMOU,,,,,1,11,22.2,19.8,27.2,22.1,0.9,0.2,3.0,4.0,337.0,,,,57.0,0.0,,,0.463,,
2026-08-09T21:10:00+00:00,2026-08-09T21:18:24.789409+00:00,2026-08-09T21:18:24.789409+00:00,2026-08-10 00:10 (Local Time),AVDIMOU,,,,,1,11,21.1,19.2,27.2,21.0,0.8,0.3,3.0,4.0,279.0,,,,60.0,0.0,,,0.411555,,
2026-08-09T21:50:00+00:00,2026-08-09T21:53:54.389767+00:00,2026-08-09T21:53:54.389767+00:00,2026-08-10 00:40 (Local Time),AVDIMOU,,,,,1,11,21.4,19.2,27.2,20.9,1.4,0.2,3.0,4.0,345.0,,,,55.0,0.0,,,0.720222,,
2026-08-09T22:10:00+00:00,2026-08-09T22:17:12.557318+00:00,2026-08-09T22:17:12.557318+00:00,2026-08-10 01:10 (Local Time),AVDIMOU,,,,,1,11,21.1,18.7,27.2,20.9,1.1,0.1,3.0,4.0,185.0,,,,53.0,0.0,,,0.565888,,
2026-08-09T22:50:00+00:00,2026-08-09T22:54:55.372124+00:00,2026-08-09T22:54:55.372124+00:00,2026-08-10 01:40 (Local Time),AVDIMOU,,,,,1,11,21.4,19.0,27.2,20.8,0.0,0.4,3.0,3.0,322.0,,,,48.0,0.0,,,0.0,,
2026-08-09T23:20:00+00:00,2026-08-09T23:21:24.254632+00:00,2026-08-09T23:21:24.254632+00:00,2026-08-10 02:10 (Local Time),AVDIMOU,,,,,1,11,21.4,18.1,27.2,20.8,0.6,0.0,3.0,4.0,311.0,,,,48.0,0.0,,,0.308666,,
2026-08-09T23:50:00+00:00,2026-08-09T23:52:50.059315+00:00,2026-08-09T23:52:50.059315+00:00,2026-08-10 02:40 (Local Time),AVDIMOU,,,,,1,11,21.5,18.9,27.2,20.7,1.6,0.1,3.0,4.0,343.0,,,,44.0,0.0,,,0.82311,,
2026-08-10T00:30:00+00:00,2026-08-10T00:39:29.751362+00:00,2026-08-10T00:39:29.751362+00:00,2026-08-10 03:30 (Local Time),AVDIMOU,,,,,1,11,20.3,17.7,27.2,19.9,1.5,0.1,3.0,5.0,324.0,,,,46.0,0.0,,,0.771666,,
2026-08-10T02:50:00+00:00,2026-08-10T02:58:39.043101+00:00,2026-08-10T02:58:39.043101+00:00,2026-08-10 05:50 (Local Time),AVDIMOU,,,,,1,11,18.4,16.0,27.2,17.7,1.6,0.1,3.0,6.0,325.0,,,,42.0,0.0,,,0.82311,,
2026-08-10T04:40:00+00:00,2026-08-10T04:46:50.439955+00:00,2026-08-10T04:46:50.439955+00:00,2026-08-10 07:40 (Local Time),AVDIMOU,,,,,1,11,23.9,28.1,27.2,17.4,1.1,0.0,553.0,204.0,348.0,,,,41.0,0.0,,,0.565888,,
2026-08-10T06:00:00+00:00,2026-08-10T06:02:46.486812+00:00,2026-08-10T06:02:46.486812+00:00,2026-08-10 08:50 (Local Time),AVDIMOU,,,,,1,11,30.5,39.6,30.5,17.4,2.1,1.0,818.0,490.0,122.0,,,,36.0,0.0,,,1.080332,,
2026-08-10T07:50:00+00:00,2026-08-10T07:57:58.211688+00:00,2026-08-10T07:57:58.211688+00:00,2026-08-10 10:50 (Local Time),AVDIMOU,,,,,1,11,32.6,47.2,32.8,17.4,2.4,1.4,794.0,826.0,141.0,,,,36.0,0.0,,,1.234666,,
2026-08-10T09:40:00+00:00,2026-08-10T09:41:53.296924+00:00,2026-08-10T09:41:53.296924+00:00,2026-08-10 12:30 (Local Time),AVDIMOU,,,,,1,11,34.2,48.8,34.4,17.4,3.4,1.7,745.0,972.0,359.0,,,,37.0,0.0,,,1.74911,,
2026-08-10T10:40:00+00:00,2026-08-10T10:46:54.456294+00:00,2026-08-10T10:46:54.456294+00:00,2026-08-10 13:40 (Local Time),AVDIMOU,,,,,1,11,37.6,49.5,38.0,17.4,4.3,1.7,757.0,977.0,236.0,,,,19.0,0.0,,,2.212109,,
2026-08-10T11:30:00+00:00,2026-08-10T11:35:05.549664+00:00,2026-08-10T11:35:05.549664+00:00,2026-08-10 14:30 (Local Time),AVDIMOU,,,,,1,11,36.8,48.9,38.1,17.4,4.2,1.8,818.0,907.0,227.0,,,,28.0,0.0,,,2.160665,,
2026-08-10T12:20:00+00:00,2026-08-10T12:26:52.714657+00:00,2026-08-10T12:26:52.714657+00:00,2026-08-10 15:20 (Local Time),AVDIMOU,,,,,1,11,37.7,48.7,38.1,17.4,5.3,1.7,862.0,801.0,244.0,,,,19.0,0.0,,,2.726553,,
2026-08-10T13:50:00+00:00,2026-08-10T13:53:41.600514+00:00,2026-08-10T13:53:41.600514+00:00,2026-08-10 16:40 (Local Time),AVDIMOU,,,,,1,11,37.6,47.3,38.4,17.4,3.4,1.4,874.0,564.0,274.0,,,,20.0,0.0,,,1.74911,,
2026-08-10T14:40:00+00:00,2026-08-10T14:48:16.097932+00:00,2026-08-10T14:48:16.097932+00:00,2026-08-10 17:40 (Local Time),AVDIMOU,,,,,1,11,36.6,44.4,38.4,17.4,2.2,1.1,802.0,357.0,268.0,,,,23.0,0.0,,,1.131777,,
2026-08-10T15:40:00+00:00,2026-08-10T15:44:43.495590+00:00,2026-08-10T15:44:43.495590+00:00,2026-08-10 18:30 (Local Time),AVDIMOU,,,,,1,11,35.0,39.5,38.4,17.4,2.4,0.8,574.0,152.0,274.0,,,,27.0,0.0,,,1.234666,,
2026-08-10T16:30:00+00:00,2026-08-10T16:34:02.246138+00:00,2026-08-10T16:34:02.246138+00:00,2026-08-10 19:20 (Local Time),AVDIMOU,,,,,1,11,32.0,31.2,38.4,17.4,0.7,0.3,12.0,32.0,294.0,,,,39.0,0.0,,,0.360111,,
2026-08-10T17:30:00+00:00,2026-08-10T17:30:16.341259+00:00,2026-08-10T17:30:16.341259+00:00,2026-08-10 20:20 (Local Time),AVDIMOU,,,,,1,11,30.1,26.9,38.4,17.4,1.7,0.9,4.0,7.0,150.0,,,,33.0,0.0,,,0.874555,,
2026-08-10T18:20:00+00:00,2026-08-10T18:26:27.201388+00:00,2026-08-10T18:26:27.201388+00:00,2026-08-10 21:20 (Local Time),AVDIMOU,,,,,1,11,28.4,25.1,29.3,28.4,2.5,0.7,3.0,7.0,171.0,,,,40.0,0.0,,,1.28611,,
2026-08-10T19:20:00+00:00,2026-08-10T19:28:59.871035+00:00,2026-08-10T19:28:59.871035+00:00,2026-08-10 22:20 (Local Time),AVDIMOU,,,,,1,11,26.3,23.0,29.3,26.2,1.4,0.0,3.0,5.0,240.0,,,,42.0,0.0,,,0.720222,,
2026-08-10T20:10:00+00:00,2026-08-10T20:10:10.267888+00:00,2026-08-10T20:10:10.267888+00:00,2026-08-10 23:00 (Local Time),AVDIMOU,,,,,1,11,27.5,23.2,29.3,25.9,3.0,1.2,3.0,4.0,194.0,,,,33.0,0.0,,,1.543332,,
2026-08-10T21:00:00+00:00,2026-08-10T21:01:27.703633+00:00,2026-08-10T21:01:27.703633+00:00,2026-08-10 23:50 (Local Time),AVDIMOU,,,,,1,11,28.5,24.1,29.3,25.9,1.5,0.4,3.0,7.0,209.0,,,,26.0,0.0,,,0.771666,,
2026-08-10T21:50:00+00:00,2026-08-10T21:51:28.895014+00:00,2026-08-10T21:51:28.895014+00:00,2026-08-11 00:40 (Local Time),AVDIMOU,,,,,1,11,26.7,22.6,29.3,25.9,0.0,0.1,3.0,7.0,295.0,,,,29.0,0.0,,,0.0,,
2026-08-10T22:20:00+00:00,2026-08-10T22:22:14.231228+00:00,2026-08-10T22:22:14.231228+00:00,2026-08-11 01:10 (Local Time),AVDIMOU,,,,,1,11,24.8,21.9,29.3,24.6,1.4,0.2,3.0,6.0,287.0,,,,32.0,0.0,,,0.720222,,
2026-08-10T23:00:00+00:00,2026-08-10T23:01:19.865679+00:00,2026-08-10T23:01:19.865679+00:00,2026-08-11 01:50 (Local Time),AVDIMOU,,,,,1,11,23.6,20.7,29.3,23.5,1.2,0.0,3.0,6.0,338.0,,,,37.0,0.0,,,0.617333,,
2026-08-10T23:40:00+00:00,2026-08-10T23:43:03.265406+00:00,2026-08-10T23:43:03.265406+00:00,2026-08-11 02:30 (Local Time),AVDIMOU,,,,,1,11,23.1,20.4,29.3,22.7,1.4,0.2,3.0,5.0,312.0,,,,37.0,0.0,,,0.720222,,
2026-08-11T00:30:00+00:00,2026-08-11T00:33:00.460386+00:00,2026-08-11T00:33:00.460386+00:00,2026-08-11 03:20 (Local Time),AVDIMOU,,,,,1,11,21.3,19.6,29.3,21.2,1.1,0.0,3.0,5.0,298.0,,,,44.0,0.0,,,0.565888,,
2026-08-11T02:30:00+00:00,2026-08-11T02:36:50.323663+00:00,2026-08-11T02:36:50.323663+00:00,2026-08-11 05:30 (Local Time),AVDIMOU,,,,,1,11,19.9,18.6,29.3,19.6,1.2,0.0,3.0,6.0,356.0,,,,58.0,0.0,,,0.617333,,
2026-08-11T04:00:00+00:00,2026-08-11T04:04:35.896730+00:00,2026-08-11T04:04:35.896730+00:00,2026-08-11 06:50 (Local Time),AVDIMOU,,,,,1,11,20.4,20.4,29.3,19.4,1.8,0.0,50.0,42.0,344.0,,,,61.0,0.0,,,0.925999,,
2026-08-11T05:10:00+00:00,2026-08-11T05:17:13.401393+00:00,2026-08-11T05:17:13.401393+00:00,2026-08-11 08:10 (Local Time),AVDIMOU,,,,,1,11,30.2,36.2,30.3,19.4,2.5,0.9,702.0,332.0,148.0,,,,39.0,0.0,,,1.28611,,
2026-08-11T06:10:00+00:00,2026-08-11T06:10:20.660196+00:00,2026-08-11T06:10:20.660196+00:00,2026-08-11 09:00 (Local Time),AVDIMOU,,,,,1,11,31.0,39.9,31.3,19.4,3.0,1.2,779.0,501.0,143.0,,,,45.0,0.0,,,1.543332,,
2026-08-11T07:30:00+00:00,2026-08-11T07:36:16.792639+00:00,2026-08-11T07:36:16.792639+00:00,2026-08-11 10:30 (Local Time),AVDIMOU,,,,,1,11,31.8,44.8,32.0,19.4,3.1,1.3,789.0,764.0,151.0,,,,54.0,0.0,,,1.594776,,
2026-08-11T08:30:00+00:00,2026-08-11T08:33:36.893700+00:00,2026-08-11T08:33:36.893700+00:00,2026-08-11 11:20 (Local Time),AVDIMOU,,,,,1,11,32.2,46.9,32.7,19.4,3.2,1.4,746.0,863.0,125.0,,,,53.0,0.0,,,1.646221,,
2026-08-11T09:30:00+00:00,2026-08-11T09:34:19.847222+00:00,2026-08-11T09:34:19.847222+00:00,2026-08-11 12:20 (Local Time),AVDIMOU,,,,,1,11,32.4,48.3,32.8,19.4,3.3,1.8,716.0,939.0,122.0,,,,52.0,0.0,,,1.697665,,
2026-08-11T10:20:00+00:00,2026-08-11T10:28:06.549834+00:00,2026-08-11T10:28:06.549834+00:00,2026-08-11 13:20 (Local Time),AVDIMOU,,,,,1,11,33.7,49.1,34.0,19.4,3.4,1.6,690.0,952.0,156.0,,,,44.0,0.0,,,1.74911,,
2026-08-11T11:20:00+00:00,2026-08-11T11:23:56.753994+00:00,2026-08-11T11:23:56.753994+00:00,2026-08-11 14:10 (Local Time),AVDIMOU,,,,,1,11,35.9,49.4,36.3,19.4,3.6,1.8,735.0,890.0,224.0,,,,37.0,0.0,,,1.851998,,
2026-08-11T12:00:00+00:00,2026-08-11T12:03:24.541695+00:00,2026-08-11T12:03:24.541695+00:00,2026-08-11 14:50 (Local Time),AVDIMOU,,,,,1,11,36.1,48.6,36.3,19.4,4.3,1.9,783.0,824.0,230.0,,,,41.0,0.0,,,2.212109,,
2026-08-11T13:20:00+00:00,2026-08-11T13:25:14.701370+00:00,2026-08-11T13:25:14.701370+00:00,2026-08-11 16:20 (Local Time),AVDIMOU,,,,,1,11,34.4,43.2,36.9,19.4,5.1,1.9,507.0,475.0,217.0,,,,51.0,0.0,,,2.623664,,
2026-08-11T14:30:00+00:00,2026-08-11T14:34:23.931866+00:00,2026-08-11T14:34:23.931866+00:00,2026-08-11 17:20 (Local Time),AVDIMOU,,,,,1,11,32.6,40.1,36.9,19.4,4.0,1.8,634.0,432.0,224.0,,,,57.0,0.0,,,2.057776,,
2026-08-11T15:30:00+00:00,2026-08-11T15:32:01.832456+00:00,2026-08-11T15:32:01.832456+00:00,2026-08-11 18:20 (Local Time),AVDIMOU,,,,,1,11,33.2,39.5,36.9,19.4,1.9,1.0,616.0,229.0,235.0,,,,52.0,0.0,,,0.977444,,
2026-08-11T16:20:00+00:00,2026-08-11T16:27:38.489469+00:00,2026-08-11T16:27:38.489469+00:00,2026-08-11 19:20 (Local Time),AVDIMOU,,,,,1,11,30.6,31.1,36.9,19.4,3.7,1.1,14.0,31.0,208.0,,,,61.0,0.0,,,1.903443,,
2026-08-11T17:30:00+00:00,2026-08-11T17:31:44.291255+00:00,2026-08-11T17:31:44.291255+00:00,2026-08-11 20:20 (Local Time),AVDIMOU,,,,,1,11,28.9,28.2,36.9,19.4,3.0,1.2,3.0,5.0,242.0,,,,68.0,0.0,,,1.543332,,
2026-08-11T18:20:00+00:00,2026-08-11T18:27:39.342591+00:00,2026-08-11T18:27:39.342591+00:00,2026-08-11 21:20 (Local Time),AVDIMOU,,,,,1,11,28.4,27.6,28.7,28.3,2.4,0.7,3.0,6.0,227.0,,,,71.0,0.0,,,1.234666,,
2026-08-11T19:30:00+00:00,2026-08-11T19:38:20.612140+00:00,2026-08-11T19:38:20.612140+00:00,2026-08-11 22:30 (Local Time),AVDIMOU,,,,,1,11,28.1,26.6,28.7,27.9,1.8,0.4,3.0,5.0,218.0,,,,68.0,0.0,,,0.925999,,
2026-08-11T20:20:00+00:00,2026-08-11T20:23:27.620710+00:00,2026-08-11T20:23:27.620710+00:00,2026-08-11 23:10 (Local Time),AVDIMOU,,,,,1,11,27.3,25.2,28.7,27.2,1.1,0.1,3.0,5.0,211.0,,,,70.0,0.0,,,0.565888,,
2026-08-11T21:00:00+00:00,2026-08-11T21:09:30.052326+00:00,2026-08-11T21:09:30.052326+00:00,2026-08-12 00:00 (Local Time),AVDIMOU,,,,,1,11,26.9,24.4,28.7,26.9,0.7,0.7,3.0,4.0,44.0,,,,69.0,0.0,,,0.360111,,
2026-08-11T22:00:00+00:00,2026-08-11T22:03:39.996474+00:00,2026-08-11T22:03:39.996474+00:00,2026-08-12 00:50 (Local Time),AVDIMOU,,,,,1,11,25.6,23.1,28.7,25.4,1.5,0.5,3.0,6.0,351.0,,,,71.0,0.0,,,0.771666,,
2026-08-11T22:50:00+00:00,2026-08-11T22:55:08.383408+00:00,2026-08-11T22:55:08.383408+00:00,2026-08-12 01:50 (Local Time),AVDIMOU,,,,,1,11,23.2,21.2,28.7,23.1,1.2,0.3,3.0,5.0,309.0,,,,78.0,0.0,,,0.617333,,
2026-08-11T23:30:00+00:00,2026-08-11T23:30:31.620681+00:00,2026-08-11T23:30:31.620681+00:00,2026-08-12 02:20 (Local Time),AVDIMOU,,,,,1,11,22.8,20.8,28.7,22.7,1.0,0.0,3.0,4.0,354.0,,,,79.0,0.0,,,0.514444,,
2026-08-12T00:00:00+00:00,2026-08-12T00:09:10.946103+00:00,2026-08-12T00:09:10.946103+00:00,2026-08-12 03:00 (Local Time),AVDIMOU,,,,,1,11,21.7,20.1,28.7,21.6,1.0,0.2,3.0,4.0,294.0,,,,81.0,0.0,,,0.514444,,
2026-08-12T02:40:00+00:00,2026-08-12T02:43:21.172824+00:00,2026-08-12T02:43:21.172824+00:00,2026-08-12 05:30 (Local Time),AVDIMOU,,,,,1,11,20.5,18.6,28.7,20.4,1.5,0.1,3.0,3.0,330.0,,,,75.0,0.0,,,0.771666,,
2026-08-12T04:20:00+00:00,2026-08-12T04:27:53.042813+00:00,2026-08-12T04:27:53.042813+00:00,2026-08-12 07:20 (Local Time),AVDIMOU,,,,,1,11,22.5,25.5,28.7,19.6,0.8,0.0,152.0,113.0,341.0,,,,73.0,0.0,,,0.411555,,
2026-08-12T06:00:00+00:00,2026-08-12T06:01:04.525392+00:00,2026-08-12T06:01:04.525392+00:00,2026-08-12 08:50 (Local Time),AVDIMOU,,,,,1,11,30.6,40.2,30.8,19.6,2.8,1.2,783.0,470.0,114.0,,,,53.0,0.0,,,1.440443,,
2026-08-12T07:40:00+00:00,2026-08-12T07:44:21.477515+00:00,2026-08-12T07:44:21.477515+00:00,2026-08-12 10:30 (Local Time),AVDIMOU,,,,,1,11,31.2,44.4,31.5,19.6,3.8,1.9,787.0,755.0,131.0,,,,60.0,0.0,,,1.954887,,
2026-08-12T08:50:00+00:00,2026-08-12T08:51:50.529353+00:00,2026-08-12T08:51:50.529353+00:00,2026-08-12 11:40 (Local Time),AVDIMOU,,,,,1,11,33.4,48.1,33.6,19.6,4.2,2.1,744.0,894.0,132.0,,,,51.0,0.0,,,2.160665,,
2026-08-12T09:50:00+00:00,2026-08-12T09:50:29.059325+00:00,2026-08-12T09:50:29.059325+00:00,2026-08-12 12:40 (Local Time),AVDIMOU,,,,,1,11,34.7,48.6,35.1,19.6,4.7,1.8,702.0,937.0,192.0,,,,52.0,0.0,,,2.417887,,
2026-08-12T10:40:00+00:00,2026-08-12T10:45:58.935709+00:00,2026-08-12T10:45:58.935709+00:00,2026-08-12 13:40 (Local Time),AVDIMOU,,,,,1,11,35.6,48.6,36.1,19.6,4.6,1.8,693.0,933.0,228.0,,,,43.0,0.0,,,2.366442,,
2026-08-12T11:30:00+00:00,2026-08-12T11:33:21.019094+00:00,2026-08-12T11:33:21.019094+00:00,2026-08-12 14:20 (Local Time),AVDIMOU,,,,,1,11,36.8,51.3,37.0,19.6,3.7,1.8,756.0,918.0,172.0,,,,39.0,0.0,,,1.903443,,
2026-08-12T12:20:00+00:00,2026-08-12T12:27:17.677177+00:00,2026-08-12T12:27:17.677177+00:00,2026-08-12 15:20 (Local Time),AVDIMOU,,,,,1,11,36.6,48.5,37.8,19.6,6.3,2.3,838.0,886.0,224.0,,,,33.0,0.0,,,3.240997,,
2026-08-12T13:50:00+00:00,2026-08-12T13:55:34.555976+00:00,2026-08-12T13:55:34.555976+00:00,2026-08-12 16:50 (Local Time),AVDIMOU,,,,,1,11,34.2,39.7,37.8,19.6,5.5,2.5,278.0,270.0,217.0,,,,32.0,0.0,,,2.829442,,
2026-08-12T14:50:00+00:00,2026-08-12T14:50:55.262533+00:00,2026-08-12T14:50:55.262533+00:00,2026-08-12 17:40 (Local Time),AVDIMOU,,,,,1,11,34.2,40.7,37.8,19.6,2.9,1.2,734.0,350.0,255.0,,,,39.0,0.0,,,1.491888,,
2026-08-12T15:40:00+00:00,2026-08-12T15:44:18.813519+00:00,2026-08-12T15:44:18.813519+00:00,2026-08-12 18:30 (Local Time),AVDIMOU,,,,,1,11,33.8,37.8,37.8,19.6,1.3,0.9,575.0,158.0,251.0,,,,38.0,0.0,,,0.668777,,
2026-08-12T16:30:00+00:00,2026-08-12T16:37:10.627113+00:00,2026-08-12T16:37:10.627113+00:00,2026-08-12 19:30 (Local Time),AVDIMOU,,,,,1,11,30.7,30.5,37.8,19.6,3.7,1.6,6.0,20.0,155.0,,,,62.0,0.0,,,1.903443,,
2026-08-12T17:30:00+00:00,2026-08-12T17:36:27.487291+00:00,2026-08-12T17:36:27.487291+00:00,2026-08-12 20:30 (Local Time),AVDIMOU,,,,,1,11,29.5,27.9,37.8,19.6,2.8,1.1,3.0,6.0,165.0,,,,66.0,0.0,,,1.440443,,
2026-08-12T18:30:00+00:00,2026-08-12T18:31:13.650367+00:00,2026-08-12T18:31:13.650367+00:00,2026-08-12 21:20 (Local Time),AVDIMOU,,,,,1,11,30.3,27.7,30.5,28.5,2.7,0.6,3.0,5.0,307.0,,,,43.0,0.0,,,1.388999,,
2026-08-12T19:40:00+00:00,2026-08-12T19:41:22.649184+00:00,2026-08-12T19:41:22.649184+00:00,2026-08-12 22:30 (Local Time),AVDIMOU,,,,,1,11,26.6,23.0,30.5,26.6,0.9,0.0,3.0,6.0,273.0,,,,52.0,0.0,,,0.463,,
2026-08-12T20:20:00+00:00,2026-08-12T20:22:06.838430+00:00,2026-08-12T20:22:06.838430+00:00,2026-08-12 23:10 (Local Time),AVDIMOU,,,,,1,11,26.7,22.6,30.5,26.3,0.9,0.1,3.0,7.0,298.0,,,,48.0,0.0,,,0.463,,
2026-08-12T21:00:00+00:00,2026-08-12T21:08:58.388264+00:00,2026-08-12T21:08:58.388264+00:00,2026-08-13 00:00 (Local Time),AVDIMOU,,,,,1,11,28.3,24.7,30.5,26.3,2.0,0.7,3.0,5.0,305.0,,,,43.0,0.0,,,1.028888,,
2026-08-12T22:00:00+00:00,2026-08-12T22:01:42.781880+00:00,2026-08-12T22:01:42.781880+00:00,2026-08-13 00:50 (Local Time),AVDIMOU,,,,,1,11,26.7,23.0,30.5,26.3,1.3,0.6,3.0,5.0,289.0,,,,44.0,0.0,,,0.668777,,
2026-08-12T22:50:00+00:00,2026-08-12T22:52:01.883132+00:00,2026-08-12T22:52:01.883132+00:00,2026-08-13 01:40 (Local Time),AVDIMOU,,,,,1,11,23.4,20.9,30.5,23.3,1.0,0.4,3.0,6.0,292.0,,,,54.0,0.0,,,0.514444,,
2026-08-12T23:20:00+00:00,2026-08-12T23:25:54.011752+00:00,2026-08-12T23:25:54.011752+00:00,2026-08-13 02:20 (Local Time),AVDIMOU,,,,,1,11,22.6,20.6,30.5,22.5,0.6,0.8,3.0,5.0,133.0,,,,55.0,0.0,,,0.308666,,
2026-08-13T00:00:00+00:00,2026-08-13T00:05:18.586258+00:00,2026-08-13T00:05:18.586258+00:00,2026-08-13 03:00 (Local Time),AVDIMOU,,,,,1,11,23.7,21.0,30.5,22.5,1.2,0.9,3.0,4.0,355.0,,,,48.0,0.0,,,0.617333,,
2026-08-13T02:40:00+00:00,2026-08-13T02:40:09.952418+00:00,2026-08-13T02:40:09.952418+00:00,2026-08-13 05:30 (Local Time),AVDIMOU,,,,,1,11,20.6,18.4,30.5,20.3,1.5,0.1,3.0,4.0,319.0,,,,54.0,0.0,,,0.771666,,
2026-08-13T04:20:00+00:00,2026-08-13T04:29:25.179528+00:00,2026-08-13T04:29:25.179528+00:00,2026-08-13 07:20 (Local Time),AVDIMOU,,,,,1,11,22.4,25.1,30.5,19.4,1.0,0.0,180.0,116.0,329.0,,,,63.0,0.0,,,0.514444,,
2026-08-13T06:00:00+00:00,2026-08-13T06:01:11.123227+00:00,2026-08-13T06:01:11.123227+00:00,2026-08-13 08:50 (Local Time),AVDIMOU,,,,,1,11,31.3,40.3,31.4,19.4,1.8,0.8,788.0,470.0,111.0,,,,48.0,0.0,,,0.925999,,
2026-08-13T07:40:00+00:00,2026-08-13T07:46:13.880999+00:00,2026-08-13T07:46:13.880999+00:00,2026-08-13 10:40 (Local Time),AVDIMOU,,,,,1,11,34.6,48.2,34.9,19.4,2.9,1.4,788.0,781.0,167.0,,,,43.0,0.0,,,1.491888,,
2026-08-13T08:50:00+00:00,2026-08-13T08:55:42.010635+00:00,2026-08-13T08:55:42.010635+00:00,2026-08-13 11:50 (Local Time),AVDIMOU,,,,,1,11,34.8,48.3,35.3,19.4,3.3,1.5,731.0,900.0,224.0,,,,48.0,0.0,,,1.697665,,
2026-08-13T09:50:00+00:00,2026-08-13T09:55:55.119566+00:00,2026-08-13T09:55:55.119566+00:00,2026-08-13 12:50 (Local Time),AVDIMOU,,,,,1,11,34.8,49.8,35.3,19.4,3.5,1.5,696.0,938.0,221.0,,,,47.0,0.0,,,1.800554,,
2026-08-13T10:50:00+00:00,2026-08-13T10:56:04.203388+00:00,2026-08-13T10:56:04.203388+00:00,2026-08-13 13:50 (Local Time),AVDIMOU,,,,,1,11,36.1,48.6,36.4,19.4,4.2,1.7,705.0,915.0,231.0,,,,36.0,0.0,,,2.160665,,
2026-08-13T11:40:00+00:00,2026-08-13T11:41:40.799668+00:00,2026-08-13T11:41:40.799668+00:00,2026-08-13 14:30 (Local Time),AVDIMOU,,,,,1,11,35.0,46.8,37.0,19.4,7.8,3.0,734.0,861.0,202.0,,,,45.0,0.0,,,4.012663,,
2026-08-13T12:30:00+00:00,2026-08-13T12:31:54.694368+00:00,2026-08-13T12:31:54.694368+00:00,2026-08-13 15:20 (Local Time),AVDIMOU,,,,,1,11,35.3,46.3,37.0,19.4,6.0,2.0,798.0,758.0,206.0,,,,40.0,0.0,,,3.086664,,
2026-08-13T14:00:00+00:00,2026-08-13T14:01:39.147507+00:00,2026-08-13T14:01:39.147507+00:00,2026-08-13 16:50 (Local Time),AVDIMOU,,,,,1,11,36.1,44.1,37.0,19.4,5.1,1.8,805.0,497.0,252.0,,,,36.0,0.0,,,2.623664,,
2026-08-13T15:00:00+00:00,2026-08-13T15:05:43.883263+00:00,2026-08-13T15:05:43.883263+00:00,2026-08-13 18:00 (Local Time),AVDIMOU,,,,,1,11,34.8,40.7,37.0,19.4,2.6,1.6,686.0,266.0,225.0,,,,44.0,0.0,,,1.337554,,
2026-08-13T16:00:00+00:00,2026-08-13T16:06:14.680058+00:00,2026-08-13T16:06:14.680058+00:00,2026-08-13 19:00 (Local Time),AVDIMOU,,,,,1,11,32.1,32.7,37.0,19.4,3.6,1.8,25.0,47.0,177.0,,,,52.0,0.0,,,1.851998,,
2026-08-13T17:00:00+00:00,2026-08-13T17:08:11.028003+00:00,2026-08-13T17:08:11.028003+00:00,2026-08-13 20:00 (Local Time),AVDIMOU,,,,,1,11,29.8,28.8,37.0,19.4,1.0,0.4,3.0,6.0,217.0,,,,58.0,0.0,,,0.514444,,
2026-08-13T18:00:00+00:00,2026-08-13T18:06:31.195871+00:00,2026-08-13T18:06:31.195871+00:00,2026-08-13 21:00 (Local Time),AVDIMOU,,,,,1,11,30.0,28.2,29.9,29.9,2.7,1.1,3.0,6.0,175.0,,,,53.0,0.0,,,1.388999,,
2026-08-13T19:10:00+00:00,2026-08-13T19:16:09.986694+00:00,2026-08-13T19:16:09.986694+00:00,2026-08-13 22:10 (Local Time),AVDIMOU,,,,,1,11,29.0,25.6,30.7,28.8,0.0,0.5,3.0,5.0,144.0,,,,42.0,0.0,,,0.0,,
2026-08-13T20:00:00+00:00,2026-08-13T20:00:40.642131+00:00,2026-08-13T20:00:40.642131+00:00,2026-08-13 22:50 (Local Time),AVDIMOU,,,,,1,11,29.9,26.8,30.7,28.8,2.3,0.9,3.0,5.0,150.0,,,,42.0,0.0,,,1.183221,,
2026-08-13T20:50:00+00:00,2026-08-13T20:54:38.596603+00:00,2026-08-13T20:54:38.596603+00:00,2026-08-13 23:40 (Local Time),AVDIMOU,,,,,1,11,28.2,25.2,30.7,27.9,1.1,0.5,3.0,6.0,238.0,,,,46.0,0.0,,,0.565888,,
2026-08-13T21:30:00+00:00,2026-08-13T21:34:00.702086+00:00,2026-08-13T21:34:00.702086+00:00,2026-08-14 00:20 (Local Time),AVDIMOU,,,,,1,11,28.7,26.5,30.7,27.9,0.5,0.7,3.0,7.0,338.0,,,,49.0,0.0,,,0.257222,,
2026-08-13T22:20:00+00:00,2026-08-13T22:21:27.788400+00:00,2026-08-13T22:21:27.788400+00:00,2026-08-14 01:10 (Local Time),AVDIMOU,,,,,1,11,29.5,26.7,30.7,27.9,2.9,1.4,3.0,5.0,92.0,,,,35.0,0.0,,,1.491888,,
2026-08-13T23:00:00+00:00,2026-08-13T23:08:00.072714+00:00,2026-08-13T23:08:00.072714+00:00,2026-08-14 02:00 (Local Time),AVDIMOU,,,,,1,11,27.9,26.3,30.7,27.6,0.0,0.7,3.0,7.0,37.0,,,,45.0,0.0,,,0.0,,
2026-08-13T23:50:00+00:00,2026-08-13T23:57:33.689670+00:00,2026-08-13T23:57:33.689670+00:00,2026-08-14 02:50 (Local Time),AVDIMOU,,,,,1,11,26.5,25.1,30.7,26.4,1.0,0.3,3.0,6.0,346.0,,,,51.0,0.0,,,0.514444,,
2026-08-14T02:30:00+00:00,2026-08-14T02:34:55.492883+00:00,2026-08-14T02:34:55.492883+00:00,2026-08-14 05:20 (Local Time),AVDIMOU,,,,,1,11,24.1,23.0,30.7,24.0,1.5,0.3,3.0,6.0,297.0,,,,56.0,0.0,,,0.771666,,
2026-08-14T04:20:00+00:00,2026-08-14T04:25:15.432463+00:00,2026-08-14T04:25:15.432463+00:00,2026-08-14 07:20 (Local Time),AVDIMOU,,,,,1,11,25.6,28.1,30.7,23.9,0.7,0.0,46.0,107.0,308.0,,,,60.0,0.0,,,0.360111,,
2026-08-14T05:50:00+00:00,2026-08-14T05:52:19.619395+00:00,2026-08-14T05:52:19.619395+00:00,2026-08-14 08:40 (Local Time),AVDIMOU,,,,,1,11,31.5,37.3,32.1,23.9,1.1,0.7,377.0,280.0,135.0,,,,49.0,0.0,,,0.565888,,
2026-08-14T07:00:00+00:00,2026-08-14T07:00:37.813994+00:00,2026-08-14T07:00:37.813994+00:00,2026-08-14 09:50 (Local Time),AVDIMOU,,,,,1,11,31.4,38.3,32.1,23.9,2.5,1.1,215.0,289.0,123.0,,,,52.0,0.0,,,1.28611,,
2026-08-14T08:20:00+00:00,2026-08-14T08:23:11.536565+00:00,2026-08-14T08:23:11.536565+00:00,2026-08-14 11:10 (Local Time),AVDIMOU,,,,,1,11,33.5,46.3,34.2,23.9,3.8,2.0,548.0,655.0,147.0,,,,51.0,0.0,,,1.954887,,
2026-08-14T09:30:00+00:00,2026-08-14T09:30:49.650407+00:00,2026-08-14T09:30:49.650407+00:00,2026-08-14 12:20 (Local Time),AVDIMOU,,,,,1,11,35.2,49.0,35.6,23.9,3.7,1.9,745.0,943.0,202.0,,,,47.0,0.0,,,1.903443,,
2026-08-14T10:30:00+00:00,2026-08-14T10:34:52.406851+00:00,2026-08-14T10:34:52.406851+00:00,2026-08-14 13:20 (Local Time),AVDIMOU,,,,,1,11,34.8,48.3,35.6,23.9,5.7,2.8,693.0,947.0,199.0,,,,47.0,0.0,,,2.932331,,
2026-08-14T11:20:00+00:00,2026-08-14T11:23:07.130746+00:00,2026-08-14T11:23:07.130746+00:00,2026-08-14 14:10 (Local Time),AVDIMOU,,,,,1,11,34.3,47.6,35.6,23.9,4.7,2.3,728.0,927.0,195.0,,,,55.0,0.0,,,2.417887,,
2026-08-14T12:00:00+00:00,2026-08-14T12:02:27.605860+00:00,2026-08-14T12:02:27.605860+00:00,2026-08-14 14:50 (Local Time),AVDIMOU,,,,,1,11,35.3,50.3,35.6,23.9,3.4,1.5,813.0,921.0,199.0,,,,48.0,0.0,,,1.74911,,
2026-08-14T13:20:00+00:00,2026-08-14T13:24:30.997207+00:00,2026-08-14T13:24:30.997207+00:00,2026-08-14 16:10 (Local Time),AVDIMOU,,,,,1,11,34.5,43.4,36.2,23.9,5.3,2.2,425.0,443.0,216.0,,,,50.0,0.0,,,2.726553,,
2026-08-14T14:20:00+00:00,2026-08-14T14:29:15.717624+00:00,2026-08-14T14:29:15.717624+00:00,2026-08-14 17:20 (Local Time),AVDIMOU,,,,,1,11,36.0,44.5,36.3,23.9,4.0,1.6,844.0,451.0,215.0,,,,34.0,0.0,,,2.057776,,
2026-08-14T15:20:00+00:00,2026-08-14T15:23:54.965103+00:00,2026-08-14T15:23:54.965103+00:00,2026-08-14 18:10 (Local Time),AVDIMOU,,,,,1,11,35.1,40.6,36.5,23.9,3.1,1.4,694.0,247.0,239.0,,,,47.0,0.0,,,1.594776,,
2026-08-14T16:10:00+00:00,2026-08-14T16:11:02.136358+00:00,2026-08-14T16:11:02.136358+00:00,2026-08-14 19:00 (Local Time),AVDIMOU,,,,,1,11,31.3,31.7,36.5,23.9,2.8,1.0,25.0,46.0,243.0,,,,70.0,0.0,,,1.440443,,
2026-08-14T17:10:00+00:00,2026-08-14T17:10:24.591356+00:00,2026-08-14T17:10:24.591356+00:00,2026-08-14 20:00 (Local Time),AVDIMOU,,,,,1,11,29.1,27.7,36.5,23.9,1.9,0.6,3.0,5.0,289.0,,,,76.0,0.0,,,0.977444,,
2026-08-14T18:00:00+00:00,2026-08-14T18:05:36.634075+00:00,2026-08-14T18:05:36.634075+00:00,2026-08-14 21:00 (Local Time),AVDIMOU,,,,,1,11,26.7,23.8,26.6,26.6,1.4,0.0,3.0,7.0,174.0,,,,78.0,0.0,,,0.720222,,
2026-08-14T19:00:00+00:00,2026-08-14T19:08:10.255289+00:00,2026-08-14T19:08:10.255289+00:00,2026-08-14 22:00 (Local Time),AVDIMOU,,,,,1,11,26.4,22.9,26.9,25.7,1.7,0.4,3.0,4.0,200.0,,,,79.0,0.0,,,0.874555,,
2026-08-14T19:50:00+00:00,2026-08-14T19:55:43.520055+00:00,2026-08-14T19:55:43.520055+00:00,2026-08-14 22:50 (Local Time),AVDIMOU,,,,,1,11,25.7,22.7,27.5,25.4,0.0,0.7,3.0,5.0,281.0,,,,74.0,0.0,,,0.0,,
2026-08-14T20:20:00+00:00,2026-08-14T20:23:31.892138+00:00,2026-08-14T20:23:31.892138+00:00,2026-08-14 23:10 (Local Time),AVDIMOU,,,,,1,11,24.0,21.6,27.5,23.8,0.8,0.6,3.0,6.0,310.0,,,,75.0,0.0,,,0.411555,,
2026-08-14T20:50:00+00:00,2026-08-14T20:51:32.057093+00:00,2026-08-14T20:51:32.057093+00:00,2026-08-14 23:40 (Local Time),AVDIMOU,,,,,1,11,22.7,20.7,27.5,22.6,1.0,0.6,3.0,5.0,3.0,,,,77.0,0.0,,,0.514444,,
2026-08-14T21:10:00+00:00,2026-08-14T21:11:54.987502+00:00,2026-08-14T21:11:54.987502+00:00,2026-08-15 00:00 (Local Time),AVDIMOU,,,,,1,11,22.2,20.1,27.5,22.1,1.4,0.1,3.0,5.0,308.0,,,,77.0,0.0,,,0.720222,,
2026-08-14T21:30:00+00:00,2026-08-14T21:39:20.884857+00:00,2026-08-14T21:39:20.884857+00:00,2026-08-15 00:30 (Local Time),AVDIMOU,,,,,1,11,22.0,20.0,27.5,21.4,1.9,0.6,3.0,3.0,211.0,,,,74.0,0.0,,,0.977444,,
2026-08-14T21:50:00+00:00,2026-08-14T21:58:34.740706+00:00,2026-08-14T21:58:34.740706+00:00,2026-08-15 00:50 (Local Time),AVDIMOU,,,,,1,11,24.6,20.7,27.5,21.4,1.7,0.8,3.0,2.0,313.0,,,,63.0,0.0,,,0.874555,,
2026-08-14T22:30:00+00:00,2026-08-14T22:32:25.283700+00:00,2026-08-14T22:32:25.283700+00:00,2026-08-15 01:20 (Local Time),AVDIMOU,,,,,1,11,27.3,23.0,27.5,21.4,2.8,1.0,3.0,4.0,310.0,,,,45.0,0.0,,,1.440443,,
2026-08-14T22:50:00+00:00,2026-08-14T22:52:44.575999+00:00,2026-08-14T22:52:44.575999+00:00,2026-08-15 01:40 (Local Time),AVDIMOU,,,,,1,11,27.4,22.9,27.5,21.4,2.4,0.4,3.0,4.0,300.0,,,,45.0,0.0,,,1.234666,,
2026-08-14T23:00:00+00:00,2026-08-14T23:08:48.823630+00:00,2026-08-14T23:08:48.823630+00:00,2026-08-15 02:00 (Local Time),AVDIMOU,,,,,1,11,26.3,20.5,27.5,21.4,1.8,0.4,3.0,5.0,302.0,,,,47.0,0.0,,,0.925999,,
2026-08-14T23:30:00+00:00,2026-08-14T23:35:43.859964+00:00,2026-08-14T23:35:43.859964+00:00,2026-08-15 02:30 (Local Time),AVDIMOU,,,,,1,11,24.6,20.0,27.5,21.4,1.1,0.2,3.0,4.0,19.0,,,,51.0,0.0,,,0.565888,,
2026-08-14T23:50:00+00:00,2026-08-14T23:55:07.560437+00:00,2026-08-14T23:55:07.560437+00:00,2026-08-15 02:50 (Local Time),AVDIMOU,,,,,1,11,23.8,19.4,27.5,21.4,0.0,0.4,3.0,4.0,340.0,,,,53.0,0.0,,,0.0,,
2026-08-15T00:40:00+00:00,2026-08-15T00:41:26.682140+00:00,2026-08-15T00:41:26.682140+00:00,2026-08-15 03:30 (Local Time),AVDIMOU,,,,,1,11,23.3,19.1,27.5,21.4,0.7,0.3,3.0,4.0,319.0,,,,53.0,0.0,,,0.360111,,
2026-08-15T02:00:00+00:00,2026-08-15T02:03:36.259420+00:00,2026-08-15T02:03:36.259420+00:00,2026-08-15 04:50 (Local Time),AVDIMOU,,,,,1,11,25.4,20.7,27.5,21.4,1.9,0.3,3.0,3.0,95.0,,,,46.0,0.0,,,0.977444,,
2026-08-15T02:50:00+00:00,2026-08-15T02:59:18.403739+00:00,2026-08-15T02:59:18.403739+00:00,2026-08-15 05:50 (Local Time),AVDIMOU,,,,,1,11,21.4,18.1,27.5,21.3,0.9,0.3,3.0,4.0,335.0,,,,58.0,0.0,,,0.463,,
2026-08-15T03:40:00+00:00,2026-08-15T03:47:27.578370+00:00,2026-08-15T03:47:27.578370+00:00,2026-08-15 06:40 (Local Time),AVDIMOU,,,,,1,11,21.7,19.5,27.5,21.2,1.3,0.1,4.0,29.0,285.0,,,,53.0,0.0,,,0.668777,,
2026-08-15T04:10:00+00:00,2026-08-15T04:16:33.349853+00:00,2026-08-15T04:16:33.349853+00:00,2026-08-15 07:10 (Local Time),AVDIMOU,,,,,1,11,21.9,23.0,27.5,21.2,1.0,0.0,277.0,95.0,328.0,,,,61.0,0.0,,,0.514444,,
2026-08-15T04:40:00+00:00,2026-08-15T04:49:24.389336+00:00,2026-08-15T04:49:24.389336+00:00,2026-08-15 07:40 (Local Time),AVDIMOU,,,,,1,11,26.2,30.1,27.5,21.2,1.4,0.0,582.0,217.0,355.0,,,,52.0,0.0,,,0.720222,,
2026-08-15T05:10:00+00:00,2026-08-15T05:12:33.741410+00:00,2026-08-15T05:12:33.741410+00:00,2026-08-15 08:00 (Local Time),AVDIMOU,,,,,1,11,30.0,34.2,30.3,21.2,0.0,0.0,699.0,289.0,56.0,,,,49.0,0.0,,,0.0,,
2026-08-15T05:30:00+00:00,2026-08-15T05:39:58.352542+00:00,2026-08-15T05:39:58.352542+00:00,2026-08-15 08:30 (Local Time),AVDIMOU,,,,,1,11,30.9,38.2,31.3,21.2,1.2,0.7,779.0,404.0,172.0,,,,58.0,0.0,,,0.617333,,
2026-08-15T05:50:00+00:00,2026-08-15T05:59:46.423754+00:00,2026-08-15T05:59:46.423754+00:00,2026-08-15 08:50 (Local Time),AVDIMOU,,,,,1,11,31.6,40.0,31.9,21.2,2.1,0.8,808.0,471.0,213.0,,,,52.0,0.0,,,1.080332,,
2026-08-15T06:50:00+00:00,2026-08-15T06:52:18.436616+00:00,2026-08-15T06:52:18.436616+00:00,2026-08-15 09:40 (Local Time),AVDIMOU,,,,,1,11,32.8,44.6,33.8,21.2,5.2,2.2,827.0,633.0,118.0,,,,50.0,0.0,,,2.675109,,
2026-08-15T07:10:00+00:00,2026-08-15T07:18:29.828803+00:00,2026-08-15T07:18:29.828803+00:00,2026-08-15 10:10 (Local Time),AVDIMOU,,,,,1,11,33.2,45.6,33.8,21.2,3.8,1.8,827.0,716.0,126.0,,,,48.0,0.0,,,1.954887,,
2026-08-15T07:40:00+00:00,2026-08-15T07:48:11.944809+00:00,2026-08-15T07:48:11.944809+00:00,2026-08-15 10:40 (Local Time),AVDIMOU,,,,,1,11,34.0,47.7,34.2,21.2,3.4,1.8,811.0,786.0,114.0,,,,44.0,0.0,,,1.74911,,
2026-08-15T08:10:00+00:00,2026-08-15T08:11:05.789322+00:00,2026-08-15T08:11:05.789322+00:00,2026-08-15 11:00 (Local Time),AVDIMOU,,,,,1,11,34.5,48.1,34.7,21.2,3.9,1.9,803.0,830.0,133.0,,,,45.0,0.0,,,2.006332,,
2026-08-15T08:40:00+00:00,2026-08-15T08:44:28.293336+00:00,2026-08-15T08:44:28.293336+00:00,2026-08-15 11:30 (Local Time),AVDIMOU,,,,,1,11,34.9,48.9,35.1,21.2,3.4,1.8,778.0,881.0,158.0,,,,48.0,0.0,,,1.74911,,
2026-08-15T09:00:00+00:00,2026-08-15T09:02:46.289088+00:00,2026-08-15T09:02:46.289088+00:00,2026-08-15 11:50 (Local Time),AVDIMOU,,,,,1,11,34.1,47.0,35.1,21.2,6.0,2.5,758.0,907.0,178.0,,,,53.0,0.0,,,3.086664,,
2026-08-15T09:30:00+00:00,2026-08-15T09:33:49.535937+00:00,2026-08-15T09:33:49.535937+00:00,2026-08-15 12:20 (Local Time),AVDIMOU,,,,,1,11,33.5,47.9,35.1,21.2,3.8,1.7,746.0,937.0,190.0,,,,52.0,0.0,,,1.954887,,
2026-08-15T09:50:00+00:00,2026-08-15T09:52:23.137376+00:00,2026-08-15T09:52:23.137376+00:00,2026-08-15 12:40 (Local Time),AVDIMOU,,,,,1,11,33.5,48.3,35.1,21.2,4.5,1.7,742.0,950.0,198.0,,,,50.0,0.0,,,2.314998,,
2026-08-15T10:00:00+00:00,2026-08-15T10:08:32.524451+00:00,2026-08-15T10:08:32.524451+00:00,2026-08-15 13:00 (Local Time),AVDIMOU,,,,,1,11,33.6,46.7,35.1,21.2,6.4,2.3,726.0,954.0,232.0,,,,52.0,0.0,,,3.292442,,
2026-08-15T10:30:00+00:00,2026-08-15T10:37:38.275981+00:00,2026-08-15T10:37:38.275981+00:00,2026-08-15 13:30 (Local Time),AVDIMOU,,,,,1,11,33.7,47.5,35.1,21.2,4.7,1.9,731.0,951.0,231.0,,,,50.0,0.0,,,2.417887,,
2026-08-15T10:50:00+00:00,2026-08-15T10:58:12.854132+00:00,2026-08-15T10:58:12.854132+00:00,2026-08-15 13:50 (Local Time),AVDIMOU,,,,,1,11,34.4,47.5,35.1,21.2,3.9,1.8,754.0,932.0,227.0,,,,46.0,0.0,,,2.006332,,
2026-08-15T11:20:00+00:00,2026-08-15T11:28:06.595966+00:00,2026-08-15T11:28:06.595966+00:00,2026-08-15 14:20 (Local Time),AVDIMOU,,,,,1,11,34.0,47.1,35.1,21.2,4.5,1.7,809.0,904.0,224.0,,,,45.0,0.0,,,2.314998,,
2026-08-15T11:40:00+00:00,2026-08-15T11:48:48.622482+00:00,2026-08-15T11:48:48.622482+00:00,2026-08-15 14:40 (Local Time),AVDIMOU,,,,,1,11,34.3,46.4,35.1,21.2,4.7,2.1,832.0,872.0,220.0,,,,41.0,0.0,,,2.417887,,
2026-08-15T12:00:00+00:00,2026-08-15T12:01:55.143193+00:00,2026-08-15T12:01:55.143193+00:00,2026-08-15 14:50 (Local Time),AVDIMOU,,,,,1,11,34.4,46.9,35.1,21.2,4.4,2.3,836.0,841.0,225.0,,,,41.0,0.0,,,2.263554,,
2026-08-15T12:50:00+00:00,2026-08-15T12:53:19.842339+00:00,2026-08-15T12:53:19.842339+00:00,2026-08-15 15:40 (Local Time),AVDIMOU,,,,,1,11,34.7,46.0,35.2,21.2,4.9,1.9,883.0,732.0,230.0,,,,35.0,0.0,,,2.520776,,
2026-08-15T13:20:00+00:00,2026-08-15T13:20:23.898188+00:00,2026-08-15T13:20:23.898188+00:00,2026-08-15 16:10 (Local Time),AVDIMOU,,,,,1,11,34.3,44.3,35.4,21.2,5.2,2.1,893.0,647.0,216.0,,,,49.0,0.0,,,2.675109,,
2026-08-15T13:40:00+00:00,2026-08-15T13:47:36.901710+00:00,2026-08-15T13:47:36.901710+00:00,2026-08-15 16:40 (Local Time),AVDIMOU,,,,,1,11,33.1,42.2,35.4,21.2,3.9,1.6,883.0,552.0,219.0,,,,56.0,0.0,,,2.006332,,
2026-08-15T14:00:00+00:00,2026-08-15T14:08:31.920324+00:00,2026-08-15T14:08:31.920324+00:00,2026-08-15 17:00 (Local Time),AVDIMOU,,,,,1,11,32.4,40.9,35.4,21.2,5.1,2.0,879.0,483.0,221.0,,,,59.0,0.0,,,2.623664,,
2026-08-15T14:30:00+00:00,2026-08-15T14:38:26.338706+00:00,2026-08-15T14:38:26.338706+00:00,2026-08-15 17:30 (Local Time),AVDIMOU,,,,,1,11,31.4,39.1,35.4,21.2,5.3,2.5,825.0,379.0,212.0,,,,64.0,0.0,,,2.726553,,
2026-08-15T14:50:00+00:00,2026-08-15T14:58:37.783940+00:00,2026-08-15T14:58:37.783940+00:00,2026-08-15 17:50 (Local Time),AVDIMOU,,,,,1,11,31.3,38.4,35.4,21.2,3.9,1.3,758.0,258.0,225.0,,,,62.0,0.0,,,2.006332,,
2026-08-15T15:20:00+00:00,2026-08-15T15:29:25.210280+00:00,2026-08-15T15:29:25.210280+00:00,2026-08-15 18:20 (Local Time),AVDIMOU,,,,,1,11,30.7,35.6,35.4,21.2,4.1,1.4,613.0,182.0,221.0,,,,66.0,0.0,,,2.10922,,
2026-08-15T15:40:00+00:00,2026-08-15T15:49:16.873216+00:00,2026-08-15T15:49:16.873216+00:00,2026-08-15 18:40 (Local Time),AVDIMOU,,,,,1,11,29.9,32.4,35.4,21.2,3.2,1.0,218.0,81.0,239.0,,,,68.0,0.0,,,1.646221,,
2026-08-15T16:00:00+00:00,2026-08-15T16:03:29.069369+00:00,2026-08-15T16:03:29.069369+00:00,2026-08-15 18:50 (Local Time),AVDIMOU,,,,,1,11,29.6,30.8,35.4,21.2,3.2,1.1,42.0,55.0,239.0,,,,69.0,0.0,,,1.646221,,
2026-08-15T16:30:00+00:00,2026-08-15T16:35:13.550411+00:00,2026-08-15T16:35:13.550411+00:00,2026-08-15 19:30 (Local Time),AVDIMOU,,,,,1,11,28.4,28.2,35.4,21.2,3.6,1.3,4.0,18.0,229.0,,,,74.0,0.0,,,1.851998,,
2026-08-15T16:50:00+00:00,2026-08-15T16:54:42.631689+00:00,2026-08-15T16:54:42.631689+00:00,2026-08-15 19:40 (Local Time),AVDIMOU,,,,,1,11,28.1,27.6,35.4,21.2,3.0,1.0,3.0,11.0,236.0,,,,75.0,0.0,,,1.543332,,
2026-08-15T17:10:00+00:00,2026-08-15T17:11:56.405406+00:00,2026-08-15T17:11:56.405406+00:00,2026-08-15 20:00 (Local Time),AVDIMOU,,,,,1,11,27.5,26.3,35.4,21.2,1.7,0.4,3.0,6.0,260.0,,,,77.0,0.0,,,0.874555,,
2026-08-15T17:30:00+00:00,2026-08-15T17:34:12.905719+00:00,2026-08-15T17:34:12.905719+00:00,2026-08-15 20:20 (Local Time),AVDIMOU,,,,,1,11,27.0,25.0,35.4,21.2,1.1,0.6,3.0,6.0,251.0,,,,79.0,0.0,,,0.565888,,
2026-08-15T17:50:00+00:00,2026-08-15T17:51:42.565596+00:00,2026-08-15T17:51:42.565596+00:00,2026-08-15 20:40 (Local Time),AVDIMOU,,,,,1,11,26.9,25.4,35.4,21.2,2.0,0.7,3.0,5.0,246.0,,,,79.0,0.0,,,1.028888,,
2026-08-15T18:00:00+00:00,2026-08-15T18:01:00.025032+00:00,2026-08-15T18:01:00.025032+00:00,2026-08-15 20:50 (Local Time),AVDIMOU,,,,,1,11,26.8,25.4,35.4,21.2,2.4,0.9,3.0,5.0,247.0,,,,79.0,0.0,,,1.234666,,
2026-08-15T18:30:00+00:00,2026-08-15T18:39:43.211864+00:00,2026-08-15T18:39:43.211864+00:00,2026-08-15 21:30 (Local Time),AVDIMOU,,,,,1,11,26.5,25.1,26.9,26.5,2.6,0.9,3.0,4.0,229.0,,,,80.0,0.0,,,1.337554,,
2026-08-15T19:00:00+00:00,2026-08-15T19:02:28.945983+00:00,2026-08-15T19:02:28.945983+00:00,2026-08-15 21:50 (Local Time),AVDIMOU,,,,,1,11,26.5,25.3,26.9,26.5,3.5,1.2,3.0,4.0,238.0,,,,81.0,0.0,,,1.800554,,
2026-08-15T19:20:00+00:00,2026-08-15T19:28:08.353698+00:00,2026-08-15T19:28:08.353698+00:00,2026-08-15 22:20 (Local Time),AVDIMOU,,,,,1,11,26.0,24.4,26.9,26.0,2.1,0.4,3.0,5.0,276.0,,,,81.0,0.0,,,1.080332,,
2026-08-15T19:40:00+00:00,2026-08-15T19:48:16.237307+00:00,2026-08-15T19:48:16.237307+00:00,2026-08-15 22:40 (Local Time),AVDIMOU,,,,,1,11,26.1,23.8,26.9,25.8,1.1,0.2,3.0,5.0,272.0,,,,77.0,0.0,,,0.565888,,
2026-08-15T20:00:00+00:00,2026-08-15T20:01:13.589197+00:00,2026-08-15T20:01:13.589197+00:00,2026-08-15 22:50 (Local Time),AVDIMOU,,,,,1,11,26.3,23.9,26.9,25.8,2.3,0.6,3.0,5.0,308.0,,,,73.0,0.0,,,1.183221,,
2026-08-15T20:30:00+00:00,2026-08-15T20:32:08.719589+00:00,2026-08-15T20:32:08.719589+00:00,2026-08-15 23:20 (Local Time),AVDIMOU,,,,,1,11,25.7,23.3,26.9,25.6,1.9,0.8,3.0,6.0,270.0,,,,77.0,0.0,,,0.977444,,
2026-08-15T20:50:00+00:00,2026-08-15T20:51:49.352207+00:00,2026-08-15T20:51:49.352207+00:00,2026-08-15 23:40 (Local Time),AVDIMOU,,,,,1,11,25.8,23.1,26.9,25.6,0.9,0.5,3.0,6.0,260.0,,,,77.0,0.0,,,0.463,,
2026-08-15T21:00:00+00:00,2026-08-15T21:07:30.227128+00:00,2026-08-15T21:07:30.227128+00:00,2026-08-16 00:00 (Local Time),AVDIMOU,,,,,1,11,25.5,22.6,26.9,25.4,1.2,0.2,3.0,5.0,310.0,,,,79.0,0.0,,,0.617333,,
2026-08-15T21:30:00+00:00,2026-08-15T21:34:09.084520+00:00,2026-08-15T21:34:09.084520+00:00,2026-08-16 00:20 (Local Time),AVDIMOU,,,,,1,11,25.1,21.7,26.9,25.0,1.3,0.1,3.0,7.0,214.0,,,,80.0,0.0,,,0.668777,,
2026-08-15T21:50:00+00:00,2026-08-15T21:50:39.285801+00:00,2026-08-15T21:50:39.285801+00:00,2026-08-16 00:40 (Local Time),AVDIMOU,,,,,1,11,25.0,22.3,26.9,24.9,1.3,0.3,3.0,6.0,329.0,,,,81.0,0.0,,,0.668777,,
2026-08-15T22:00:00+00:00,2026-08-15T22:01:07.047291+00:00,2026-08-15T22:01:07.047291+00:00,2026-08-16 00:50 (Local Time),AVDIMOU,,,,,1,11,24.7,21.9,26.9,24.6,1.3,0.5,3.0,6.0,295.0,,,,82.0,0.0,,,0.668777,,
2026-08-15T22:30:00+00:00,2026-08-15T22:31:04.678266+00:00,2026-08-15T22:31:04.678266+00:00,2026-08-16 01:20 (Local Time),AVDIMOU,,,,,1,11,24.0,20.8,26.9,23.8,0.8,0.3,3.0,6.0,320.0,,,,85.0,0.0,,,0.411555,,
2026-08-15T22:50:00+00:00,2026-08-15T22:50:59.010317+00:00,2026-08-15T22:50:59.010317+00:00,2026-08-16 01:40 (Local Time),AVDIMOU,,,,,1,11,23.8,20.9,26.9,23.6,1.4,0.1,3.0,5.0,318.0,,,,85.0,0.0,,,0.720222,,
2026-08-15T23:00:00+00:00,2026-08-15T23:06:26.090205+00:00,2026-08-15T23:06:26.090205+00:00,2026-08-16 02:00 (Local Time),AVDIMOU,,,,,1,11,23.1,20.4,26.9,23.0,0.8,0.5,3.0,5.0,6.0,,,,86.0,0.0,,,0.411555,,
2026-08-15T23:30:00+00:00,2026-08-15T23:30:15.447784+00:00,2026-08-15T23:30:15.447784+00:00,2026-08-16 02:20 (Local Time),AVDIMOU,,,,,1,11,22.6,20.2,26.9,22.5,1.0,0.1,3.0,4.0,311.0,,,,88.0,0.0,,,0.514444,,
2026-08-15T23:40:00+00:00,2026-08-15T23:48:41.732565+00:00,2026-08-15T23:48:41.732565+00:00,2026-08-16 02:40 (Local Time),AVDIMOU,,,,,1,11,22.0,20.1,26.9,21.9,0.0,0.1,3.0,4.0,290.0,,,,88.0,0.0,,,0.0,,
2026-08-16T00:20:00+00:00,2026-08-16T00:24:59.662305+00:00,2026-08-16T00:24:59.662305+00:00,2026-08-16 03:10 (Local Time),AVDIMOU,,,,,1,11,21.6,19.8,26.9,21.6,1.3,0.4,3.0,4.0,209.0,,,,90.0,0.0,,,0.668777,,
2026-08-16T02:00:00+00:00,2026-08-16T02:02:36.210254+00:00,2026-08-16T02:02:36.210254+00:00,2026-08-16 04:50 (Local Time),AVDIMOU,,,,,1,11,24.6,21.0,26.9,21.5,2.0,0.7,3.0,5.0,206.0,,,,82.0,0.0,,,1.028888,,
2026-08-16T03:00:00+00:00,2026-08-16T03:08:16.136124+00:00,2026-08-16T03:08:16.136124+00:00,2026-08-16 06:00 (Local Time),AVDIMOU,,,,,1,11,23.3,20.2,26.9,21.5,1.7,0.6,3.0,5.0,179.0,,,,87.0,0.0,,,0.874555,,
2026-08-16T03:50:00+00:00,2026-08-16T03:58:29.342251+00:00,2026-08-16T03:58:29.342251+00:00,2026-08-16 06:50 (Local Time),AVDIMOU,,,,,1,11,24.0,21.8,26.9,21.5,0.0,0.6,11.0,37.0,228.0,,,,83.0,0.0,,,0.0,,
2026-08-16T04:40:00+00:00,2026-08-16T04:43:49.436132+00:00,2026-08-16T04:43:49.436132+00:00,2026-08-16 07:30 (Local Time),AVDIMOU,,,,,1,11,26.5,28.0,26.9,21.5,1.2,0.7,506.0,159.0,345.0,,,,72.0,0.0,,,0.617333,,
2026-08-16T05:00:00+00:00,2026-08-16T05:07:23.932916+00:00,2026-08-16T05:07:23.932916+00:00,2026-08-16 08:00 (Local Time),AVDIMOU,,,,,1,11,28.2,33.0,28.4,21.5,1.8,0.9,731.0,296.0,225.0,,,,65.0,0.0,,,0.925999,,
2026-08-16T05:40:00+00:00,2026-08-16T05:42:12.899466+00:00,2026-08-16T05:42:12.899466+00:00,2026-08-16 08:30 (Local Time),AVDIMOU,,,,,1,11,29.8,37.4,30.1,21.5,1.7,0.7,813.0,411.0,250.0,,,,58.0,0.0,,,0.874555,,
2026-08-16T06:00:00+00:00,2026-08-16T06:01:24.359453+00:00,2026-08-16T06:01:24.359453+00:00,2026-08-16 08:50 (Local Time),AVDIMOU,,,,,1,11,31.2,39.6,31.4,21.5,0.9,0.7,842.0,482.0,226.0,,,,45.0,0.0,,,0.463,,
2026-08-16T06:50:00+00:00,2026-08-16T06:53:23.137859+00:00,2026-08-16T06:53:23.137859+00:00,2026-08-16 09:40 (Local Time),AVDIMOU,,,,,1,11,32.0,44.0,32.2,21.5,2.5,1.2,833.0,632.0,159.0,,,,46.0,0.0,,,1.28611,,
2026-08-16T07:20:00+00:00,2026-08-16T07:20:40.948074+00:00,2026-08-16T07:20:40.948074+00:00,2026-08-16 10:10 (Local Time),AVDIMOU,,,,,1,11,33.1,44.4,33.3,21.5,4.2,1.7,835.0,719.0,210.0,,,,43.0,0.0,,,2.160665,,
2026-08-16T07:50:00+00:00,2026-08-16T07:50:14.813027+00:00,2026-08-16T07:50:14.813027+00:00,2026-08-16 10:40 (Local Time),AVDIMOU,,,,,1,11,31.5,43.6,33.3,21.5,4.6,2.2,818.0,789.0,202.0,,,,57.0,0.0,,,2.366442,,
2026-08-16T08:10:00+00:00,2026-08-16T08:12:13.204327+00:00,2026-08-16T08:12:13.204327+00:00,2026-08-16 11:00 (Local Time),AVDIMOU,,,,,1,11,31.5,43.9,33.3,21.5,3.5,1.8,810.0,830.0,202.0,,,,56.0,0.0,,,1.800554,,
2026-08-16T08:40:00+00:00,2026-08-16T08:46:11.882733+00:00,2026-08-16T08:46:11.882733+00:00,2026-08-16 11:40 (Local Time),AVDIMOU,,,,,1,11,32.4,44.9,33.3,21.5,5.0,2.5,792.0,907.0,211.0,,,,51.0,0.0,,,2.57222,,
2026-08-16T09:00:00+00:00,2026-08-16T09:06:15.084967+00:00,2026-08-16T09:06:15.084967+00:00,2026-08-16 12:00 (Local Time),AVDIMOU,,,,,1,11,32.9,45.5,33.3,21.5,5.1,2.0,777.0,929.0,222.0,,,,46.0,0.0,,,2.623664,,
2026-08-16T09:30:00+00:00,2026-08-16T09:37:09.464313+00:00,2026-08-16T09:37:09.464313+00:00,2026-08-16 12:30 (Local Time),AVDIMOU,,,,,1,11,33.7,46.5,34.4,21.5,5.7,2.7,769.0,957.0,206.0,,,,41.0,0.0,,,2.932331,,
2026-08-16T09:50:00+00:00,2026-08-16T09:55:18.790763+00:00,2026-08-16T09:55:18.790763+00:00,2026-08-16 12:50 (Local Time),AVDIMOU,,,,,1,11,33.5,46.4,34.4,21.5,5.3,2.0,749.0,957.0,228.0,,,,46.0,0.0,,,2.726553,,
2026-08-16T10:10:00+00:00,2026-08-16T10:14:17.518172+00:00,2026-08-16T10:14:17.518172+00:00,2026-08-16 13:00 (Local Time),AVDIMOU,,,,,1,11,33.3,46.2,34.4,21.5,5.6,2.3,748.0,962.0,204.0,,,,46.0,0.0,,,2.880886,,
2026-08-16T10:40:00+00:00,2026-08-16T10:40:49.501281+00:00,2026-08-16T10:40:49.501281+00:00,2026-08-16 13:30 (Local Time),AVDIMOU,,,,,1,11,32.4,44.5,34.4,21.5,5.9,2.5,739.0,955.0,216.0,,,,49.0,0.0,,,3.03522,,
2026-08-16T10:50:00+00:00,2026-08-16T10:58:49.618685+00:00,2026-08-16T10:58:49.618685+00:00,2026-08-16 13:50 (Local Time),AVDIMOU,,,,,1,11,33.5,46.2,34.4,21.5,4.3,1.7,771.0,940.0,250.0,,,,34.0,0.0,,,2.212109,,
2026-08-16T11:20:00+00:00,2026-08-16T11:28:24.366774+00:00,2026-08-16T11:28:24.366774+00:00,2026-08-16 14:20 (Local Time),AVDIMOU,,,,,1,11,34.2,46.8,34.4,21.5,2.8,1.4,811.0,898.0,252.0,,,,36.0,0.0,,,1.440443,,
2026-08-16T11:40:00+00:00,2026-08-16T11:49:48.299897+00:00,2026-08-16T11:49:48.299897+00:00,2026-08-16 14:40 (Local Time),AVDIMOU,,,,,1,11,33.9,46.2,34.7,21.5,4.8,2.5,830.0,864.0,226.0,,,,40.0,0.0,,,2.469331,,
2026-08-16T12:10:00+00:00,2026-08-16T12:10:35.913298+00:00,2026-08-16T12:10:35.913298+00:00,2026-08-16 15:00 (Local Time),AVDIMOU,,,,,1,11,33.4,45.2,34.7,21.5,5.8,2.6,832.0,818.0,205.0,,,,43.0,0.0,,,2.983775,,
2026-08-16T13:00:00+00:00,2026-08-16T13:00:07.717911+00:00,2026-08-16T13:00:07.717911+00:00,2026-08-16 15:50 (Local Time),AVDIMOU,,,,,1,11,32.4,43.5,34.7,21.5,4.4,1.9,883.0,696.0,222.0,,,,46.0,0.0,,,2.263554,,
2026-08-16T13:30:00+00:00,2026-08-16T13:38:01.102134+00:00,2026-08-16T13:38:01.102134+00:00,2026-08-16 16:30 (Local Time),AVDIMOU,,,,,1,11,32.4,42.7,34.7,21.5,4.0,1.6,893.0,582.0,237.0,,,,42.0,0.0,,,2.057776,,
2026-08-16T13:50:00+00:00,2026-08-16T13:58:54.700153+00:00,2026-08-16T13:58:54.700153+00:00,2026-08-16 16:50 (Local Time),AVDIMOU,,,,,1,11,32.2,41.7,34.7,21.5,3.5,1.4,896.0,517.0,232.0,,,,44.0,0.0,,,1.800554,,
2026-08-16T14:30:00+00:00,2026-08-16T14:31:35.429301+00:00,2026-08-16T14:31:35.429301+00:00,2026-08-16 17:20 (Local Time),AVDIMOU,,,,,1,11,31.5,39.3,34.7,21.5,4.8,2.2,864.0,416.0,232.0,,,,47.0,0.0,,,2.469331,,
2026-08-16T14:50:00+00:00,2026-08-16T14:52:14.004650+00:00,2026-08-16T14:52:14.004650+00:00,2026-08-16 17:40 (Local Time),AVDIMOU,,,,,1,11,31.6,38.9,34.7,21.5,3.0,1.1,819.0,345.0,246.0,,,,48.0,0.0,,,1.543332,,
2026-08-16T15:00:00+00:00,2026-08-16T15:07:48.319679+00:00,2026-08-16T15:07:48.319679+00:00,2026-08-16 18:00 (Local Time),AVDIMOU,,,,,1,11,30.8,37.3,34.7,21.5,3.1,1.2,753.0,273.0,237.0,,,,52.0,0.0,,,1.594776,,
2026-08-16T15:30:00+00:00,2026-08-16T15:35:07.423815+00:00,2026-08-16T15:35:07.423815+00:00,2026-08-16 18:30 (Local Time),AVDIMOU,,,,,1,11,30.7,35.4,34.7,21.5,3.5,1.3,595.0,144.0,249.0,,,,52.0,0.0,,,1.800554,,
2026-08-16T15:50:00+00:00,2026-08-16T15:52:33.746413+00:00,2026-08-16T15:52:33.746413+00:00,2026-08-16 18:40 (Local Time),AVDIMOU,,,,,1,11,29.7,31.4,34.7,21.5,2.9,1.2,203.0,76.0,253.0,,,,53.0,0.0,,,1.491888,,
2026-08-16T16:00:00+00:00,2026-08-16T16:08:00.606014+00:00,2026-08-16T16:08:00.606014+00:00,2026-08-16 19:00 (Local Time),AVDIMOU,,,,,1,11,28.7,29.1,34.7,21.5,1.8,0.6,22.0,42.0,265.0,,,,58.0,0.0,,,0.925999,,
2026-08-16T16:40:00+00:00,2026-08-16T16:41:22.347877+00:00,2026-08-16T16:41:22.347877+00:00,2026-08-16 19:30 (Local Time),AVDIMOU,,,,,1,11,27.6,26.5,34.7,21.5,1.1,0.3,4.0,16.0,277.0,,,,61.0,0.0,,,0.565888,,
2026-08-16T16:50:00+00:00,2026-08-16T16:59:48.441220+00:00,2026-08-16T16:59:48.441220+00:00,2026-08-16 19:50 (Local Time),AVDIMOU,,,,,1,11,27.1,25.7,34.7,21.5,2.7,1.0,3.0,7.0,241.0,,,,65.0,0.0,,,1.388999,,
2026-08-16T17:20:00+00:00,2026-08-16T17:27:21.576260+00:00,2026-08-16T17:27:21.576260+00:00,2026-08-16 20:20 (Local Time),AVDIMOU,,,,,1,11,26.2,24.3,34.7,21.5,1.0,0.6,3.0,7.0,248.0,,,,69.0,0.0,,,0.514444,,
2026-08-16T17:40:00+00:00,2026-08-16T17:43:42.295281+00:00,2026-08-16T17:43:42.295281+00:00,2026-08-16 20:30 (Local Time),AVDIMOU,,,,,1,11,25.8,23.9,34.7,21.5,0.7,0.2,3.0,7.0,273.0,,,,71.0,0.0,,,0.360111,,
2026-08-16T17:50:00+00:00,2026-08-16T17:56:13.942779+00:00,2026-08-16T17:56:13.942779+00:00,2026-08-16 20:50 (Local Time),AVDIMOU,,,,,1,11,25.2,22.6,34.7,21.5,0.7,0.3,3.0,6.0,237.0,,,,73.0,0.0,,,0.360111,,
2026-08-16T18:10:00+00:00,2026-08-16T18:19:13.540637+00:00,2026-08-16T18:19:13.540637+00:00,2026-08-16 21:10 (Local Time),AVDIMOU,,,,,1,11,24.6,21.9,24.8,24.5,1.4,0.2,3.0,6.0,242.0,,,,75.0,0.0,,,0.720222,,
2026-08-16T18:50:00+00:00,2026-08-16T18:51:18.848684+00:00,2026-08-16T18:51:18.848684+00:00,2026-08-16 21:40 (Local Time),AVDIMOU,,,,,1,11,23.6,21.0,24.8,23.5,0.0,0.0,3.0,5.0,214.0,,,,76.0,0.0,,,0.0,,
2026-08-16T19:10:00+00:00,2026-08-16T19:10:34.597506+00:00,2026-08-16T19:10:34.597506+00:00,2026-08-16 22:00 (Local Time),AVDIMOU,,,,,1,11,22.8,20.3,24.8,22.7,0.0,0.0,3.0,5.0,270.0,,,,80.0,0.0,,,0.0,,
2026-08-16T19:30:00+00:00,2026-08-16T19:32:21.258156+00:00,2026-08-16T19:32:21.258156+00:00,2026-08-16 22:20 (Local Time),AVDIMOU,,,,,1,11,22.8,19.9,24.8,22.4,1.3,0.3,3.0,5.0,256.0,,,,82.0,0.0,,,0.668777,,
2026-08-16T19:40:00+00:00,2026-08-16T19:47:55.109203+00:00,2026-08-16T19:47:55.109203+00:00,2026-08-16 22:40 (Local Time),AVDIMOU,,,,,1,11,23.5,20.0,24.8,22.4,1.3,0.4,3.0,4.0,244.0,,,,80.0,0.0,,,0.668777,,
2026-08-16T20:00:00+00:00,2026-08-16T20:01:23.684004+00:00,2026-08-16T20:01:23.684004+00:00,2026-08-16 22:50 (Local Time),AVDIMOU,,,,,1,11,23.7,20.0,24.8,22.4,1.3,0.1,3.0,4.0,266.0,,,,78.0,0.0,,,0.668777,,
2026-08-16T20:30:00+00:00,2026-08-16T20:32:00.970261+00:00,2026-08-16T20:32:00.970261+00:00,2026-08-16 23:20 (Local Time),AVDIMOU,,,,,1,11,23.9,20.3,24.8,22.4,1.7,0.6,3.0,4.0,248.0,,,,77.0,0.0,,,0.874555,,
2026-08-16T20:50:00+00:00,2026-08-16T20:50:36.200027+00:00,2026-08-16T20:50:36.200027+00:00,2026-08-16 23:40 (Local Time),AVDIMOU,,,,,1,11,23.7,20.0,24.8,22.4,2.1,0.4,3.0,4.0,237.0,,,,78.0,0.0,,,1.080332,,
2026-08-16T21:00:00+00:00,2026-08-16T21:05:23.772589+00:00,2026-08-16T21:05:23.772589+00:00,2026-08-17 00:00 (Local Time),AVDIMOU,,,,,1,11,23.2,19.5,24.8,22.4,0.9,0.0,3.0,5.0,283.0,,,,79.0,0.0,,,0.463,,
2026-08-16T21:30:00+00:00,2026-08-16T21:30:03.013285+00:00,2026-08-16T21:30:03.013285+00:00,2026-08-17 00:20 (Local Time),AVDIMOU,,,,,1,11,22.2,18.8,24.8,22.0,1.0,0.0,3.0,5.0,23.0,,,,80.0,0.0,,,0.514444,,
2026-08-16T21:40:00+00:00,2026-08-16T21:48:44.365956+00:00,2026-08-16T21:48:44.365956+00:00,2026-08-17 00:40 (Local Time),AVDIMOU,,,,,1,11,21.5,18.4,24.8,21.4,0.9,0.2,3.0,5.0,335.0,,,,83.0,0.0,,,0.463,,
2026-08-16T22:00:00+00:00,2026-08-16T22:00:55.290469+00:00,2026-08-16T22:00:55.290469+00:00,2026-08-17 00:50 (Local Time),AVDIMOU,,,,,1,11,21.1,18.4,24.8,21.0,0.0,0.0,3.0,5.0,311.0,,,,84.0,0.0,,,0.0,,
2026-08-16T22:30:00+00:00,2026-08-16T22:30:26.377239+00:00,2026-08-16T22:30:26.377239+00:00,2026-08-17 01:20 (Local Time),AVDIMOU,,,,,1,11,20.9,18.3,24.8,20.7,0.7,0.3,3.0,4.0,303.0,,,,86.0,0.0,,,0.360111,,
2026-08-16T22:50:00+00:00,2026-08-16T22:50:02.879835+00:00,2026-08-16T22:50:02.879835+00:00,2026-08-17 01:40 (Local Time),AVDIMOU,,,,,1,11,20.1,17.7,24.8,19.9,1.1,0.1,3.0,4.0,11.0,,,,85.0,0.0,,,0.565888,,
2026-08-16T23:00:00+00:00,2026-08-16T23:02:02.296614+00:00,2026-08-16T23:02:02.296614+00:00,2026-08-17 01:50 (Local Time),AVDIMOU,,,,,1,11,19.7,17.4,24.8,19.6,0.9,0.0,3.0,5.0,343.0,,,,85.0,0.0,,,0.463,,
2026-08-16T23:20:00+00:00,2026-08-16T23:28:36.898226+00:00,2026-08-16T23:28:36.898226+00:00,2026-08-17 02:20 (Local Time),AVDIMOU,,,,,1,11,18.8,16.9,24.8,18.8,1.4,0.0,3.0,5.0,349.0,,,,85.0,0.0,,,0.720222,,
2026-08-16T23:40:00+00:00,2026-08-16T23:48:55.844483+00:00,2026-08-16T23:48:55.844483+00:00,2026-08-17 02:40 (Local Time),AVDIMOU,,,,,1,11,18.6,16.7,24.8,18.5,1.5,0.0,3.0,4.0,350.0,,,,87.0,0.0,,,0.771666,,
2026-08-17T00:20:00+00:00,2026-08-17T00:24:27.010249+00:00,2026-08-17T00:24:27.010249+00:00,2026-08-17 03:10 (Local Time),AVDIMOU,,,,,1,11,18.7,16.8,24.8,18.3,1.3,0.4,3.0,4.0,327.0,,,,89.0,0.0,,,0.668777,,
2026-08-17T01:50:00+00:00,2026-08-17T01:59:15.441547+00:00,2026-08-17T01:59:15.441547+00:00,2026-08-17 04:50 (Local Time),AVDIMOU,,,,,1,11,17.8,16.3,24.8,17.6,0.9,0.0,3.0,4.0,351.0,,,,91.0,0.0,,,0.463,,
2026-08-17T03:00:00+00:00,2026-08-17T03:07:51.451013+00:00,2026-08-17T03:07:51.451013+00:00,2026-08-17 06:00 (Local Time),AVDIMOU,,,,,1,11,19.6,17.3,24.8,17.6,0.8,0.1,3.0,4.0,312.0,,,,94.0,0.0,,,0.411555,,
2026-08-17T04:00:00+00:00,2026-08-17T04:01:26.349183+00:00,2026-08-17T04:01:26.349183+00:00,2026-08-17 06:50 (Local Time),AVDIMOU,,,,,1,11,19.9,19.0,24.8,17.6,0.8,0.1,10.0,36.0,327.0,,,,93.0,0.0,,,0.411555,,
2026-08-17T04:50:00+00:00,2026-08-17T04:52:27.146533+00:00,2026-08-17T04:52:27.146533+00:00,2026-08-17 07:40 (Local Time),AVDIMOU,,,,,1,11,24.9,29.5,25.4,17.6,0.8,0.0,272.0,157.0,281.0,,,,77.0,0.0,,,0.411555,,
2026-08-17T05:20:00+00:00,2026-08-17T05:22:58.857225+00:00,2026-08-17T05:22:58.857225+00:00,2026-08-17 08:10 (Local Time),AVDIMOU,,,,,1,11,27.5,33.5,27.6,17.6,1.0,0.7,666.0,328.0,195.0,,,,64.0,0.0,,,0.514444,,
2026-08-17T05:50:00+00:00,2026-08-17T05:55:33.764650+00:00,2026-08-17T05:55:33.764650+00:00,2026-08-17 08:50 (Local Time),AVDIMOU,,,,,1,11,28.4,37.6,28.6,17.6,2.8,1.4,806.0,487.0,224.0,,,,59.0,0.0,,,1.440443,,
2026-08-17T06:30:00+00:00,2026-08-17T06:36:26.800683+00:00,2026-08-17T06:36:26.800683+00:00,2026-08-17 09:30 (Local Time),AVDIMOU,,,,,1,11,28.8,38.1,29.3,17.6,2.9,1.5,740.0,586.0,220.0,,,,56.0,0.0,,,1.491888,,
2026-08-17T07:30:00+00:00,2026-08-17T07:36:26.284484+00:00,2026-08-17T07:36:26.284484+00:00,2026-08-17 10:30 (Local Time),AVDIMOU,,,,,1,11,29.6,41.1,30.4,17.6,5.0,2.3,748.0,745.0,173.0,,,,55.0,0.0,,,2.57222,,
2026-08-17T08:20:00+00:00,2026-08-17T08:20:50.318965+00:00,2026-08-17T08:20:50.318965+00:00,2026-08-17 11:10 (Local Time),AVDIMOU,,,,,1,11,30.0,42.7,30.4,17.6,6.6,2.6,759.0,881.0,173.0,,,,58.0,0.0,,,3.39533,,
2026-08-17T09:00:00+00:00,2026-08-17T09:04:30.621406+00:00,2026-08-17T09:04:30.621406+00:00,2026-08-17 11:50 (Local Time),AVDIMOU,,,,,1,11,30.6,43.4,30.9,17.6,5.9,2.9,696.0,919.0,173.0,,,,55.0,0.0,,,3.03522,,
2026-08-17T09:50:00+00:00,2026-08-17T09:53:02.093578+00:00,2026-08-17T09:53:02.093578+00:00,2026-08-17 12:40 (Local Time),AVDIMOU,,,,,1,11,29.4,38.2,30.9,17.6,7.4,3.2,107.0,510.0,181.0,,,,59.0,0.0,,,3.806886,,
2026-08-17T10:10:00+00:00,2026-08-17T10:17:47.008882+00:00,2026-08-17T10:17:47.008882+00:00,2026-08-17 13:10 (Local Time),AVDIMOU,,,,,1,11,29.9,38.0,30.9,17.6,4.1,1.9,83.0,366.0,228.0,,,,55.0,0.0,,,2.10922,,
2026-08-17T10:50:00+00:00,2026-08-17T10:52:23.224816+00:00,2026-08-17T10:52:23.224816+00:00,2026-08-17 13:40 (Local Time),AVDIMOU,,,,,1,11,28.7,34.6,30.9,17.6,2.4,1.3,37.0,316.0,215.0,,,,63.0,0.0,,,1.234666,,
2026-08-17T11:10:00+00:00,2026-08-17T11:12:17.186552+00:00,2026-08-17T11:12:17.186552+00:00,2026-08-17 14:00 (Local Time),AVDIMOU,,,,,1,11,30.3,43.5,30.9,17.6,4.8,2.1,679.0,1016.0,199.0,,,,54.0,0.0,,,2.469331,,
2026-08-17T11:30:00+00:00,2026-08-17T11:39:10.495441+00:00,2026-08-17T11:39:10.495441+00:00,2026-08-17 14:30 (Local Time),AVDIMOU,,,,,1,11,30.1,37.5,31.4,17.6,5.5,2.3,88.0,286.0,210.0,,,,56.0,0.0,,,2.829442,,
2026-08-17T11:50:00+00:00,2026-08-17T11:58:58.017856+00:00,2026-08-17T11:58:58.017856+00:00,2026-08-17 14:50 (Local Time),AVDIMOU,,,,,1,11,29.9,38.0,31.4,17.6,6.9,3.0,532.0,614.0,199.0,,,,57.0,0.0,,,3.549664,,
2026-08-17T12:50:00+00:00,2026-08-17T12:59:31.568993+00:00,2026-08-17T12:59:31.568993+00:00,2026-08-17 15:50 (Local Time),AVDIMOU,,,,,1,11,30.9,41.4,31.4,17.6,5.0,2.5,875.0,682.0,213.0,,,,53.0,0.0,,,2.57222,,
2026-08-17T13:40:00+00:00,2026-08-17T13:46:00.616667+00:00,2026-08-17T13:46:00.616667+00:00,2026-08-17 16:40 (Local Time),AVDIMOU,,,,,1,11,30.5,38.5,31.7,17.6,6.4,2.6,867.0,533.0,213.0,,,,57.0,0.0,,,3.292442,,
2026-08-17T14:10:00+00:00,2026-08-17T14:11:28.690142+00:00,2026-08-17T14:11:28.690142+00:00,2026-08-17 17:00 (Local Time),AVDIMOU,,,,,1,11,30.0,37.3,31.7,17.6,5.7,2.2,484.0,296.0,225.0,,,,59.0,0.0,,,2.932331,,
2026-08-17T14:40:00+00:00,2026-08-17T14:43:27.596851+00:00,2026-08-17T14:43:27.596851+00:00,2026-08-17 17:30 (Local Time),AVDIMOU,,,,,1,11,30.4,38.2,31.7,17.6,4.6,2.0,866.0,388.0,236.0,,,,56.0,0.0,,,2.366442,,
2026-08-17T15:00:00+00:00,2026-08-17T15:01:28.360514+00:00,2026-08-17T15:01:28.360514+00:00,2026-08-17 17:50 (Local Time),AVDIMOU,,,,,1,11,29.6,35.0,31.7,17.6,4.0,1.4,617.0,229.0,229.0,,,,62.0,0.0,,,2.057776,,
2026-08-17T15:30:00+00:00,2026-08-17T15:33:42.448525+00:00,2026-08-17T15:33:42.448525+00:00,2026-08-17 18:20 (Local Time),AVDIMOU,,,,,1,11,28.8,31.8,31.7,17.6,4.1,1.8,175.0,98.0,234.0,,,,67.0,0.0,,,2.10922,,
2026-08-17T15:50:00+00:00,2026-08-17T15:52:59.261598+00:00,2026-08-17T15:52:59.261598+00:00,2026-08-17 18:40 (Local Time),AVDIMOU,,,,,1,11,27.9,28.9,31.7,17.6,5.4,1.9,17.0,47.0,220.0,,,,72.0,0.0,,,2.777998,,
2026-08-17T16:10:00+00:00,2026-08-17T16:10:58.690108+00:00,2026-08-17T16:10:58.690108+00:00,2026-08-17 19:00 (Local Time),AVDIMOU,,,,,1,11,27.5,28.1,31.7,17.6,3.6,1.5,24.0,40.0,222.0,,,,74.0,0.0,,,1.851998,,
2026-08-17T16:40:00+00:00,2026-08-17T16:45:00.488621+00:00,2026-08-17T16:45:00.488621+00:00,2026-08-17 19:30 (Local Time),AVDIMOU,,,,,1,11,27.2,26.4,31.7,17.6,2.8,1.1,3.0,15.0,241.0,,,,68.0,0.0,,,1.440443,,
2026-08-17T17:00:00+00:00,2026-08-17T17:05:35.105775+00:00,2026-08-17T17:05:35.105775+00:00,2026-08-17 20:00 (Local Time),AVDIMOU,,,,,1,11,26.3,24.1,31.7,17.6,1.0,0.2,3.0,5.0,253.0,,,,70.0,0.0,,,0.514444,,
2026-08-17T17:30:00+00:00,2026-08-17T17:37:58.860702+00:00,2026-08-17T17:37:58.860702+00:00,2026-08-17 20:30 (Local Time),AVDIMOU,,,,,1,11,25.1,22.5,31.7,17.6,1.7,0.7,3.0,5.0,314.0,,,,72.0,0.0,,,0.874555,,
2026-08-17T18:00:00+00:00,2026-08-17T18:02:54.913194+00:00,2026-08-17T18:02:54.913194+00:00,2026-08-17 20:50 (Local Time),AVDIMOU,,,,,1,11,24.6,21.6,31.7,17.6,0.9,0.1,3.0,6.0,335.0,,,,73.0,0.0,,,0.463,,
2026-08-17T18:50:00+00:00,2026-08-17T18:51:50.489133+00:00,2026-08-17T18:51:50.489133+00:00,2026-08-17 21:40 (Local Time),AVDIMOU,,,,,1,11,22.3,19.3,24.0,22.2,0.9,0.0,3.0,5.0,228.0,,,,81.0,0.0,,,0.463,,
2026-08-17T19:10:00+00:00,2026-08-17T19:17:27.822297+00:00,2026-08-17T19:17:27.822297+00:00,2026-08-17 22:10 (Local Time),AVDIMOU,,,,,1,11,22.4,19.0,24.0,22.0,1.3,0.2,3.0,4.0,284.0,,,,83.0,0.0,,,0.668777,,
2026-08-17T19:40:00+00:00,2026-08-17T19:47:04.175748+00:00,2026-08-17T19:47:04.175748+00:00,2026-08-17 22:40 (Local Time),AVDIMOU,,,,,1,11,22.0,18.7,24.0,21.9,2.0,0.4,3.0,4.0,296.0,,,,82.0,0.0,,,1.028888,,
2026-08-17T20:00:00+00:00,2026-08-17T20:02:35.444685+00:00,2026-08-17T20:02:35.444685+00:00,2026-08-17 22:50 (Local Time),AVDIMOU,,,,,1,11,22.0,18.5,24.0,21.9,1.1,0.4,3.0,4.0,286.0,,,,81.0,0.0,,,0.565888,,
2026-08-17T20:30:00+00:00,2026-08-17T20:36:09.500454+00:00,2026-08-17T20:36:09.500454+00:00,2026-08-17 23:30 (Local Time),AVDIMOU,,,,,1,11,21.4,17.6,24.0,21.3,1.3,0.4,3.0,3.0,320.0,,,,81.0,0.0,,,0.668777,,
2026-08-17T20:50:00+00:00,2026-08-17T20:58:29.368842+00:00,2026-08-17T20:58:29.368842+00:00,2026-08-17 23:50 (Local Time),AVDIMOU,,,,,1,11,21.6,17.8,24.0,21.3,1.5,0.5,3.0,3.0,334.0,,,,80.0,0.0,,,0.771666,,
2026-08-17T21:30:00+00:00,2026-08-17T21:33:43.230845+00:00,2026-08-17T21:33:43.230845+00:00,2026-08-18 00:20 (Local Time),AVDIMOU,,,,,1,11,21.4,17.5,24.0,21.3,1.4,0.1,3.0,4.0,342.0,,,,79.0,0.0,,,0.720222,,
2026-08-17T21:50:00+00:00,2026-08-17T21:53:18.134970+00:00,2026-08-17T21:53:18.134970+00:00,2026-08-18 00:40 (Local Time),AVDIMOU,,,,,1,11,20.6,16.9,24.0,20.5,1.5,0.0,3.0,4.0,327.0,,,,81.0,0.0,,,0.771666,,
2026-08-17T22:10:00+00:00,2026-08-17T22:10:00.656816+00:00,2026-08-17T22:10:00.656816+00:00,2026-08-18 01:00 (Local Time),AVDIMOU,,,,,1,11,20.0,17.0,24.0,19.9,0.0,0.5,3.0,4.0,7.0,,,,84.0,0.0,,,0.0,,
2026-08-17T22:30:00+00:00,2026-08-17T22:39:55.916091+00:00,2026-08-17T22:39:55.916091+00:00,2026-08-18 01:30 (Local Time),AVDIMOU,,,,,1,11,19.4,16.4,24.0,19.3,0.7,0.2,3.0,5.0,21.0,,,,85.0,0.0,,,0.360111,,
2026-08-17T22:50:00+00:00,2026-08-17T22:59:30.529363+00:00,2026-08-17T22:59:30.529363+00:00,2026-08-18 01:50 (Local Time),AVDIMOU,,,,,1,11,19.8,16.8,24.0,19.3,0.6,0.3,3.0,4.0,293.0,,,,83.0,0.0,,,0.308666,,
2026-08-17T23:30:00+00:00,2026-08-17T23:30:38.412541+00:00,2026-08-17T23:30:38.412541+00:00,2026-08-18 02:20 (Local Time),AVDIMOU,,,,,1,11,19.7,16.5,24.0,19.3,0.7,0.1,3.0,4.0,334.0,,,,82.0,0.0,,,0.360111,,
2026-08-17T23:50:00+00:00,2026-08-17T23:50:15.126177+00:00,2026-08-17T23:50:15.126177+00:00,2026-08-18 02:40 (Local Time),AVDIMOU,,,,,1,11,19.0,16.1,24.0,18.9,0.6,0.3,3.0,3.0,357.0,,,,83.0,0.0,,,0.308666,,
2026-08-18T00:20:00+00:00,2026-08-18T00:24:14.389705+00:00,2026-08-18T00:24:14.389705+00:00,2026-08-18 03:10 (Local Time),AVDIMOU,,,,,1,11,19.2,16.6,24.0,18.6,1.8,0.9,3.0,3.0,345.0,,,,86.0,0.0,,,0.925999,,
2026-08-18T01:50:00+00:00,2026-08-18T01:55:52.149592+00:00,2026-08-18T01:55:52.149592+00:00,2026-08-18 04:50 (Local Time),AVDIMOU,,,,,1,11,18.1,15.9,24.0,18.0,1.9,0.0,3.0,4.0,11.0,,,,84.0,0.0,,,0.977444,,
2026-08-18T02:40:00+00:00,2026-08-18T02:49:43.243216+00:00,2026-08-18T02:49:43.243216+00:00,2026-08-18 05:40 (Local Time),AVDIMOU,,,,,1,11,18.2,16.4,24.0,18.0,1.7,0.0,3.0,3.0,1.0,,,,87.0,0.0,,,0.874555,,
2026-08-18T03:30:00+00:00,2026-08-18T03:32:32.762789+00:00,2026-08-18T03:32:32.762789+00:00,2026-08-18 06:20 (Local Time),AVDIMOU,,,,,1,11,18.2,16.9,24.0,18.0,1.1,0.1,3.0,11.0,3.0,,,,87.0,0.0,,,0.565888,,
2026-08-18T04:10:00+00:00,2026-08-18T04:10:18.363757+00:00,2026-08-18T04:10:18.363757+00:00,2026-08-18 07:00 (Local Time),AVDIMOU,,,,,1,11,20.1,19.9,24.0,18.0,1.2,0.1,145.0,60.0,309.0,,,,84.0,0.0,,,0.617333,,
2026-08-18T04:50:00+00:00,2026-08-18T04:51:03.597295+00:00,2026-08-18T04:51:03.597295+00:00,2026-08-18 07:40 (Local Time),AVDIMOU,,,,,1,11,24.8,29.6,25.3,18.0,1.7,0.4,523.0,235.0,349.0,,,,72.0,0.0,,,0.874555,,
2026-08-18T05:10:00+00:00,2026-08-18T05:17:06.918090+00:00,2026-08-18T05:17:06.918090+00:00,2026-08-18 08:10 (Local Time),AVDIMOU,,,,,1,11,28.9,36.0,29.0,18.0,0.5,0.7,736.0,386.0,47.0,,,,49.0,0.0,,,0.257222,,
2026-08-18T05:40:00+00:00,2026-08-18T05:47:39.260555+00:00,2026-08-18T05:47:39.260555+00:00,2026-08-18 08:40 (Local Time),AVDIMOU,,,,,1,11,29.4,38.0,29.9,18.0,3.1,1.5,727.0,518.0,184.0,,,,61.0,0.0,,,1.594776,,
2026-08-18T06:10:00+00:00,2026-08-18T06:18:20.713441+00:00,2026-08-18T06:18:20.713441+00:00,2026-08-18 09:10 (Local Time),AVDIMOU,,,,,1,11,28.8,36.8,29.9,18.0,2.7,1.0,541.0,456.0,121.0,,,,63.0,0.0,,,1.388999,,
2026-08-18T07:10:00+00:00,2026-08-18T07:10:44.388345+00:00,2026-08-18T07:10:44.388345+00:00,2026-08-18 10:00 (Local Time),AVDIMOU,,,,,1,11,29.4,39.9,29.9,18.0,3.1,1.6,501.0,477.0,213.0,,,,62.0,0.0,,,1.594776,,
2026-08-18T07:50:00+00:00,2026-08-18T07:53:23.852815+00:00,2026-08-18T07:53:23.852815+00:00,2026-08-18 10:40 (Local Time),AVDIMOU,,,,,1,11,30.6,41.7,31.5,18.0,6.9,2.8,788.0,766.0,187.0,,,,57.0,0.0,,,3.549664,,
2026-08-18T08:10:00+00:00,2026-08-18T08:18:54.362982+00:00,2026-08-18T08:18:54.362982+00:00,2026-08-18 11:10 (Local Time),AVDIMOU,,,,,1,11,31.1,43.6,31.5,18.0,4.9,2.3,781.0,831.0,182.0,,,,56.0,0.0,,,2.520776,,
2026-08-18T08:50:00+00:00,2026-08-18T08:58:44.613256+00:00,2026-08-18T08:58:44.613256+00:00,2026-08-18 11:50 (Local Time),AVDIMOU,,,,,1,11,30.9,42.8,31.5,18.0,6.8,2.7,747.0,885.0,193.0,,,,56.0,0.0,,,3.498219,,
2026-08-18T09:40:00+00:00,2026-08-18T09:41:24.598380+00:00,2026-08-18T09:41:24.598380+00:00,2026-08-18 12:30 (Local Time),AVDIMOU,,,,,1,11,31.4,43.5,31.5,18.0,5.3,2.4,395.0,592.0,194.0,,,,55.0,0.0,,,2.726553,,
2026-08-18T10:00:00+00:00,2026-08-18T10:03:03.575658+00:00,2026-08-18T10:03:03.575658+00:00,2026-08-18 12:50 (Local Time),AVDIMOU,,,,,1,11,31.1,43.7,31.7,18.0,5.9,2.2,722.0,939.0,225.0,,,,55.0,0.0,,,3.03522,,
2026-08-18T10:30:00+00:00,2026-08-18T10:38:34.984728+00:00,2026-08-18T10:38:34.984728+00:00,2026-08-18 13:30 (Local Time),AVDIMOU,,,,,1,11,31.6,44.0,31.9,18.0,4.6,2.3,697.0,927.0,215.0,,,,51.0,0.0,,,2.366442,,
2026-08-18T11:00:00+00:00,2026-08-18T11:02:23.835258+00:00,2026-08-18T11:02:23.835258+00:00,2026-08-18 13:50 (Local Time),AVDIMOU,,,,,1,11,31.7,43.5,32.2,18.0,6.3,2.5,699.0,905.0,221.0,,,,53.0,0.0,,,3.240997,,
2026-08-18T11:30:00+00:00,2026-08-18T11:33:46.108464+00:00,2026-08-18T11:33:46.108464+00:00,2026-08-18 14:20 (Local Time),AVDIMOU,,,,,1,11,31.8,44.3,32.2,18.0,6.0,2.4,775.0,873.0,215.0,,,,53.0,0.0,,,3.086664,,
2026-08-18T11:50:00+00:00,2026-08-18T11:54:20.674214+00:00,2026-08-18T11:54:20.674214+00:00,2026-08-18 14:40 (Local Time),AVDIMOU,,,,,1,11,32.1,45.2,32.6,18.0,4.8,2.1,804.0,844.0,221.0,,,,52.0,0.0,,,2.469331,,
2026-08-18T12:20:00+00:00,2026-08-18T12:21:20.309958+00:00,2026-08-18T12:21:20.309958+00:00,2026-08-18 15:10 (Local Time),AVDIMOU,,,,,1,11,32.1,43.7,32.6,18.0,4.8,1.9,831.0,788.0,240.0,,,,53.0,0.0,,,2.469331,,
2026-08-18T13:10:00+00:00,2026-08-18T13:14:31.581114+00:00,2026-08-18T13:14:31.581114+00:00,2026-08-18 16:00 (Local Time),AVDIMOU,,,,,1,11,32.1,43.3,32.6,18.0,5.5,2.2,649.0,613.0,227.0,,,,52.0,0.0,,,2.829442,,
2026-08-18T13:50:00+00:00,2026-08-18T13:57:28.450580+00:00,2026-08-18T13:57:28.450580+00:00,2026-08-18 16:50 (Local Time),AVDIMOU,,,,,1,11,31.8,40.1,32.6,18.0,5.0,1.7,840.0,486.0,228.0,,,,54.0,0.0,,,2.57222,,
2026-08-18T14:20:00+00:00,2026-08-18T14:29:59.143929+00:00,2026-08-18T14:29:59.143929+00:00,2026-08-18 17:20 (Local Time),AVDIMOU,,,,,1,11,31.3,39.7,32.6,18.0,2.6,1.1,787.0,383.0,247.0,,,,57.0,0.0,,,1.337554,,
2026-08-18T15:00:00+00:00,2026-08-18T15:04:05.896029+00:00,2026-08-18T15:04:05.896029+00:00,2026-08-18 17:50 (Local Time),AVDIMOU,,,,,1,11,30.3,37.0,32.6,18.0,4.2,1.3,708.0,257.0,245.0,,,,60.0,0.0,,,2.160665,,
2026-08-18T15:40:00+00:00,2026-08-18T15:40:14.006878+00:00,2026-08-18T15:40:14.006878+00:00,2026-08-18 18:30 (Local Time),AVDIMOU,,,,,1,11,29.3,32.3,32.6,18.0,5.0,1.8,485.0,126.0,225.0,,,,64.0,0.0,,,2.57222,,
2026-08-18T16:00:00+00:00,2026-08-18T16:02:48.064538+00:00,2026-08-18T16:02:48.064538+00:00,2026-08-18 18:50 (Local Time),AVDIMOU,,,,,1,11,28.4,29.8,32.6,18.0,3.4,1.3,39.0,50.0,236.0,,,,67.0,0.0,,,1.74911,,
2026-08-18T16:40:00+00:00,2026-08-18T16:45:58.677393+00:00,2026-08-18T16:45:58.677393+00:00,2026-08-18 19:40 (Local Time),AVDIMOU,,,,,1,11,27.1,26.9,32.6,18.0,1.4,0.7,3.0,7.0,276.0,,,,71.0,0.0,,,0.720222,,
2026-08-18T17:00:00+00:00,2026-08-18T17:03:33.200374+00:00,2026-08-18T17:03:33.200374+00:00,2026-08-18 19:50 (Local Time),AVDIMOU,,,,,1,11,26.9,26.6,32.6,18.0,1.0,0.6,3.0,5.0,279.0,,,,72.0,0.0,,,0.514444,,
2026-08-18T17:30:00+00:00,2026-08-18T17:36:11.850025+00:00,2026-08-18T17:36:11.850025+00:00,2026-08-18 20:30 (Local Time),AVDIMOU,,,,,1,11,26.3,25.5,32.6,18.0,1.5,0.5,3.0,4.0,311.0,,,,74.0,0.0,,,0.771666,,
2026-08-18T17:50:00+00:00,2026-08-18T17:58:02.961468+00:00,2026-08-18T17:58:02.961468+00:00,2026-08-18 20:50 (Local Time),AVDIMOU,,,,,1,11,26.0,25.1,32.6,18.0,1.7,0.6,3.0,3.0,280.0,,,,75.0,0.0,,,0.874555,,
2026-08-18T18:50:00+00:00,2026-08-18T18:50:50.671533+00:00,2026-08-18T18:50:50.671533+00:00,2026-08-18 21:40 (Local Time),AVDIMOU,,,,,1,11,25.5,24.0,25.9,25.4,2.4,0.8,3.0,3.0,333.0,,,,76.0,0.0,,,1.234666,,
2026-08-18T19:10:00+00:00,2026-08-18T19:18:20.039986+00:00,2026-08-18T19:18:20.039986+00:00,2026-08-18 22:10 (Local Time),AVDIMOU,,,,,1,11,25.7,24.2,25.9,25.4,1.2,0.5,3.0,3.0,219.0,,,,73.0,0.0,,,0.617333,,
2026-08-18T19:40:00+00:00,2026-08-18T19:45:28.984553+00:00,2026-08-18T19:45:28.984553+00:00,2026-08-18 22:40 (Local Time),AVDIMOU,,,,,1,11,25.6,23.8,25.9,25.4,1.5,0.5,3.0,3.0,251.0,,,,73.0,0.0,,,0.771666,,
2026-08-18T19:50:00+00:00,2026-08-18T19:59:52.639926+00:00,2026-08-18T19:59:52.639926+00:00,2026-08-18 22:50 (Local Time),AVDIMOU,,,,,1,11,25.3,23.3,25.9,25.2,1.2,0.3,3.0,3.0,220.0,,,,74.0,0.0,,,0.617333,,
2026-08-18T20:30:00+00:00,2026-08-18T20:33:33.171191+00:00,2026-08-18T20:33:33.171191+00:00,2026-08-18 23:20 (Local Time),AVDIMOU,,,,,1,11,24.7,22.5,25.9,24.6,0.8,0.4,3.0,4.0,305.0,,,,75.0,0.0,,,0.411555,,
2026-08-18T20:50:00+00:00,2026-08-18T20:53:45.444725+00:00,2026-08-18T20:53:45.444725+00:00,2026-08-18 23:40 (Local Time),AVDIMOU,,,,,1,11,24.1,21.6,25.9,24.0,0.0,0.4,3.0,4.0,329.0,,,,77.0,0.0,,,0.0,,
2026-08-18T21:10:00+00:00,2026-08-18T21:11:04.864270+00:00,2026-08-18T21:11:04.864270+00:00,2026-08-19 00:00 (Local Time),AVDIMOU,,,,,1,11,23.8,21.4,25.9,23.8,1.1,0.2,3.0,3.0,301.0,,,,78.0,0.0,,,0.565888,,
2026-08-18T21:30:00+00:00,2026-08-18T21:37:49.180065+00:00,2026-08-18T21:37:49.180065+00:00,2026-08-19 00:30 (Local Time),AVDIMOU,,,,,1,11,22.8,20.7,25.9,22.7,0.7,0.0,3.0,3.0,340.0,,,,80.0,0.0,,,0.360111,,
2026-08-18T21:50:00+00:00,2026-08-18T21:54:29.451873+00:00,2026-08-18T21:54:29.451873+00:00,2026-08-19 00:40 (Local Time),AVDIMOU,,,,,1,11,22.4,20.3,25.9,22.3,0.0,0.2,3.0,3.0,40.0,,,,80.0,0.0,,,0.0,,
2026-08-18T22:10:00+00:00,2026-08-18T22:10:40.269696+00:00,2026-08-18T22:10:40.269696+00:00,2026-08-19 01:00 (Local Time),AVDIMOU,,,,,1,11,21.7,19.9,25.9,21.6,1.1,0.1,3.0,4.0,355.0,,,,82.0,0.0,,,0.565888,,
2026-08-18T22:40:00+00:00,2026-08-18T22:41:02.557644+00:00,2026-08-18T22:41:02.557644+00:00,2026-08-19 01:30 (Local Time),AVDIMOU,,,,,1,11,21.4,20.0,25.9,21.3,1.3,0.2,3.0,3.0,348.0,,,,83.0,0.0,,,0.668777,,
2026-08-18T22:50:00+00:00,2026-08-18T22:59:35.583742+00:00,2026-08-18T22:59:35.583742+00:00,2026-08-19 01:50 (Local Time),AVDIMOU,,,,,1,11,21.1,19.7,25.9,21.1,1.2,0.3,3.0,4.0,335.0,,,,83.0,0.0,,,0.617333,,
2026-08-18T23:20:00+00:00,2026-08-18T23:29:27.986203+00:00,2026-08-18T23:29:27.986203+00:00,2026-08-19 02:20 (Local Time),AVDIMOU,,,,,1,11,20.6,19.6,25.9,20.6,1.2,0.5,3.0,4.0,301.0,,,,83.0,0.0,,,0.617333,,
2026-08-18T23:50:00+00:00,2026-08-18T23:50:43.404092+00:00,2026-08-18T23:50:43.404092+00:00,2026-08-19 02:40 (Local Time),AVDIMOU,,,,,1,11,20.7,19.5,25.9,20.6,1.4,0.4,3.0,4.0,282.0,,,,84.0,0.0,,,0.720222,,
2026-08-19T00:20:00+00:00,2026-08-19T00:23:59.722491+00:00,2026-08-19T00:23:59.722491+00:00,2026-08-19 03:10 (Local Time),AVDIMOU,,,,,1,11,20.8,19.3,25.9,20.6,1.3,0.4,3.0,4.0,310.0,,,,81.0,0.0,,,0.668777,,
2026-08-19T01:50:00+00:00,2026-08-19T01:57:25.691512+00:00,2026-08-19T01:57:25.691512+00:00,2026-08-19 04:50 (Local Time),AVDIMOU,,,,,1,11,20.0,18.5,25.9,19.9,1.3,0.1,3.0,4.0,298.0,,,,82.0,0.0,,,0.668777,,
2026-08-19T02:50:00+00:00,2026-08-19T02:53:39.118103+00:00,2026-08-19T02:53:39.118103+00:00,2026-08-19 05:40 (Local Time),AVDIMOU,,,,,1,11,19.9,18.3,25.9,19.8,1.2,0.0,3.0,4.0,300.0,,,,81.0,0.0,,,0.617333,,
2026-08-19T03:30:00+00:00,2026-08-19T03:34:45.199692+00:00,2026-08-19T03:34:45.199692+00:00,2026-08-19 06:20 (Local Time),AVDIMOU,,,,,1,11,19.4,18.3,25.9,19.4,1.0,0.0,3.0,11.0,302.0,,,,84.0,0.0,,,0.514444,,
2026-08-19T04:10:00+00:00,2026-08-19T04:18:19.383602+00:00,2026-08-19T04:18:19.383602+00:00,2026-08-19 07:10 (Local Time),AVDIMOU,,,,,1,11,21.0,22.3,25.9,19.4,1.1,0.0,324.0,101.0,345.0,,,,86.0,0.0,,,0.565888,,
2026-08-19T04:50:00+00:00,2026-08-19T04:57:06.296841+00:00,2026-08-19T04:57:06.296841+00:00,2026-08-19 07:50 (Local Time),AVDIMOU,,,,,1,11,26.6,31.6,26.8,19.4,1.2,0.4,601.0,244.0,155.0,,,,66.0,0.0,,,0.617333,,
2026-08-19T05:20:00+00:00,2026-08-19T05:25:24.544588+00:00,2026-08-19T05:25:24.544588+00:00,2026-08-19 08:20 (Local Time),AVDIMOU,,,,,1,11,28.3,35.7,28.6,19.4,1.7,1.0,734.0,352.0,128.0,,,,60.0,0.0,,,0.874555,,
2026-08-19T05:50:00+00:00,2026-08-19T05:53:41.768577+00:00,2026-08-19T05:53:41.768577+00:00,2026-08-19 08:40 (Local Time),AVDIMOU,,,,,1,11,28.9,37.1,29.0,19.4,1.8,1.1,775.0,420.0,118.0,,,,58.0,0.0,,,0.925999,,
2026-08-19T06:20:00+00:00,2026-08-19T06:20:10.844040+00:00,2026-08-19T06:20:10.844040+00:00,2026-08-19 09:10 (Local Time),AVDIMOU,,,,,1,11,29.0,39.7,29.3,19.4,3.7,1.8,813.0,525.0,151.0,,,,59.0,0.0,,,1.903443,,
2026-08-19T07:10:00+00:00,2026-08-19T07:11:32.422748+00:00,2026-08-19T07:11:32.422748+00:00,2026-08-19 10:00 (Local Time),AVDIMOU,,,,,1,11,29.9,42.7,30.1,19.4,3.2,1.9,823.0,674.0,136.0,,,,57.0,0.0,,,1.646221,,
2026-08-19T07:50:00+00:00,2026-08-19T07:53:52.388325+00:00,2026-08-19T07:53:52.388325+00:00,2026-08-19 10:40 (Local Time),AVDIMOU,,,,,1,11,30.1,45.0,30.5,19.4,4.5,2.4,812.0,774.0,122.0,,,,56.0,0.0,,,2.314998,,
2026-08-19T08:20:00+00:00,2026-08-19T08:20:15.557867+00:00,2026-08-19T08:20:15.557867+00:00,2026-08-19 11:10 (Local Time),AVDIMOU,,,,,1,11,30.5,44.6,30.7,19.4,3.6,1.8,793.0,835.0,147.0,,,,56.0,0.0,,,1.851998,,
2026-08-19T08:50:00+00:00,2026-08-19T08:59:55.352292+00:00,2026-08-19T08:59:55.352292+00:00,2026-08-19 11:50 (Local Time),AVDIMOU,,,,,1,11,30.7,46.9,31.2,19.4,3.9,1.9,764.0,894.0,136.0,,,,54.0,0.0,,,2.006332,,
2026-08-19T09:40:00+00:00,2026-08-19T09:41:43.896275+00:00,2026-08-19T09:41:43.896275+00:00,2026-08-19 12:30 (Local Time),AVDIMOU,,,,,1,11,31.9,47.5,32.1,19.4,4.4,2.0,740.0,924.0,155.0,,,,51.0,0.0,,,2.263554,,
2026-08-19T10:00:00+00:00,2026-08-19T10:03:31.576457+00:00,2026-08-19T10:03:31.576457+00:00,2026-08-19 12:50 (Local Time),AVDIMOU,,,,,1,11,31.8,45.9,32.4,19.4,6.1,2.6,721.0,932.0,152.0,,,,49.0,0.0,,,3.138108,,
2026-08-19T10:30:00+00:00,2026-08-19T10:38:12.499941+00:00,2026-08-19T10:38:12.499941+00:00,2026-08-19 13:30 (Local Time),AVDIMOU,,,,,1,11,32.8,46.3,33.2,19.4,4.3,2.0,695.0,915.0,224.0,,,,47.0,0.0,,,2.212109,,
2026-08-19T11:00:00+00:00,2026-08-19T11:01:28.994910+00:00,2026-08-19T11:01:28.994910+00:00,2026-08-19 13:50 (Local Time),AVDIMOU,,,,,1,11,32.6,46.4,33.2,19.4,3.5,1.7,738.0,912.0,216.0,,,,48.0,0.0,,,1.800554,,
2026-08-19T11:30:00+00:00,2026-08-19T11:33:39.621095+00:00,2026-08-19T11:33:39.621095+00:00,2026-08-19 14:20 (Local Time),AVDIMOU,,,,,1,11,33.1,47.0,33.6,19.4,4.4,1.7,782.0,876.0,217.0,,,,44.0,0.0,,,2.263554,,
2026-08-19T11:50:00+00:00,2026-08-19T11:54:21.595172+00:00,2026-08-19T11:54:21.595172+00:00,2026-08-19 14:40 (Local Time),AVDIMOU,,,,,1,11,33.3,46.8,33.8,19.4,4.1,2.1,796.0,834.0,219.0,,,,43.0,0.0,,,2.10922,,
2026-08-19T12:20:00+00:00,2026-08-19T12:20:37.787551+00:00,2026-08-19T12:20:37.787551+00:00,2026-08-19 15:10 (Local Time),AVDIMOU,,,,,1,11,33.0,45.9,33.8,19.4,4.8,1.8,823.0,767.0,225.0,,,,43.0,0.0,,,2.469331,,
2026-08-19T13:10:00+00:00,2026-08-19T13:16:23.941545+00:00,2026-08-19T13:16:23.941545+00:00,2026-08-19 16:10 (Local Time),AVDIMOU,,,,,1,11,33.2,43.9,34.1,19.4,4.0,1.6,855.0,613.0,233.0,,,,45.0,0.0,,,2.057776,,
2026-08-19T13:50:00+00:00,2026-08-19T13:59:27.434365+00:00,2026-08-19T13:59:27.434365+00:00,2026-08-19 16:50 (Local Time),AVDIMOU,,,,,1,11,32.8,42.0,34.1,19.4,4.3,1.4,846.0,481.0,216.0,,,,47.0,0.0,,,2.212109,,
2026-08-19T14:40:00+00:00,2026-08-19T14:42:39.007412+00:00,2026-08-19T14:42:39.007412+00:00,2026-08-19 17:30 (Local Time),AVDIMOU,,,,,1,11,32.1,39.7,34.1,19.4,4.1,1.4,810.0,359.0,229.0,,,,51.0,0.0,,,2.10922,,
2026-08-19T15:00:00+00:00,2026-08-19T15:07:16.799788+00:00,2026-08-19T15:07:16.799788+00:00,2026-08-19 18:00 (Local Time),AVDIMOU,,,,,1,11,31.5,37.7,34.1,19.4,2.7,1.3,727.0,257.0,229.0,,,,54.0,0.0,,,1.388999,,
2026-08-19T15:40:00+00:00,2026-08-19T15:41:50.760258+00:00,2026-08-19T15:41:50.760258+00:00,2026-08-19 18:30 (Local Time),AVDIMOU,,,,,1,11,30.7,33.6,34.1,19.4,3.2,1.2,563.0,126.0,227.0,,,,54.0,0.0,,,1.646221,,
2026-08-19T16:00:00+00:00,2026-08-19T16:02:56.229784+00:00,2026-08-19T16:02:56.229784+00:00,2026-08-19 18:50 (Local Time),AVDIMOU,,,,,1,11,29.8,30.7,34.1,19.4,3.3,1.4,25.0,43.0,214.0,,,,57.0,0.0,,,1.697665,,
2026-08-19T16:40:00+00:00,2026-08-19T16:40:28.069776+00:00,2026-08-19T16:40:28.069776+00:00,2026-08-19 19:30 (Local Time),AVDIMOU,,,,,1,11,28.7,28.2,34.1,19.4,1.3,0.4,3.0,12.0,284.0,,,,60.0,0.0,,,0.668777,,
2026-08-19T17:00:00+00:00,2026-08-19T17:02:28.119224+00:00,2026-08-19T17:02:28.119224+00:00,2026-08-19 19:50 (Local Time),AVDIMOU,,,,,1,11,28.1,27.0,34.1,19.4,1.3,0.5,3.0,6.0,291.0,,,,62.0,0.0,,,0.668777,,
2026-08-19T17:30:00+00:00,2026-08-19T17:34:05.900061+00:00,2026-08-19T17:34:05.900061+00:00,2026-08-19 20:20 (Local Time),AVDIMOU,,,,,1,11,27.3,25.3,34.1,19.4,0.5,0.1,3.0,4.0,193.0,,,,63.0,0.0,,,0.257222,,
2026-08-19T17:50:00+00:00,2026-08-19T17:53:55.471146+00:00,2026-08-19T17:53:55.471146+00:00,2026-08-19 20:40 (Local Time),AVDIMOU,,,,,1,11,26.8,24.6,34.1,19.4,1.6,0.2,3.0,4.0,166.0,,,,64.0,0.0,,,0.82311,,
2026-08-19T18:10:00+00:00,2026-08-19T18:14:57.441911+00:00,2026-08-19T18:14:57.441911+00:00,2026-08-19 21:00 (Local Time),AVDIMOU,,,,,1,11,26.4,24.3,26.4,26.3,0.7,0.1,3.0,4.0,314.0,,,,65.0,0.0,,,0.360111,,
2026-08-19T18:50:00+00:00,2026-08-19T18:54:27.453842+00:00,2026-08-19T18:54:27.453842+00:00,2026-08-19 21:40 (Local Time),AVDIMOU,,,,,1,11,25.0,23.0,26.4,24.8,1.4,0.2,3.0,4.0,333.0,,,,67.0,0.0,,,0.720222,,
2026-08-19T19:10:00+00:00,2026-08-19T19:17:06.382693+00:00,2026-08-19T19:17:06.382693+00:00,2026-08-19 22:10 (Local Time),AVDIMOU,,,,,1,11,24.1,22.4,26.4,24.0,1.2,0.3,3.0,3.0,308.0,,,,69.0,0.0,,,0.617333,,
2026-08-19T19:40:00+00:00,2026-08-19T19:42:40.651097+00:00,2026-08-19T19:42:40.651097+00:00,2026-08-19 22:30 (Local Time),AVDIMOU,,,,,1,11,24.2,22.4,26.4,24.0,1.2,0.1,3.0,3.0,297.0,,,,68.0,0.0,,,0.617333,,
2026-08-19T19:50:00+00:00,2026-08-19T19:58:54.012424+00:00,2026-08-19T19:58:54.012424+00:00,2026-08-19 22:50 (Local Time),AVDIMOU,,,,,1,11,23.5,21.9,26.4,23.4,0.0,0.0,3.0,3.0,290.0,,,,70.0,0.0,,,0.0,,
2026-08-19T20:30:00+00:00,2026-08-19T20:37:59.904282+00:00,2026-08-19T20:37:59.904282+00:00,2026-08-19 23:30 (Local Time),AVDIMOU,,,,,1,11,22.6,21.2,26.4,22.5,0.9,0.0,3.0,4.0,311.0,,,,72.0,0.0,,,0.463,,
2026-08-19T21:00:00+00:00,2026-08-19T21:02:40.756576+00:00,2026-08-19T21:02:40.756576+00:00,2026-08-19 23:50 (Local Time),AVDIMOU,,,,,1,11,22.1,20.9,26.4,21.9,1.3,0.0,3.0,5.0,324.0,,,,72.0,0.0,,,0.668777,,
2026-08-19T21:30:00+00:00,2026-08-19T21:33:44.320052+00:00,2026-08-19T21:33:44.320052+00:00,2026-08-20 00:20 (Local Time),AVDIMOU,,,,,1,11,21.7,20.5,26.4,21.6,1.3,0.1,3.0,4.0,308.0,,,,73.0,0.0,,,0.668777,,
2026-08-19T21:50:00+00:00,2026-08-19T21:54:24.077545+00:00,2026-08-19T21:54:24.077545+00:00,2026-08-20 00:40 (Local Time),AVDIMOU,,,,,1,11,21.5,20.2,26.4,21.5,1.0,0.0,3.0,4.0,337.0,,,,74.0,0.0,,,0.514444,,
2026-08-19T22:10:00+00:00,2026-08-19T22:12:50.506869+00:00,2026-08-19T22:12:50.506869+00:00,2026-08-20 01:00 (Local Time),AVDIMOU,,,,,1,11,21.2,20.0,26.4,21.2,1.0,0.0,3.0,4.0,309.0,,,,75.0,0.0,,,0.514444,,
2026-08-19T22:40:00+00:00,2026-08-19T22:41:01.124367+00:00,2026-08-19T22:41:01.124367+00:00,2026-08-20 01:30 (Local Time),AVDIMOU,,,,,1,11,21.1,19.7,26.4,20.8,1.4,0.2,3.0,4.0,306.0,,,,78.0,0.0,,,0.720222,,
2026-08-19T23:00:00+00:00,2026-08-19T23:00:39.151070+00:00,2026-08-19T23:00:39.151070+00:00,2026-08-20 01:50 (Local Time),AVDIMOU,,,,,1,11,20.8,19.5,26.4,20.8,0.9,0.0,3.0,4.0,282.0,,,,78.0,0.0,,,0.463,,
2026-08-19T23:30:00+00:00,2026-08-19T23:30:46.349700+00:00,2026-08-19T23:30:46.349700+00:00,2026-08-20 02:20 (Local Time),AVDIMOU,,,,,1,11,20.5,19.2,26.4,20.4,1.3,0.0,3.0,4.0,278.0,,,,79.0,0.0,,,0.668777,,
2026-08-19T23:50:00+00:00,2026-08-19T23:50:58.918457+00:00,2026-08-19T23:50:58.918457+00:00,2026-08-20 02:40 (Local Time),AVDIMOU,,,,,1,11,20.7,19.1,26.4,20.4,1.0,0.1,3.0,3.0,303.0,,,,80.0,0.0,,,0.514444,,
2026-08-20T00:20:00+00:00,2026-08-20T00:24:22.842426+00:00,2026-08-20T00:24:22.842426+00:00,2026-08-20 03:10 (Local Time),AVDIMOU,,,,,1,11,20.4,18.8,26.4,20.3,0.7,0.0,3.0,4.0,336.0,,,,79.0,0.0,,,0.360111,,
2026-08-20T01:50:00+00:00,2026-08-20T01:56:47.374374+00:00,2026-08-20T01:56:47.374374+00:00,2026-08-20 04:50 (Local Time),AVDIMOU,,,,,1,11,19.4,18.0,26.4,19.1,1.1,0.1,3.0,3.0,332.0,,,,83.0,0.0,,,0.565888,,
2026-08-20T02:50:00+00:00,2026-08-20T02:52:05.733614+00:00,2026-08-20T02:52:05.733614+00:00,2026-08-20 05:40 (Local Time),AVDIMOU,,,,,1,11,19.2,17.4,26.4,19.0,1.5,0.1,3.0,3.0,332.0,,,,83.0,0.0,,,0.771666,,
2026-08-20T03:30:00+00:00,2026-08-20T03:34:39.399331+00:00,2026-08-20T03:34:39.399331+00:00,2026-08-20 06:20 (Local Time),AVDIMOU,,,,,1,11,19.8,17.7,26.4,19.0,1.1,0.1,3.0,10.0,339.0,,,,83.0,0.0,,,0.565888,,
2026-08-20T04:10:00+00:00,2026-08-20T04:18:05.120997+00:00,2026-08-20T04:18:05.120997+00:00,2026-08-20 07:10 (Local Time),AVDIMOU,,,,,1,11,21.6,21.5,26.4,19.0,1.1,0.0,379.0,110.0,333.0,,,,80.0,0.0,,,0.565888,,
2026-08-20T04:50:00+00:00,2026-08-20T04:58:51.324723+00:00,2026-08-20T04:58:51.324723+00:00,2026-08-20 07:50 (Local Time),AVDIMOU,,,,,1,11,27.3,31.7,27.8,19.0,0.9,0.0,671.0,255.0,231.0,,,,60.0,0.0,,,0.463,,
2026-08-20T05:30:00+00:00,2026-08-20T05:38:53.537901+00:00,2026-08-20T05:38:53.537901+00:00,2026-08-20 08:30 (Local Time),AVDIMOU,,,,,1,11,30.3,38.0,30.5,19.0,2.9,1.4,822.0,406.0,96.0,,,,46.0,0.0,,,1.491888,,
2026-08-20T06:00:00+00:00,2026-08-20T06:02:36.456628+00:00,2026-08-20T06:02:36.456628+00:00,2026-08-20 08:50 (Local Time),AVDIMOU,,,,,1,11,30.8,39.8,31.0,19.0,2.9,1.4,845.0,472.0,125.0,,,,44.0,0.0,,,1.491888,,
2026-08-20T06:50:00+00:00,2026-08-20T06:59:22.651131+00:00,2026-08-20T06:59:22.651131+00:00,2026-08-20 09:50 (Local Time),AVDIMOU,,,,,1,11,31.8,44.7,32.0,19.0,4.5,2.0,857.0,662.0,133.0,,,,42.0,0.0,,,2.314998,,
2026-08-20T07:40:00+00:00,2026-08-20T07:49:34.862162+00:00,2026-08-20T07:49:34.862162+00:00,2026-08-20 10:40 (Local Time),AVDIMOU,,,,,1,11,32.0,45.8,32.2,19.0,3.5,2.1,849.0,793.0,143.0,,,,42.0,0.0,,,1.800554,,
2026-08-20T08:20:00+00:00,2026-08-20T08:20:19.552206+00:00,2026-08-20T08:20:19.552206+00:00,2026-08-20 11:10 (Local Time),AVDIMOU,,,,,1,11,32.4,46.4,32.8,19.0,4.5,2.4,826.0,851.0,126.0,,,,40.0,0.0,,,2.314998,,
2026-08-20T09:00:00+00:00,2026-08-20T09:01:17.519133+00:00,2026-08-20T09:01:17.519133+00:00,2026-08-20 11:50 (Local Time),AVDIMOU,,,,,1,11,32.0,45.9,33.0,19.0,4.9,2.2,795.0,907.0,142.0,,,,43.0,0.0,,,2.520776,,
2026-08-20T09:40:00+00:00,2026-08-20T09:43:33.579324+00:00,2026-08-20T09:43:33.579324+00:00,2026-08-20 12:30 (Local Time),AVDIMOU,,,,,1,11,31.9,46.4,33.0,19.0,4.6,2.1,771.0,935.0,134.0,,,,46.0,0.0,,,2.366442,,
2026-08-20T10:00:00+00:00,2026-08-20T10:06:04.071841+00:00,2026-08-20T10:06:04.071841+00:00,2026-08-20 13:00 (Local Time),AVDIMOU,,,,,1,11,32.4,46.9,33.0,19.0,3.6,1.7,752.0,941.0,159.0,,,,44.0,0.0,,,1.851998,,
2026-08-20T10:40:00+00:00,2026-08-20T10:41:50.232075+00:00,2026-08-20T10:41:50.232075+00:00,2026-08-20 13:30 (Local Time),AVDIMOU,,,,,1,11,33.6,47.8,34.2,19.0,7.3,2.8,739.0,929.0,123.0,,,,39.0,0.0,,,3.755441,,
2026-08-20T11:00:00+00:00,2026-08-20T11:03:25.565865+00:00,2026-08-20T11:03:25.565865+00:00,2026-08-20 13:50 (Local Time),AVDIMOU,,,,,1,11,34.5,48.3,34.7,19.0,5.1,2.1,759.0,908.0,166.0,,,,41.0,0.0,,,2.623664,,
2026-08-20T11:30:00+00:00,2026-08-20T11:35:37.091481+00:00,2026-08-20T11:35:37.091481+00:00,2026-08-20 14:30 (Local Time),AVDIMOU,,,,,1,11,34.6,47.8,35.0,19.0,5.0,1.9,818.0,856.0,206.0,,,,40.0,0.0,,,2.57222,,
2026-08-20T11:50:00+00:00,2026-08-20T11:57:43.347373+00:00,2026-08-20T11:57:43.347373+00:00,2026-08-20 14:50 (Local Time),AVDIMOU,,,,,1,11,34.8,47.8,35.1,19.0,5.9,2.1,838.0,808.0,226.0,,,,40.0,0.0,,,3.03522,,
2026-08-20T13:00:00+00:00,2026-08-20T13:04:28.064393+00:00,2026-08-20T13:04:28.064393+00:00,2026-08-20 15:50 (Local Time),AVDIMOU,,,,,1,11,35.6,46.6,36.1,19.0,4.8,1.8,877.0,674.0,227.0,,,,44.0,0.0,,,2.469331,,
2026-08-20T13:50:00+00:00,2026-08-20T13:53:50.387068+00:00,2026-08-20T13:53:50.387068+00:00,2026-08-20 16:40 (Local Time),AVDIMOU,,,,,1,11,35.1,44.5,36.1,19.0,3.9,1.8,885.0,520.0,232.0,,,,50.0,0.0,,,2.006332,,
2026-08-20T14:20:00+00:00,2026-08-20T14:22:56.179013+00:00,2026-08-20T14:22:56.179013+00:00,2026-08-20 17:10 (Local Time),AVDIMOU,,,,,1,11,35.7,44.3,36.4,19.0,3.9,1.9,856.0,424.0,218.0,,,,48.0,0.0,,,2.006332,,
2026-08-20T14:50:00+00:00,2026-08-20T14:59:53.693389+00:00,2026-08-20T14:59:53.693389+00:00,2026-08-20 17:50 (Local Time),AVDIMOU,,,,,1,11,34.6,40.9,36.4,19.0,5.2,1.8,749.0,255.0,219.0,,,,52.0,0.0,,,2.675109,,
2026-08-20T15:40:00+00:00,2026-08-20T15:41:38.178712+00:00,2026-08-20T15:41:38.178712+00:00,2026-08-20 18:30 (Local Time),AVDIMOU,,,,,1,11,34.3,36.7,36.4,19.0,1.6,0.8,529.0,93.0,256.0,,,,49.0,0.0,,,0.82311,,
2026-08-20T16:00:00+00:00,2026-08-20T16:04:23.594640+00:00,2026-08-20T16:04:23.594640+00:00,2026-08-20 18:50 (Local Time),AVDIMOU,,,,,1,11,33.5,34.0,36.4,19.0,2.1,0.7,24.0,43.0,272.0,,,,48.0,0.0,,,1.080332,,
2026-08-20T16:40:00+00:00,2026-08-20T16:46:38.617237+00:00,2026-08-20T16:46:38.617237+00:00,2026-08-20 19:40 (Local Time),AVDIMOU,,,,,1,11,31.6,30.3,36.4,19.0,0.8,0.5,4.0,8.0,255.0,,,,56.0,0.0,,,0.411555,,
2026-08-20T17:10:00+00:00,2026-08-20T17:13:24.942307+00:00,2026-08-20T17:13:24.942307+00:00,2026-08-20 20:00 (Local Time),AVDIMOU,,,,,1,11,30.5,28.4,36.4,19.0,0.0,0.0,3.0,5.0,273.0,,,,58.0,0.0,,,0.0,,
2026-08-20T17:40:00+00:00,2026-08-20T17:45:31.150981+00:00,2026-08-20T17:45:31.150981+00:00,2026-08-20 20:40 (Local Time),AVDIMOU,,,,,1,11,28.4,26.3,36.4,19.0,0.0,0.1,3.0,6.0,249.0,,,,62.0,0.0,,,0.0,,
2026-08-20T18:00:00+00:00,2026-08-20T18:04:28.682915+00:00,2026-08-20T18:04:28.682915+00:00,2026-08-20 20:50 (Local Time),AVDIMOU,,,,,1,11,28.1,25.9,36.4,19.0,0.8,0.1,3.0,5.0,280.0,,,,62.0,0.0,,,0.411555,,
2026-08-20T18:50:00+00:00,2026-08-20T18:54:21.885518+00:00,2026-08-20T18:54:21.885518+00:00,2026-08-20 21:40 (Local Time),AVDIMOU,,,,,1,11,27.4,24.3,27.8,27.2,1.0,0.1,3.0,5.0,283.0,,,,61.0,0.0,,,0.514444,,
2026-08-20T19:20:00+00:00,2026-08-20T19:22:22.840179+00:00,2026-08-20T19:22:22.840179+00:00,2026-08-20 22:10 (Local Time),AVDIMOU,,,,,1,11,25.9,23.2,27.8,25.7,1.2,0.1,3.0,5.0,331.0,,,,64.0,0.0,,,0.617333,,
2026-08-20T19:50:00+00:00,2026-08-20T19:50:45.785490+00:00,2026-08-20T19:50:45.785490+00:00,2026-08-20 22:40 (Local Time),AVDIMOU,,,,,1,11,24.6,22.6,27.8,24.5,1.2,0.0,3.0,4.0,320.0,,,,67.0,0.0,,,0.617333,,
2026-08-20T20:10:00+00:00,2026-08-20T20:13:46.206669+00:00,2026-08-20T20:13:46.206669+00:00,2026-08-20 23:00 (Local Time),AVDIMOU,,,,,1,11,24.1,22.3,27.8,24.0,1.4,0.0,3.0,4.0,323.0,,,,68.0,0.0,,,0.720222,,
2026-08-20T20:40:00+00:00,2026-08-20T20:46:56.136471+00:00,2026-08-20T20:46:56.136471+00:00,2026-08-20 23:40 (Local Time),AVDIMOU,,,,,1,11,23.4,21.7,27.8,23.3,1.4,0.0,3.0,4.0,302.0,,,,69.0,0.0,,,0.720222,,
2026-08-20T21:10:00+00:00,2026-08-20T21:11:52.962744+00:00,2026-08-20T21:11:52.962744+00:00,2026-08-21 00:00 (Local Time),AVDIMOU,,,,,1,11,23.1,21.4,27.8,23.0,0.6,0.0,3.0,5.0,280.0,,,,72.0,0.0,,,0.308666,,
2026-08-20T21:40:00+00:00,2026-08-20T21:43:08.549764+00:00,2026-08-20T21:43:08.549764+00:00,2026-08-21 00:30 (Local Time),AVDIMOU,,,,,1,11,23.9,21.2,27.8,23.0,1.4,0.5,3.0,4.0,312.0,,,,63.0,0.0,,,0.720222,,
2026-08-20T22:00:00+00:00,2026-08-20T22:01:36.406567+00:00,2026-08-20T22:01:36.406567+00:00,2026-08-21 00:50 (Local Time),AVDIMOU,,,,,1,11,23.5,20.5,27.8,23.0,0.5,0.1,3.0,5.0,313.0,,,,62.0,0.0,,,0.257222,,
2026-08-20T22:30:00+00:00,2026-08-20T22:36:29.120331+00:00,2026-08-20T22:36:29.120331+00:00,2026-08-21 01:30 (Local Time),AVDIMOU,,,,,1,11,21.8,19.4,27.8,21.8,1.5,0.2,3.0,5.0,333.0,,,,60.0,0.0,,,0.771666,,
2026-08-20T22:50:00+00:00,2026-08-20T22:59:30.879388+00:00,2026-08-20T22:59:30.879388+00:00,2026-08-21 01:50 (Local Time),AVDIMOU,,,,,1,11,21.4,18.8,27.8,21.3,1.0,0.1,3.0,5.0,308.0,,,,59.0,0.0,,,0.514444,,
2026-08-20T23:30:00+00:00,2026-08-20T23:33:36.523051+00:00,2026-08-20T23:33:36.523051+00:00,2026-08-21 02:20 (Local Time),AVDIMOU,,,,,1,11,20.7,18.5,27.8,20.6,2.0,0.0,3.0,5.0,342.0,,,,58.0,0.0,,,1.028888,,
2026-08-20T23:50:00+00:00,2026-08-20T23:53:43.838753+00:00,2026-08-20T23:53:43.838753+00:00,2026-08-21 02:40 (Local Time),AVDIMOU,,,,,1,11,20.4,18.5,27.8,20.3,1.3,0.1,3.0,4.0,308.0,,,,58.0,0.0,,,0.668777,,
2026-08-21T00:20:00+00:00,2026-08-21T00:29:00.102344+00:00,2026-08-21T00:29:00.102344+00:00,2026-08-21 03:20 (Local Time),AVDIMOU,,,,,1,11,21.6,18.9,27.8,20.3,2.0,0.3,3.0,4.0,119.0,,,,54.0,0.0,,,1.028888,,
2026-08-21T02:10:00+00:00,2026-08-21T02:10:07.130994+00:00,2026-08-21T02:10:07.130994+00:00,2026-08-21 05:00 (Local Time),AVDIMOU,,,,,1,11,19.1,17.3,27.8,19.0,1.5,0.2,3.0,4.0,334.0,,,,66.0,0.0,,,0.771666,,
2026-08-21T03:10:00+00:00,2026-08-21T03:15:41.034191+00:00,2026-08-21T03:15:41.034191+00:00,2026-08-21 06:10 (Local Time),AVDIMOU,,,,,1,11,19.6,17.6,27.8,19.0,2.1,0.0,3.0,7.0,344.0,,,,76.0,0.0,,,1.080332,,
2026-08-21T04:00:00+00:00,2026-08-21T04:03:16.605758+00:00,2026-08-21T04:03:16.605758+00:00,2026-08-21 06:50 (Local Time),AVDIMOU,,,,,1,11,21.0,19.6,27.8,19.0,0.7,0.0,15.0,33.0,338.0,,,,80.0,0.0,,,0.360111,,
2026-08-21T04:40:00+00:00,2026-08-21T04:49:15.684839+00:00,2026-08-21T04:49:15.684839+00:00,2026-08-21 07:40 (Local Time),AVDIMOU,,,,,1,11,28.3,31.3,28.6,19.0,0.8,0.4,619.0,212.0,10.0,,,,61.0,0.0,,,0.411555,,
2026-08-21T05:20:00+00:00,2026-08-21T05:20:11.716949+00:00,2026-08-21T05:20:11.716949+00:00,2026-08-21 08:10 (Local Time),AVDIMOU,,,,,1,11,31.6,36.7,31.9,19.0,0.9,0.4,756.0,321.0,36.0,,,,52.0,0.0,,,0.463,,
2026-08-21T05:50:00+00:00,2026-08-21T05:53:01.453750+00:00,2026-08-21T05:53:01.453750+00:00,2026-08-21 08:40 (Local Time),AVDIMOU,,,,,1,11,32.7,40.4,32.9,19.0,2.3,0.9,823.0,432.0,66.0,,,,46.0,0.0,,,1.183221,,
2026-08-21T06:20:00+00:00,2026-08-21T06:21:07.925836+00:00,2026-08-21T06:21:07.925836+00:00,2026-08-21 09:10 (Local Time),AVDIMOU,,,,,1,11,33.4,43.7,33.6,19.0,4.5,1.8,841.0,530.0,131.0,,,,45.0,0.0,,,2.314998,,
2026-08-21T07:10:00+00:00,2026-08-21T07:13:54.140874+00:00,2026-08-21T07:13:54.140874+00:00,2026-08-21 10:00 (Local Time),AVDIMOU,,,,,1,11,33.7,45.5,34.2,19.0,3.8,2.0,848.0,681.0,138.0,,,,44.0,0.0,,,1.954887,,
2026-08-21T07:50:00+00:00,2026-08-21T07:57:40.323485+00:00,2026-08-21T07:57:40.323485+00:00,2026-08-21 10:50 (Local Time),AVDIMOU,,,,,1,11,33.6,46.5,34.2,19.0,5.4,1.9,836.0,803.0,136.0,,,,44.0,0.0,,,2.777998,,
2026-08-21T08:50:00+00:00,2026-08-21T08:51:31.012693+00:00,2026-08-21T08:51:31.012693+00:00,2026-08-21 11:40 (Local Time),AVDIMOU,,,,,1,11,32.9,47.4,34.2,19.0,4.0,2.0,804.0,892.0,129.0,,,,49.0,0.0,,,2.057776,,
2026-08-21T09:20:00+00:00,2026-08-21T09:22:22.276206+00:00,2026-08-21T09:22:22.276206+00:00,2026-08-21 12:10 (Local Time),AVDIMOU,,,,,1,11,33.1,47.8,34.2,19.0,4.3,2.0,785.0,924.0,136.0,,,,50.0,0.0,,,2.212109,,
2026-08-21T09:50:00+00:00,2026-08-21T09:56:11.495988+00:00,2026-08-21T09:56:11.495988+00:00,2026-08-21 12:50 (Local Time),AVDIMOU,,,,,1,11,32.8,47.6,34.2,19.0,5.3,2.3,763.0,943.0,131.0,,,,52.0,0.0,,,2.726553,,
2026-08-21T10:20:00+00:00,2026-08-21T10:22:18.862090+00:00,2026-08-21T10:22:18.862090+00:00,2026-08-21 13:10 (Local Time),AVDIMOU,,,,,1,11,32.9,47.7,34.2,19.0,5.2,2.7,746.0,940.0,127.0,,,,53.0,0.0,,,2.675109,,
2026-08-21T10:50:00+00:00,2026-08-21T10:53:38.534860+00:00,2026-08-21T10:53:38.534860+00:00,2026-08-21 13:40 (Local Time),AVDIMOU,,,,,1,11,32.8,49.6,34.2,19.0,4.3,1.9,760.0,926.0,122.0,,,,51.0,0.0,,,2.212109,,
2026-08-21T11:10:00+00:00,2026-08-21T11:13:45.006397+00:00,2026-08-21T11:13:45.006397+00:00,2026-08-21 14:00 (Local Time),AVDIMOU,,,,,1,11,33.5,50.2,34.2,19.0,4.5,2.1,790.0,906.0,116.0,,,,47.0,0.0,,,2.314998,,
2026-08-21T11:40:00+00:00,2026-08-21T11:42:29.074935+00:00,2026-08-21T11:42:29.074935+00:00,2026-08-21 14:30 (Local Time),AVDIMOU,,,,,1,11,35.0,50.1,35.3,19.0,5.8,2.6,827.0,860.0,122.0,,,,43.0,0.0,,,2.983775,,
2026-08-21T12:00:00+00:00,2026-08-21T12:01:35.277214+00:00,2026-08-21T12:01:35.277214+00:00,2026-08-21 14:50 (Local Time),AVDIMOU,,,,,1,11,36.8,51.3,37.0,19.0,1.6,1.3,855.0,810.0,223.0,,,,35.0,0.0,,,0.82311,,
2026-08-21T13:00:00+00:00,2026-08-21T13:03:32.010207+00:00,2026-08-21T13:03:32.010207+00:00,2026-08-21 15:50 (Local Time),AVDIMOU,,,,,1,11,37.5,48.8,37.9,19.0,3.6,1.6,897.0,683.0,236.0,,,,29.0,0.0,,,1.851998,,
2026-08-21T13:50:00+00:00,2026-08-21T13:52:15.907821+00:00,2026-08-21T13:52:15.907821+00:00,2026-08-21 16:40 (Local Time),AVDIMOU,,,,,1,11,36.3,45.4,37.9,19.0,4.0,1.8,921.0,534.0,212.0,,,,37.0,0.0,,,2.057776,,
2026-08-21T14:20:00+00:00,2026-08-21T14:21:02.841803+00:00,2026-08-21T14:21:02.841803+00:00,2026-08-21 17:10 (Local Time),AVDIMOU,,,,,1,11,36.1,44.2,37.9,19.0,4.6,1.6,890.0,434.0,212.0,,,,36.0,0.0,,,2.366442,,
2026-08-21T14:50:00+00:00,2026-08-21T14:58:38.100889+00:00,2026-08-21T14:58:38.100889+00:00,2026-08-21 17:50 (Local Time),AVDIMOU,,,,,1,11,36.0,42.7,37.9,19.0,2.0,1.1,782.0,268.0,237.0,,,,45.0,0.0,,,1.028888,,
2026-08-21T15:40:00+00:00,2026-08-21T15:41:47.607444+00:00,2026-08-21T15:41:47.607444+00:00,2026-08-21 18:30 (Local Time),AVDIMOU,,,,,1,11,34.3,36.5,37.9,19.0,2.6,1.3,444.0,85.0,209.0,,,,49.0,0.0,,,1.337554,,
2026-08-21T16:00:00+00:00,2026-08-21T16:04:21.708661+00:00,2026-08-21T16:04:21.708661+00:00,2026-08-21 18:50 (Local Time),AVDIMOU,,,,,1,11,33.4,33.7,37.9,19.0,1.2,0.7,22.0,44.0,196.0,,,,51.0,0.0,,,0.617333,,
2026-08-21T16:40:00+00:00,2026-08-21T16:45:40.411959+00:00,2026-08-21T16:45:40.411959+00:00,2026-08-21 19:40 (Local Time),AVDIMOU,,,,,1,11,31.1,29.9,37.9,19.0,3.6,1.3,4.0,9.0,159.0,,,,63.0,0.0,,,1.851998,,
2026-08-21T17:10:00+00:00,2026-08-21T17:13:12.361752+00:00,2026-08-21T17:13:12.361752+00:00,2026-08-21 20:00 (Local Time),AVDIMOU,,,,,1,11,30.6,29.1,37.9,19.0,2.8,1.0,4.0,7.0,195.0,,,,66.0,0.0,,,1.440443,,
2026-08-21T17:40:00+00:00,2026-08-21T17:45:09.362694+00:00,2026-08-21T17:45:09.362694+00:00,2026-08-21 20:40 (Local Time),AVDIMOU,,,,,1,11,28.2,25.3,37.9,19.0,1.2,0.5,3.0,7.0,55.0,,,,71.0,0.0,,,0.617333,,
2026-08-21T18:00:00+00:00,2026-08-21T18:04:12.487443+00:00,2026-08-21T18:04:12.487443+00:00,2026-08-21 20:50 (Local Time),AVDIMOU,,,,,1,11,27.6,24.8,37.9,19.0,0.7,0.5,3.0,7.0,53.0,,,,72.0,0.0,,,0.360111,,
2026-08-21T18:50:00+00:00,2026-08-21T18:51:03.754673+00:00,2026-08-21T18:51:03.754673+00:00,2026-08-21 21:40 (Local Time),AVDIMOU,,,,,1,11,26.0,23.1,27.1,25.8,2.0,0.7,3.0,7.0,346.0,,,,74.0,0.0,,,1.028888,,
2026-08-21T19:10:00+00:00,2026-08-21T19:16:48.465636+00:00,2026-08-21T19:16:48.465636+00:00,2026-08-21 22:10 (Local Time),AVDIMOU,,,,,1,11,26.0,23.7,27.1,25.8,3.3,1.1,3.0,5.0,347.0,,,,68.0,0.0,,,1.697665,,
2026-08-21T19:40:00+00:00,2026-08-21T19:40:08.714868+00:00,2026-08-21T19:40:08.714868+00:00,2026-08-21 22:30 (Local Time),AVDIMOU,,,,,1,11,25.7,22.5,27.1,25.6,0.5,0.4,3.0,5.0,306.0,,,,62.0,0.0,,,0.257222,,
2026-08-21T19:50:00+00:00,2026-08-21T19:56:37.159299+00:00,2026-08-21T19:56:37.159299+00:00,2026-08-21 22:50 (Local Time),AVDIMOU,,,,,1,11,25.1,21.8,27.1,25.0,1.5,0.6,3.0,5.0,316.0,,,,58.0,0.0,,,0.771666,,
2026-08-21T20:10:00+00:00,2026-08-21T20:18:52.229487+00:00,2026-08-21T20:18:52.229487+00:00,2026-08-21 23:10 (Local Time),AVDIMOU,,,,,1,11,24.2,20.8,27.1,23.9,1.9,0.1,3.0,7.0,357.0,,,,60.0,0.0,,,0.977444,,
2026-08-21T20:40:00+00:00,2026-08-21T20:45:14.167636+00:00,2026-08-21T20:45:14.167636+00:00,2026-08-21 23:40 (Local Time),AVDIMOU,,,,,1,11,24.8,20.8,27.1,22.8,1.4,0.7,3.0,5.0,322.0,,,,52.0,0.0,,,0.720222,,
2026-08-21T21:00:00+00:00,2026-08-21T21:02:14.661845+00:00,2026-08-21T21:02:14.661845+00:00,2026-08-21 23:50 (Local Time),AVDIMOU,,,,,1,11,24.7,20.5,27.1,22.8,1.6,0.6,3.0,5.0,333.0,,,,50.0,0.0,,,0.82311,,
2026-08-21T21:30:00+00:00,2026-08-21T21:32:39.109783+00:00,2026-08-21T21:32:39.109783+00:00,2026-08-22 00:20 (Local Time),AVDIMOU,,,,,1,11,23.5,19.9,27.1,22.8,1.5,0.4,3.0,5.0,255.0,,,,49.0,0.0,,,0.771666,,
2026-08-21T21:50:00+00:00,2026-08-21T21:53:01.065712+00:00,2026-08-21T21:53:01.065712+00:00,2026-08-22 00:40 (Local Time),AVDIMOU,,,,,1,11,24.2,19.7,27.1,22.8,1.8,0.3,3.0,5.0,250.0,,,,43.0,0.0,,,0.925999,,
2026-08-21T22:00:00+00:00,2026-08-21T22:09:16.054389+00:00,2026-08-21T22:09:16.054389+00:00,2026-08-22 01:00 (Local Time),AVDIMOU,,,,,1,11,24.1,19.5,27.1,22.8,0.8,0.6,3.0,5.0,4.0,,,,43.0,0.0,,,0.411555,,
2026-08-21T22:40:00+00:00,2026-08-21T22:40:48.879302+00:00,2026-08-21T22:40:48.879302+00:00,2026-08-22 01:30 (Local Time),AVDIMOU,,,,,1,11,22.2,18.9,27.1,22.0,1.3,0.5,3.0,5.0,332.0,,,,49.0,0.0,,,0.668777,,
2026-08-21T23:00:00+00:00,2026-08-21T23:00:17.940675+00:00,2026-08-21T23:00:17.940675+00:00,2026-08-22 01:50 (Local Time),AVDIMOU,,,,,1,11,21.6,18.5,27.1,21.4,1.9,0.3,3.0,5.0,303.0,,,,51.0,0.0,,,0.977444,,
2026-08-21T23:30:00+00:00,2026-08-21T23:31:41.118245+00:00,2026-08-21T23:31:41.118245+00:00,2026-08-22 02:20 (Local Time),AVDIMOU,,,,,1,11,20.8,18.2,27.1,20.7,1.9,0.4,3.0,5.0,290.0,,,,52.0,0.0,,,0.977444,,
2026-08-21T23:50:00+00:00,2026-08-21T23:51:56.182817+00:00,2026-08-21T23:51:56.182817+00:00,2026-08-22 02:40 (Local Time),AVDIMOU,,,,,1,11,21.0,18.3,27.1,20.7,2.3,0.4,3.0,5.0,328.0,,,,50.0,0.0,,,1.183221,,
2026-08-22T00:20:00+00:00,2026-08-22T00:24:28.806539+00:00,2026-08-22T00:24:28.806539+00:00,2026-08-22 03:10 (Local Time),AVDIMOU,,,,,1,11,21.3,18.5,27.1,20.6,1.4,0.8,3.0,4.0,336.0,,,,48.0,0.0,,,0.720222,,
2026-08-22T01:50:00+00:00,2026-08-22T01:55:27.953733+00:00,2026-08-22T01:55:27.953733+00:00,2026-08-22 04:50 (Local Time),AVDIMOU,,,,,1,11,21.6,18.0,27.1,20.6,1.3,0.5,3.0,5.0,306.0,,,,46.0,0.0,,,0.668777,,
2026-08-22T02:40:00+00:00,2026-08-22T02:47:12.542015+00:00,2026-08-22T02:47:12.542015+00:00,2026-08-22 05:40 (Local Time),AVDIMOU,,,,,1,11,20.5,17.2,27.1,20.3,2.0,1.0,3.0,4.0,52.0,,,,49.0,0.0,,,1.028888,,
2026-08-22T03:20:00+00:00,2026-08-22T03:27:44.519890+00:00,2026-08-22T03:27:44.519890+00:00,2026-08-22 06:20 (Local Time),AVDIMOU,,,,,1,11,19.2,16.4,27.1,19.0,1.7,0.3,3.0,10.0,347.0,,,,54.0,0.0,,,0.874555,,
2026-08-22T04:00:00+00:00,2026-08-22T04:08:47.022095+00:00,2026-08-22T04:08:47.022095+00:00,2026-08-22 07:00 (Local Time),AVDIMOU,,,,,1,11,19.6,18.0,27.1,18.6,1.5,0.6,284.0,81.0,313.0,,,,55.0,0.0,,,0.771666,,
2026-08-22T04:40:00+00:00,2026-08-22T04:48:27.227438+00:00,2026-08-22T04:48:27.227438+00:00,2026-08-22 07:40 (Local Time),AVDIMOU,,,,,1,11,25.6,28.2,27.1,18.6,1.5,0.0,689.0,222.0,349.0,,,,45.0,0.0,,,0.771666,,
2026-08-22T05:10:00+00:00,2026-08-22T05:14:40.767673+00:00,2026-08-22T05:14:40.767673+00:00,2026-08-22 08:00 (Local Time),AVDIMOU,,,,,1,11,27.9,32.5,28.4,18.6,0.7,0.0,771.0,290.0,124.0,,,,41.0,0.0,,,0.360111,,
2026-08-22T05:40:00+00:00,2026-08-22T05:43:31.212265+00:00,2026-08-22T05:43:31.212265+00:00,2026-08-22 08:30 (Local Time),AVDIMOU,,,,,1,11,31.5,38.5,31.9,18.6,1.6,0.4,845.0,407.0,111.0,,,,36.0,0.0,,,0.82311,,
2026-08-22T06:00:00+00:00,2026-08-22T06:01:09.226433+00:00,2026-08-22T06:01:09.226433+00:00,2026-08-22 08:50 (Local Time),AVDIMOU,,,,,1,11,31.8,41.2,32.1,18.6,2.6,1.2,864.0,476.0,114.0,,,,40.0,0.0,,,1.337554,,
2026-08-22T06:50:00+00:00,2026-08-22T06:53:45.481814+00:00,2026-08-22T06:53:45.481814+00:00,2026-08-22 09:40 (Local Time),AVDIMOU,,,,,1,11,32.5,45.3,32.7,18.6,2.6,1.4,873.0,634.0,123.0,,,,41.0,0.0,,,1.337554,,
2026-08-22T07:20:00+00:00,2026-08-22T07:21:13.194626+00:00,2026-08-22T07:21:13.194626+00:00,2026-08-22 10:10 (Local Time),AVDIMOU,,,,,1,11,32.5,46.0,33.0,18.6,2.9,1.5,869.0,716.0,124.0,,,,46.0,0.0,,,1.491888,,
2026-08-22T07:50:00+00:00,2026-08-22T07:50:47.307442+00:00,2026-08-22T07:50:47.307442+00:00,2026-08-22 10:40 (Local Time),AVDIMOU,,,,,1,11,32.3,47.2,33.0,18.6,4.1,2.3,856.0,790.0,121.0,,,,50.0,0.0,,,2.10922,,
2026-08-22T08:10:00+00:00,2026-08-22T08:13:07.611701+00:00,2026-08-22T08:13:07.611701+00:00,2026-08-22 11:00 (Local Time),AVDIMOU,,,,,1,11,33.0,46.8,33.4,18.6,3.8,1.4,843.0,829.0,146.0,,,,49.0,0.0,,,1.954887,,
2026-08-22T08:40:00+00:00,2026-08-22T08:47:48.695394+00:00,2026-08-22T08:47:48.695394+00:00,2026-08-22 11:40 (Local Time),AVDIMOU,,,,,1,11,33.2,48.1,33.7,18.6,4.1,2.2,811.0,893.0,130.0,,,,48.0,0.0,,,2.10922,,
2026-08-22T09:10:00+00:00,2026-08-22T09:14:22.019660+00:00,2026-08-22T09:14:22.019660+00:00,2026-08-22 12:00 (Local Time),AVDIMOU,,,,,1,11,34.1,49.0,34.4,18.6,4.4,2.0,797.0,916.0,123.0,,,,44.0,0.0,,,2.263554,,
2026-08-22T09:40:00+00:00,2026-08-22T09:43:26.636216+00:00,2026-08-22T09:43:26.636216+00:00,2026-08-22 12:30 (Local Time),AVDIMOU,,,,,1,11,34.0,49.2,34.6,18.6,4.5,1.9,783.0,936.0,146.0,,,,44.0,0.0,,,2.314998,,
2026-08-22T10:00:00+00:00,2026-08-22T10:00:05.304095+00:00,2026-08-22T10:00:05.304095+00:00,2026-08-22 12:50 (Local Time),AVDIMOU,,,,,1,11,34.8,49.5,35.2,18.6,3.5,1.7,772.0,942.0,128.0,,,,38.0,0.0,,,1.800554,,
2026-08-22T10:30:00+00:00,2026-08-22T10:32:33.351084+00:00,2026-08-22T10:32:33.351084+00:00,2026-08-22 13:20 (Local Time),AVDIMOU,,,,,1,11,36.2,50.2,36.7,18.6,3.1,1.9,750.0,939.0,213.0,,,,38.0,0.0,,,1.594776,,
2026-08-22T10:50:00+00:00,2026-08-22T10:52:37.611727+00:00,2026-08-22T10:52:37.611727+00:00,2026-08-22 13:40 (Local Time),AVDIMOU,,,,,1,11,36.1,49.5,36.8,18.6,3.9,1.8,771.0,927.0,229.0,,,,43.0,0.0,,,2.006332,,
2026-08-22T11:00:00+00:00,2026-08-22T11:08:36.647183+00:00,2026-08-22T11:08:36.647183+00:00,2026-08-22 14:00 (Local Time),AVDIMOU,,,,,1,11,35.5,48.4,36.8,18.6,7.3,3.1,804.0,913.0,197.0,,,,45.0,0.0,,,3.755441,,
2026-08-22T11:30:00+00:00,2026-08-22T11:34:24.424016+00:00,2026-08-22T11:34:24.424016+00:00,2026-08-22 14:20 (Local Time),AVDIMOU,,,,,1,11,35.7,47.4,36.8,18.6,5.8,2.5,838.0,887.0,211.0,,,,43.0,0.0,,,2.983775,,
2026-08-22T11:50:00+00:00,2026-08-22T11:51:44.903067+00:00,2026-08-22T11:51:44.903067+00:00,2026-08-22 14:40 (Local Time),AVDIMOU,,,,,1,11,35.8,47.9,36.9,18.6,5.1,2.5,868.0,857.0,214.0,,,,47.0,0.0,,,2.623664,,
2026-08-22T12:10:00+00:00,2026-08-22T12:10:53.720881+00:00,2026-08-22T12:10:53.720881+00:00,2026-08-22 15:00 (Local Time),AVDIMOU,,,,,1,11,35.7,46.5,36.9,18.6,6.6,2.6,872.0,817.0,230.0,,,,46.0,0.0,,,3.39533,,
2026-08-22T13:00:00+00:00,2026-08-22T13:00:00.622986+00:00,2026-08-22T13:00:00.622986+00:00,2026-08-22 15:50 (Local Time),AVDIMOU,,,,,1,11,36.4,46.6,37.0,18.6,4.0,1.8,933.0,696.0,233.0,,,,42.0,0.0,,,2.057776,,
2026-08-22T13:30:00+00:00,2026-08-22T13:38:25.569685+00:00,2026-08-22T13:38:25.569685+00:00,2026-08-22 16:30 (Local Time),AVDIMOU,,,,,1,11,36.7,46.6,37.2,18.6,4.2,1.8,964.0,582.0,242.0,,,,40.0,0.0,,,2.160665,,
2026-08-22T13:50:00+00:00,2026-08-22T13:58:31.055643+00:00,2026-08-22T13:58:31.055643+00:00,2026-08-22 16:50 (Local Time),AVDIMOU,,,,,1,11,36.1,44.7,37.2,18.6,4.8,1.6,974.0,518.0,247.0,,,,40.0,0.0,,,2.469331,,
2026-08-22T14:30:00+00:00,2026-08-22T14:30:02.879119+00:00,2026-08-22T14:30:02.879119+00:00,2026-08-22 17:20 (Local Time),AVDIMOU,,,,,1,11,35.8,44.0,37.2,18.6,2.9,1.4,924.0,414.0,254.0,,,,42.0,0.0,,,1.491888,,
2026-08-22T14:50:00+00:00,2026-08-22T14:51:34.708125+00:00,2026-08-22T14:51:34.708125+00:00,2026-08-22 17:40 (Local Time),AVDIMOU,,,,,1,11,35.6,43.4,37.2,18.6,3.2,1.7,879.0,343.0,280.0,,,,36.0,0.0,,,1.646221,,
2026-08-22T15:00:00+00:00,2026-08-22T15:05:32.596214+00:00,2026-08-22T15:05:32.596214+00:00,2026-08-22 18:00 (Local Time),AVDIMOU,,,,,1,11,35.2,41.5,37.2,18.6,2.1,1.0,822.0,270.0,272.0,,,,40.0,0.0,,,1.080332,,
2026-08-22T15:30:00+00:00,2026-08-22T15:31:16.473118+00:00,2026-08-22T15:31:16.473118+00:00,2026-08-22 18:20 (Local Time),AVDIMOU,,,,,1,11,34.3,39.7,37.2,18.6,2.4,0.9,736.0,173.0,285.0,,,,44.0,0.0,,,1.234666,,
2026-08-22T15:40:00+00:00,2026-08-22T15:49:49.152516+00:00,2026-08-22T15:49:49.152516+00:00,2026-08-22 18:40 (Local Time),AVDIMOU,,,,,1,11,32.5,32.8,37.2,18.6,2.9,1.2,42.0,49.0,278.0,,,,50.0,0.0,,,1.491888,,
2026-08-22T16:00:00+00:00,2026-08-22T16:02:59.869969+00:00,2026-08-22T16:02:59.869969+00:00,2026-08-22 18:50 (Local Time),AVDIMOU,,,,,1,11,31.9,31.5,37.2,18.6,2.5,1.1,19.0,40.0,284.0,,,,53.0,0.0,,,1.28611,,
2026-08-22T16:30:00+00:00,2026-08-22T16:34:28.972554+00:00,2026-08-22T16:34:28.972554+00:00,2026-08-22 19:20 (Local Time),AVDIMOU,,,,,1,11,30.2,28.7,37.2,18.6,3.1,1.1,4.0,18.0,302.0,,,,56.0,0.0,,,1.594776,,
2026-08-22T16:50:00+00:00,2026-08-22T16:54:28.382916+00:00,2026-08-22T16:54:28.382916+00:00,2026-08-22 19:40 (Local Time),AVDIMOU,,,,,1,11,29.9,28.0,37.2,18.6,2.5,1.0,3.0,8.0,282.0,,,,56.0,0.0,,,1.28611,,
2026-08-22T17:10:00+00:00,2026-08-22T17:10:58.733591+00:00,2026-08-22T17:10:58.733591+00:00,2026-08-22 20:00 (Local Time),AVDIMOU,,,,,1,11,28.5,25.1,37.2,18.6,1.5,0.5,3.0,6.0,281.0,,,,60.0,0.0,,,0.771666,,
2026-08-22T17:30:00+00:00,2026-08-22T17:35:21.142482+00:00,2026-08-22T17:35:21.142482+00:00,2026-08-22 20:30 (Local Time),AVDIMOU,,,,,1,11,26.4,22.3,37.2,18.6,1.3,0.2,3.0,6.0,282.0,,,,56.0,0.0,,,0.668777,,
2026-08-22T17:50:00+00:00,2026-08-22T17:53:01.092507+00:00,2026-08-22T17:53:01.092507+00:00,2026-08-22 20:40 (Local Time),AVDIMOU,,,,,1,11,26.4,22.0,37.2,18.6,1.4,0.5,3.0,5.0,258.0,,,,52.0,0.0,,,0.720222,,
2026-08-22T18:00:00+00:00,2026-08-22T18:09:03.758175+00:00,2026-08-22T18:09:03.758175+00:00,2026-08-22 21:00 (Local Time),AVDIMOU,,,,,1,11,26.3,21.2,26.1,26.1,1.1,0.3,3.0,5.0,243.0,,,,51.0,0.0,,,0.565888,,
2026-08-22T18:40:00+00:00,2026-08-22T18:48:22.409101+00:00,2026-08-22T18:48:22.409101+00:00,2026-08-22 21:40 (Local Time),AVDIMOU,,,,,1,11,24.9,20.2,26.2,24.4,2.9,0.5,3.0,3.0,294.0,,,,48.0,0.0,,,1.491888,,
2026-08-22T19:10:00+00:00,2026-08-22T19:12:35.792524+00:00,2026-08-22T19:12:35.792524+00:00,2026-08-22 22:00 (Local Time),AVDIMOU,,,,,1,11,25.7,20.4,26.2,24.4,2.1,0.3,3.0,4.0,298.0,,,,43.0,0.0,,,1.080332,,
2026-08-22T19:30:00+00:00,2026-08-22T19:34:36.504585+00:00,2026-08-22T19:34:36.504585+00:00,2026-08-22 22:20 (Local Time),AVDIMOU,,,,,1,11,25.0,19.6,26.2,24.4,0.0,0.4,3.0,5.0,245.0,,,,45.0,0.0,,,0.0,,
2026-08-22T19:50:00+00:00,2026-08-22T19:51:09.609603+00:00,2026-08-22T19:51:09.609603+00:00,2026-08-22 22:40 (Local Time),AVDIMOU,,,,,1,11,24.3,19.1,26.2,24.2,0.7,0.4,3.0,5.0,33.0,,,,45.0,0.0,,,0.360111,,
2026-08-22T20:00:00+00:00,2026-08-22T20:09:23.690504+00:00,2026-08-22T20:09:23.690504+00:00,2026-08-22 23:00 (Local Time),AVDIMOU,,,,,1,11,23.9,18.7,26.2,23.7,0.0,0.2,3.0,6.0,31.0,,,,44.0,0.0,,,0.0,,
2026-08-22T20:30:00+00:00,2026-08-22T20:34:23.965292+00:00,2026-08-22T20:34:23.965292+00:00,2026-08-22 23:20 (Local Time),AVDIMOU,,,,,1,11,23.1,18.3,26.2,23.0,0.0,0.5,3.0,5.0,43.0,,,,44.0,0.0,,,0.0,,
2026-08-22T20:50:00+00:00,2026-08-22T20:54:05.590733+00:00,2026-08-22T20:54:05.590733+00:00,2026-08-22 23:40 (Local Time),AVDIMOU,,,,,1,11,22.7,18.0,26.2,22.6,0.0,0.1,3.0,4.0,166.0,,,,43.0,0.0,,,0.0,,
2026-08-22T21:00:00+00:00,2026-08-22T21:09:48.156061+00:00,2026-08-22T21:09:48.156061+00:00,2026-08-23 00:00 (Local Time),AVDIMOU,,,,,1,11,22.7,17.7,26.2,22.6,0.6,0.3,3.0,4.0,141.0,,,,42.0,0.0,,,0.308666,,
2026-08-22T21:30:00+00:00,2026-08-22T21:35:04.479464+00:00,2026-08-22T21:35:04.479464+00:00,2026-08-23 00:30 (Local Time),AVDIMOU,,,,,1,11,22.1,17.2,26.2,21.9,0.9,0.2,3.0,4.0,93.0,,,,43.0,0.0,,,0.463,,
2026-08-22T21:50:00+00:00,2026-08-22T21:52:46.579535+00:00,2026-08-22T21:52:46.579535+00:00,2026-08-23 00:40 (Local Time),AVDIMOU,,,,,1,11,21.9,17.2,26.2,21.8,0.0,0.4,3.0,4.0,315.0,,,,43.0,0.0,,,0.0,,
2026-08-22T22:00:00+00:00,2026-08-22T22:04:49.663700+00:00,2026-08-22T22:04:49.663700+00:00,2026-08-23 00:50 (Local Time),AVDIMOU,,,,,1,11,21.5,17.0,26.2,21.4,0.0,0.5,3.0,4.0,301.0,,,,43.0,0.0,,,0.0,,
2026-08-22T22:30:00+00:00,2026-08-22T22:33:13.278389+00:00,2026-08-22T22:33:13.278389+00:00,2026-08-23 01:20 (Local Time),AVDIMOU,,,,,1,11,21.5,16.8,26.2,21.1,0.0,0.2,3.0,3.0,270.0,,,,42.0,0.0,,,0.0,,
2026-08-22T22:50:00+00:00,2026-08-22T22:52:08.250072+00:00,2026-08-22T22:52:08.250072+00:00,2026-08-23 01:40 (Local Time),AVDIMOU,,,,,1,11,21.7,16.6,26.2,20.9,1.5,0.4,3.0,4.0,280.0,,,,41.0,0.0,,,0.771666,,
2026-08-22T23:00:00+00:00,2026-08-22T23:07:04.567560+00:00,2026-08-22T23:07:04.567560+00:00,2026-08-23 02:00 (Local Time),AVDIMOU,,,,,1,11,21.7,16.6,26.2,20.9,1.3,0.4,3.0,5.0,306.0,,,,41.0,0.0,,,0.668777,,
2026-08-22T23:30:00+00:00,2026-08-22T23:32:09.965234+00:00,2026-08-22T23:32:09.965234+00:00,2026-08-23 02:20 (Local Time),AVDIMOU,,,,,1,11,20.7,16.3,26.2,20.4,1.5,0.4,3.0,6.0,326.0,,,,43.0,0.0,,,0.771666,,
2026-08-22T23:50:00+00:00,2026-08-22T23:50:03.613284+00:00,2026-08-22T23:50:03.613284+00:00,2026-08-23 02:40 (Local Time),AVDIMOU,,,,,1,11,20.2,16.1,26.2,19.7,2.2,0.9,3.0,5.0,319.0,,,,44.0,0.0,,,1.131777,,
2026-08-23T00:20:00+00:00,2026-08-23T00:26:10.730508+00:00,2026-08-23T00:26:10.730508+00:00,2026-08-23 03:20 (Local Time),AVDIMOU,,,,,1,11,18.2,15.1,26.2,18.1,1.0,0.0,3.0,6.0,329.0,,,,51.0,0.0,,,0.514444,,
2026-08-23T02:00:00+00:00,2026-08-23T02:08:24.419459+00:00,2026-08-23T02:08:24.419459+00:00,2026-08-23 05:00 (Local Time),AVDIMOU,,,,,1,11,16.1,14.0,26.2,16.0,1.7,0.1,3.0,5.0,331.0,,,,56.0,0.0,,,0.874555,,
2026-08-23T03:10:00+00:00,2026-08-23T03:14:58.878921+00:00,2026-08-23T03:14:58.878921+00:00,2026-08-23 06:00 (Local Time),AVDIMOU,,,,,1,11,15.4,13.7,26.2,15.2,1.7,0.1,3.0,4.0,307.0,,,,60.0,0.0,,,0.874555,,
2026-08-23T04:00:00+00:00,2026-08-23T04:02:16.307861+00:00,2026-08-23T04:02:16.307861+00:00,2026-08-23 06:50 (Local Time),AVDIMOU,,,,,1,11,16.2,15.2,26.2,15.2,1.3,0.1,19.0,31.0,315.0,,,,58.0,0.0,,,0.668777,,
2026-08-23T04:40:00+00:00,2026-08-23T04:46:53.239944+00:00,2026-08-23T04:46:53.239944+00:00,2026-08-23 07:40 (Local Time),AVDIMOU,,,,,1,11,22.7,26.3,26.2,15.2,1.5,0.3,714.0,225.0,344.0,,,,47.0,0.0,,,0.771666,,
2026-08-23T05:10:00+00:00,2026-08-23T05:14:44.372782+00:00,2026-08-23T05:14:44.372782+00:00,2026-08-23 08:00 (Local Time),AVDIMOU,,,,,1,11,28.1,32.5,28.5,15.2,2.4,0.9,801.0,290.0,222.0,,,,61.0,0.0,,,1.234666,,
2026-08-23T05:40:00+00:00,2026-08-23T05:46:19.570313+00:00,2026-08-23T05:46:19.570313+00:00,2026-08-23 08:40 (Local Time),AVDIMOU,,,,,1,11,30.9,37.8,31.1,15.2,2.6,1.2,884.0,452.0,226.0,,,,51.0,0.0,,,1.337554,,
2026-08-23T06:00:00+00:00,2026-08-23T06:04:26.283874+00:00,2026-08-23T06:04:26.283874+00:00,2026-08-23 08:50 (Local Time),AVDIMOU,,,,,1,11,31.4,38.5,31.6,15.2,3.6,1.5,887.0,485.0,213.0,,,,50.0,0.0,,,1.851998,,
2026-08-23T06:50:00+00:00,2026-08-23T06:56:06.945909+00:00,2026-08-23T06:56:06.945909+00:00,2026-08-23 09:50 (Local Time),AVDIMOU,,,,,1,11,33.7,44.6,33.9,15.2,4.4,1.9,893.0,672.0,221.0,,,,39.0,0.0,,,2.263554,,
2026-08-23T07:20:00+00:00,2026-08-23T07:27:37.458486+00:00,2026-08-23T07:27:37.458486+00:00,2026-08-23 10:20 (Local Time),AVDIMOU,,,,,1,11,34.3,46.1,34.9,15.2,4.8,2.4,885.0,751.0,238.0,,,,39.0,0.0,,,2.469331,,
2026-08-23T07:50:00+00:00,2026-08-23T07:58:25.088317+00:00,2026-08-23T07:58:25.088317+00:00,2026-08-23 10:50 (Local Time),AVDIMOU,,,,,1,11,34.6,46.7,34.9,15.2,3.6,1.6,870.0,818.0,229.0,,,,43.0,0.0,,,1.851998,,
2026-08-23T08:40:00+00:00,2026-08-23T08:41:04.411462+00:00,2026-08-23T08:41:04.411462+00:00,2026-08-23 11:30 (Local Time),AVDIMOU,,,,,1,11,35.0,47.6,35.4,15.2,4.5,1.6,845.0,891.0,219.0,,,,41.0,0.0,,,2.314998,,
2026-08-23T09:00:00+00:00,2026-08-23T09:03:35.948298+00:00,2026-08-23T09:03:35.948298+00:00,2026-08-23 11:50 (Local Time),AVDIMOU,,,,,1,11,34.9,47.6,35.5,15.2,5.2,1.7,825.0,917.0,232.0,,,,42.0,0.0,,,2.675109,,
2026-08-23T09:30:00+00:00,2026-08-23T09:36:36.398271+00:00,2026-08-23T09:36:36.398271+00:00,2026-08-23 12:30 (Local Time),AVDIMOU,,,,,1,11,36.0,49.1,36.2,15.2,4.2,1.9,821.0,958.0,224.0,,,,36.0,0.0,,,2.160665,,
2026-08-23T09:50:00+00:00,2026-08-23T09:56:01.605031+00:00,2026-08-23T09:56:01.605031+00:00,2026-08-23 12:50 (Local Time),AVDIMOU,,,,,1,11,36.2,49.1,36.4,15.2,5.5,2.5,811.0,967.0,208.0,,,,31.0,0.0,,,2.829442,,
2026-08-23T10:10:00+00:00,2026-08-23T10:16:12.875175+00:00,2026-08-23T10:16:12.875175+00:00,2026-08-23 13:10 (Local Time),AVDIMOU,,,,,1,11,36.3,48.9,36.9,15.2,4.1,2.0,798.0,964.0,211.0,,,,30.0,0.0,,,2.10922,,
2026-08-23T10:40:00+00:00,2026-08-23T10:43:35.074070+00:00,2026-08-23T10:43:35.074070+00:00,2026-08-23 13:30 (Local Time),AVDIMOU,,,,,1,11,36.2,48.1,36.9,15.2,6.1,2.4,798.0,956.0,222.0,,,,30.0,0.0,,,3.138108,,
2026-08-23T10:50:00+00:00,2026-08-23T10:59:53.956546+00:00,2026-08-23T10:59:53.956546+00:00,2026-08-23 13:50 (Local Time),AVDIMOU,,,,,1,11,36.2,48.6,36.9,15.2,5.5,2.4,819.0,935.0,221.0,,,,29.0,0.0,,,2.829442,,
2026-08-23T11:20:00+00:00,2026-08-23T11:28:24.241955+00:00,2026-08-23T11:28:24.241955+00:00,2026-08-23 14:20 (Local Time),AVDIMOU,,,,,1,11,35.9,49.0,36.9,15.2,4.2,1.8,860.0,895.0,219.0,,,,34.0,0.0,,,2.160665,,
2026-08-23T11:50:00+00:00,2026-08-23T11:50:26.558765+00:00,2026-08-23T11:50:26.558765+00:00,2026-08-23 14:40 (Local Time),AVDIMOU,,,,,1,11,35.7,48.1,36.9,15.2,4.9,2.1,883.0,861.0,217.0,,,,34.0,0.0,,,2.520776,,
2026-08-23T12:10:00+00:00,2026-08-23T12:11:48.024315+00:00,2026-08-23T12:11:48.024315+00:00,2026-08-23 15:00 (Local Time),AVDIMOU,,,,,1,11,35.1,45.9,36.9,15.2,6.6,2.9,883.0,818.0,208.0,,,,34.0,0.0,,,3.39533,,
2026-08-23T13:00:00+00:00,2026-08-23T13:01:14.817308+00:00,2026-08-23T13:01:14.817308+00:00,2026-08-23 15:50 (Local Time),AVDIMOU,,,,,1,11,35.7,46.2,36.9,15.2,5.7,2.2,928.0,689.0,230.0,,,,33.0,0.0,,,2.932331,,
2026-08-23T13:30:00+00:00,2026-08-23T13:39:19.893899+00:00,2026-08-23T13:39:19.893899+00:00,2026-08-23 16:30 (Local Time),AVDIMOU,,,,,1,11,34.1,43.2,36.9,15.2,5.3,2.6,946.0,568.0,205.0,,,,42.0,0.0,,,2.726553,,
2026-08-23T13:50:00+00:00,2026-08-23T13:59:47.206906+00:00,2026-08-23T13:59:47.206906+00:00,2026-08-23 16:50 (Local Time),AVDIMOU,,,,,1,11,34.0,42.8,36.9,15.2,4.1,1.8,938.0,499.0,216.0,,,,46.0,0.0,,,2.10922,,
2026-08-23T14:30:00+00:00,2026-08-23T14:31:56.266927+00:00,2026-08-23T14:31:56.266927+00:00,2026-08-23 17:20 (Local Time),AVDIMOU,,,,,1,11,32.6,40.1,36.9,15.2,6.5,2.4,880.0,399.0,207.0,,,,47.0,0.0,,,3.343886,,
2026-08-23T14:50:00+00:00,2026-08-23T14:53:23.803705+00:00,2026-08-23T14:53:23.803705+00:00,2026-08-23 17:40 (Local Time),AVDIMOU,,,,,1,11,32.0,39.3,36.9,15.2,3.9,1.6,816.0,321.0,198.0,,,,56.0,0.0,,,2.006332,,
2026-08-23T15:00:00+00:00,2026-08-23T15:09:12.939359+00:00,2026-08-23T15:09:12.939359+00:00,2026-08-23 18:00 (Local Time),AVDIMOU,,,,,1,11,31.0,37.2,36.9,15.2,4.8,1.8,740.0,247.0,206.0,,,,62.0,0.0,,,2.469331,,
2026-08-23T15:30:00+00:00,2026-08-23T15:35:45.811771+00:00,2026-08-23T15:35:45.811771+00:00,2026-08-23 18:30 (Local Time),AVDIMOU,,,,,1,11,30.1,32.1,36.9,15.2,3.2,1.3,195.0,65.0,242.0,,,,65.0,0.0,,,1.646221,,
2026-08-23T15:50:00+00:00,2026-08-23T15:53:50.305165+00:00,2026-08-23T15:53:50.305165+00:00,2026-08-23 18:40 (Local Time),AVDIMOU,,,,,1,11,29.6,30.5,36.9,15.2,5.3,1.6,46.0,50.0,237.0,,,,67.0,0.0,,,2.726553,,
2026-08-23T16:00:00+00:00,2026-08-23T16:09:52.577588+00:00,2026-08-23T16:09:52.577588+00:00,2026-08-23 19:00 (Local Time),AVDIMOU,,,,,1,11,28.8,29.1,36.9,15.2,3.4,1.2,15.0,33.0,225.0,,,,70.0,0.0,,,1.74911,,
2026-08-23T16:40:00+00:00,2026-08-23T16:42:58.793211+00:00,2026-08-23T16:42:58.793211+00:00,2026-08-23 19:30 (Local Time),AVDIMOU,,,,,1,11,28.0,27.6,36.9,15.2,3.7,1.4,3.0,10.0,226.0,,,,74.0,0.0,,,1.903443,,
2026-08-23T17:00:00+00:00,2026-08-23T17:00:56.318250+00:00,2026-08-23T17:00:56.318250+00:00,2026-08-23 19:50 (Local Time),AVDIMOU,,,,,1,11,27.6,26.8,36.9,15.2,2.4,1.0,3.0,6.0,234.0,,,,76.0,0.0,,,1.234666,,
2026-08-23T17:20:00+00:00,2026-08-23T17:28:01.260426+00:00,2026-08-23T17:28:01.260426+00:00,2026-08-23 20:20 (Local Time),AVDIMOU,,,,,1,11,27.1,25.8,36.9,15.2,1.8,0.5,3.0,6.0,236.0,,,,78.0,0.0,,,0.925999,,
2026-08-23T17:50:00+00:00,2026-08-23T17:50:43.629618+00:00,2026-08-23T17:50:43.629618+00:00,2026-08-23 20:40 (Local Time),AVDIMOU,,,,,1,11,27.0,25.8,36.9,15.2,2.6,1.0,3.0,5.0,236.0,,,,79.0,0.0,,,1.337554,,
2026-08-23T18:00:00+00:00,2026-08-23T18:09:20.832894+00:00,2026-08-23T18:09:20.832894+00:00,2026-08-23 21:00 (Local Time),AVDIMOU,,,,,1,11,26.7,25.3,26.6,26.6,3.2,1.0,3.0,5.0,238.0,,,,79.0,0.0,,,1.646221,,
2026-08-23T18:40:00+00:00,2026-08-23T18:48:06.076827+00:00,2026-08-23T18:48:06.076827+00:00,2026-08-23 21:40 (Local Time),AVDIMOU,,,,,1,11,26.3,25.0,26.6,26.3,3.3,1.0,3.0,5.0,237.0,,,,79.0,0.0,,,1.697665,,
2026-08-23T19:10:00+00:00,2026-08-23T19:11:55.427419+00:00,2026-08-23T19:11:55.427419+00:00,2026-08-23 22:00 (Local Time),AVDIMOU,,,,,1,11,26.1,24.7,26.6,26.1,3.4,1.0,3.0,4.0,246.0,,,,79.0,0.0,,,1.74911,,
2026-08-23T19:30:00+00:00,2026-08-23T19:34:38.236353+00:00,2026-08-23T19:34:38.236353+00:00,2026-08-23 22:20 (Local Time),AVDIMOU,,,,,1,11,25.9,24.0,26.6,25.8,1.8,0.7,3.0,5.0,285.0,,,,79.0,0.0,,,0.925999,,
2026-08-23T19:50:00+00:00,2026-08-23T19:50:33.413853+00:00,2026-08-23T19:50:33.413853+00:00,2026-08-23 22:40 (Local Time),AVDIMOU,,,,,1,11,25.0,22.7,26.6,24.8,2.0,0.5,3.0,4.0,6.0,,,,75.0,0.0,,,1.028888,,
2026-08-23T20:00:00+00:00,2026-08-23T20:01:45.639435+00:00,2026-08-23T20:01:45.639435+00:00,2026-08-23 22:50 (Local Time),AVDIMOU,,,,,1,11,24.3,22.0,26.6,24.1,0.7,0.6,3.0,5.0,279.0,,,,75.0,0.0,,,0.360111,,
2026-08-23T20:30:00+00:00,2026-08-23T20:33:14.902782+00:00,2026-08-23T20:33:14.902782+00:00,2026-08-23 23:20 (Local Time),AVDIMOU,,,,,1,11,22.7,20.2,26.6,22.7,1.9,0.6,3.0,4.0,350.0,,,,75.0,0.0,,,0.977444,,
2026-08-23T20:50:00+00:00,2026-08-23T20:52:23.630808+00:00,2026-08-23T20:52:23.630808+00:00,2026-08-23 23:40 (Local Time),AVDIMOU,,,,,1,11,22.1,19.5,26.6,21.9,1.7,0.4,3.0,3.0,339.0,,,,76.0,0.0,,,0.874555,,
2026-08-23T21:00:00+00:00,2026-08-23T21:08:43.834053+00:00,2026-08-23T21:08:43.834053+00:00,2026-08-24 00:00 (Local Time),AVDIMOU,,,,,1,11,21.5,19.2,26.6,21.4,1.5,0.5,3.0,3.0,356.0,,,,78.0,0.0,,,0.771666,,
2026-08-23T21:30:00+00:00,2026-08-23T21:35:25.579539+00:00,2026-08-23T21:35:25.579539+00:00,2026-08-24 00:30 (Local Time),AVDIMOU,,,,,1,11,20.7,18.7,26.6,20.6,1.3,0.1,3.0,4.0,324.0,,,,79.0,0.0,,,0.668777,,
2026-08-23T21:50:00+00:00,2026-08-23T21:52:44.591973+00:00,2026-08-23T21:52:44.591973+00:00,2026-08-24 00:40 (Local Time),AVDIMOU,,,,,1,11,20.7,18.6,26.6,20.6,1.6,0.5,3.0,3.0,299.0,,,,80.0,0.0,,,0.82311,,
2026-08-23T22:00:00+00:00,2026-08-23T22:03:08.815611+00:00,2026-08-23T22:03:08.815611+00:00,2026-08-24 00:50 (Local Time),AVDIMOU,,,,,1,11,20.7,18.8,26.6,20.6,1.7,0.5,3.0,4.0,340.0,,,,78.0,0.0,,,0.874555,,
2026-08-23T22:30:00+00:00,2026-08-23T22:31:40.681917+00:00,2026-08-23T22:31:40.681917+00:00,2026-08-24 01:20 (Local Time),AVDIMOU,,,,,1,11,20.3,18.4,26.6,20.2,0.0,0.2,3.0,4.0,332.0,,,,76.0,0.0,,,0.0,,
2026-08-23T22:50:00+00:00,2026-08-23T22:51:40.377864+00:00,2026-08-23T22:51:40.377864+00:00,2026-08-24 01:40 (Local Time),AVDIMOU,,,,,1,11,19.9,18.2,26.6,19.9,1.3,0.2,3.0,4.0,319.0,,,,77.0,0.0,,,0.668777,,
2026-08-23T23:00:00+00:00,2026-08-23T23:07:50.125126+00:00,2026-08-23T23:07:50.125126+00:00,2026-08-24 02:00 (Local Time),AVDIMOU,,,,,1,11,19.8,18.3,26.6,19.7,1.3,0.1,3.0,3.0,338.0,,,,77.0,0.0,,,0.668777,,
2026-08-23T23:30:00+00:00,2026-08-23T23:34:52.852333+00:00,2026-08-23T23:34:52.852333+00:00,2026-08-24 02:20 (Local Time),AVDIMOU,,,,,1,11,19.1,17.9,26.6,19.0,1.5,0.3,3.0,3.0,324.0,,,,76.0,0.0,,,0.771666,,
2026-08-23T23:50:00+00:00,2026-08-23T23:52:08.992459+00:00,2026-08-23T23:52:08.992459+00:00,2026-08-24 02:40 (Local Time),AVDIMOU,,,,,1,11,19.2,17.7,26.6,19.0,0.9,0.0,3.0,3.0,335.0,,,,74.0,0.0,,,0.463,,
2026-08-24T00:20:00+00:00,2026-08-24T00:25:22.688898+00:00,2026-08-24T00:25:22.688898+00:00,2026-08-24 03:20 (Local Time),AVDIMOU,,,,,1,11,18.7,17.4,26.6,18.5,1.1,0.1,3.0,2.0,309.0,,,,77.0,0.0,,,0.565888,,
2026-08-24T02:00:00+00:00,2026-08-24T02:05:00.495163+00:00,2026-08-24T02:05:00.495163+00:00,2026-08-24 04:50 (Local Time),AVDIMOU,,,,,1,11,19.4,17.8,26.6,18.5,1.6,0.3,3.0,3.0,322.0,,,,78.0,0.0,,,0.82311,,
2026-08-24T03:10:00+00:00,2026-08-24T03:13:22.750366+00:00,2026-08-24T03:13:22.750366+00:00,2026-08-24 06:00 (Local Time),AVDIMOU,,,,,1,11,18.2,16.8,26.6,18.1,1.5,0.0,3.0,4.0,308.0,,,,81.0,0.0,,,0.771666,,
2026-08-24T04:00:00+00:00,2026-08-24T04:05:04.367746+00:00,2026-08-24T04:05:04.367746+00:00,2026-08-24 07:00 (Local Time),AVDIMOU,,,,,1,11,18.6,18.9,26.6,18.0,1.0,0.0,285.0,67.0,306.0,,,,83.0,0.0,,,0.514444,,
2026-08-24T04:50:00+00:00,2026-08-24T04:56:33.110569+00:00,2026-08-24T04:56:33.110569+00:00,2026-08-24 07:50 (Local Time),AVDIMOU,,,,,1,11,25.9,30.0,26.6,18.0,0.0,0.0,603.0,232.0,---,,,,64.0,0.0,,,0.0,,
2026-08-24T05:30:00+00:00,2026-08-24T05:33:04.050539+00:00,2026-08-24T05:33:04.050539+00:00,2026-08-24 08:20 (Local Time),AVDIMOU,,,,,1,11,28.8,35.4,28.9,18.0,1.1,0.3,734.0,338.0,161.0,,,,55.0,0.0,,,0.565888,,
2026-08-24T06:00:00+00:00,2026-08-24T06:06:07.235014+00:00,2026-08-24T06:06:07.235014+00:00,2026-08-24 09:00 (Local Time),AVDIMOU,,,,,1,11,30.2,39.4,30.3,18.0,2.1,1.0,796.0,473.0,168.0,,,,56.0,0.0,,,1.080332,,
2026-08-24T07:10:00+00:00,2026-08-24T07:16:03.698267+00:00,2026-08-24T07:16:03.698267+00:00,2026-08-24 10:10 (Local Time),AVDIMOU,,,,,1,11,31.0,44.7,31.1,18.0,3.0,1.7,821.0,682.0,126.0,,,,56.0,0.0,,,1.543332,,
2026-08-24T08:00:00+00:00,2026-08-24T08:05:48.165399+00:00,2026-08-24T08:05:48.165399+00:00,2026-08-24 11:00 (Local Time),AVDIMOU,,,,,1,11,31.6,45.5,31.8,18.0,4.3,1.9,798.0,791.0,147.0,,,,55.0,0.0,,,2.212109,,
2026-08-24T09:00:00+00:00,2026-08-24T09:00:12.470163+00:00,2026-08-24T09:00:12.470163+00:00,2026-08-24 11:50 (Local Time),AVDIMOU,,,,,1,11,32.8,47.1,33.1,18.0,4.6,2.0,756.0,863.0,165.0,,,,50.0,0.0,,,2.366442,,
2026-08-24T09:50:00+00:00,2026-08-24T09:57:16.860553+00:00,2026-08-24T09:57:16.860553+00:00,2026-08-24 12:50 (Local Time),AVDIMOU,,,,,1,11,34.6,47.5,34.8,18.0,4.8,2.1,729.0,909.0,228.0,,,,37.0,0.0,,,2.469331,,
2026-08-24T10:30:00+00:00,2026-08-24T10:33:11.108119+00:00,2026-08-24T10:33:11.108119+00:00,2026-08-24 13:20 (Local Time),AVDIMOU,,,,,1,11,34.8,47.8,35.1,18.0,4.5,2.1,697.0,901.0,205.0,,,,36.0,0.0,,,2.314998,,
2026-08-24T11:00:00+00:00,2026-08-24T11:04:13.052993+00:00,2026-08-24T11:04:13.052993+00:00,2026-08-24 13:50 (Local Time),AVDIMOU,,,,,1,11,34.1,46.9,35.1,18.0,5.1,1.9,736.0,882.0,237.0,,,,37.0,0.0,,,2.623664,,
2026-08-24T11:30:00+00:00,2026-08-24T11:37:56.829534+00:00,2026-08-24T11:37:56.829534+00:00,2026-08-24 14:30 (Local Time),AVDIMOU,,,,,1,11,34.2,47.1,35.1,18.0,3.9,2.2,784.0,821.0,196.0,,,,42.0,0.0,,,2.006332,,
2026-08-24T12:00:00+00:00,2026-08-24T12:01:36.598443+00:00,2026-08-24T12:01:36.598443+00:00,2026-08-24 14:50 (Local Time),AVDIMOU,,,,,1,11,34.7,47.7,35.1,18.0,4.8,2.1,805.0,771.0,218.0,,,,42.0,0.0,,,2.469331,,
2026-08-24T13:00:00+00:00,2026-08-24T13:06:23.173311+00:00,2026-08-24T13:06:23.173311+00:00,2026-08-24 16:00 (Local Time),AVDIMOU,,,,,1,11,33.4,44.5,35.1,18.0,4.1,2.2,829.0,607.0,198.0,,,,51.0,0.0,,,2.10922,,
2026-08-24T13:50:00+00:00,2026-08-24T13:58:34.993107+00:00,2026-08-24T13:58:34.993107+00:00,2026-08-24 16:50 (Local Time),AVDIMOU,,,,,1,11,32.9,42.0,35.1,18.0,4.8,2.0,824.0,457.0,202.0,,,,56.0,0.0,,,2.469331,,
2026-08-24T14:50:00+00:00,2026-08-24T14:52:34.183881+00:00,2026-08-24T14:52:34.183881+00:00,2026-08-24 17:40 (Local Time),AVDIMOU,,,,,1,11,32.0,38.7,35.1,18.0,4.6,1.8,692.0,289.0,211.0,,,,58.0,0.0,,,2.366442,,
2026-08-24T15:20:00+00:00,2026-08-24T15:27:37.543665+00:00,2026-08-24T15:27:37.543665+00:00,2026-08-24 18:20 (Local Time),AVDIMOU,,,,,1,11,31.1,35.1,35.1,18.0,4.0,1.4,459.0,135.0,209.0,,,,62.0,0.0,,,2.057776,,
2026-08-24T16:00:00+00:00,2026-08-24T16:03:28.141315+00:00,2026-08-24T16:03:28.141315+00:00,2026-08-24 18:50 (Local Time),AVDIMOU,,,,,1,11,29.6,30.6,35.1,18.0,4.2,1.6,30.0,44.0,211.0,,,,70.0,0.0,,,2.160665,,
2026-08-24T16:50:00+00:00,2026-08-24T16:53:20.031297+00:00,2026-08-24T16:53:20.031297+00:00,2026-08-24 19:40 (Local Time),AVDIMOU,,,,,1,11,28.1,27.9,35.1,18.0,3.9,1.4,3.0,6.0,232.0,,,,78.0,0.0,,,2.006332,,
2026-08-24T17:20:00+00:00,2026-08-24T17:20:29.899992+00:00,2026-08-24T17:20:29.899992+00:00,2026-08-24 20:10 (Local Time),AVDIMOU,,,,,1,11,27.7,27.3,35.1,18.0,4.0,1.0,3.0,6.0,223.0,,,,81.0,0.0,,,2.057776,,
2026-08-24T17:50:00+00:00,2026-08-24T17:54:26.954483+00:00,2026-08-24T17:54:26.954483+00:00,2026-08-24 20:40 (Local Time),AVDIMOU,,,,,1,11,27.4,26.9,35.1,18.0,2.6,1.2,3.0,5.0,218.0,,,,82.0,0.0,,,1.337554,,
2026-08-24T18:10:00+00:00,2026-08-24T18:19:00.754063+00:00,2026-08-24T18:19:00.754063+00:00,2026-08-24 21:10 (Local Time),AVDIMOU,,,,,1,11,27.3,26.6,27.4,27.3,3.4,1.0,3.0,5.0,224.0,,,,82.0,0.0,,,1.74911,,
2026-08-24T19:00:00+00:00,2026-08-24T19:07:12.688034+00:00,2026-08-24T19:07:12.688034+00:00,2026-08-24 22:00 (Local Time),AVDIMOU,,,,,1,11,26.5,24.6,27.4,26.5,0.9,0.2,3.0,5.0,285.0,,,,83.0,0.0,,,0.463,,
2026-08-24T19:30:00+00:00,2026-08-24T19:39:36.335940+00:00,2026-08-24T19:39:36.335940+00:00,2026-08-24 22:30 (Local Time),AVDIMOU,,,,,1,11,25.6,23.4,27.4,25.4,0.0,0.0,3.0,5.0,10.0,,,,84.0,0.0,,,0.0,,
2026-08-24T20:00:00+00:00,2026-08-24T20:02:42.858966+00:00,2026-08-24T20:02:42.858966+00:00,2026-08-24 22:50 (Local Time),AVDIMOU,,,,,1,11,24.9,23.2,27.4,24.7,0.8,0.2,3.0,5.0,6.0,,,,85.0,0.0,,,0.411555,,
2026-08-24T20:40:00+00:00,2026-08-24T20:40:40.715166+00:00,2026-08-24T20:40:40.715166+00:00,2026-08-24 23:30 (Local Time),AVDIMOU,,,,,1,11,23.9,22.3,27.4,23.7,1.1,0.0,3.0,5.0,286.0,,,,86.0,0.0,,,0.565888,,
2026-08-24T21:00:00+00:00,2026-08-24T21:05:21.310494+00:00,2026-08-24T21:05:21.310494+00:00,2026-08-25 00:00 (Local Time),AVDIMOU,,,,,1,11,23.6,22.0,27.4,23.5,1.5,0.1,3.0,5.0,2.0,,,,87.0,0.0,,,0.771666,,
2026-08-24T21:30:00+00:00,2026-08-24T21:38:52.195282+00:00,2026-08-24T21:38:52.195282+00:00,2026-08-25 00:30 (Local Time),AVDIMOU,,,,,1,11,23.0,21.6,27.4,22.8,1.9,0.4,3.0,4.0,355.0,,,,88.0,0.0,,,0.977444,,
2026-08-24T22:00:00+00:00,2026-08-24T22:01:12.902915+00:00,2026-08-24T22:01:12.902915+00:00,2026-08-25 00:50 (Local Time),AVDIMOU,,,,,1,11,23.0,21.9,27.4,22.7,1.3,0.5,3.0,2.0,306.0,,,,87.0,0.0,,,0.668777,,
2026-08-24T22:30:00+00:00,2026-08-24T22:36:41.317891+00:00,2026-08-24T22:36:41.317891+00:00,2026-08-25 01:30 (Local Time),AVDIMOU,,,,,1,11,22.9,21.7,27.4,22.7,1.1,0.1,3.0,3.0,303.0,,,,85.0,0.0,,,0.565888,,
2026-08-24T22:50:00+00:00,2026-08-24T22:57:36.381819+00:00,2026-08-24T22:57:36.381819+00:00,2026-08-25 01:50 (Local Time),AVDIMOU,,,,,1,11,22.5,21.6,27.4,22.4,1.0,0.4,3.0,4.0,319.0,,,,84.0,0.0,,,0.514444,,
2026-08-24T23:10:00+00:00,2026-08-24T23:19:31.756343+00:00,2026-08-24T23:19:31.756343+00:00,2026-08-25 02:10 (Local Time),AVDIMOU,,,,,1,11,22.4,21.5,27.4,22.3,0.9,0.1,3.0,3.0,304.0,,,,83.0,0.0,,,0.463,,
2026-08-24T23:40:00+00:00,2026-08-24T23:42:27.923761+00:00,2026-08-24T23:42:27.923761+00:00,2026-08-25 02:30 (Local Time),AVDIMOU,,,,,1,11,22.4,21.0,27.4,22.2,1.5,0.5,3.0,3.0,322.0,,,,84.0,0.0,,,0.771666,,
2026-08-24T23:50:00+00:00,2026-08-24T23:58:10.898343+00:00,2026-08-24T23:58:10.898343+00:00,2026-08-25 02:50 (Local Time),AVDIMOU,,,,,1,11,22.3,21.1,27.4,22.2,0.5,0.1,3.0,4.0,299.0,,,,82.0,0.0,,,0.257222,,
2026-08-25T01:40:00+00:00,2026-08-25T01:45:41.534415+00:00,2026-08-25T01:45:41.534415+00:00,2026-08-25 04:40 (Local Time),AVDIMOU,,,,,1,11,21.6,20.2,27.4,21.5,1.6,0.3,3.0,4.0,326.0,,,,82.0,0.0,,,0.82311,,
2026-08-25T02:40:00+00:00,2026-08-25T02:45:42.934006+00:00,2026-08-25T02:45:42.934006+00:00,2026-08-25 05:40 (Local Time),AVDIMOU,,,,,1,11,21.0,19.8,27.4,20.9,1.3,0.0,3.0,4.0,359.0,,,,83.0,0.0,,,0.668777,,
2026-08-25T03:30:00+00:00,2026-08-25T03:33:19.943149+00:00,2026-08-25T03:33:19.943149+00:00,2026-08-25 06:20 (Local Time),AVDIMOU,,,,,1,11,21.2,20.0,27.4,20.9,1.5,0.2,3.0,8.0,347.0,,,,84.0,0.0,,,0.771666,,
2026-08-25T04:10:00+00:00,2026-08-25T04:12:15.408524+00:00,2026-08-25T04:12:15.408524+00:00,2026-08-25 07:00 (Local Time),AVDIMOU,,,,,1,11,21.4,22.3,27.4,20.9,1.6,0.3,86.0,69.0,345.0,,,,84.0,0.0,,,0.82311,,
2026-08-25T04:50:00+00:00,2026-08-25T04:53:34.210279+00:00,2026-08-25T04:53:34.210279+00:00,2026-08-25 07:40 (Local Time),AVDIMOU,,,,,1,11,25.8,29.7,27.4,20.9,0.0,0.0,404.0,204.0,334.0,,,,75.0,0.0,,,0.0,,
2026-08-25T05:20:00+00:00,2026-08-25T05:20:50.570021+00:00,2026-08-25T05:20:50.570021+00:00,2026-08-25 08:10 (Local Time),AVDIMOU,,,,,1,11,28.5,33.3,29.1,20.9,1.7,0.8,366.0,245.0,123.0,,,,73.0,0.0,,,0.874555,,
2026-08-25T05:50:00+00:00,2026-08-25T05:53:07.498471+00:00,2026-08-25T05:53:07.498471+00:00,2026-08-25 08:40 (Local Time),AVDIMOU,,,,,1,11,28.4,33.8,29.1,20.9,1.8,1.0,336.0,243.0,132.0,,,,74.0,0.0,,,0.925999,,
2026-08-25T06:20:00+00:00,2026-08-25T06:21:12.728364+00:00,2026-08-25T06:21:12.728364+00:00,2026-08-25 09:10 (Local Time),AVDIMOU,,,,,1,11,29.1,39.1,29.3,20.9,2.6,1.4,762.0,491.0,138.0,,,,72.0,0.0,,,1.337554,,
2026-08-25T07:10:00+00:00,2026-08-25T07:14:12.002380+00:00,2026-08-25T07:14:12.002380+00:00,2026-08-25 10:00 (Local Time),AVDIMOU,,,,,1,11,29.6,41.7,29.7,20.9,4.0,1.7,792.0,635.0,133.0,,,,71.0,0.0,,,2.057776,,
2026-08-25T07:50:00+00:00,2026-08-25T07:58:40.639476+00:00,2026-08-25T07:58:40.639476+00:00,2026-08-25 10:50 (Local Time),AVDIMOU,,,,,1,11,30.4,45.3,30.6,20.9,3.6,1.7,798.0,760.0,135.0,,,,65.0,0.0,,,1.851998,,
2026-08-25T08:50:00+00:00,2026-08-25T08:53:15.199257+00:00,2026-08-25T08:53:15.199257+00:00,2026-08-25 11:40 (Local Time),AVDIMOU,,,,,1,11,31.1,46.0,31.4,20.9,4.2,2.1,770.0,850.0,138.0,,,,63.0,0.0,,,2.160665,,
2026-08-25T09:20:00+00:00,2026-08-25T09:21:55.496305+00:00,2026-08-25T09:21:55.496305+00:00,2026-08-25 12:10 (Local Time),AVDIMOU,,,,,1,11,31.6,46.9,31.7,20.9,3.9,1.8,751.0,881.0,154.0,,,,63.0,0.0,,,2.006332,,
2026-08-25T09:50:00+00:00,2026-08-25T09:57:27.677768+00:00,2026-08-25T09:57:27.677768+00:00,2026-08-25 12:50 (Local Time),AVDIMOU,,,,,1,11,31.9,46.6,32.3,20.9,4.8,2.3,727.0,903.0,158.0,,,,61.0,0.0,,,2.469331,,
2026-08-25T10:20:00+00:00,2026-08-25T10:25:44.764489+00:00,2026-08-25T10:25:44.764489+00:00,2026-08-25 13:20 (Local Time),AVDIMOU,,,,,1,11,32.6,47.1,32.8,20.9,4.7,2.1,696.0,897.0,162.0,,,,57.0,0.0,,,2.417887,,
2026-08-25T10:50:00+00:00,2026-08-25T10:58:40.238954+00:00,2026-08-25T10:58:40.238954+00:00,2026-08-25 13:50 (Local Time),AVDIMOU,,,,,1,11,32.8,46.0,33.4,20.9,6.4,2.6,731.0,876.0,163.0,,,,55.0,0.0,,,3.292442,,
2026-08-25T11:30:00+00:00,2026-08-25T11:36:35.486630+00:00,2026-08-25T11:36:35.486630+00:00,2026-08-25 14:30 (Local Time),AVDIMOU,,,,,1,11,33.6,46.9,33.8,20.9,6.4,2.5,791.0,819.0,160.0,,,,54.0,0.0,,,3.292442,,
2026-08-25T11:50:00+00:00,2026-08-25T11:59:21.211444+00:00,2026-08-25T11:59:21.211444+00:00,2026-08-25 14:50 (Local Time),AVDIMOU,,,,,1,11,34.0,47.1,34.5,20.9,5.5,2.7,806.0,748.0,170.0,,,,53.0,0.0,,,2.829442,,
2026-08-25T13:00:00+00:00,2026-08-25T13:03:56.506241+00:00,2026-08-25T13:03:56.506241+00:00,2026-08-25 15:50 (Local Time),AVDIMOU,,,,,1,11,34.4,45.9,35.3,20.9,3.8,1.7,852.0,644.0,186.0,,,,52.0,0.0,,,1.954887,,
2026-08-25T13:50:00+00:00,2026-08-25T13:57:36.498978+00:00,2026-08-25T13:57:36.498978+00:00,2026-08-25 16:50 (Local Time),AVDIMOU,,,,,1,11,33.1,42.3,35.3,20.9,4.3,1.8,855.0,463.0,209.0,,,,59.0,0.0,,,2.212109,,
2026-08-25T14:40:00+00:00,2026-08-25T14:41:09.393536+00:00,2026-08-25T14:41:09.393536+00:00,2026-08-25 17:30 (Local Time),AVDIMOU,,,,,1,11,33.3,40.8,35.3,20.9,4.7,1.9,778.0,335.0,210.0,,,,57.0,0.0,,,2.417887,,
2026-08-25T15:20:00+00:00,2026-08-25T15:27:40.699931+00:00,2026-08-25T15:27:40.699931+00:00,2026-08-25 18:20 (Local Time),AVDIMOU,,,,,1,11,31.8,35.9,35.3,20.9,3.6,1.3,577.0,143.0,220.0,,,,63.0,0.0,,,1.851998,,
2026-08-25T16:00:00+00:00,2026-08-25T16:08:16.686503+00:00,2026-08-25T16:08:16.686503+00:00,2026-08-25 19:00 (Local Time),AVDIMOU,,,,,1,11,30.2,30.3,35.3,20.9,2.8,1.1,14.0,31.0,223.0,,,,69.0,0.0,,,1.440443,,
2026-08-25T16:50:00+00:00,2026-08-25T16:57:14.028931+00:00,2026-08-25T16:57:14.028931+00:00,2026-08-25 19:50 (Local Time),AVDIMOU,,,,,1,11,28.7,27.4,35.3,20.9,1.1,0.5,3.0,4.0,261.0,,,,74.0,0.0,,,0.565888,,
2026-08-25T17:20:00+00:00,2026-08-25T17:22:15.307251+00:00,2026-08-25T17:22:15.307251+00:00,2026-08-25 20:10 (Local Time),AVDIMOU,,,,,1,11,28.2,26.5,35.3,20.9,0.0,0.6,3.0,4.0,9.0,,,,76.0,0.0,,,0.0,,
2026-08-25T17:50:00+00:00,2026-08-25T17:51:06.620126+00:00,2026-08-25T17:51:06.620126+00:00,2026-08-25 20:40 (Local Time),AVDIMOU,,,,,1,11,26.6,24.5,35.3,20.9,1.2,0.1,3.0,4.0,291.0,,,,77.0,0.0,,,0.617333,,
2026-08-25T18:20:00+00:00,2026-08-25T18:23:13.053751+00:00,2026-08-25T18:23:13.053751+00:00,2026-08-25 21:10 (Local Time),AVDIMOU,,,,,1,11,25.3,22.9,25.6,25.1,0.0,0.4,3.0,4.0,305.0,,,,81.0,0.0,,,0.0,,
2026-08-25T19:00:00+00:00,2026-08-25T19:08:30.557607+00:00,2026-08-25T19:08:30.557607+00:00,2026-08-25 22:00 (Local Time),AVDIMOU,,,,,1,11,23.5,21.8,25.6,23.4,1.1,0.1,3.0,3.0,335.0,,,,83.0,0.0,,,0.565888,,
2026-08-25T19:40:00+00:00,2026-08-25T19:40:20.563841+00:00,2026-08-25T19:40:20.563841+00:00,2026-08-25 22:30 (Local Time),AVDIMOU,,,,,1,11,22.9,21.1,25.6,22.8,1.0,0.0,3.0,2.0,335.0,,,,83.0,0.0,,,0.514444,,
2026-08-25T20:00:00+00:00,2026-08-25T20:01:05.062864+00:00,2026-08-25T20:01:05.062864+00:00,2026-08-25 22:50 (Local Time),AVDIMOU,,,,,1,11,22.5,20.6,25.6,22.3,0.9,0.1,3.0,1.0,318.0,,,,84.0,0.0,,,0.463,,
2026-08-25T20:30:00+00:00,2026-08-25T20:38:41.971305+00:00,2026-08-25T20:38:41.971305+00:00,2026-08-25 23:30 (Local Time),AVDIMOU,,,,,1,11,21.8,19.9,25.6,21.7,1.7,0.1,3.0,2.0,350.0,,,,86.0,0.0,,,0.874555,,
2026-08-25T21:00:00+00:00,2026-08-25T21:04:36.006986+00:00,2026-08-25T21:04:36.006986+00:00,2026-08-25 23:50 (Local Time),AVDIMOU,,,,,1,11,21.4,19.4,25.6,21.3,0.7,0.1,3.0,2.0,349.0,,,,86.0,0.0,,,0.360111,,
2026-08-25T21:30:00+00:00,2026-08-25T21:36:47.936281+00:00,2026-08-25T21:36:47.936281+00:00,2026-08-26 00:30 (Local Time),AVDIMOU,,,,,1,11,20.5,18.9,25.6,20.4,1.9,0.6,3.0,1.0,346.0,,,,86.0,0.0,,,0.977444,,
2026-08-25T21:50:00+00:00,2026-08-25T21:57:06.599599+00:00,2026-08-25T21:57:06.599599+00:00,2026-08-26 00:50 (Local Time),AVDIMOU,,,,,1,11,20.4,18.6,25.6,20.2,1.0,0.1,3.0,2.0,347.0,,,,86.0,0.0,,,0.514444,,
2026-08-25T22:20:00+00:00,2026-08-25T22:21:51.152490+00:00,2026-08-25T22:21:51.152490+00:00,2026-08-26 01:10 (Local Time),AVDIMOU,,,,,1,11,20.0,18.3,25.6,19.9,2.3,0.4,3.0,2.0,358.0,,,,86.0,0.0,,,1.183221,,
2026-08-25T22:50:00+00:00,2026-08-25T22:50:21.982809+00:00,2026-08-25T22:50:21.982809+00:00,2026-08-26 01:40 (Local Time),AVDIMOU,,,,,1,11,20.3,18.4,25.6,19.9,2.3,0.4,3.0,1.0,336.0,,,,87.0,0.0,,,1.183221,,
2026-08-25T23:10:00+00:00,2026-08-25T23:13:21.974966+00:00,2026-08-25T23:13:21.974966+00:00,2026-08-26 02:00 (Local Time),AVDIMOU,,,,,1,11,20.8,18.7,25.6,19.8,1.8,0.6,3.0,1.0,343.0,,,,75.0,0.0,,,0.925999,,
2026-08-25T23:30:00+00:00,2026-08-25T23:37:49.566300+00:00,2026-08-25T23:37:49.566300+00:00,2026-08-26 02:30 (Local Time),AVDIMOU,,,,,1,11,20.2,18.2,25.6,19.8,2.0,0.4,3.0,2.0,339.0,,,,74.0,0.0,,,1.028888,,
2026-08-25T23:50:00+00:00,2026-08-25T23:59:33.063779+00:00,2026-08-25T23:59:33.063779+00:00,2026-08-26 02:50 (Local Time),AVDIMOU,,,,,1,11,19.7,18.0,25.6,19.7,1.4,0.3,3.0,2.0,321.0,,,,76.0,0.0,,,0.720222,,
2026-08-26T01:50:00+00:00,2026-08-26T01:51:20.162910+00:00,2026-08-26T01:51:20.162910+00:00,2026-08-26 04:40 (Local Time),AVDIMOU,,,,,1,11,19.2,17.8,25.6,18.8,1.3,0.2,3.0,2.0,321.0,,,,69.0,0.0,,,0.668777,,
2026-08-26T02:50:00+00:00,2026-08-26T02:54:22.104374+00:00,2026-08-26T02:54:22.104374+00:00,2026-08-26 05:40 (Local Time),AVDIMOU,,,,,1,11,18.2,17.0,25.6,18.2,1.6,0.4,3.0,2.0,329.0,,,,69.0,0.0,,,0.82311,,
2026-08-26T03:40:00+00:00,2026-08-26T03:42:51.161575+00:00,2026-08-26T03:42:51.161575+00:00,2026-08-26 06:30 (Local Time),AVDIMOU,,,,,1,11,19.0,17.7,25.6,18.0,1.7,0.4,3.0,12.0,6.0,,,,64.0,0.0,,,0.874555,,
2026-08-26T04:20:00+00:00,2026-08-26T04:24:21.650652+00:00,2026-08-26T04:24:21.650652+00:00,2026-08-26 07:10 (Local Time),AVDIMOU,,,,,1,11,19.9,19.9,25.6,18.0,1.6,0.0,336.0,85.0,330.0,,,,68.0,0.0,,,0.82311,,
2026-08-26T05:00:00+00:00,2026-08-26T05:02:08.397474+00:00,2026-08-26T05:02:08.397474+00:00,2026-08-26 07:50 (Local Time),AVDIMOU,,,,,1,11,25.9,29.8,26.4,18.0,0.0,0.1,652.0,233.0,176.0,,,,57.0,0.0,,,0.0,,
2026-08-26T05:40:00+00:00,2026-08-26T05:41:52.025975+00:00,2026-08-26T05:41:52.025975+00:00,2026-08-26 08:30 (Local Time),AVDIMOU,,,,,1,11,29.3,36.4,29.4,18.0,1.3,0.6,780.0,377.0,146.0,,,,62.0,0.0,,,0.668777,,
2026-08-26T06:00:00+00:00,2026-08-26T06:05:37.659634+00:00,2026-08-26T06:05:37.659634+00:00,2026-08-26 09:00 (Local Time),AVDIMOU,,,,,1,11,29.8,39.0,30.0,18.0,1.4,0.6,827.0,480.0,137.0,,,,60.0,0.0,,,0.720222,,
2026-08-26T07:00:00+00:00,2026-08-26T07:04:04.375504+00:00,2026-08-26T07:04:04.375504+00:00,2026-08-26 09:50 (Local Time),AVDIMOU,,,,,1,11,30.6,43.9,30.8,18.0,2.9,1.4,851.0,634.0,129.0,,,,59.0,0.0,,,1.491888,,
2026-08-26T07:50:00+00:00,2026-08-26T07:53:52.196078+00:00,2026-08-26T07:53:52.196078+00:00,2026-08-26 10:40 (Local Time),AVDIMOU,,,,,1,11,31.6,45.5,31.9,18.0,3.3,1.6,840.0,757.0,148.0,,,,56.0,0.0,,,1.697665,,
2026-08-26T08:20:00+00:00,2026-08-26T08:26:49.855469+00:00,2026-08-26T08:26:49.855469+00:00,2026-08-26 11:20 (Local Time),AVDIMOU,,,,,1,11,32.2,47.6,32.5,18.0,2.7,1.3,819.0,835.0,124.0,,,,54.0,0.0,,,1.388999,,
2026-08-26T09:00:00+00:00,2026-08-26T09:09:58.185154+00:00,2026-08-26T09:09:58.185154+00:00,2026-08-26 12:00 (Local Time),AVDIMOU,,,,,1,11,33.5,48.0,33.8,18.0,5.2,2.3,792.0,888.0,127.0,,,,42.0,0.0,,,2.675109,,
2026-08-26T09:50:00+00:00,2026-08-26T09:57:18.499527+00:00,2026-08-26T09:57:18.499527+00:00,2026-08-26 12:50 (Local Time),AVDIMOU,,,,,1,11,34.6,49.3,34.8,18.0,4.4,2.1,768.0,917.0,132.0,,,,44.0,0.0,,,2.263554,,
2026-08-26T10:30:00+00:00,2026-08-26T10:30:56.270148+00:00,2026-08-26T10:30:56.270148+00:00,2026-08-26 13:20 (Local Time),AVDIMOU,,,,,1,11,34.2,48.0,34.9,18.0,4.6,2.4,749.0,918.0,137.0,,,,43.0,0.0,,,2.366442,,
2026-08-26T11:00:00+00:00,2026-08-26T11:04:37.313078+00:00,2026-08-26T11:04:37.313078+00:00,2026-08-26 13:50 (Local Time),AVDIMOU,,,,,1,11,34.6,49.9,35.1,18.0,2.7,1.4,784.0,897.0,120.0,,,,38.0,0.0,,,1.388999,,
2026-08-26T11:30:00+00:00,2026-08-26T11:38:49.315515+00:00,2026-08-26T11:38:49.315515+00:00,2026-08-26 14:30 (Local Time),AVDIMOU,,,,,1,11,34.0,48.3,35.2,18.0,6.3,2.8,835.0,839.0,120.0,,,,54.0,0.0,,,3.240997,,
2026-08-26T12:00:00+00:00,2026-08-26T12:03:08.948192+00:00,2026-08-26T12:03:08.948192+00:00,2026-08-26 14:50 (Local Time),AVDIMOU,,,,,1,11,33.4,48.0,35.2,18.0,6.4,2.8,855.0,735.0,108.0,,,,57.0,0.0,,,3.292442,,
2026-08-26T13:00:00+00:00,2026-08-26T13:09:09.840932+00:00,2026-08-26T13:09:09.840932+00:00,2026-08-26 16:00 (Local Time),AVDIMOU,,,,,1,11,35.6,46.4,36.0,18.0,4.2,1.9,921.0,640.0,229.0,,,,45.0,0.0,,,2.160665,,
2026-08-26T14:00:00+00:00,2026-08-26T14:03:39.470985+00:00,2026-08-26T14:03:39.470985+00:00,2026-08-26 16:50 (Local Time),AVDIMOU,,,,,1,11,33.6,42.4,36.0,18.0,5.9,2.4,915.0,480.0,195.0,,,,57.0,0.0,,,3.03522,,
2026-08-26T14:50:00+00:00,2026-08-26T14:54:08.722019+00:00,2026-08-26T14:54:08.722019+00:00,2026-08-26 17:40 (Local Time),AVDIMOU,,,,,1,11,32.3,39.3,36.0,18.0,4.2,1.9,761.0,296.0,196.0,,,,59.0,0.0,,,2.160665,,
2026-08-26T16:00:00+00:00,2026-08-26T16:07:18.483930+00:00,2026-08-26T16:07:18.483930+00:00,2026-08-26 19:00 (Local Time),AVDIMOU,,,,,1,11,29.9,29.9,36.0,18.0,4.7,1.4,14.0,29.0,241.0,,,,71.0,0.0,,,2.417887,,
2026-08-26T16:50:00+00:00,2026-08-26T16:57:15.023418+00:00,2026-08-26T16:57:15.023418+00:00,2026-08-26 19:50 (Local Time),AVDIMOU,,,,,1,11,28.4,26.5,36.0,18.0,1.4,0.6,3.0,5.0,273.0,,,,76.0,0.0,,,0.720222,,
2026-08-26T18:50:00+00:00,2026-08-26T18:52:42.492642+00:00,2026-08-26T18:52:42.492642+00:00,2026-08-26 21:40 (Local Time),AVDIMOU,,,,,1,11,23.6,21.2,25.2,23.5,1.1,0.3,3.0,3.0,331.0,,,,78.0,0.0,,,0.565888,,
2026-08-26T21:10:00+00:00,2026-08-26T21:19:59.745043+00:00,2026-08-26T21:19:59.745043+00:00,2026-08-27 00:10 (Local Time),AVDIMOU,,,,,1,11,20.2,18.0,25.2,20.1,1.1,0.5,3.0,5.0,299.0,,,,72.0,0.0,,,0.565888,,
2026-08-27T00:50:00+00:00,2026-08-27T00:53:28.666538+00:00,2026-08-27T00:53:28.666538+00:00,2026-08-27 03:40 (Local Time),AVDIMOU,,,,,1,11,17.1,15.8,25.2,17.1,1.6,0.1,3.0,4.0,345.0,,,,68.0,0.0,,,0.82311,,
2026-08-27T10:40:00+00:00,2026-08-27T10:40:31.347901+00:00,2026-08-27T10:40:31.347901+00:00,2026-08-27 13:30 (Local Time),AVDIMOU,,,,,1,11,33.0,47.6,33.5,16.5,4.6,2.2,689.0,876.0,139.0,,,,56.0,0.0,,,2.366442,,
2026-08-27T20:40:00+00:00,2026-08-27T20:46:37.523278+00:00,2026-08-27T20:46:37.523278+00:00,2026-08-27 23:40 (Local Time),AVDIMOU,,,,,1,11,23.6,21.0,29.8,23.5,1.4,0.8,3.0,4.0,330.0,,,,64.0,0.0,,,0.720222,,
2026-08-28T04:30:00+00:00,2026-08-28T04:32:04.121658+00:00,2026-08-28T04:32:04.121658+00:00,2026-08-28 07:20 (Local Time),AVDIMOU,,,,,1,11,20.8,21.4,29.8,18.6,1.7,0.0,361.0,111.0,335.0,,,,63.0,0.0,,,0.874555,,
2026-08-28T16:50:00+00:00,2026-08-28T16:53:27.353974+00:00,2026-08-28T16:53:27.353974+00:00,2026-08-28 19:40 (Local Time),AVDIMOU,,,,,1,11,28.7,27.9,36.3,18.6,1.4,0.4,3.0,5.0,273.0,,,,75.0,0.0,,,0.720222,,
2026-08-29T00:40:00+00:00,2026-08-29T00:46:23.283124+00:00,2026-08-29T00:46:23.283124+00:00,2026-08-29 03:40 (Local Time),AVDIMOU,,,,,1,11,23.0,21.1,28.2,22.4,1.6,0.2,3.0,3.0,329.0,,,,81.0,0.0,,,0.82311,,
2026-08-29T07:20:00+00:00,2026-08-29T07:26:53.255731+00:00,2026-08-29T07:26:53.255731+00:00,2026-08-29 10:20 (Local Time),AVDIMOU,,,,,1,11,31.4,43.6,32.1,21.6,8.6,3.5,820.0,716.0,117.0,,,,60.0,0.0,,,4.424218,,
2026-08-29T13:10:00+00:00,2026-08-29T13:16:49.747563+00:00,2026-08-29T13:16:49.747563+00:00,2026-08-29 16:10 (Local Time),AVDIMOU,,,,,1,11,28.6,38.6,32.7,18.1,2.9,1.6,909.0,588.0,144.0,,,,53.0,0.0,,,1.491888,,
2026-08-29T17:10:00+00:00,2026-08-29T17:13:33.472250+00:00,2026-08-29T17:13:33.472250+00:00,2026-08-29 20:00 (Local Time),AVDIMOU,,,,,1,11,21.6,21.0,32.7,18.1,0.0,0.0,3.0,0.0,---,,,,94.0,0.0,,,0.0,,
2026-08-29T19:40:00+00:00,2026-08-29T19:45:10.956477+00:00,2026-08-29T19:45:10.956477+00:00,2026-08-29 22:40 (Local Time),AVDIMOU,,,,,1,11,18.8,18.7,20.4,18.8,0.6,0.2,3.0,0.0,319.0,,,,98.0,0.0,,,0.308666,,
2026-08-29T21:50:00+00:00,2026-08-29T21:58:56.752898+00:00,2026-08-29T21:58:56.752898+00:00,2026-08-30 00:50 (Local Time),AVDIMOU,,,,,1,11,18.1,17.5,20.4,18.0,0.7,0.6,3.0,0.0,264.0,,,,94.0,0.0,,,0.360111,,
2026-08-30T00:00:00+00:00,2026-08-30T00:07:36.935372+00:00,2026-08-30T00:07:36.935372+00:00,2026-08-30 03:00 (Local Time),AVDIMOU,,,,,1,11,20.7,17.6,22.6,18.0,0.9,0.6,3.0,0.0,282.0,,,,72.0,0.0,,,0.463,,
2026-08-30T05:10:00+00:00,2026-08-30T05:18:31.530332+00:00,2026-08-30T05:18:31.530332+00:00,2026-08-30 08:10 (Local Time),AVDIMOU,,,,,1,11,25.5,27.8,25.9,17.7,0.0,0.3,816.0,294.0,---,,,,68.0,0.0,,,0.0,,
2026-08-30T10:30:00+00:00,2026-08-30T10:32:45.503910+00:00,2026-08-30T10:32:45.503910+00:00,2026-08-30 13:20 (Local Time),AVDIMOU,,,,,1,11,29.8,34.8,32.2,17.7,2.5,1.4,18.0,271.0,139.0,,,,54.0,0.0,,,1.28611,,
2026-08-30T14:50:00+00:00,2026-08-30T14:56:44.286383+00:00,2026-08-30T14:56:44.286383+00:00,2026-08-30 17:50 (Local Time),AVDIMOU,,,,,1,11,29.6,31.7,33.4,17.7,0.0,0.4,158.0,121.0,---,,,,55.0,0.0,,,0.0,,
2026-08-30T18:20:00+00:00,2026-08-30T18:21:52.680907+00:00,2026-08-30T18:21:52.680907+00:00,2026-08-30 21:10 (Local Time),AVDIMOU,,,,,1,11,22.3,20.8,22.8,22.0,0.0,0.6,3.0,3.0,322.0,,,,73.0,0.0,,,0.0,,
2026-08-30T21:10:00+00:00,2026-08-30T21:15:49.570488+00:00,2026-08-30T21:15:49.570488+00:00,2026-08-31 00:10 (Local Time),AVDIMOU,,,,,1,11,22.2,19.5,25.0,21.6,0.0,0.8,3.0,4.0,126.0,,,,65.0,0.0,,,0.0,,
2026-08-30T23:30:00+00:00,2026-08-30T23:32:05.114641+00:00,2026-08-30T23:32:05.114641+00:00,2026-08-31 02:20 (Local Time),AVDIMOU,,,,,1,11,24.3,20.7,25.8,21.6,1.5,1.1,3.0,4.0,114.0,,,,67.0,0.0,,,0.771666,,
2026-08-31T01:30:00+00:00,2026-08-31T01:33:14.668185+00:00,2026-08-31T01:33:14.668185+00:00,2026-08-31 04:20 (Local Time),AVDIMOU,,,,,1,11,20.7,18.1,25.8,20.6,0.0,0.3,3.0,3.0,344.0,,,,81.0,0.0,,,0.0,,
2026-08-31T07:30:00+00:00,2026-08-31T07:33:17.901781+00:00,2026-08-31T07:33:17.901781+00:00,2026-08-31 10:20 (Local Time),AVDIMOU,,,,,1,11,31.3,42.6,31.4,18.6,3.2,1.6,891.0,724.0,160.0,,,,37.0,0.0,,,1.646221,,
2026-08-31T15:20:00+00:00,2026-08-31T15:20:30.777425+00:00,2026-08-31T15:20:30.777425+00:00,2026-08-31 18:10 (Local Time),AVDIMOU,,,,,1,11,30.4,35.0,34.3,18.6,1.7,1.0,571.0,146.0,184.0,,,,64.0,0.0,,,0.874555,,
2026-08-31T20:50:00+00:00,2026-08-31T20:53:49.470063+00:00,2026-08-31T20:53:49.470063+00:00,2026-08-31 23:40 (Local Time),AVDIMOU,,,,,1,11,22.7,21.0,25.2,22.7,0.0,0.2,3.0,4.0,324.0,,,,88.0,0.0,,,0.0,,
2026-09-01T00:00:00+00:00,2026-09-01T00:09:47.161661+00:00,2026-09-01T00:09:47.161661+00:00,2026-09-01 03:00 (Local Time),AVDIMOU,,,,,1,11,20.1,18.6,25.2,19.9,0.6,0.2,3.0,4.0,338.0,,,,81.0,0.0,,,0.308666,,
2026-09-01T05:00:00+00:00,2026-09-01T05:06:39.752591+00:00,2026-09-01T05:06:39.752591+00:00,2026-09-01 08:00 (Local Time),AVDIMOU,,,,,1,11,26.3,29.5,26.5,18.4,0.0,0.0,715.0,266.0,---,,,,65.0,0.0,,,0.0,,
2026-09-01T10:00:00+00:00,2026-09-01T10:00:04.426972+00:00,2026-09-01T10:00:04.426972+00:00,2026-09-01 12:50 (Local Time),AVDIMOU,,,,,1,11,31.6,45.6,32.2,18.4,3.8,1.8,791.0,915.0,122.0,,,,54.0,0.0,,,1.954887,,
2026-09-01T14:40:00+00:00,2026-09-01T14:44:18.360093+00:00,2026-09-01T14:44:18.360093+00:00,2026-09-01 17:30 (Local Time),AVDIMOU,,,,,1,11,31.9,38.6,35.1,18.4,4.7,1.9,768.0,308.0,187.0,,,,53.0,0.0,,,2.417887,,
2026-09-01T17:50:00+00:00,2026-09-01T17:59:08.587377+00:00,2026-09-01T17:59:08.587377+00:00,2026-09-01 20:50 (Local Time),AVDIMOU,,,,,1,11,25.6,23.7,35.1,18.4,1.4,0.6,3.0,5.0,345.0,,,,70.0,0.0,,,0.720222,,
2026-09-01T20:50:00+00:00,2026-09-01T20:57:49.819184+00:00,2026-09-01T20:57:49.819184+00:00,2026-09-01 23:50 (Local Time),AVDIMOU,,,,,1,11,22.4,20.9,25.4,22.3,0.9,0.3,3.0,4.0,333.0,,,,76.0,0.0,,,0.463,,
2026-09-01T22:50:00+00:00,2026-09-01T22:59:20.646815+00:00,2026-09-01T22:59:20.646815+00:00,2026-09-02 01:50 (Local Time),AVDIMOU,,,,,1,11,21.4,20.0,25.4,21.0,1.0,0.3,3.0,4.0,314.0,,,,77.0,0.0,,,0.514444,,
2026-09-02T00:50:00+00:00,2026-09-02T00:59:02.229081+00:00,2026-09-02T00:59:02.229081+00:00,2026-09-02 03:50 (Local Time),AVDIMOU,,,,,1,11,20.3,19.2,25.4,20.3,0.0,0.1,3.0,4.0,---,,,,84.0,0.0,,,0.0,,
2026-09-02T05:30:00+00:00,2026-09-02T05:39:43.544220+00:00,2026-09-02T05:39:43.544220+00:00,2026-09-02 08:30 (Local Time),AVDIMOU,,,,,1,11,30.1,36.5,30.2,20.2,1.3,0.9,828.0,375.0,131.0,,,,47.0,0.0,,,0.668777,,
2026-09-02T09:50:00+00:00,2026-09-02T09:55:26.773998+00:00,2026-09-02T09:55:26.773998+00:00,2026-09-02 12:50 (Local Time),AVDIMOU,,,,,1,11,33.4,47.0,33.6,20.2,3.7,2.1,808.0,917.0,148.0,,,,40.0,0.0,,,1.903443,,
2026-09-02T13:50:00+00:00,2026-09-02T13:57:56.283149+00:00,2026-09-02T13:57:56.283149+00:00,2026-09-02 16:50 (Local Time),AVDIMOU,,,,,1,11,34.5,43.6,35.0,20.2,2.8,1.2,866.0,444.0,209.0,,,,34.0,0.0,,,1.440443,,
2026-09-02T17:50:00+00:00,2026-09-02T17:50:45.979036+00:00,2026-09-02T17:50:45.979036+00:00,2026-09-02 20:40 (Local Time),AVDIMOU,,,,,1,11,27.3,24.6,35.0,20.2,0.0,0.1,3.0,3.0,304.0,,,,68.0,0.0,,,0.0,,
2026-09-02T20:00:00+00:00,2026-09-02T20:09:15.329239+00:00,2026-09-02T20:09:15.329239+00:00,2026-09-02 23:00 (Local Time),AVDIMOU,,,,,1,11,23.0,21.3,26.4,23.0,1.5,0.4,3.0,3.0,316.0,,,,77.0,0.0,,,0.771666,,
2026-09-02T22:30:00+00:00,2026-09-02T22:38:45.682970+00:00,2026-09-02T22:38:45.682970+00:00,2026-09-03 01:30 (Local Time),AVDIMOU,,,,,1,11,21.4,20.1,26.4,21.3,1.4,0.5,3.0,3.0,314.0,,,,82.0,0.0,,,0.720222,,
2026-09-03T00:40:00+00:00,2026-09-03T00:41:04.689366+00:00,2026-09-03T00:41:04.689366+00:00,2026-09-03 03:30 (Local Time),AVDIMOU,,,,,1,11,20.8,19.3,26.4,20.7,1.5,0.4,3.0,3.0,311.0,,,,83.0,0.0,,,0.771666,,
2026-09-03T05:00:00+00:00,2026-09-03T05:05:18.192986+00:00,2026-09-03T05:05:18.192986+00:00,2026-09-03 08:00 (Local Time),AVDIMOU,,,,,1,11,27.0,30.5,27.4,19.9,1.2,0.0,712.0,261.0,342.0,,,,67.0,0.0,,,0.617333,,
2026-09-03T09:30:00+00:00,2026-09-03T09:39:30.444970+00:00,2026-09-03T09:39:30.444970+00:00,2026-09-03 12:30 (Local Time),AVDIMOU,,,,,1,11,32.3,46.9,32.5,19.9,4.2,2.1,828.0,914.0,134.0,,,,56.0,0.0,,,2.160665,,
2026-09-03T13:50:00+00:00,2026-09-03T13:53:05.760897+00:00,2026-09-03T13:53:05.760897+00:00,2026-09-03 16:40 (Local Time),AVDIMOU,,,,,1,11,33.1,41.8,35.2,19.9,4.2,1.8,906.0,483.0,215.0,,,,47.0,0.0,,,2.160665,,
2026-09-03T17:10:00+00:00,2026-09-03T17:19:20.989738+00:00,2026-09-03T17:19:20.989738+00:00,2026-09-03 20:10 (Local Time),AVDIMOU,,,,,1,11,28.1,26.5,35.2,19.9,0.8,0.6,3.0,4.0,230.0,,,,66.0,0.0,,,0.411555,,
2026-09-03T19:50:00+00:00,2026-09-03T19:57:59.047371+00:00,2026-09-03T19:57:59.047371+00:00,2026-09-03 22:50 (Local Time),AVDIMOU,,,,,1,11,24.6,22.8,26.9,24.5,1.2,0.5,3.0,5.0,347.0,,,,77.0,0.0,,,0.617333,,
2026-09-03T22:20:00+00:00,2026-09-03T22:29:57.465558+00:00,2026-09-03T22:29:57.465558+00:00,2026-09-04 01:20 (Local Time),AVDIMOU,,,,,1,11,21.8,20.0,26.9,21.7,1.0,0.1,3.0,5.0,344.0,,,,78.0,0.0,,,0.514444,,
2026-09-04T00:10:00+00:00,2026-09-04T00:18:56.580579+00:00,2026-09-04T00:18:56.580579+00:00,2026-09-04 03:10 (Local Time),AVDIMOU,,,,,1,11,20.2,18.7,26.9,20.2,1.3,0.2,3.0,4.0,293.0,,,,84.0,0.0,,,0.668777,,
2026-09-04T04:40:00+00:00,2026-09-04T04:45:45.717527+00:00,2026-09-04T04:45:45.717527+00:00,2026-09-04 07:40 (Local Time),AVDIMOU,,,,,1,11,22.5,24.5,26.9,18.0,0.0,0.0,660.0,187.0,346.0,,,,70.0,0.0,,,0.0,,
2026-09-04T09:00:00+00:00,2026-09-04T09:05:06.541164+00:00,2026-09-04T09:05:06.541164+00:00,2026-09-04 12:00 (Local Time),AVDIMOU,,,,,1,11,31.6,43.9,32.1,18.0,6.3,2.6,817.0,875.0,159.0,,,,60.0,0.0,,,3.240997,,
2026-09-04T13:20:00+00:00,2026-09-04T13:26:14.774263+00:00,2026-09-04T13:26:14.774263+00:00,2026-09-04 16:20 (Local Time),AVDIMOU,,,,,1,11,31.6,43.1,32.9,18.0,3.2,1.8,720.0,583.0,219.0,,,,60.0,0.0,,,1.646221,,
2026-09-04T16:50:00+00:00,2026-09-04T16:55:20.414199+00:00,2026-09-04T16:55:20.414199+00:00,2026-09-04 19:50 (Local Time),AVDIMOU,,,,,1,11,27.2,26.3,32.9,18.0,2.8,0.9,3.0,5.0,232.0,,,,77.0,0.0,,,1.440443,,
2026-09-04T21:20:00+00:00,2026-09-04T21:28:37.350031+00:00,2026-09-04T21:28:37.350031+00:00,2026-09-05 00:20 (Local Time),AVDIMOU,,,,,1,11,21.6,19.8,26.0,21.5,1.4,0.3,3.0,3.0,350.0,,,,93.0,0.0,,,0.720222,,
2026-09-04T23:10:00+00:00,2026-09-04T23:13:59.362901+00:00,2026-09-04T23:13:59.362901+00:00,2026-09-05 02:00 (Local Time),AVDIMOU,,,,,1,11,20.7,19.4,26.0,20.6,1.6,0.3,3.0,3.0,322.0,,,,90.0,0.0,,,0.82311,,
2026-09-05T00:50:00+00:00,2026-09-05T00:58:36.798402+00:00,2026-09-05T00:58:36.798402+00:00,2026-09-05 03:50 (Local Time),AVDIMOU,,,,,1,11,20.4,19.0,26.0,20.1,1.5,0.5,3.0,3.0,324.0,,,,88.0,0.0,,,0.771666,,
2026-09-05T05:30:00+00:00,2026-09-05T05:34:27.041536+00:00,2026-09-05T05:34:27.041536+00:00,2026-09-05 08:20 (Local Time),AVDIMOU,,,,,1,11,27.9,32.4,28.1,19.6,2.2,0.9,660.0,309.0,66.0,,,,76.0,0.0,,,1.131777,,
2026-09-05T09:10:00+00:00,2026-09-05T09:17:45.504072+00:00,2026-09-05T09:17:45.504072+00:00,2026-09-05 12:10 (Local Time),AVDIMOU,,,,,1,11,30.2,44.6,30.7,19.6,3.4,1.7,814.0,883.0,141.0,,,,64.0,0.0,,,1.74911,,
2026-09-05T12:40:00+00:00,2026-09-05T12:46:38.234247+00:00,2026-09-05T12:46:38.234247+00:00,2026-09-05 15:40 (Local Time),AVDIMOU,,,,,1,11,32.6,42.7,33.0,19.6,5.6,2.2,390.0,446.0,216.0,,,,54.0,0.0,,,2.880886,,
2026-09-05T15:30:00+00:00,2026-09-05T15:36:48.906932+00:00,2026-09-05T15:36:48.906932+00:00,2026-09-05 18:30 (Local Time),AVDIMOU,,,,,1,11,29.4,30.8,33.0,19.6,2.2,1.2,54.0,51.0,277.0,,,,66.0,0.0,,,1.131777,,
2026-09-05T17:30:00+00:00,2026-09-05T17:34:18.514718+00:00,2026-09-05T17:34:18.514718+00:00,2026-09-05 20:20 (Local Time),AVDIMOU,,,,,1,11,26.6,25.2,33.0,19.6,2.5,0.7,3.0,4.0,242.0,,,,77.0,0.0,,,1.28611,,
2026-09-05T19:20:00+00:00,2026-09-05T19:24:14.745082+00:00,2026-09-05T19:24:14.745082+00:00,2026-09-05 22:10 (Local Time),AVDIMOU,,,,,1,11,25.5,22.7,26.1,25.0,1.9,0.6,3.0,3.0,228.0,,,,80.0,0.0,,,0.977444,,
